priority,identifier,change,symbol,series,marketType,lastPrice,totalTradedVolume,open,dayHigh,dayLow,previousClose,totalTradedValue,yearHigh,yearLow,ffmc,lastUpdateTime,stockIndClosePrice,perChange365d,perChange30d,date365dAgo,date30dAgo,nearWKH,nearWKL,chart30Path,chart365Path,companyName,pChange,Timestamp
1,NIFTY 50,66.95,NIFTY 50,,,24317.15,400636260,24249.55,24342.95,24187.1,24250.2,335660224755.62,26373.2,22182.55,,2026-07-30 15:39:59,0,-2.16,1.89,29-Jul-2025,29-Jun-2026,7.795982285046942,-9.622879245172443,,,,0.28,2026-07-30 19:48:35
0,HDFCBANKEQN,5.2,HDFCBANK,EQ,N,753.4,35844392,752.8,757.9,745.5,748.2,26916270840.64,1020.5,726.65,11507952979097.49,2026-07-30 16:00:29,0,-25.62,-5.58,30-Jul-2025,30-Jun-2026,26.1734443900049,-3.6812770935113193,,,HDFC BANK LIMITED,0.7,2026-07-30 19:48:35
0,INFYEQN,-0.6,INFY,EQ,N,1155.0,22630218,1168.0,1187.7,1151.3,1155.6,26545698318.36,1728.0,982.4,4040155038730.84,2026-07-30 16:00:29,0,-23.96,15.45,30-Jul-2025,30-Jun-2026,33.15972222222222,-17.569218241042346,,,INFOSYS LIMITED,-0.05,2026-07-30 19:48:35
0,ICICIBANKEQN,-7.9,ICICIBANK,EQ,N,1430.0,14141173,1431.1,1442.2,1422.6,1437.9,20232907504.94,1494.5,1187.6,10218404351568.66,2026-07-30 16:00:29,0,-3.53,3.98,30-Jul-2025,30-Jun-2026,4.315824690531951,-20.410912765240823,,,ICICI BANK LIMITED,-0.55,2026-07-30 19:48:35
0,M&MEQN,72.8,M&M,EQ,N,3294.6,4851980,3220.0,3327.0,3197.5,3221.8,15866023119.8,3839.9,2896.0,2933123350768.73,2026-07-30 16:00:29,0,2.67,7.36,30-Jul-2025,30-Jun-2026,14.200890648193964,-13.763812154696133,,,MAHINDRA & MAHINDRA LIMITED,2.26,2026-07-30 19:48:35
0,RELIANCEEQN,13.5,RELIANCE,EQ,N,1289.4,12158451,1279.8,1297.0,1275.3,1275.9,15689386754.91,1611.8,1249.8,8686354311529.18,2026-07-30 16:00:29,0,-8.56,-0.35,30-Jul-2025,30-Jun-2026,20.002481697481077,-3.168506961113778,,,RELIANCE INDUSTRIES LIMITED,1.06,2026-07-30 19:48:35
0,TCSEQN,-12.6,TCS,EQ,N,2434.0,4901582,2440.0,2495.0,2423.0,2446.6,12055686008.1,3350.0,1976.8,2478110387443.66,2026-07-30 16:00:29,0,-20.29,19.81,30-Jul-2025,30-Jun-2026,27.34328358208955,-23.128288142452448,,,TATA CONSULTANCY SERVICES LIMITED,-0.52,2026-07-30 19:48:35
0,EICHERMOTEQN,130.0,EICHERMOT,EQ,N,7909.0,1496307,7869.5,7930.0,7730.0,7779.0,11742478665.48,8230.0,5353.0,1086933343021.75,2026-07-30 16:00:29,0,44.3,11.81,30-Jul-2025,30-Jun-2026,3.9003645200486026,-47.748925835979826,,,EICHER MOTORS LIMITED,1.67,2026-07-30 19:48:35
0,BHARTIARTLEQN,-3.6,BHARTIARTL,EQ,N,1946.6,5356472,1954.0,1963.2,1943.9,1950.2,10462475369.28,2174.5,1740.5,6044959384312.81,2026-07-30 16:00:29,0,0.72,5.11,30-Jul-2025,30-Jun-2026,10.48057024603357,-11.841424877908647,,,BHARTI AIRTEL LIMITED,-0.18,2026-07-30 19:48:35
0,BAJFINANCEEQN,3.6,BAJFINANCE,EQ,N,1058.0,9866564,1046.0,1068.0,1035.1,1054.4,10348150988.84,1102.5,787.9,2827745664588.37,2026-07-30 16:00:29,0,19.57,5.3,30-Jul-2025,30-Jun-2026,4.036281179138322,-34.28100012691966,,,BAJAJ FINANCE LIMITED,0.34,2026-07-30 19:48:35
0,WIPROEQN,2.8,WIPRO,EQ,N,186.41,54015268,183.4,191.34,183.4,183.61,10162972674.2,273.1,169.0,502918719962.09,2026-07-30 16:00:29,0,-25.5,9.4,30-Jul-2025,30-Jun-2026,31.74295129989015,-10.301775147928995,,,WIPRO LIMITED,1.52,2026-07-30 19:48:35
0,ETERNALEQN,-1.75,ETERNAL,EQ,N,310.05,32431887,307.0,312.25,305.0,311.8,9972480933.63,368.45,212.6,2235244736574.58,2026-07-30 16:00:29,0,2.17,17.18,30-Jul-2025,30-Jun-2026,15.850183199891438,-45.83725305738476,,,ETERNAL LIMITED,-0.56,2026-07-30 19:48:35
0,COALINDIAEQN,7.35,COALINDIA,EQ,N,417.4,23225454,412.95,418.3,410.1,410.05,9640653700.86,491.25,368.65,997004023159.33,2026-07-30 16:00:29,0,9.87,-4.93,30-Jul-2025,30-Jun-2026,15.033078880407125,-13.223925132239252,,,COAL INDIA LIMITED,1.79,2026-07-30 19:48:35
0,ADANIPORTSEQN,-58.2,ADANIPORTS,EQ,N,1661.5,5395211,1726.7,1727.7,1658.4,1719.7,9016638479.53,1891.1,1290.5,1222323805848.08,2026-07-30 16:00:29,0,19.19,-8.21,30-Jul-2025,30-Jun-2026,12.141081909999471,-28.748547074777218,,,ADANI PORTS AND SPECIAL ECONOMIC ZONE LIMITED,-3.38,2026-07-30 19:48:35
0,MARUTIEQN,232.0,MARUTI,EQ,N,14180.0,626000,13939.0,14250.0,13825.0,13948.0,8763230020.0,17370.0,12201.0,1844681206163.64,2026-07-30 16:00:29,0,12.38,0.46,30-Jul-2025,30-Jun-2026,18.364997121473806,-16.21998196869109,,,MARUTI SUZUKI INDIA LIMITED,1.66,2026-07-30 19:48:35
0,AXISBANKEQN,-4.6,AXISBANK,EQ,N,1230.8,6878684,1229.0,1232.2,1220.2,1235.4,8429689668.32,1418.3,1042.5,3525636537742.45,2026-07-30 16:00:29,0,14.67,-8.54,30-Jul-2025,30-Jun-2026,13.220052175139251,-18.062350119904078,,,AXIS BANK LIMITED,-0.37,2026-07-30 19:48:35
0,LTEQN,9.1,LT,EQ,N,3940.5,2141252,3931.4,3951.7,3883.5,3931.4,8412872045.4,4440.0,3288.1,4599211741518.72,2026-07-30 16:00:29,0,7.51,-4.9,30-Jul-2025,30-Jun-2026,11.25,-19.841245704206077,,,LARSEN & TOUBRO LIMITED,0.23,2026-07-30 19:48:35
0,SBINEQN,10.3,SBIN,EQ,N,1024.0,6847458,1013.5,1028.3,1007.6,1013.7,6986940719.46,1234.7,786.55,4220811397058.94,2026-07-30 16:00:29,0,27.74,-0.28,30-Jul-2025,30-Jun-2026,17.064874058475745,-30.188799186320004,,,STATE BANK OF INDIA,1.02,2026-07-30 19:48:35
0,TECHMEQN,17.2,TECHM,EQ,N,1661.4,4167643,1649.0,1686.6,1638.1,1644.2,6976926117.01,1854.0,1304.1,1052212537214.25,2026-07-30 16:00:29,0,13.55,18.27,30-Jul-2025,30-Jun-2026,10.388349514563107,-27.398205659075224,,,TECH MAHINDRA LIMITED,1.05,2026-07-30 19:48:35
0,ASIANPAINTEQN,-8.4,ASIANPAINT,EQ,N,2750.0,2387024,2758.1,2767.9,2666.2,2758.4,6501966933.12,2985.7,2115.0,1240145623693.76,2026-07-30 16:00:29,0,13.83,4.34,30-Jul-2025,30-Jun-2026,7.894296144957631,-30.023640661938533,,,ASIAN PAINTS LIMITED,-0.3,2026-07-30 19:48:35
0,BELEQN,-2.8,BEL,EQ,N,384.75,16521484,386.0,387.5,382.7,387.55,6356310539.32,473.45,361.2,1374204727253.93,2026-07-30 16:00:29,0,-0.45,-6.57,30-Jul-2025,30-Jun-2026,18.734818882669764,-6.519933554817276,,,BHARAT ELECTRONICS LIMITED,-0.72,2026-07-30 19:48:35
0,NESTLEINDEQN,15.7,NESTLEIND,EQ,N,1519.0,3698063,1503.3,1532.6,1497.0,1503.3,5624568919.85,1532.6,1084.7,1086093281065.1,2026-07-30 16:00:29,0,36.14,8.1,30-Jul-2025,30-Jun-2026,0.8873809213101919,-40.03872038351618,,,NESTLE INDIA LIMITED,1.04,2026-07-30 19:48:35
0,SHRIRAMFINEQN,-15.7,SHRIRAMFIN,EQ,N,1029.0,5425880,1038.0,1051.0,1019.5,1044.7,5574711888.4,1108.0,566.5,1437137311112.52,2026-07-30 16:00:29,0,62.61,-1.26,30-Jul-2025,30-Jun-2026,7.129963898916968,-81.64165931156222,,,SHRIRAM FINANCE LIMITED,-1.5,2026-07-30 19:48:35
0,HINDUNILVREQN,-10.8,HINDUNILVR,EQ,N,2107.0,2602039,2120.0,2132.6,2088.0,2117.8,5478124747.48,2750.0,2016.0,1864069949678.92,2026-07-30 16:00:29,0,-13.56,-0.53,30-Jul-2025,30-Jun-2026,23.381818181818183,-4.513888888888889,,,HINDUSTAN UNILEVER LIMITED,-0.51,2026-07-30 19:48:35
0,ITCEQN,-0.7,ITC,EQ,N,285.55,18283697,286.1,288.4,283.75,286.25,5224200743.81,427.0,275.0,2744908844595.67,2026-07-30 16:00:29,0,-29.94,-0.49,30-Jul-2025,30-Jun-2026,33.12646370023419,-3.8363636363636364,,,ITC LIMITED,-0.24,2026-07-30 19:48:35
0,HCLTECHEQN,7.2,HCLTECH,EQ,N,1351.5,3747919,1349.0,1369.9,1345.6,1344.3,5097507152.71,1780.1,1030.0,1420880972267.0,2026-07-30 16:00:29,0,-8.47,26.1,30-Jul-2025,30-Jun-2026,24.077299028144488,-31.21359223300971,,,HCL TECHNOLOGIES LIMITED,0.54,2026-07-30 19:48:35
0,KOTAKBANKEQN,-2.6,KOTAKBANK,EQ,N,387.6,12205963,385.7,390.2,385.7,390.2,4742993102.54,453.2,345.5,2845977112500.26,2026-07-30 16:00:29,0,-1.11,-1.19,30-Jul-2025,30-Jun-2026,14.474845542806708,-12.185238784370478,,,KOTAK MAHINDRA BANK LIMITED,-0.67,2026-07-30 19:48:35
0,SUNPHARMAEQN,15.1,SUNPHARMA,EQ,N,2005.0,2224264,1993.1,2017.3,1988.0,1989.9,4464453730.24,2017.3,1548.0,2117111838529.49,2026-07-30 16:00:29,0,15.64,7.65,30-Jul-2025,30-Jun-2026,0.6097258712139989,-29.521963824289404,,,SUN PHARMACEUTICAL INDUSTRIES LIMITED,0.76,2026-07-30 19:48:35
0,HINDALCOEQN,7.05,HINDALCO,EQ,N,969.5,4259226,968.0,973.05,960.6,962.45,4118969687.82,1176.0,657.5,1399812364334.5,2026-07-30 16:00:29,0,40.75,1.35,30-Jul-2025,30-Jun-2026,17.55952380952381,-47.452471482889734,,,HINDALCO INDUSTRIES LIMITED,0.73,2026-07-30 19:48:35
0,ADANIENTEQN,25.5,ADANIENT,EQ,N,3050.0,1278332,3024.5,3060.9,2994.6,3024.5,3882677783.6,3245.0,1753.0,913098756508.21,2026-07-30 16:00:29,0,24.03,0.46,30-Jul-2025,30-Jun-2026,6.00924499229584,-73.9874500855676,,,ADANI ENTERPRISES LIMITED,0.84,2026-07-30 19:48:35
0,JIOFINEQN,-2.81,JIOFIN,EQ,N,246.67,15570324,248.75,249.9,245.1,249.48,3842755963.2,338.6,223.3,807083544996.55,2026-07-30 16:00:29,0,-22.99,4.33,30-Jul-2025,30-Jun-2026,27.15002953337271,-10.465741155396328,,,JIO FINANCIAL SERVICES LIMITED,-1.13,2026-07-30 19:48:35
0,TITANEQN,-6.3,TITAN,EQ,N,4843.9,777361,4820.9,4869.9,4820.9,4850.2,3767503407.33,4869.9,3303.1,1994286097671.63,2026-07-30 16:00:29,0,43.46,9.99,30-Jul-2025,30-Jun-2026,0.533891866362759,-46.64708909811995,,,TITAN COMPANY LIMITED,-0.13,2026-07-30 19:48:35
0,ULTRACEMCOEQN,92.0,ULTRACEMCO,EQ,N,11850.0,291418,11800.0,11861.0,11730.0,11998.0,3440801467.8,13110.0,10325.0,1398368106960.24,2026-07-30 16:00:29,0,-3.41,5.31,30-Jul-2025,30-Jun-2026,9.610983981693364,-14.76997578692494,,,ULTRATECH CEMENT LIMITED,0.78,2026-07-30 19:48:35
0,NTPCEQN,1.65,NTPC,EQ,N,345.15,9943764,343.5,347.65,341.85,343.5,3429504765.96,414.4,315.55,1631724403926.03,2026-07-30 16:00:29,0,1.87,-3.22,30-Jul-2025,30-Jun-2026,16.710907335907336,-9.380446838852796,,,NTPC LIMITED,0.48,2026-07-30 19:48:35
0,BAJAJ-AUTOEQN,107.0,BAJAJ-AUTO,EQ,N,11445.0,295600,11338.0,11525.0,11305.5,11338.0,3383889868.0,11532.0,7858.5,1264023467645.08,2026-07-30 16:00:29,0,42.29,17.8,30-Jul-2025,30-Jun-2026,0.7544224765868887,-45.63848062607368,,,BAJAJ AUTO LIMITED,0.94,2026-07-30 19:48:35
0,INDIGOEQN,-58.5,INDIGO,EQ,N,5218.0,549497,5210.0,5258.0,5194.0,5276.5,2872643931.69,6232.5,3895.2,1177843830371.66,2026-07-30 16:00:29,0,-9.09,-2.8,30-Jul-2025,30-Jun-2026,16.277577216205376,-33.95974532758267,,,INTERGLOBE AVIATION LIMITED,-1.11,2026-07-30 19:48:35
0,SBILIFEEQN,-27.8,SBILIFE,EQ,N,1867.1,1513264,1882.2,1910.0,1862.6,1894.9,2858843216.16,2132.0,1700.4,836655989360.71,2026-07-30 16:00:29,0,1.52,5.74,30-Jul-2025,30-Jun-2026,12.424953095684803,-9.803575629263703,,,SBI LIFE INSURANCE COMPANY LIMITED,-1.47,2026-07-30 19:48:35
0,ONGCEQN,2.99,ONGC,EQ,N,241.3,11419363,239.5,244.39,239.06,238.31,2768624559.35,307.5,227.65,934707283642.2,2026-07-30 16:00:29,0,-0.21,2.72,30-Jul-2025,30-Jun-2026,21.528455284552845,-5.996046562705908,,,OIL & NATURAL GAS CORPORATION LIMITED,1.25,2026-07-30 19:48:35
0,TATASTEELEQN,-0.28,TATASTEEL,EQ,N,186.99,13769746,188.01,188.99,186.1,187.27,2576732568.98,224.4,152.51,1541351160652.42,2026-07-30 16:00:29,0,15.88,-0.57,30-Jul-2025,30-Jun-2026,16.671122994652407,-22.60835355058685,,,TATA STEEL LIMITED,-0.15,2026-07-30 19:48:35
0,TRENTEQN,-1.3,TRENT,EQ,N,3003.9,806910,3020.2,3042.6,2982.0,3005.2,2423376664.8,3782.67,2183.67,996732662909.66,2026-07-30 16:00:29,0,-10.66,-8.49,30-Jul-2025,30-Jun-2026,20.58783874882028,-37.56199425737405,,,TRENT LIMITED,-0.04,2026-07-30 19:48:35
0,HDFCLIFEEQN,-11.65,HDFCLIFE,EQ,N,545.05,4394541,557.0,558.85,544.7,556.7,2406538542.42,815.0,543.0,588634041770.54,2026-07-30 16:00:29,0,-28.04,-5.35,30-Jul-2025,30-Jun-2026,33.122699386503065,-0.3775322283609576,,,HDFC LIFE INSURANCE COMPANY LIMITED,-2.09,2026-07-30 19:48:35
0,APOLLOHOSPEQN,24.0,APOLLOHOSP,EQ,N,8959.0,263013,8900.0,9009.0,8865.5,8935.0,2359053021.42,9009.0,6696.5,919392943478.69,2026-07-30 16:00:29,0,20.26,3.19,30-Jul-2025,30-Jun-2026,0.555000555000555,-33.78630627939969,,,APOLLO HOSPITALS ENTERPRISE LIMITED,0.27,2026-07-30 19:48:35
0,POWERGRIDEQN,2.5,POWERGRID,EQ,N,285.35,7903593,283.4,287.1,283.0,282.85,2254974118.83,324.95,250.0,1288609092539.81,2026-07-30 16:00:29,0,-1.25,-0.33,30-Jul-2025,30-Jun-2026,12.186490229266042,-14.14,,,POWER GRID CORPORATION OF INDIA LIMITED,0.88,2026-07-30 19:48:35
0,TMPVEQN,5.1,TMPV,EQ,N,334.9,6078600,328.2,335.0,328.05,329.8,2019797208.0,739.7,294.3,697961149137.43,2026-07-30 16:00:29,0,-49.9,-4.91,30-Jul-2025,30-Jun-2026,54.72488846829796,-13.795446822969758,,,TATA MOTORS PASSENGER VEHICLES LIMITED,1.55,2026-07-30 19:48:35
0,TATACONSUMEQN,-1.1,TATACONSUM,EQ,N,1095.0,1677784,1096.1,1108.9,1090.4,1096.1,1841636385.44,1282.7,1007.2,711099193573.79,2026-07-30 16:00:29,0,2.04,1.8,30-Jul-2025,30-Jun-2026,14.63319560302487,-8.717235901509135,,,TATA CONSUMER PRODUCTS LIMITED,-0.1,2026-07-30 19:48:35
0,MAXHEALTHEQN,12.6,MAXHEALTH,EQ,N,1124.0,1610692,1112.0,1135.9,1110.3,1111.4,1813574764.32,1301.7,903.0,834207449679.87,2026-07-30 16:00:29,0,-11.12,-0.46,30-Jul-2025,30-Jun-2026,13.65137896596758,-24.473975636766333,,,MAX HEALTHCARE INSTITUTE LIMITED,1.13,2026-07-30 19:48:35
0,DRREDDYEQN,2.0,DRREDDY,EQ,N,1144.3,1350714,1143.0,1151.0,1139.0,1142.3,1544257809.06,1414.9,1101.0,695598263003.41,2026-07-30 16:00:29,0,-11.44,-15.68,30-Jul-2025,30-Jun-2026,19.125026503639834,-3.932788374205268,,,DR. REDDY'S LABORATORIES LIMITED,0.18,2026-07-30 19:48:35
0,BAJAJFINSVEQN,-15.4,BAJAJFINSV,EQ,N,1909.0,752615,1918.3,1933.4,1892.3,1924.4,1435951789.25,2195.0,1597.0,1102070234202.81,2026-07-30 16:00:29,0,-2.59,7.24,30-Jul-2025,30-Jun-2026,13.029612756264237,-19.536631183469005,,,BAJAJ FINSERV LIMITED,-0.8,2026-07-30 19:48:35
0,CIPLAEQN,-6.3,CIPLA,EQ,N,1468.0,833068,1478.8,1483.8,1464.1,1474.3,1226700960.68,1673.0,1165.7,823709433326.43,2026-07-30 16:00:29,0,-5.86,0.18,30-Jul-2025,30-Jun-2026,12.253436939629408,-25.93291584455692,,,CIPLA LIMITED,-0.43,2026-07-30 19:48:35
0,JSWSTEELEQN,-8.1,JSWSTEEL,EQ,N,1268.5,923153,1279.1,1304.5,1261.5,1276.6,1171176516.51,1328.0,1018.0,1186453565545.05,2026-07-30 16:00:29,0,22.22,3.43,30-Jul-2025,30-Jun-2026,4.480421686746988,-24.607072691552062,,,JSW STEEL LIMITED,-0.63,2026-07-30 19:48:35
0,GRASIMEQN,-12.9,GRASIM,EQ,N,3100.1,301353,3115.0,3115.5,3085.5,3113.0,933920068.77,3246.0,2502.5,1166435037062.31,2026-07-30 16:00:29,0,12.38,0.0,30-Jul-2025,30-Jun-2026,4.494762784966112,-23.88011988011988,,,GRASIM INDUSTRIES LIMITED,-0.41,2026-07-30 19:48:35
1,NIFTY 50,66.95,NIFTY 50,,,24317.15,400636260,24249.55,24342.95,24187.1,24250.2,335660224755.62,26373.2,22182.55,,2026-07-30 15:39:59,0,-2.16,1.89,29-Jul-2025,29-Jun-2026,7.795982285046942,-9.622879245172443,,,,0.28,2026-07-30 19:53:18
0,HDFCBANKEQN,5.2,HDFCBANK,EQ,N,753.4,35844392,752.8,757.9,745.5,748.2,26916270840.64,1020.5,726.65,11507952979097.49,2026-07-30 16:00:29,0,-25.62,-5.58,30-Jul-2025,30-Jun-2026,26.1734443900049,-3.6812770935113193,,,HDFC BANK LIMITED,0.7,2026-07-30 19:53:18
0,INFYEQN,-0.6,INFY,EQ,N,1155.0,22630218,1168.0,1187.7,1151.3,1155.6,26545698318.36,1728.0,982.4,4040155038730.84,2026-07-30 16:00:29,0,-23.96,15.45,30-Jul-2025,30-Jun-2026,33.15972222222222,-17.569218241042346,,,INFOSYS LIMITED,-0.05,2026-07-30 19:53:18
0,ICICIBANKEQN,-7.9,ICICIBANK,EQ,N,1430.0,14141173,1431.1,1442.2,1422.6,1437.9,20232907504.94,1494.5,1187.6,10218404351568.66,2026-07-30 16:00:29,0,-3.53,3.98,30-Jul-2025,30-Jun-2026,4.315824690531951,-20.410912765240823,,,ICICI BANK LIMITED,-0.55,2026-07-30 19:53:18
0,M&MEQN,72.8,M&M,EQ,N,3294.6,4851980,3220.0,3327.0,3197.5,3221.8,15866023119.8,3839.9,2896.0,2933123350768.73,2026-07-30 16:00:29,0,2.67,7.36,30-Jul-2025,30-Jun-2026,14.200890648193964,-13.763812154696133,,,MAHINDRA & MAHINDRA LIMITED,2.26,2026-07-30 19:53:18
0,RELIANCEEQN,13.5,RELIANCE,EQ,N,1289.4,12158451,1279.8,1297.0,1275.3,1275.9,15689386754.91,1611.8,1249.8,8686354311529.18,2026-07-30 16:00:29,0,-8.56,-0.35,30-Jul-2025,30-Jun-2026,20.002481697481077,-3.168506961113778,,,RELIANCE INDUSTRIES LIMITED,1.06,2026-07-30 19:53:18
0,TCSEQN,-12.6,TCS,EQ,N,2434.0,4901582,2440.0,2495.0,2423.0,2446.6,12055686008.1,3350.0,1976.8,2478110387443.66,2026-07-30 16:00:29,0,-20.29,19.81,30-Jul-2025,30-Jun-2026,27.34328358208955,-23.128288142452448,,,TATA CONSULTANCY SERVICES LIMITED,-0.52,2026-07-30 19:53:18
0,EICHERMOTEQN,130.0,EICHERMOT,EQ,N,7909.0,1496307,7869.5,7930.0,7730.0,7779.0,11742478665.48,8230.0,5353.0,1086933343021.75,2026-07-30 16:00:29,0,44.3,11.81,30-Jul-2025,30-Jun-2026,3.9003645200486026,-47.748925835979826,,,EICHER MOTORS LIMITED,1.67,2026-07-30 19:53:18
0,BHARTIARTLEQN,-3.6,BHARTIARTL,EQ,N,1946.6,5356472,1954.0,1963.2,1943.9,1950.2,10462475369.28,2174.5,1740.5,6044959384312.81,2026-07-30 16:00:29,0,0.72,5.11,30-Jul-2025,30-Jun-2026,10.48057024603357,-11.841424877908647,,,BHARTI AIRTEL LIMITED,-0.18,2026-07-30 19:53:18
0,BAJFINANCEEQN,3.6,BAJFINANCE,EQ,N,1058.0,9866564,1046.0,1068.0,1035.1,1054.4,10348150988.84,1102.5,787.9,2827745664588.37,2026-07-30 16:00:29,0,19.57,5.3,30-Jul-2025,30-Jun-2026,4.036281179138322,-34.28100012691966,,,BAJAJ FINANCE LIMITED,0.34,2026-07-30 19:53:18
0,WIPROEQN,2.8,WIPRO,EQ,N,186.41,54015268,183.4,191.34,183.4,183.61,10162972674.2,273.1,169.0,502918719962.09,2026-07-30 16:00:29,0,-25.5,9.4,30-Jul-2025,30-Jun-2026,31.74295129989015,-10.301775147928995,,,WIPRO LIMITED,1.52,2026-07-30 19:53:18
0,ETERNALEQN,-1.75,ETERNAL,EQ,N,310.05,32431887,307.0,312.25,305.0,311.8,9972480933.63,368.45,212.6,2235244736574.58,2026-07-30 16:00:29,0,2.17,17.18,30-Jul-2025,30-Jun-2026,15.850183199891438,-45.83725305738476,,,ETERNAL LIMITED,-0.56,2026-07-30 19:53:18
0,COALINDIAEQN,7.35,COALINDIA,EQ,N,417.4,23225454,412.95,418.3,410.1,410.05,9640653700.86,491.25,368.65,997004023159.33,2026-07-30 16:00:29,0,9.87,-4.93,30-Jul-2025,30-Jun-2026,15.033078880407125,-13.223925132239252,,,COAL INDIA LIMITED,1.79,2026-07-30 19:53:18
0,ADANIPORTSEQN,-58.2,ADANIPORTS,EQ,N,1661.5,5395211,1726.7,1727.7,1658.4,1719.7,9016638479.53,1891.1,1290.5,1222323805848.08,2026-07-30 16:00:29,0,19.19,-8.21,30-Jul-2025,30-Jun-2026,12.141081909999471,-28.748547074777218,,,ADANI PORTS AND SPECIAL ECONOMIC ZONE LIMITED,-3.38,2026-07-30 19:53:18
0,MARUTIEQN,232.0,MARUTI,EQ,N,14180.0,626000,13939.0,14250.0,13825.0,13948.0,8763230020.0,17370.0,12201.0,1844681206163.64,2026-07-30 16:00:29,0,12.38,0.46,30-Jul-2025,30-Jun-2026,18.364997121473806,-16.21998196869109,,,MARUTI SUZUKI INDIA LIMITED,1.66,2026-07-30 19:53:18
0,AXISBANKEQN,-4.6,AXISBANK,EQ,N,1230.8,6878684,1229.0,1232.2,1220.2,1235.4,8429689668.32,1418.3,1042.5,3525636537742.45,2026-07-30 16:00:29,0,14.67,-8.54,30-Jul-2025,30-Jun-2026,13.220052175139251,-18.062350119904078,,,AXIS BANK LIMITED,-0.37,2026-07-30 19:53:18
0,LTEQN,9.1,LT,EQ,N,3940.5,2141252,3931.4,3951.7,3883.5,3931.4,8412872045.4,4440.0,3288.1,4599211741518.72,2026-07-30 16:00:29,0,7.51,-4.9,30-Jul-2025,30-Jun-2026,11.25,-19.841245704206077,,,LARSEN & TOUBRO LIMITED,0.23,2026-07-30 19:53:18
0,SBINEQN,10.3,SBIN,EQ,N,1024.0,6847458,1013.5,1028.3,1007.6,1013.7,6986940719.46,1234.7,786.55,4220811397058.94,2026-07-30 16:00:29,0,27.74,-0.28,30-Jul-2025,30-Jun-2026,17.064874058475745,-30.188799186320004,,,STATE BANK OF INDIA,1.02,2026-07-30 19:53:18
0,TECHMEQN,17.2,TECHM,EQ,N,1661.4,4167643,1649.0,1686.6,1638.1,1644.2,6976926117.01,1854.0,1304.1,1052212537214.25,2026-07-30 16:00:29,0,13.55,18.27,30-Jul-2025,30-Jun-2026,10.388349514563107,-27.398205659075224,,,TECH MAHINDRA LIMITED,1.05,2026-07-30 19:53:18
0,ASIANPAINTEQN,-8.4,ASIANPAINT,EQ,N,2750.0,2387024,2758.1,2767.9,2666.2,2758.4,6501966933.12,2985.7,2115.0,1240145623693.76,2026-07-30 16:00:29,0,13.83,4.34,30-Jul-2025,30-Jun-2026,7.894296144957631,-30.023640661938533,,,ASIAN PAINTS LIMITED,-0.3,2026-07-30 19:53:18
0,BELEQN,-2.8,BEL,EQ,N,384.75,16521484,386.0,387.5,382.7,387.55,6356310539.32,473.45,361.2,1374204727253.93,2026-07-30 16:00:29,0,-0.45,-6.57,30-Jul-2025,30-Jun-2026,18.734818882669764,-6.519933554817276,,,BHARAT ELECTRONICS LIMITED,-0.72,2026-07-30 19:53:18
0,NESTLEINDEQN,15.7,NESTLEIND,EQ,N,1519.0,3698063,1503.3,1532.6,1497.0,1503.3,5624568919.85,1532.6,1084.7,1086093281065.1,2026-07-30 16:00:29,0,36.14,8.1,30-Jul-2025,30-Jun-2026,0.8873809213101919,-40.03872038351618,,,NESTLE INDIA LIMITED,1.04,2026-07-30 19:53:18
0,SHRIRAMFINEQN,-15.7,SHRIRAMFIN,EQ,N,1029.0,5425880,1038.0,1051.0,1019.5,1044.7,5574711888.4,1108.0,566.5,1437137311112.52,2026-07-30 16:00:29,0,62.61,-1.26,30-Jul-2025,30-Jun-2026,7.129963898916968,-81.64165931156222,,,SHRIRAM FINANCE LIMITED,-1.5,2026-07-30 19:53:18
0,HINDUNILVREQN,-10.8,HINDUNILVR,EQ,N,2107.0,2602039,2120.0,2132.6,2088.0,2117.8,5478124747.48,2750.0,2016.0,1864069949678.92,2026-07-30 16:00:29,0,-13.56,-0.53,30-Jul-2025,30-Jun-2026,23.381818181818183,-4.513888888888889,,,HINDUSTAN UNILEVER LIMITED,-0.51,2026-07-30 19:53:18
0,ITCEQN,-0.7,ITC,EQ,N,285.55,18283697,286.1,288.4,283.75,286.25,5224200743.81,427.0,275.0,2744908844595.67,2026-07-30 16:00:29,0,-29.94,-0.49,30-Jul-2025,30-Jun-2026,33.12646370023419,-3.8363636363636364,,,ITC LIMITED,-0.24,2026-07-30 19:53:18
0,HCLTECHEQN,7.2,HCLTECH,EQ,N,1351.5,3747919,1349.0,1369.9,1345.6,1344.3,5097507152.71,1780.1,1030.0,1420880972267.0,2026-07-30 16:00:29,0,-8.47,26.1,30-Jul-2025,30-Jun-2026,24.077299028144488,-31.21359223300971,,,HCL TECHNOLOGIES LIMITED,0.54,2026-07-30 19:53:18
0,KOTAKBANKEQN,-2.6,KOTAKBANK,EQ,N,387.6,12205963,385.7,390.2,385.7,390.2,4742993102.54,453.2,345.5,2845977112500.26,2026-07-30 16:00:29,0,-1.11,-1.19,30-Jul-2025,30-Jun-2026,14.474845542806708,-12.185238784370478,,,KOTAK MAHINDRA BANK LIMITED,-0.67,2026-07-30 19:53:18
0,SUNPHARMAEQN,15.1,SUNPHARMA,EQ,N,2005.0,2224264,1993.1,2017.3,1988.0,1989.9,4464453730.24,2017.3,1548.0,2117111838529.49,2026-07-30 16:00:29,0,15.64,7.65,30-Jul-2025,30-Jun-2026,0.6097258712139989,-29.521963824289404,,,SUN PHARMACEUTICAL INDUSTRIES LIMITED,0.76,2026-07-30 19:53:18
0,HINDALCOEQN,7.05,HINDALCO,EQ,N,969.5,4259226,968.0,973.05,960.6,962.45,4118969687.82,1176.0,657.5,1399812364334.5,2026-07-30 16:00:29,0,40.75,1.35,30-Jul-2025,30-Jun-2026,17.55952380952381,-47.452471482889734,,,HINDALCO INDUSTRIES LIMITED,0.73,2026-07-30 19:53:18
0,ADANIENTEQN,25.5,ADANIENT,EQ,N,3050.0,1278332,3024.5,3060.9,2994.6,3024.5,3882677783.6,3245.0,1753.0,913098756508.21,2026-07-30 16:00:29,0,24.03,0.46,30-Jul-2025,30-Jun-2026,6.00924499229584,-73.9874500855676,,,ADANI ENTERPRISES LIMITED,0.84,2026-07-30 19:53:18
0,JIOFINEQN,-2.81,JIOFIN,EQ,N,246.67,15570324,248.75,249.9,245.1,249.48,3842755963.2,338.6,223.3,807083544996.55,2026-07-30 16:00:29,0,-22.99,4.33,30-Jul-2025,30-Jun-2026,27.15002953337271,-10.465741155396328,,,JIO FINANCIAL SERVICES LIMITED,-1.13,2026-07-30 19:53:18
0,TITANEQN,-6.3,TITAN,EQ,N,4843.9,777361,4820.9,4869.9,4820.9,4850.2,3767503407.33,4869.9,3303.1,1994286097671.63,2026-07-30 16:00:29,0,43.46,9.99,30-Jul-2025,30-Jun-2026,0.533891866362759,-46.64708909811995,,,TITAN COMPANY LIMITED,-0.13,2026-07-30 19:53:18
0,ULTRACEMCOEQN,92.0,ULTRACEMCO,EQ,N,11850.0,291418,11800.0,11861.0,11730.0,11998.0,3440801467.8,13110.0,10325.0,1398368106960.24,2026-07-30 16:00:29,0,-3.41,5.31,30-Jul-2025,30-Jun-2026,9.610983981693364,-14.76997578692494,,,ULTRATECH CEMENT LIMITED,0.78,2026-07-30 19:53:18
0,NTPCEQN,1.65,NTPC,EQ,N,345.15,9943764,343.5,347.65,341.85,343.5,3429504765.96,414.4,315.55,1631724403926.03,2026-07-30 16:00:29,0,1.87,-3.22,30-Jul-2025,30-Jun-2026,16.710907335907336,-9.380446838852796,,,NTPC LIMITED,0.48,2026-07-30 19:53:18
0,BAJAJ-AUTOEQN,107.0,BAJAJ-AUTO,EQ,N,11445.0,295600,11338.0,11525.0,11305.5,11338.0,3383889868.0,11532.0,7858.5,1264023467645.08,2026-07-30 16:00:29,0,42.29,17.8,30-Jul-2025,30-Jun-2026,0.7544224765868887,-45.63848062607368,,,BAJAJ AUTO LIMITED,0.94,2026-07-30 19:53:18
0,INDIGOEQN,-58.5,INDIGO,EQ,N,5218.0,549497,5210.0,5258.0,5194.0,5276.5,2872643931.69,6232.5,3895.2,1177843830371.66,2026-07-30 16:00:29,0,-9.09,-2.8,30-Jul-2025,30-Jun-2026,16.277577216205376,-33.95974532758267,,,INTERGLOBE AVIATION LIMITED,-1.11,2026-07-30 19:53:18
0,SBILIFEEQN,-27.8,SBILIFE,EQ,N,1867.1,1513264,1882.2,1910.0,1862.6,1894.9,2858843216.16,2132.0,1700.4,836655989360.71,2026-07-30 16:00:29,0,1.52,5.74,30-Jul-2025,30-Jun-2026,12.424953095684803,-9.803575629263703,,,SBI LIFE INSURANCE COMPANY LIMITED,-1.47,2026-07-30 19:53:18
0,ONGCEQN,2.99,ONGC,EQ,N,241.3,11419363,239.5,244.39,239.06,238.31,2768624559.35,307.5,227.65,934707283642.2,2026-07-30 16:00:29,0,-0.21,2.72,30-Jul-2025,30-Jun-2026,21.528455284552845,-5.996046562705908,,,OIL & NATURAL GAS CORPORATION LIMITED,1.25,2026-07-30 19:53:18
0,TATASTEELEQN,-0.28,TATASTEEL,EQ,N,186.99,13769746,188.01,188.99,186.1,187.27,2576732568.98,224.4,152.51,1541351160652.42,2026-07-30 16:00:29,0,15.88,-0.57,30-Jul-2025,30-Jun-2026,16.671122994652407,-22.60835355058685,,,TATA STEEL LIMITED,-0.15,2026-07-30 19:53:18
0,TRENTEQN,-1.3,TRENT,EQ,N,3003.9,806910,3020.2,3042.6,2982.0,3005.2,2423376664.8,3782.67,2183.67,996732662909.66,2026-07-30 16:00:29,0,-10.66,-8.49,30-Jul-2025,30-Jun-2026,20.58783874882028,-37.56199425737405,,,TRENT LIMITED,-0.04,2026-07-30 19:53:18
0,HDFCLIFEEQN,-11.65,HDFCLIFE,EQ,N,545.05,4394541,557.0,558.85,544.7,556.7,2406538542.42,815.0,543.0,588634041770.54,2026-07-30 16:00:29,0,-28.04,-5.35,30-Jul-2025,30-Jun-2026,33.122699386503065,-0.3775322283609576,,,HDFC LIFE INSURANCE COMPANY LIMITED,-2.09,2026-07-30 19:53:18
0,APOLLOHOSPEQN,24.0,APOLLOHOSP,EQ,N,8959.0,263013,8900.0,9009.0,8865.5,8935.0,2359053021.42,9009.0,6696.5,919392943478.69,2026-07-30 16:00:29,0,20.26,3.19,30-Jul-2025,30-Jun-2026,0.555000555000555,-33.78630627939969,,,APOLLO HOSPITALS ENTERPRISE LIMITED,0.27,2026-07-30 19:53:18
0,POWERGRIDEQN,2.5,POWERGRID,EQ,N,285.35,7903593,283.4,287.1,283.0,282.85,2254974118.83,324.95,250.0,1288609092539.81,2026-07-30 16:00:29,0,-1.25,-0.33,30-Jul-2025,30-Jun-2026,12.186490229266042,-14.14,,,POWER GRID CORPORATION OF INDIA LIMITED,0.88,2026-07-30 19:53:18
0,TMPVEQN,5.1,TMPV,EQ,N,334.9,6078600,328.2,335.0,328.05,329.8,2019797208.0,739.7,294.3,697961149137.43,2026-07-30 16:00:29,0,-49.9,-4.91,30-Jul-2025,30-Jun-2026,54.72488846829796,-13.795446822969758,,,TATA MOTORS PASSENGER VEHICLES LIMITED,1.55,2026-07-30 19:53:18
0,TATACONSUMEQN,-1.1,TATACONSUM,EQ,N,1095.0,1677784,1096.1,1108.9,1090.4,1096.1,1841636385.44,1282.7,1007.2,711099193573.79,2026-07-30 16:00:29,0,2.04,1.8,30-Jul-2025,30-Jun-2026,14.63319560302487,-8.717235901509135,,,TATA CONSUMER PRODUCTS LIMITED,-0.1,2026-07-30 19:53:18
0,MAXHEALTHEQN,12.6,MAXHEALTH,EQ,N,1124.0,1610692,1112.0,1135.9,1110.3,1111.4,1813574764.32,1301.7,903.0,834207449679.87,2026-07-30 16:00:29,0,-11.12,-0.46,30-Jul-2025,30-Jun-2026,13.65137896596758,-24.473975636766333,,,MAX HEALTHCARE INSTITUTE LIMITED,1.13,2026-07-30 19:53:18
0,DRREDDYEQN,2.0,DRREDDY,EQ,N,1144.3,1350714,1143.0,1151.0,1139.0,1142.3,1544257809.06,1414.9,1101.0,695598263003.41,2026-07-30 16:00:29,0,-11.44,-15.68,30-Jul-2025,30-Jun-2026,19.125026503639834,-3.932788374205268,,,DR. REDDY'S LABORATORIES LIMITED,0.18,2026-07-30 19:53:18
0,BAJAJFINSVEQN,-15.4,BAJAJFINSV,EQ,N,1909.0,752615,1918.3,1933.4,1892.3,1924.4,1435951789.25,2195.0,1597.0,1102070234202.81,2026-07-30 16:00:29,0,-2.59,7.24,30-Jul-2025,30-Jun-2026,13.029612756264237,-19.536631183469005,,,BAJAJ FINSERV LIMITED,-0.8,2026-07-30 19:53:18
0,CIPLAEQN,-6.3,CIPLA,EQ,N,1468.0,833068,1478.8,1483.8,1464.1,1474.3,1226700960.68,1673.0,1165.7,823709433326.43,2026-07-30 16:00:29,0,-5.86,0.18,30-Jul-2025,30-Jun-2026,12.253436939629408,-25.93291584455692,,,CIPLA LIMITED,-0.43,2026-07-30 19:53:18
0,JSWSTEELEQN,-8.1,JSWSTEEL,EQ,N,1268.5,923153,1279.1,1304.5,1261.5,1276.6,1171176516.51,1328.0,1018.0,1186453565545.05,2026-07-30 16:00:29,0,22.22,3.43,30-Jul-2025,30-Jun-2026,4.480421686746988,-24.607072691552062,,,JSW STEEL LIMITED,-0.63,2026-07-30 19:53:18
0,GRASIMEQN,-12.9,GRASIM,EQ,N,3100.1,301353,3115.0,3115.5,3085.5,3113.0,933920068.77,3246.0,2502.5,1166435037062.31,2026-07-30 16:00:29,0,12.38,0.0,30-Jul-2025,30-Jun-2026,4.494762784966112,-23.88011988011988,,,GRASIM INDUSTRIES LIMITED,-0.41,2026-07-30 19:53:18
1,NIFTY 50,66.95,NIFTY 50,,,24317.15,400636260,24249.55,24342.95,24187.1,24250.2,335660224755.62,26373.2,22182.55,,2026-07-30 15:39:59,0,-2.16,1.89,29-Jul-2025,29-Jun-2026,7.795982285046942,-9.622879245172443,,,,0.28,2026-07-30 20:09:05
0,HDFCBANKEQN,5.2,HDFCBANK,EQ,N,753.4,35844392,752.8,757.9,745.5,748.2,26916270840.64,1020.5,726.65,11507952979097.49,2026-07-30 16:00:29,0,-25.62,-5.58,30-Jul-2025,30-Jun-2026,26.1734443900049,-3.6812770935113193,,,HDFC BANK LIMITED,0.7,2026-07-30 20:09:05
0,INFYEQN,-0.6,INFY,EQ,N,1155.0,22630218,1168.0,1187.7,1151.3,1155.6,26545698318.36,1728.0,982.4,4040155038730.84,2026-07-30 16:00:29,0,-23.96,15.45,30-Jul-2025,30-Jun-2026,33.15972222222222,-17.569218241042346,,,INFOSYS LIMITED,-0.05,2026-07-30 20:09:05
0,ICICIBANKEQN,-7.9,ICICIBANK,EQ,N,1430.0,14141173,1431.1,1442.2,1422.6,1437.9,20232907504.94,1494.5,1187.6,10218404351568.66,2026-07-30 16:00:29,0,-3.53,3.98,30-Jul-2025,30-Jun-2026,4.315824690531951,-20.410912765240823,,,ICICI BANK LIMITED,-0.55,2026-07-30 20:09:05
0,M&MEQN,72.8,M&M,EQ,N,3294.6,4851980,3220.0,3327.0,3197.5,3221.8,15866023119.8,3839.9,2896.0,2933123350768.73,2026-07-30 16:00:29,0,2.67,7.36,30-Jul-2025,30-Jun-2026,14.200890648193964,-13.763812154696133,,,MAHINDRA & MAHINDRA LIMITED,2.26,2026-07-30 20:09:05
0,RELIANCEEQN,13.5,RELIANCE,EQ,N,1289.4,12158451,1279.8,1297.0,1275.3,1275.9,15689386754.91,1611.8,1249.8,8686354311529.18,2026-07-30 16:00:29,0,-8.56,-0.35,30-Jul-2025,30-Jun-2026,20.002481697481077,-3.168506961113778,,,RELIANCE INDUSTRIES LIMITED,1.06,2026-07-30 20:09:05
0,TCSEQN,-12.6,TCS,EQ,N,2434.0,4901582,2440.0,2495.0,2423.0,2446.6,12055686008.1,3350.0,1976.8,2478110387443.66,2026-07-30 16:00:29,0,-20.29,19.81,30-Jul-2025,30-Jun-2026,27.34328358208955,-23.128288142452448,,,TATA CONSULTANCY SERVICES LIMITED,-0.52,2026-07-30 20:09:05
0,EICHERMOTEQN,130.0,EICHERMOT,EQ,N,7909.0,1496307,7869.5,7930.0,7730.0,7779.0,11742478665.48,8230.0,5353.0,1086933343021.75,2026-07-30 16:00:29,0,44.3,11.81,30-Jul-2025,30-Jun-2026,3.9003645200486026,-47.748925835979826,,,EICHER MOTORS LIMITED,1.67,2026-07-30 20:09:05
0,BHARTIARTLEQN,-3.6,BHARTIARTL,EQ,N,1946.6,5356472,1954.0,1963.2,1943.9,1950.2,10462475369.28,2174.5,1740.5,6044959384312.81,2026-07-30 16:00:29,0,0.72,5.11,30-Jul-2025,30-Jun-2026,10.48057024603357,-11.841424877908647,,,BHARTI AIRTEL LIMITED,-0.18,2026-07-30 20:09:05
0,BAJFINANCEEQN,3.6,BAJFINANCE,EQ,N,1058.0,9866564,1046.0,1068.0,1035.1,1054.4,10348150988.84,1102.5,787.9,2827745664588.37,2026-07-30 16:00:29,0,19.57,5.3,30-Jul-2025,30-Jun-2026,4.036281179138322,-34.28100012691966,,,BAJAJ FINANCE LIMITED,0.34,2026-07-30 20:09:05
0,WIPROEQN,2.8,WIPRO,EQ,N,186.41,54015268,183.4,191.34,183.4,183.61,10162972674.2,273.1,169.0,502918719962.09,2026-07-30 16:00:29,0,-25.5,9.4,30-Jul-2025,30-Jun-2026,31.74295129989015,-10.301775147928995,,,WIPRO LIMITED,1.52,2026-07-30 20:09:05
0,ETERNALEQN,-1.75,ETERNAL,EQ,N,310.05,32431887,307.0,312.25,305.0,311.8,9972480933.63,368.45,212.6,2235244736574.58,2026-07-30 16:00:29,0,2.17,17.18,30-Jul-2025,30-Jun-2026,15.850183199891438,-45.83725305738476,,,ETERNAL LIMITED,-0.56,2026-07-30 20:09:05
0,COALINDIAEQN,7.35,COALINDIA,EQ,N,417.4,23225454,412.95,418.3,410.1,410.05,9640653700.86,491.25,368.65,997004023159.33,2026-07-30 16:00:29,0,9.87,-4.93,30-Jul-2025,30-Jun-2026,15.033078880407125,-13.223925132239252,,,COAL INDIA LIMITED,1.79,2026-07-30 20:09:05
0,ADANIPORTSEQN,-58.2,ADANIPORTS,EQ,N,1661.5,5395211,1726.7,1727.7,1658.4,1719.7,9016638479.53,1891.1,1290.5,1222323805848.08,2026-07-30 16:00:29,0,19.19,-8.21,30-Jul-2025,30-Jun-2026,12.141081909999471,-28.748547074777218,,,ADANI PORTS AND SPECIAL ECONOMIC ZONE LIMITED,-3.38,2026-07-30 20:09:05
0,MARUTIEQN,232.0,MARUTI,EQ,N,14180.0,626000,13939.0,14250.0,13825.0,13948.0,8763230020.0,17370.0,12201.0,1844681206163.64,2026-07-30 16:00:29,0,12.38,0.46,30-Jul-2025,30-Jun-2026,18.364997121473806,-16.21998196869109,,,MARUTI SUZUKI INDIA LIMITED,1.66,2026-07-30 20:09:05
0,AXISBANKEQN,-4.6,AXISBANK,EQ,N,1230.8,6878684,1229.0,1232.2,1220.2,1235.4,8429689668.32,1418.3,1042.5,3525636537742.45,2026-07-30 16:00:29,0,14.67,-8.54,30-Jul-2025,30-Jun-2026,13.220052175139251,-18.062350119904078,,,AXIS BANK LIMITED,-0.37,2026-07-30 20:09:05
0,LTEQN,9.1,LT,EQ,N,3940.5,2141252,3931.4,3951.7,3883.5,3931.4,8412872045.4,4440.0,3288.1,4599211741518.72,2026-07-30 16:00:29,0,7.51,-4.9,30-Jul-2025,30-Jun-2026,11.25,-19.841245704206077,,,LARSEN & TOUBRO LIMITED,0.23,2026-07-30 20:09:05
0,SBINEQN,10.3,SBIN,EQ,N,1024.0,6847458,1013.5,1028.3,1007.6,1013.7,6986940719.46,1234.7,786.55,4220811397058.94,2026-07-30 16:00:29,0,27.74,-0.28,30-Jul-2025,30-Jun-2026,17.064874058475745,-30.188799186320004,,,STATE BANK OF INDIA,1.02,2026-07-30 20:09:05
0,TECHMEQN,17.2,TECHM,EQ,N,1661.4,4167643,1649.0,1686.6,1638.1,1644.2,6976926117.01,1854.0,1304.1,1052212537214.25,2026-07-30 16:00:29,0,13.55,18.27,30-Jul-2025,30-Jun-2026,10.388349514563107,-27.398205659075224,,,TECH MAHINDRA LIMITED,1.05,2026-07-30 20:09:05
0,ASIANPAINTEQN,-8.4,ASIANPAINT,EQ,N,2750.0,2387024,2758.1,2767.9,2666.2,2758.4,6501966933.12,2985.7,2115.0,1240145623693.76,2026-07-30 16:00:29,0,13.83,4.34,30-Jul-2025,30-Jun-2026,7.894296144957631,-30.023640661938533,,,ASIAN PAINTS LIMITED,-0.3,2026-07-30 20:09:05
0,BELEQN,-2.8,BEL,EQ,N,384.75,16521484,386.0,387.5,382.7,387.55,6356310539.32,473.45,361.2,1374204727253.93,2026-07-30 16:00:29,0,-0.45,-6.57,30-Jul-2025,30-Jun-2026,18.734818882669764,-6.519933554817276,,,BHARAT ELECTRONICS LIMITED,-0.72,2026-07-30 20:09:05
0,NESTLEINDEQN,15.7,NESTLEIND,EQ,N,1519.0,3698063,1503.3,1532.6,1497.0,1503.3,5624568919.85,1532.6,1084.7,1086093281065.1,2026-07-30 16:00:29,0,36.14,8.1,30-Jul-2025,30-Jun-2026,0.8873809213101919,-40.03872038351618,,,NESTLE INDIA LIMITED,1.04,2026-07-30 20:09:05
0,SHRIRAMFINEQN,-15.7,SHRIRAMFIN,EQ,N,1029.0,5425880,1038.0,1051.0,1019.5,1044.7,5574711888.4,1108.0,566.5,1437137311112.52,2026-07-30 16:00:29,0,62.61,-1.26,30-Jul-2025,30-Jun-2026,7.129963898916968,-81.64165931156222,,,SHRIRAM FINANCE LIMITED,-1.5,2026-07-30 20:09:05
0,HINDUNILVREQN,-10.8,HINDUNILVR,EQ,N,2107.0,2602039,2120.0,2132.6,2088.0,2117.8,5478124747.48,2750.0,2016.0,1864069949678.92,2026-07-30 16:00:29,0,-13.56,-0.53,30-Jul-2025,30-Jun-2026,23.381818181818183,-4.513888888888889,,,HINDUSTAN UNILEVER LIMITED,-0.51,2026-07-30 20:09:05
0,ITCEQN,-0.7,ITC,EQ,N,285.55,18283697,286.1,288.4,283.75,286.25,5224200743.81,427.0,275.0,2744908844595.67,2026-07-30 16:00:29,0,-29.94,-0.49,30-Jul-2025,30-Jun-2026,33.12646370023419,-3.8363636363636364,,,ITC LIMITED,-0.24,2026-07-30 20:09:05
0,HCLTECHEQN,7.2,HCLTECH,EQ,N,1351.5,3747919,1349.0,1369.9,1345.6,1344.3,5097507152.71,1780.1,1030.0,1420880972267.0,2026-07-30 16:00:29,0,-8.47,26.1,30-Jul-2025,30-Jun-2026,24.077299028144488,-31.21359223300971,,,HCL TECHNOLOGIES LIMITED,0.54,2026-07-30 20:09:05
0,KOTAKBANKEQN,-2.6,KOTAKBANK,EQ,N,387.6,12205963,385.7,390.2,385.7,390.2,4742993102.54,453.2,345.5,2845977112500.26,2026-07-30 16:00:29,0,-1.11,-1.19,30-Jul-2025,30-Jun-2026,14.474845542806708,-12.185238784370478,,,KOTAK MAHINDRA BANK LIMITED,-0.67,2026-07-30 20:09:05
0,SUNPHARMAEQN,15.1,SUNPHARMA,EQ,N,2005.0,2224264,1993.1,2017.3,1988.0,1989.9,4464453730.24,2017.3,1548.0,2117111838529.49,2026-07-30 16:00:29,0,15.64,7.65,30-Jul-2025,30-Jun-2026,0.6097258712139989,-29.521963824289404,,,SUN PHARMACEUTICAL INDUSTRIES LIMITED,0.76,2026-07-30 20:09:05
0,HINDALCOEQN,7.05,HINDALCO,EQ,N,969.5,4259226,968.0,973.05,960.6,962.45,4118969687.82,1176.0,657.5,1399812364334.5,2026-07-30 16:00:29,0,40.75,1.35,30-Jul-2025,30-Jun-2026,17.55952380952381,-47.452471482889734,,,HINDALCO INDUSTRIES LIMITED,0.73,2026-07-30 20:09:05
0,ADANIENTEQN,25.5,ADANIENT,EQ,N,3050.0,1278332,3024.5,3060.9,2994.6,3024.5,3882677783.6,3245.0,1753.0,913098756508.21,2026-07-30 16:00:29,0,24.03,0.46,30-Jul-2025,30-Jun-2026,6.00924499229584,-73.9874500855676,,,ADANI ENTERPRISES LIMITED,0.84,2026-07-30 20:09:05
0,JIOFINEQN,-2.81,JIOFIN,EQ,N,246.67,15570324,248.75,249.9,245.1,249.48,3842755963.2,338.6,223.3,807083544996.55,2026-07-30 16:00:29,0,-22.99,4.33,30-Jul-2025,30-Jun-2026,27.15002953337271,-10.465741155396328,,,JIO FINANCIAL SERVICES LIMITED,-1.13,2026-07-30 20:09:05
0,TITANEQN,-6.3,TITAN,EQ,N,4843.9,777361,4820.9,4869.9,4820.9,4850.2,3767503407.33,4869.9,3303.1,1994286097671.63,2026-07-30 16:00:29,0,43.46,9.99,30-Jul-2025,30-Jun-2026,0.533891866362759,-46.64708909811995,,,TITAN COMPANY LIMITED,-0.13,2026-07-30 20:09:05
0,ULTRACEMCOEQN,92.0,ULTRACEMCO,EQ,N,11850.0,291418,11800.0,11861.0,11730.0,11998.0,3440801467.8,13110.0,10325.0,1398368106960.24,2026-07-30 16:00:29,0,-3.41,5.31,30-Jul-2025,30-Jun-2026,9.610983981693364,-14.76997578692494,,,ULTRATECH CEMENT LIMITED,0.78,2026-07-30 20:09:05
0,NTPCEQN,1.65,NTPC,EQ,N,345.15,9943764,343.5,347.65,341.85,343.5,3429504765.96,414.4,315.55,1631724403926.03,2026-07-30 16:00:29,0,1.87,-3.22,30-Jul-2025,30-Jun-2026,16.710907335907336,-9.380446838852796,,,NTPC LIMITED,0.48,2026-07-30 20:09:05
0,BAJAJ-AUTOEQN,107.0,BAJAJ-AUTO,EQ,N,11445.0,295600,11338.0,11525.0,11305.5,11338.0,3383889868.0,11532.0,7858.5,1264023467645.08,2026-07-30 16:00:29,0,42.29,17.8,30-Jul-2025,30-Jun-2026,0.7544224765868887,-45.63848062607368,,,BAJAJ AUTO LIMITED,0.94,2026-07-30 20:09:05
0,INDIGOEQN,-58.5,INDIGO,EQ,N,5218.0,549497,5210.0,5258.0,5194.0,5276.5,2872643931.69,6232.5,3895.2,1177843830371.66,2026-07-30 16:00:29,0,-9.09,-2.8,30-Jul-2025,30-Jun-2026,16.277577216205376,-33.95974532758267,,,INTERGLOBE AVIATION LIMITED,-1.11,2026-07-30 20:09:05
0,SBILIFEEQN,-27.8,SBILIFE,EQ,N,1867.1,1513264,1882.2,1910.0,1862.6,1894.9,2858843216.16,2132.0,1700.4,836655989360.71,2026-07-30 16:00:29,0,1.52,5.74,30-Jul-2025,30-Jun-2026,12.424953095684803,-9.803575629263703,,,SBI LIFE INSURANCE COMPANY LIMITED,-1.47,2026-07-30 20:09:05
0,ONGCEQN,2.99,ONGC,EQ,N,241.3,11419363,239.5,244.39,239.06,238.31,2768624559.35,307.5,227.65,934707283642.2,2026-07-30 16:00:29,0,-0.21,2.72,30-Jul-2025,30-Jun-2026,21.528455284552845,-5.996046562705908,,,OIL & NATURAL GAS CORPORATION LIMITED,1.25,2026-07-30 20:09:05
0,TATASTEELEQN,-0.28,TATASTEEL,EQ,N,186.99,13769746,188.01,188.99,186.1,187.27,2576732568.98,224.4,152.51,1541351160652.42,2026-07-30 16:00:29,0,15.88,-0.57,30-Jul-2025,30-Jun-2026,16.671122994652407,-22.60835355058685,,,TATA STEEL LIMITED,-0.15,2026-07-30 20:09:05
0,TRENTEQN,-1.3,TRENT,EQ,N,3003.9,806910,3020.2,3042.6,2982.0,3005.2,2423376664.8,3782.67,2183.67,996732662909.66,2026-07-30 16:00:29,0,-10.66,-8.49,30-Jul-2025,30-Jun-2026,20.58783874882028,-37.56199425737405,,,TRENT LIMITED,-0.04,2026-07-30 20:09:05
0,HDFCLIFEEQN,-11.65,HDFCLIFE,EQ,N,545.05,4394541,557.0,558.85,544.7,556.7,2406538542.42,815.0,543.0,588634041770.54,2026-07-30 16:00:29,0,-28.04,-5.35,30-Jul-2025,30-Jun-2026,33.122699386503065,-0.3775322283609576,,,HDFC LIFE INSURANCE COMPANY LIMITED,-2.09,2026-07-30 20:09:05
0,APOLLOHOSPEQN,24.0,APOLLOHOSP,EQ,N,8959.0,263013,8900.0,9009.0,8865.5,8935.0,2359053021.42,9009.0,6696.5,919392943478.69,2026-07-30 16:00:29,0,20.26,3.19,30-Jul-2025,30-Jun-2026,0.555000555000555,-33.78630627939969,,,APOLLO HOSPITALS ENTERPRISE LIMITED,0.27,2026-07-30 20:09:05
0,POWERGRIDEQN,2.5,POWERGRID,EQ,N,285.35,7903593,283.4,287.1,283.0,282.85,2254974118.83,324.95,250.0,1288609092539.81,2026-07-30 16:00:29,0,-1.25,-0.33,30-Jul-2025,30-Jun-2026,12.186490229266042,-14.14,,,POWER GRID CORPORATION OF INDIA LIMITED,0.88,2026-07-30 20:09:05
0,TMPVEQN,5.1,TMPV,EQ,N,334.9,6078600,328.2,335.0,328.05,329.8,2019797208.0,739.7,294.3,697961149137.43,2026-07-30 16:00:29,0,-49.9,-4.91,30-Jul-2025,30-Jun-2026,54.72488846829796,-13.795446822969758,,,TATA MOTORS PASSENGER VEHICLES LIMITED,1.55,2026-07-30 20:09:05
0,TATACONSUMEQN,-1.1,TATACONSUM,EQ,N,1095.0,1677784,1096.1,1108.9,1090.4,1096.1,1841636385.44,1282.7,1007.2,711099193573.79,2026-07-30 16:00:29,0,2.04,1.8,30-Jul-2025,30-Jun-2026,14.63319560302487,-8.717235901509135,,,TATA CONSUMER PRODUCTS LIMITED,-0.1,2026-07-30 20:09:05
0,MAXHEALTHEQN,12.6,MAXHEALTH,EQ,N,1124.0,1610692,1112.0,1135.9,1110.3,1111.4,1813574764.32,1301.7,903.0,834207449679.87,2026-07-30 16:00:29,0,-11.12,-0.46,30-Jul-2025,30-Jun-2026,13.65137896596758,-24.473975636766333,,,MAX HEALTHCARE INSTITUTE LIMITED,1.13,2026-07-30 20:09:05
0,DRREDDYEQN,2.0,DRREDDY,EQ,N,1144.3,1350714,1143.0,1151.0,1139.0,1142.3,1544257809.06,1414.9,1101.0,695598263003.41,2026-07-30 16:00:29,0,-11.44,-15.68,30-Jul-2025,30-Jun-2026,19.125026503639834,-3.932788374205268,,,DR. REDDY'S LABORATORIES LIMITED,0.18,2026-07-30 20:09:05
0,BAJAJFINSVEQN,-15.4,BAJAJFINSV,EQ,N,1909.0,752615,1918.3,1933.4,1892.3,1924.4,1435951789.25,2195.0,1597.0,1102070234202.81,2026-07-30 16:00:29,0,-2.59,7.24,30-Jul-2025,30-Jun-2026,13.029612756264237,-19.536631183469005,,,BAJAJ FINSERV LIMITED,-0.8,2026-07-30 20:09:05
0,CIPLAEQN,-6.3,CIPLA,EQ,N,1468.0,833068,1478.8,1483.8,1464.1,1474.3,1226700960.68,1673.0,1165.7,823709433326.43,2026-07-30 16:00:29,0,-5.86,0.18,30-Jul-2025,30-Jun-2026,12.253436939629408,-25.93291584455692,,,CIPLA LIMITED,-0.43,2026-07-30 20:09:05
0,JSWSTEELEQN,-8.1,JSWSTEEL,EQ,N,1268.5,923153,1279.1,1304.5,1261.5,1276.6,1171176516.51,1328.0,1018.0,1186453565545.05,2026-07-30 16:00:29,0,22.22,3.43,30-Jul-2025,30-Jun-2026,4.480421686746988,-24.607072691552062,,,JSW STEEL LIMITED,-0.63,2026-07-30 20:09:05
0,GRASIMEQN,-12.9,GRASIM,EQ,N,3100.1,301353,3115.0,3115.5,3085.5,3113.0,933920068.77,3246.0,2502.5,1166435037062.31,2026-07-30 16:00:29,0,12.38,0.0,30-Jul-2025,30-Jun-2026,4.494762784966112,-23.88011988011988,,,GRASIM INDUSTRIES LIMITED,-0.41,2026-07-30 20:09:05
1,NIFTY 50,66.95,NIFTY 50,,,24317.15,400636260,24249.55,24342.95,24187.1,24250.2,335660224755.62,26373.2,22182.55,,2026-07-30 15:39:59,0,-2.16,1.89,29-Jul-2025,29-Jun-2026,7.795982285046942,-9.622879245172443,,,,0.28,2026-07-30 20:51:27
0,HDFCBANKEQN,5.2,HDFCBANK,EQ,N,753.4,35844392,752.8,757.9,745.5,748.2,26916270840.64,1020.5,726.65,11507952979097.49,2026-07-30 16:00:29,0,-25.62,-5.58,30-Jul-2025,30-Jun-2026,26.1734443900049,-3.6812770935113193,,,HDFC BANK LIMITED,0.7,2026-07-30 20:51:27
0,INFYEQN,-0.6,INFY,EQ,N,1155.0,22630218,1168.0,1187.7,1151.3,1155.6,26545698318.36,1728.0,982.4,4040155038730.84,2026-07-30 16:00:29,0,-23.96,15.45,30-Jul-2025,30-Jun-2026,33.15972222222222,-17.569218241042346,,,INFOSYS LIMITED,-0.05,2026-07-30 20:51:27
0,ICICIBANKEQN,-7.9,ICICIBANK,EQ,N,1430.0,14141173,1431.1,1442.2,1422.6,1437.9,20232907504.94,1494.5,1187.6,10218404351568.66,2026-07-30 16:00:29,0,-3.53,3.98,30-Jul-2025,30-Jun-2026,4.315824690531951,-20.410912765240823,,,ICICI BANK LIMITED,-0.55,2026-07-30 20:51:27
0,M&MEQN,72.8,M&M,EQ,N,3294.6,4851980,3220.0,3327.0,3197.5,3221.8,15866023119.8,3839.9,2896.0,2933123350768.73,2026-07-30 16:00:29,0,2.67,7.36,30-Jul-2025,30-Jun-2026,14.200890648193964,-13.763812154696133,,,MAHINDRA & MAHINDRA LIMITED,2.26,2026-07-30 20:51:27
0,RELIANCEEQN,13.5,RELIANCE,EQ,N,1289.4,12158451,1279.8,1297.0,1275.3,1275.9,15689386754.91,1611.8,1249.8,8686354311529.18,2026-07-30 16:00:29,0,-8.56,-0.35,30-Jul-2025,30-Jun-2026,20.002481697481077,-3.168506961113778,,,RELIANCE INDUSTRIES LIMITED,1.06,2026-07-30 20:51:27
0,TCSEQN,-12.6,TCS,EQ,N,2434.0,4901582,2440.0,2495.0,2423.0,2446.6,12055686008.1,3350.0,1976.8,2478110387443.66,2026-07-30 16:00:29,0,-20.29,19.81,30-Jul-2025,30-Jun-2026,27.34328358208955,-23.128288142452448,,,TATA CONSULTANCY SERVICES LIMITED,-0.52,2026-07-30 20:51:27
0,EICHERMOTEQN,130.0,EICHERMOT,EQ,N,7909.0,1496307,7869.5,7930.0,7730.0,7779.0,11742478665.48,8230.0,5353.0,1086933343021.75,2026-07-30 16:00:29,0,44.3,11.81,30-Jul-2025,30-Jun-2026,3.9003645200486026,-47.748925835979826,,,EICHER MOTORS LIMITED,1.67,2026-07-30 20:51:27
0,BHARTIARTLEQN,-3.6,BHARTIARTL,EQ,N,1946.6,5356472,1954.0,1963.2,1943.9,1950.2,10462475369.28,2174.5,1740.5,6044959384312.81,2026-07-30 16:00:29,0,0.72,5.11,30-Jul-2025,30-Jun-2026,10.48057024603357,-11.841424877908647,,,BHARTI AIRTEL LIMITED,-0.18,2026-07-30 20:51:27
0,BAJFINANCEEQN,3.6,BAJFINANCE,EQ,N,1058.0,9866564,1046.0,1068.0,1035.1,1054.4,10348150988.84,1102.5,787.9,2827745664588.37,2026-07-30 16:00:29,0,19.57,5.3,30-Jul-2025,30-Jun-2026,4.036281179138322,-34.28100012691966,,,BAJAJ FINANCE LIMITED,0.34,2026-07-30 20:51:27
0,WIPROEQN,2.8,WIPRO,EQ,N,186.41,54015268,183.4,191.34,183.4,183.61,10162972674.2,273.1,169.0,502918719962.09,2026-07-30 16:00:29,0,-25.5,9.4,30-Jul-2025,30-Jun-2026,31.74295129989015,-10.301775147928995,,,WIPRO LIMITED,1.52,2026-07-30 20:51:27
0,ETERNALEQN,-1.75,ETERNAL,EQ,N,310.05,32431887,307.0,312.25,305.0,311.8,9972480933.63,368.45,212.6,2235244736574.58,2026-07-30 16:00:29,0,2.17,17.18,30-Jul-2025,30-Jun-2026,15.850183199891438,-45.83725305738476,,,ETERNAL LIMITED,-0.56,2026-07-30 20:51:27
0,COALINDIAEQN,7.35,COALINDIA,EQ,N,417.4,23225454,412.95,418.3,410.1,410.05,9640653700.86,491.25,368.65,997004023159.33,2026-07-30 16:00:29,0,9.87,-4.93,30-Jul-2025,30-Jun-2026,15.033078880407125,-13.223925132239252,,,COAL INDIA LIMITED,1.79,2026-07-30 20:51:27
0,ADANIPORTSEQN,-58.2,ADANIPORTS,EQ,N,1661.5,5395211,1726.7,1727.7,1658.4,1719.7,9016638479.53,1891.1,1290.5,1222323805848.08,2026-07-30 16:00:29,0,19.19,-8.21,30-Jul-2025,30-Jun-2026,12.141081909999471,-28.748547074777218,,,ADANI PORTS AND SPECIAL ECONOMIC ZONE LIMITED,-3.38,2026-07-30 20:51:27
0,MARUTIEQN,232.0,MARUTI,EQ,N,14180.0,626000,13939.0,14250.0,13825.0,13948.0,8763230020.0,17370.0,12201.0,1844681206163.64,2026-07-30 16:00:29,0,12.38,0.46,30-Jul-2025,30-Jun-2026,18.364997121473806,-16.21998196869109,,,MARUTI SUZUKI INDIA LIMITED,1.66,2026-07-30 20:51:27
0,AXISBANKEQN,-4.6,AXISBANK,EQ,N,1230.8,6878684,1229.0,1232.2,1220.2,1235.4,8429689668.32,1418.3,1042.5,3525636537742.45,2026-07-30 16:00:29,0,14.67,-8.54,30-Jul-2025,30-Jun-2026,13.220052175139251,-18.062350119904078,,,AXIS BANK LIMITED,-0.37,2026-07-30 20:51:27
0,LTEQN,9.1,LT,EQ,N,3940.5,2141252,3931.4,3951.7,3883.5,3931.4,8412872045.4,4440.0,3288.1,4599211741518.72,2026-07-30 16:00:29,0,7.51,-4.9,30-Jul-2025,30-Jun-2026,11.25,-19.841245704206077,,,LARSEN & TOUBRO LIMITED,0.23,2026-07-30 20:51:27
0,SBINEQN,10.3,SBIN,EQ,N,1024.0,6847458,1013.5,1028.3,1007.6,1013.7,6986940719.46,1234.7,786.55,4220811397058.94,2026-07-30 16:00:29,0,27.74,-0.28,30-Jul-2025,30-Jun-2026,17.064874058475745,-30.188799186320004,,,STATE BANK OF INDIA,1.02,2026-07-30 20:51:27
0,TECHMEQN,17.2,TECHM,EQ,N,1661.4,4167643,1649.0,1686.6,1638.1,1644.2,6976926117.01,1854.0,1304.1,1052212537214.25,2026-07-30 16:00:29,0,13.55,18.27,30-Jul-2025,30-Jun-2026,10.388349514563107,-27.398205659075224,,,TECH MAHINDRA LIMITED,1.05,2026-07-30 20:51:27
0,ASIANPAINTEQN,-8.4,ASIANPAINT,EQ,N,2750.0,2387024,2758.1,2767.9,2666.2,2758.4,6501966933.12,2985.7,2115.0,1240145623693.76,2026-07-30 16:00:29,0,13.83,4.34,30-Jul-2025,30-Jun-2026,7.894296144957631,-30.023640661938533,,,ASIAN PAINTS LIMITED,-0.3,2026-07-30 20:51:27
0,BELEQN,-2.8,BEL,EQ,N,384.75,16521484,386.0,387.5,382.7,387.55,6356310539.32,473.45,361.2,1374204727253.93,2026-07-30 16:00:29,0,-0.45,-6.57,30-Jul-2025,30-Jun-2026,18.734818882669764,-6.519933554817276,,,BHARAT ELECTRONICS LIMITED,-0.72,2026-07-30 20:51:27
0,NESTLEINDEQN,15.7,NESTLEIND,EQ,N,1519.0,3698063,1503.3,1532.6,1497.0,1503.3,5624568919.85,1532.6,1084.7,1086093281065.1,2026-07-30 16:00:29,0,36.14,8.1,30-Jul-2025,30-Jun-2026,0.8873809213101919,-40.03872038351618,,,NESTLE INDIA LIMITED,1.04,2026-07-30 20:51:27
0,SHRIRAMFINEQN,-15.7,SHRIRAMFIN,EQ,N,1029.0,5425880,1038.0,1051.0,1019.5,1044.7,5574711888.4,1108.0,566.5,1437137311112.52,2026-07-30 16:00:29,0,62.61,-1.26,30-Jul-2025,30-Jun-2026,7.129963898916968,-81.64165931156222,,,SHRIRAM FINANCE LIMITED,-1.5,2026-07-30 20:51:27
0,HINDUNILVREQN,-10.8,HINDUNILVR,EQ,N,2107.0,2602039,2120.0,2132.6,2088.0,2117.8,5478124747.48,2750.0,2016.0,1864069949678.92,2026-07-30 16:00:29,0,-13.56,-0.53,30-Jul-2025,30-Jun-2026,23.381818181818183,-4.513888888888889,,,HINDUSTAN UNILEVER LIMITED,-0.51,2026-07-30 20:51:27
0,ITCEQN,-0.7,ITC,EQ,N,285.55,18283697,286.1,288.4,283.75,286.25,5224200743.81,427.0,275.0,2744908844595.67,2026-07-30 16:00:29,0,-29.94,-0.49,30-Jul-2025,30-Jun-2026,33.12646370023419,-3.8363636363636364,,,ITC LIMITED,-0.24,2026-07-30 20:51:27
0,HCLTECHEQN,7.2,HCLTECH,EQ,N,1351.5,3747919,1349.0,1369.9,1345.6,1344.3,5097507152.71,1780.1,1030.0,1420880972267.0,2026-07-30 16:00:29,0,-8.47,26.1,30-Jul-2025,30-Jun-2026,24.077299028144488,-31.21359223300971,,,HCL TECHNOLOGIES LIMITED,0.54,2026-07-30 20:51:27
0,KOTAKBANKEQN,-2.6,KOTAKBANK,EQ,N,387.6,12205963,385.7,390.2,385.7,390.2,4742993102.54,453.2,345.5,2845977112500.26,2026-07-30 16:00:29,0,-1.11,-1.19,30-Jul-2025,30-Jun-2026,14.474845542806708,-12.185238784370478,,,KOTAK MAHINDRA BANK LIMITED,-0.67,2026-07-30 20:51:27
0,SUNPHARMAEQN,15.1,SUNPHARMA,EQ,N,2005.0,2224264,1993.1,2017.3,1988.0,1989.9,4464453730.24,2017.3,1548.0,2117111838529.49,2026-07-30 16:00:29,0,15.64,7.65,30-Jul-2025,30-Jun-2026,0.6097258712139989,-29.521963824289404,,,SUN PHARMACEUTICAL INDUSTRIES LIMITED,0.76,2026-07-30 20:51:27
0,HINDALCOEQN,7.05,HINDALCO,EQ,N,969.5,4259226,968.0,973.05,960.6,962.45,4118969687.82,1176.0,657.5,1399812364334.5,2026-07-30 16:00:29,0,40.75,1.35,30-Jul-2025,30-Jun-2026,17.55952380952381,-47.452471482889734,,,HINDALCO INDUSTRIES LIMITED,0.73,2026-07-30 20:51:27
0,ADANIENTEQN,25.5,ADANIENT,EQ,N,3050.0,1278332,3024.5,3060.9,2994.6,3024.5,3882677783.6,3245.0,1753.0,913098756508.21,2026-07-30 16:00:29,0,24.03,0.46,30-Jul-2025,30-Jun-2026,6.00924499229584,-73.9874500855676,,,ADANI ENTERPRISES LIMITED,0.84,2026-07-30 20:51:27
0,JIOFINEQN,-2.81,JIOFIN,EQ,N,246.67,15570324,248.75,249.9,245.1,249.48,3842755963.2,338.6,223.3,807083544996.55,2026-07-30 16:00:29,0,-22.99,4.33,30-Jul-2025,30-Jun-2026,27.15002953337271,-10.465741155396328,,,JIO FINANCIAL SERVICES LIMITED,-1.13,2026-07-30 20:51:27
0,TITANEQN,-6.3,TITAN,EQ,N,4843.9,777361,4820.9,4869.9,4820.9,4850.2,3767503407.33,4869.9,3303.1,1994286097671.63,2026-07-30 16:00:29,0,43.46,9.99,30-Jul-2025,30-Jun-2026,0.533891866362759,-46.64708909811995,,,TITAN COMPANY LIMITED,-0.13,2026-07-30 20:51:27
0,ULTRACEMCOEQN,92.0,ULTRACEMCO,EQ,N,11850.0,291418,11800.0,11861.0,11730.0,11998.0,3440801467.8,13110.0,10325.0,1398368106960.24,2026-07-30 16:00:29,0,-3.41,5.31,30-Jul-2025,30-Jun-2026,9.610983981693364,-14.76997578692494,,,ULTRATECH CEMENT LIMITED,0.78,2026-07-30 20:51:27
0,NTPCEQN,1.65,NTPC,EQ,N,345.15,9943764,343.5,347.65,341.85,343.5,3429504765.96,414.4,315.55,1631724403926.03,2026-07-30 16:00:29,0,1.87,-3.22,30-Jul-2025,30-Jun-2026,16.710907335907336,-9.380446838852796,,,NTPC LIMITED,0.48,2026-07-30 20:51:27
0,BAJAJ-AUTOEQN,107.0,BAJAJ-AUTO,EQ,N,11445.0,295600,11338.0,11525.0,11305.5,11338.0,3383889868.0,11532.0,7858.5,1264023467645.08,2026-07-30 16:00:29,0,42.29,17.8,30-Jul-2025,30-Jun-2026,0.7544224765868887,-45.63848062607368,,,BAJAJ AUTO LIMITED,0.94,2026-07-30 20:51:27
0,INDIGOEQN,-58.5,INDIGO,EQ,N,5218.0,549497,5210.0,5258.0,5194.0,5276.5,2872643931.69,6232.5,3895.2,1177843830371.66,2026-07-30 16:00:29,0,-9.09,-2.8,30-Jul-2025,30-Jun-2026,16.277577216205376,-33.95974532758267,,,INTERGLOBE AVIATION LIMITED,-1.11,2026-07-30 20:51:27
0,SBILIFEEQN,-27.8,SBILIFE,EQ,N,1867.1,1513264,1882.2,1910.0,1862.6,1894.9,2858843216.16,2132.0,1700.4,836655989360.71,2026-07-30 16:00:29,0,1.52,5.74,30-Jul-2025,30-Jun-2026,12.424953095684803,-9.803575629263703,,,SBI LIFE INSURANCE COMPANY LIMITED,-1.47,2026-07-30 20:51:27
0,ONGCEQN,2.99,ONGC,EQ,N,241.3,11419363,239.5,244.39,239.06,238.31,2768624559.35,307.5,227.65,934707283642.2,2026-07-30 16:00:29,0,-0.21,2.72,30-Jul-2025,30-Jun-2026,21.528455284552845,-5.996046562705908,,,OIL & NATURAL GAS CORPORATION LIMITED,1.25,2026-07-30 20:51:27
0,TATASTEELEQN,-0.28,TATASTEEL,EQ,N,186.99,13769746,188.01,188.99,186.1,187.27,2576732568.98,224.4,152.51,1541351160652.42,2026-07-30 16:00:29,0,15.88,-0.57,30-Jul-2025,30-Jun-2026,16.671122994652407,-22.60835355058685,,,TATA STEEL LIMITED,-0.15,2026-07-30 20:51:27
0,TRENTEQN,-1.3,TRENT,EQ,N,3003.9,806910,3020.2,3042.6,2982.0,3005.2,2423376664.8,3782.67,2183.67,996732662909.66,2026-07-30 16:00:29,0,-10.66,-8.49,30-Jul-2025,30-Jun-2026,20.58783874882028,-37.56199425737405,,,TRENT LIMITED,-0.04,2026-07-30 20:51:27
0,HDFCLIFEEQN,-11.65,HDFCLIFE,EQ,N,545.05,4394541,557.0,558.85,544.7,556.7,2406538542.42,815.0,543.0,588634041770.54,2026-07-30 16:00:29,0,-28.04,-5.35,30-Jul-2025,30-Jun-2026,33.122699386503065,-0.3775322283609576,,,HDFC LIFE INSURANCE COMPANY LIMITED,-2.09,2026-07-30 20:51:27
0,APOLLOHOSPEQN,24.0,APOLLOHOSP,EQ,N,8959.0,263013,8900.0,9009.0,8865.5,8935.0,2359053021.42,9009.0,6696.5,919392943478.69,2026-07-30 16:00:29,0,20.26,3.19,30-Jul-2025,30-Jun-2026,0.555000555000555,-33.78630627939969,,,APOLLO HOSPITALS ENTERPRISE LIMITED,0.27,2026-07-30 20:51:27
0,POWERGRIDEQN,2.5,POWERGRID,EQ,N,285.35,7903593,283.4,287.1,283.0,282.85,2254974118.83,324.95,250.0,1288609092539.81,2026-07-30 16:00:29,0,-1.25,-0.33,30-Jul-2025,30-Jun-2026,12.186490229266042,-14.14,,,POWER GRID CORPORATION OF INDIA LIMITED,0.88,2026-07-30 20:51:27
0,TMPVEQN,5.1,TMPV,EQ,N,334.9,6078600,328.2,335.0,328.05,329.8,2019797208.0,739.7,294.3,697961149137.43,2026-07-30 16:00:29,0,-49.9,-4.91,30-Jul-2025,30-Jun-2026,54.72488846829796,-13.795446822969758,,,TATA MOTORS PASSENGER VEHICLES LIMITED,1.55,2026-07-30 20:51:27
0,TATACONSUMEQN,-1.1,TATACONSUM,EQ,N,1095.0,1677784,1096.1,1108.9,1090.4,1096.1,1841636385.44,1282.7,1007.2,711099193573.79,2026-07-30 16:00:29,0,2.04,1.8,30-Jul-2025,30-Jun-2026,14.63319560302487,-8.717235901509135,,,TATA CONSUMER PRODUCTS LIMITED,-0.1,2026-07-30 20:51:27
0,MAXHEALTHEQN,12.6,MAXHEALTH,EQ,N,1124.0,1610692,1112.0,1135.9,1110.3,1111.4,1813574764.32,1301.7,903.0,834207449679.87,2026-07-30 16:00:29,0,-11.12,-0.46,30-Jul-2025,30-Jun-2026,13.65137896596758,-24.473975636766333,,,MAX HEALTHCARE INSTITUTE LIMITED,1.13,2026-07-30 20:51:27
0,DRREDDYEQN,2.0,DRREDDY,EQ,N,1144.3,1350714,1143.0,1151.0,1139.0,1142.3,1544257809.06,1414.9,1101.0,695598263003.41,2026-07-30 16:00:29,0,-11.44,-15.68,30-Jul-2025,30-Jun-2026,19.125026503639834,-3.932788374205268,,,DR. REDDY'S LABORATORIES LIMITED,0.18,2026-07-30 20:51:27
0,BAJAJFINSVEQN,-15.4,BAJAJFINSV,EQ,N,1909.0,752615,1918.3,1933.4,1892.3,1924.4,1435951789.25,2195.0,1597.0,1102070234202.81,2026-07-30 16:00:29,0,-2.59,7.24,30-Jul-2025,30-Jun-2026,13.029612756264237,-19.536631183469005,,,BAJAJ FINSERV LIMITED,-0.8,2026-07-30 20:51:27
0,CIPLAEQN,-6.3,CIPLA,EQ,N,1468.0,833068,1478.8,1483.8,1464.1,1474.3,1226700960.68,1673.0,1165.7,823709433326.43,2026-07-30 16:00:29,0,-5.86,0.18,30-Jul-2025,30-Jun-2026,12.253436939629408,-25.93291584455692,,,CIPLA LIMITED,-0.43,2026-07-30 20:51:27
0,JSWSTEELEQN,-8.1,JSWSTEEL,EQ,N,1268.5,923153,1279.1,1304.5,1261.5,1276.6,1171176516.51,1328.0,1018.0,1186453565545.05,2026-07-30 16:00:29,0,22.22,3.43,30-Jul-2025,30-Jun-2026,4.480421686746988,-24.607072691552062,,,JSW STEEL LIMITED,-0.63,2026-07-30 20:51:27
0,GRASIMEQN,-12.9,GRASIM,EQ,N,3100.1,301353,3115.0,3115.5,3085.5,3113.0,933920068.77,3246.0,2502.5,1166435037062.31,2026-07-30 16:00:29,0,12.38,0.0,30-Jul-2025,30-Jun-2026,4.494762784966112,-23.88011988011988,,,GRASIM INDUSTRIES LIMITED,-0.41,2026-07-30 20:51:27
1,NIFTY 50,66.95,NIFTY 50,,,24317.15,400636260,24249.55,24342.95,24187.1,24250.2,335660224755.62,26373.2,22182.55,,2026-07-30 15:39:59,0,-2.16,1.89,29-Jul-2025,29-Jun-2026,7.795982285046942,-9.622879245172443,,,,0.28,2026-07-30 20:51:44
0,HDFCBANKEQN,5.2,HDFCBANK,EQ,N,753.4,35844392,752.8,757.9,745.5,748.2,26916270840.64,1020.5,726.65,11507952979097.49,2026-07-30 16:00:29,0,-25.62,-5.58,30-Jul-2025,30-Jun-2026,26.1734443900049,-3.6812770935113193,,,HDFC BANK LIMITED,0.7,2026-07-30 20:51:44
0,INFYEQN,-0.6,INFY,EQ,N,1155.0,22630218,1168.0,1187.7,1151.3,1155.6,26545698318.36,1728.0,982.4,4040155038730.84,2026-07-30 16:00:29,0,-23.96,15.45,30-Jul-2025,30-Jun-2026,33.15972222222222,-17.569218241042346,,,INFOSYS LIMITED,-0.05,2026-07-30 20:51:44
0,ICICIBANKEQN,-7.9,ICICIBANK,EQ,N,1430.0,14141173,1431.1,1442.2,1422.6,1437.9,20232907504.94,1494.5,1187.6,10218404351568.66,2026-07-30 16:00:29,0,-3.53,3.98,30-Jul-2025,30-Jun-2026,4.315824690531951,-20.410912765240823,,,ICICI BANK LIMITED,-0.55,2026-07-30 20:51:44
0,M&MEQN,72.8,M&M,EQ,N,3294.6,4851980,3220.0,3327.0,3197.5,3221.8,15866023119.8,3839.9,2896.0,2933123350768.73,2026-07-30 16:00:29,0,2.67,7.36,30-Jul-2025,30-Jun-2026,14.200890648193964,-13.763812154696133,,,MAHINDRA & MAHINDRA LIMITED,2.26,2026-07-30 20:51:44
0,RELIANCEEQN,13.5,RELIANCE,EQ,N,1289.4,12158451,1279.8,1297.0,1275.3,1275.9,15689386754.91,1611.8,1249.8,8686354311529.18,2026-07-30 16:00:29,0,-8.56,-0.35,30-Jul-2025,30-Jun-2026,20.002481697481077,-3.168506961113778,,,RELIANCE INDUSTRIES LIMITED,1.06,2026-07-30 20:51:44
0,TCSEQN,-12.6,TCS,EQ,N,2434.0,4901582,2440.0,2495.0,2423.0,2446.6,12055686008.1,3350.0,1976.8,2478110387443.66,2026-07-30 16:00:29,0,-20.29,19.81,30-Jul-2025,30-Jun-2026,27.34328358208955,-23.128288142452448,,,TATA CONSULTANCY SERVICES LIMITED,-0.52,2026-07-30 20:51:44
0,EICHERMOTEQN,130.0,EICHERMOT,EQ,N,7909.0,1496307,7869.5,7930.0,7730.0,7779.0,11742478665.48,8230.0,5353.0,1086933343021.75,2026-07-30 16:00:29,0,44.3,11.81,30-Jul-2025,30-Jun-2026,3.9003645200486026,-47.748925835979826,,,EICHER MOTORS LIMITED,1.67,2026-07-30 20:51:44
0,BHARTIARTLEQN,-3.6,BHARTIARTL,EQ,N,1946.6,5356472,1954.0,1963.2,1943.9,1950.2,10462475369.28,2174.5,1740.5,6044959384312.81,2026-07-30 16:00:29,0,0.72,5.11,30-Jul-2025,30-Jun-2026,10.48057024603357,-11.841424877908647,,,BHARTI AIRTEL LIMITED,-0.18,2026-07-30 20:51:44
0,BAJFINANCEEQN,3.6,BAJFINANCE,EQ,N,1058.0,9866564,1046.0,1068.0,1035.1,1054.4,10348150988.84,1102.5,787.9,2827745664588.37,2026-07-30 16:00:29,0,19.57,5.3,30-Jul-2025,30-Jun-2026,4.036281179138322,-34.28100012691966,,,BAJAJ FINANCE LIMITED,0.34,2026-07-30 20:51:44
0,WIPROEQN,2.8,WIPRO,EQ,N,186.41,54015268,183.4,191.34,183.4,183.61,10162972674.2,273.1,169.0,502918719962.09,2026-07-30 16:00:29,0,-25.5,9.4,30-Jul-2025,30-Jun-2026,31.74295129989015,-10.301775147928995,,,WIPRO LIMITED,1.52,2026-07-30 20:51:44
0,ETERNALEQN,-1.75,ETERNAL,EQ,N,310.05,32431887,307.0,312.25,305.0,311.8,9972480933.63,368.45,212.6,2235244736574.58,2026-07-30 16:00:29,0,2.17,17.18,30-Jul-2025,30-Jun-2026,15.850183199891438,-45.83725305738476,,,ETERNAL LIMITED,-0.56,2026-07-30 20:51:44
0,COALINDIAEQN,7.35,COALINDIA,EQ,N,417.4,23225454,412.95,418.3,410.1,410.05,9640653700.86,491.25,368.65,997004023159.33,2026-07-30 16:00:29,0,9.87,-4.93,30-Jul-2025,30-Jun-2026,15.033078880407125,-13.223925132239252,,,COAL INDIA LIMITED,1.79,2026-07-30 20:51:44
0,ADANIPORTSEQN,-58.2,ADANIPORTS,EQ,N,1661.5,5395211,1726.7,1727.7,1658.4,1719.7,9016638479.53,1891.1,1290.5,1222323805848.08,2026-07-30 16:00:29,0,19.19,-8.21,30-Jul-2025,30-Jun-2026,12.141081909999471,-28.748547074777218,,,ADANI PORTS AND SPECIAL ECONOMIC ZONE LIMITED,-3.38,2026-07-30 20:51:44
0,MARUTIEQN,232.0,MARUTI,EQ,N,14180.0,626000,13939.0,14250.0,13825.0,13948.0,8763230020.0,17370.0,12201.0,1844681206163.64,2026-07-30 16:00:29,0,12.38,0.46,30-Jul-2025,30-Jun-2026,18.364997121473806,-16.21998196869109,,,MARUTI SUZUKI INDIA LIMITED,1.66,2026-07-30 20:51:44
0,AXISBANKEQN,-4.6,AXISBANK,EQ,N,1230.8,6878684,1229.0,1232.2,1220.2,1235.4,8429689668.32,1418.3,1042.5,3525636537742.45,2026-07-30 16:00:29,0,14.67,-8.54,30-Jul-2025,30-Jun-2026,13.220052175139251,-18.062350119904078,,,AXIS BANK LIMITED,-0.37,2026-07-30 20:51:44
0,LTEQN,9.1,LT,EQ,N,3940.5,2141252,3931.4,3951.7,3883.5,3931.4,8412872045.4,4440.0,3288.1,4599211741518.72,2026-07-30 16:00:29,0,7.51,-4.9,30-Jul-2025,30-Jun-2026,11.25,-19.841245704206077,,,LARSEN & TOUBRO LIMITED,0.23,2026-07-30 20:51:44
0,SBINEQN,10.3,SBIN,EQ,N,1024.0,6847458,1013.5,1028.3,1007.6,1013.7,6986940719.46,1234.7,786.55,4220811397058.94,2026-07-30 16:00:29,0,27.74,-0.28,30-Jul-2025,30-Jun-2026,17.064874058475745,-30.188799186320004,,,STATE BANK OF INDIA,1.02,2026-07-30 20:51:44
0,TECHMEQN,17.2,TECHM,EQ,N,1661.4,4167643,1649.0,1686.6,1638.1,1644.2,6976926117.01,1854.0,1304.1,1052212537214.25,2026-07-30 16:00:29,0,13.55,18.27,30-Jul-2025,30-Jun-2026,10.388349514563107,-27.398205659075224,,,TECH MAHINDRA LIMITED,1.05,2026-07-30 20:51:44
0,ASIANPAINTEQN,-8.4,ASIANPAINT,EQ,N,2750.0,2387024,2758.1,2767.9,2666.2,2758.4,6501966933.12,2985.7,2115.0,1240145623693.76,2026-07-30 16:00:29,0,13.83,4.34,30-Jul-2025,30-Jun-2026,7.894296144957631,-30.023640661938533,,,ASIAN PAINTS LIMITED,-0.3,2026-07-30 20:51:44
0,BELEQN,-2.8,BEL,EQ,N,384.75,16521484,386.0,387.5,382.7,387.55,6356310539.32,473.45,361.2,1374204727253.93,2026-07-30 16:00:29,0,-0.45,-6.57,30-Jul-2025,30-Jun-2026,18.734818882669764,-6.519933554817276,,,BHARAT ELECTRONICS LIMITED,-0.72,2026-07-30 20:51:44
0,NESTLEINDEQN,15.7,NESTLEIND,EQ,N,1519.0,3698063,1503.3,1532.6,1497.0,1503.3,5624568919.85,1532.6,1084.7,1086093281065.1,2026-07-30 16:00:29,0,36.14,8.1,30-Jul-2025,30-Jun-2026,0.8873809213101919,-40.03872038351618,,,NESTLE INDIA LIMITED,1.04,2026-07-30 20:51:44
0,SHRIRAMFINEQN,-15.7,SHRIRAMFIN,EQ,N,1029.0,5425880,1038.0,1051.0,1019.5,1044.7,5574711888.4,1108.0,566.5,1437137311112.52,2026-07-30 16:00:29,0,62.61,-1.26,30-Jul-2025,30-Jun-2026,7.129963898916968,-81.64165931156222,,,SHRIRAM FINANCE LIMITED,-1.5,2026-07-30 20:51:44
0,HINDUNILVREQN,-10.8,HINDUNILVR,EQ,N,2107.0,2602039,2120.0,2132.6,2088.0,2117.8,5478124747.48,2750.0,2016.0,1864069949678.92,2026-07-30 16:00:29,0,-13.56,-0.53,30-Jul-2025,30-Jun-2026,23.381818181818183,-4.513888888888889,,,HINDUSTAN UNILEVER LIMITED,-0.51,2026-07-30 20:51:44
0,ITCEQN,-0.7,ITC,EQ,N,285.55,18283697,286.1,288.4,283.75,286.25,5224200743.81,427.0,275.0,2744908844595.67,2026-07-30 16:00:29,0,-29.94,-0.49,30-Jul-2025,30-Jun-2026,33.12646370023419,-3.8363636363636364,,,ITC LIMITED,-0.24,2026-07-30 20:51:44
0,HCLTECHEQN,7.2,HCLTECH,EQ,N,1351.5,3747919,1349.0,1369.9,1345.6,1344.3,5097507152.71,1780.1,1030.0,1420880972267.0,2026-07-30 16:00:29,0,-8.47,26.1,30-Jul-2025,30-Jun-2026,24.077299028144488,-31.21359223300971,,,HCL TECHNOLOGIES LIMITED,0.54,2026-07-30 20:51:44
0,KOTAKBANKEQN,-2.6,KOTAKBANK,EQ,N,387.6,12205963,385.7,390.2,385.7,390.2,4742993102.54,453.2,345.5,2845977112500.26,2026-07-30 16:00:29,0,-1.11,-1.19,30-Jul-2025,30-Jun-2026,14.474845542806708,-12.185238784370478,,,KOTAK MAHINDRA BANK LIMITED,-0.67,2026-07-30 20:51:44
0,SUNPHARMAEQN,15.1,SUNPHARMA,EQ,N,2005.0,2224264,1993.1,2017.3,1988.0,1989.9,4464453730.24,2017.3,1548.0,2117111838529.49,2026-07-30 16:00:29,0,15.64,7.65,30-Jul-2025,30-Jun-2026,0.6097258712139989,-29.521963824289404,,,SUN PHARMACEUTICAL INDUSTRIES LIMITED,0.76,2026-07-30 20:51:44
0,HINDALCOEQN,7.05,HINDALCO,EQ,N,969.5,4259226,968.0,973.05,960.6,962.45,4118969687.82,1176.0,657.5,1399812364334.5,2026-07-30 16:00:29,0,40.75,1.35,30-Jul-2025,30-Jun-2026,17.55952380952381,-47.452471482889734,,,HINDALCO INDUSTRIES LIMITED,0.73,2026-07-30 20:51:44
0,ADANIENTEQN,25.5,ADANIENT,EQ,N,3050.0,1278332,3024.5,3060.9,2994.6,3024.5,3882677783.6,3245.0,1753.0,913098756508.21,2026-07-30 16:00:29,0,24.03,0.46,30-Jul-2025,30-Jun-2026,6.00924499229584,-73.9874500855676,,,ADANI ENTERPRISES LIMITED,0.84,2026-07-30 20:51:44
0,JIOFINEQN,-2.81,JIOFIN,EQ,N,246.67,15570324,248.75,249.9,245.1,249.48,3842755963.2,338.6,223.3,807083544996.55,2026-07-30 16:00:29,0,-22.99,4.33,30-Jul-2025,30-Jun-2026,27.15002953337271,-10.465741155396328,,,JIO FINANCIAL SERVICES LIMITED,-1.13,2026-07-30 20:51:44
0,TITANEQN,-6.3,TITAN,EQ,N,4843.9,777361,4820.9,4869.9,4820.9,4850.2,3767503407.33,4869.9,3303.1,1994286097671.63,2026-07-30 16:00:29,0,43.46,9.99,30-Jul-2025,30-Jun-2026,0.533891866362759,-46.64708909811995,,,TITAN COMPANY LIMITED,-0.13,2026-07-30 20:51:44
0,ULTRACEMCOEQN,92.0,ULTRACEMCO,EQ,N,11850.0,291418,11800.0,11861.0,11730.0,11998.0,3440801467.8,13110.0,10325.0,1398368106960.24,2026-07-30 16:00:29,0,-3.41,5.31,30-Jul-2025,30-Jun-2026,9.610983981693364,-14.76997578692494,,,ULTRATECH CEMENT LIMITED,0.78,2026-07-30 20:51:44
0,NTPCEQN,1.65,NTPC,EQ,N,345.15,9943764,343.5,347.65,341.85,343.5,3429504765.96,414.4,315.55,1631724403926.03,2026-07-30 16:00:29,0,1.87,-3.22,30-Jul-2025,30-Jun-2026,16.710907335907336,-9.380446838852796,,,NTPC LIMITED,0.48,2026-07-30 20:51:44
0,BAJAJ-AUTOEQN,107.0,BAJAJ-AUTO,EQ,N,11445.0,295600,11338.0,11525.0,11305.5,11338.0,3383889868.0,11532.0,7858.5,1264023467645.08,2026-07-30 16:00:29,0,42.29,17.8,30-Jul-2025,30-Jun-2026,0.7544224765868887,-45.63848062607368,,,BAJAJ AUTO LIMITED,0.94,2026-07-30 20:51:44
0,INDIGOEQN,-58.5,INDIGO,EQ,N,5218.0,549497,5210.0,5258.0,5194.0,5276.5,2872643931.69,6232.5,3895.2,1177843830371.66,2026-07-30 16:00:29,0,-9.09,-2.8,30-Jul-2025,30-Jun-2026,16.277577216205376,-33.95974532758267,,,INTERGLOBE AVIATION LIMITED,-1.11,2026-07-30 20:51:44
0,SBILIFEEQN,-27.8,SBILIFE,EQ,N,1867.1,1513264,1882.2,1910.0,1862.6,1894.9,2858843216.16,2132.0,1700.4,836655989360.71,2026-07-30 16:00:29,0,1.52,5.74,30-Jul-2025,30-Jun-2026,12.424953095684803,-9.803575629263703,,,SBI LIFE INSURANCE COMPANY LIMITED,-1.47,2026-07-30 20:51:44
0,ONGCEQN,2.99,ONGC,EQ,N,241.3,11419363,239.5,244.39,239.06,238.31,2768624559.35,307.5,227.65,934707283642.2,2026-07-30 16:00:29,0,-0.21,2.72,30-Jul-2025,30-Jun-2026,21.528455284552845,-5.996046562705908,,,OIL & NATURAL GAS CORPORATION LIMITED,1.25,2026-07-30 20:51:44
0,TATASTEELEQN,-0.28,TATASTEEL,EQ,N,186.99,13769746,188.01,188.99,186.1,187.27,2576732568.98,224.4,152.51,1541351160652.42,2026-07-30 16:00:29,0,15.88,-0.57,30-Jul-2025,30-Jun-2026,16.671122994652407,-22.60835355058685,,,TATA STEEL LIMITED,-0.15,2026-07-30 20:51:44
0,TRENTEQN,-1.3,TRENT,EQ,N,3003.9,806910,3020.2,3042.6,2982.0,3005.2,2423376664.8,3782.67,2183.67,996732662909.66,2026-07-30 16:00:29,0,-10.66,-8.49,30-Jul-2025,30-Jun-2026,20.58783874882028,-37.56199425737405,,,TRENT LIMITED,-0.04,2026-07-30 20:51:44
0,HDFCLIFEEQN,-11.65,HDFCLIFE,EQ,N,545.05,4394541,557.0,558.85,544.7,556.7,2406538542.42,815.0,543.0,588634041770.54,2026-07-30 16:00:29,0,-28.04,-5.35,30-Jul-2025,30-Jun-2026,33.122699386503065,-0.3775322283609576,,,HDFC LIFE INSURANCE COMPANY LIMITED,-2.09,2026-07-30 20:51:44
0,APOLLOHOSPEQN,24.0,APOLLOHOSP,EQ,N,8959.0,263013,8900.0,9009.0,8865.5,8935.0,2359053021.42,9009.0,6696.5,919392943478.69,2026-07-30 16:00:29,0,20.26,3.19,30-Jul-2025,30-Jun-2026,0.555000555000555,-33.78630627939969,,,APOLLO HOSPITALS ENTERPRISE LIMITED,0.27,2026-07-30 20:51:44
0,POWERGRIDEQN,2.5,POWERGRID,EQ,N,285.35,7903593,283.4,287.1,283.0,282.85,2254974118.83,324.95,250.0,1288609092539.81,2026-07-30 16:00:29,0,-1.25,-0.33,30-Jul-2025,30-Jun-2026,12.186490229266042,-14.14,,,POWER GRID CORPORATION OF INDIA LIMITED,0.88,2026-07-30 20:51:44
0,TMPVEQN,5.1,TMPV,EQ,N,334.9,6078600,328.2,335.0,328.05,329.8,2019797208.0,739.7,294.3,697961149137.43,2026-07-30 16:00:29,0,-49.9,-4.91,30-Jul-2025,30-Jun-2026,54.72488846829796,-13.795446822969758,,,TATA MOTORS PASSENGER VEHICLES LIMITED,1.55,2026-07-30 20:51:44
0,TATACONSUMEQN,-1.1,TATACONSUM,EQ,N,1095.0,1677784,1096.1,1108.9,1090.4,1096.1,1841636385.44,1282.7,1007.2,711099193573.79,2026-07-30 16:00:29,0,2.04,1.8,30-Jul-2025,30-Jun-2026,14.63319560302487,-8.717235901509135,,,TATA CONSUMER PRODUCTS LIMITED,-0.1,2026-07-30 20:51:44
0,MAXHEALTHEQN,12.6,MAXHEALTH,EQ,N,1124.0,1610692,1112.0,1135.9,1110.3,1111.4,1813574764.32,1301.7,903.0,834207449679.87,2026-07-30 16:00:29,0,-11.12,-0.46,30-Jul-2025,30-Jun-2026,13.65137896596758,-24.473975636766333,,,MAX HEALTHCARE INSTITUTE LIMITED,1.13,2026-07-30 20:51:44
0,DRREDDYEQN,2.0,DRREDDY,EQ,N,1144.3,1350714,1143.0,1151.0,1139.0,1142.3,1544257809.06,1414.9,1101.0,695598263003.41,2026-07-30 16:00:29,0,-11.44,-15.68,30-Jul-2025,30-Jun-2026,19.125026503639834,-3.932788374205268,,,DR. REDDY'S LABORATORIES LIMITED,0.18,2026-07-30 20:51:44
0,BAJAJFINSVEQN,-15.4,BAJAJFINSV,EQ,N,1909.0,752615,1918.3,1933.4,1892.3,1924.4,1435951789.25,2195.0,1597.0,1102070234202.81,2026-07-30 16:00:29,0,-2.59,7.24,30-Jul-2025,30-Jun-2026,13.029612756264237,-19.536631183469005,,,BAJAJ FINSERV LIMITED,-0.8,2026-07-30 20:51:44
0,CIPLAEQN,-6.3,CIPLA,EQ,N,1468.0,833068,1478.8,1483.8,1464.1,1474.3,1226700960.68,1673.0,1165.7,823709433326.43,2026-07-30 16:00:29,0,-5.86,0.18,30-Jul-2025,30-Jun-2026,12.253436939629408,-25.93291584455692,,,CIPLA LIMITED,-0.43,2026-07-30 20:51:44
0,JSWSTEELEQN,-8.1,JSWSTEEL,EQ,N,1268.5,923153,1279.1,1304.5,1261.5,1276.6,1171176516.51,1328.0,1018.0,1186453565545.05,2026-07-30 16:00:29,0,22.22,3.43,30-Jul-2025,30-Jun-2026,4.480421686746988,-24.607072691552062,,,JSW STEEL LIMITED,-0.63,2026-07-30 20:51:44
0,GRASIMEQN,-12.9,GRASIM,EQ,N,3100.1,301353,3115.0,3115.5,3085.5,3113.0,933920068.77,3246.0,2502.5,1166435037062.31,2026-07-30 16:00:29,0,12.38,0.0,30-Jul-2025,30-Jun-2026,4.494762784966112,-23.88011988011988,,,GRASIM INDUSTRIES LIMITED,-0.41,2026-07-30 20:51:44
1,NIFTY 50,66.95,NIFTY 50,,,24317.15,400636260,24249.55,24342.95,24187.1,24250.2,335660224755.62,26373.2,22182.55,,2026-07-30 15:39:59,0,-2.16,1.89,29-Jul-2025,29-Jun-2026,7.795982285046942,-9.622879245172443,,,,0.28,2026-07-30 20:54:18
0,HDFCBANKEQN,5.2,HDFCBANK,EQ,N,753.4,35844392,752.8,757.9,745.5,748.2,26916270840.64,1020.5,726.65,11507952979097.49,2026-07-30 16:00:29,0,-25.62,-5.58,30-Jul-2025,30-Jun-2026,26.1734443900049,-3.6812770935113193,,,HDFC BANK LIMITED,0.7,2026-07-30 20:54:18
0,INFYEQN,-0.6,INFY,EQ,N,1155.0,22630218,1168.0,1187.7,1151.3,1155.6,26545698318.36,1728.0,982.4,4040155038730.84,2026-07-30 16:00:29,0,-23.96,15.45,30-Jul-2025,30-Jun-2026,33.15972222222222,-17.569218241042346,,,INFOSYS LIMITED,-0.05,2026-07-30 20:54:18
0,ICICIBANKEQN,-7.9,ICICIBANK,EQ,N,1430.0,14141173,1431.1,1442.2,1422.6,1437.9,20232907504.94,1494.5,1187.6,10218404351568.66,2026-07-30 16:00:29,0,-3.53,3.98,30-Jul-2025,30-Jun-2026,4.315824690531951,-20.410912765240823,,,ICICI BANK LIMITED,-0.55,2026-07-30 20:54:18
0,M&MEQN,72.8,M&M,EQ,N,3294.6,4851980,3220.0,3327.0,3197.5,3221.8,15866023119.8,3839.9,2896.0,2933123350768.73,2026-07-30 16:00:29,0,2.67,7.36,30-Jul-2025,30-Jun-2026,14.200890648193964,-13.763812154696133,,,MAHINDRA & MAHINDRA LIMITED,2.26,2026-07-30 20:54:18
0,RELIANCEEQN,13.5,RELIANCE,EQ,N,1289.4,12158451,1279.8,1297.0,1275.3,1275.9,15689386754.91,1611.8,1249.8,8686354311529.18,2026-07-30 16:00:29,0,-8.56,-0.35,30-Jul-2025,30-Jun-2026,20.002481697481077,-3.168506961113778,,,RELIANCE INDUSTRIES LIMITED,1.06,2026-07-30 20:54:18
0,TCSEQN,-12.6,TCS,EQ,N,2434.0,4901582,2440.0,2495.0,2423.0,2446.6,12055686008.1,3350.0,1976.8,2478110387443.66,2026-07-30 16:00:29,0,-20.29,19.81,30-Jul-2025,30-Jun-2026,27.34328358208955,-23.128288142452448,,,TATA CONSULTANCY SERVICES LIMITED,-0.52,2026-07-30 20:54:18
0,EICHERMOTEQN,130.0,EICHERMOT,EQ,N,7909.0,1496307,7869.5,7930.0,7730.0,7779.0,11742478665.48,8230.0,5353.0,1086933343021.75,2026-07-30 16:00:29,0,44.3,11.81,30-Jul-2025,30-Jun-2026,3.9003645200486026,-47.748925835979826,,,EICHER MOTORS LIMITED,1.67,2026-07-30 20:54:18
0,BHARTIARTLEQN,-3.6,BHARTIARTL,EQ,N,1946.6,5356472,1954.0,1963.2,1943.9,1950.2,10462475369.28,2174.5,1740.5,6044959384312.81,2026-07-30 16:00:29,0,0.72,5.11,30-Jul-2025,30-Jun-2026,10.48057024603357,-11.841424877908647,,,BHARTI AIRTEL LIMITED,-0.18,2026-07-30 20:54:18
0,BAJFINANCEEQN,3.6,BAJFINANCE,EQ,N,1058.0,9866564,1046.0,1068.0,1035.1,1054.4,10348150988.84,1102.5,787.9,2827745664588.37,2026-07-30 16:00:29,0,19.57,5.3,30-Jul-2025,30-Jun-2026,4.036281179138322,-34.28100012691966,,,BAJAJ FINANCE LIMITED,0.34,2026-07-30 20:54:18
0,WIPROEQN,2.8,WIPRO,EQ,N,186.41,54015268,183.4,191.34,183.4,183.61,10162972674.2,273.1,169.0,502918719962.09,2026-07-30 16:00:29,0,-25.5,9.4,30-Jul-2025,30-Jun-2026,31.74295129989015,-10.301775147928995,,,WIPRO LIMITED,1.52,2026-07-30 20:54:18
0,ETERNALEQN,-1.75,ETERNAL,EQ,N,310.05,32431887,307.0,312.25,305.0,311.8,9972480933.63,368.45,212.6,2235244736574.58,2026-07-30 16:00:29,0,2.17,17.18,30-Jul-2025,30-Jun-2026,15.850183199891438,-45.83725305738476,,,ETERNAL LIMITED,-0.56,2026-07-30 20:54:18
0,COALINDIAEQN,7.35,COALINDIA,EQ,N,417.4,23225454,412.95,418.3,410.1,410.05,9640653700.86,491.25,368.65,997004023159.33,2026-07-30 16:00:29,0,9.87,-4.93,30-Jul-2025,30-Jun-2026,15.033078880407125,-13.223925132239252,,,COAL INDIA LIMITED,1.79,2026-07-30 20:54:18
0,ADANIPORTSEQN,-58.2,ADANIPORTS,EQ,N,1661.5,5395211,1726.7,1727.7,1658.4,1719.7,9016638479.53,1891.1,1290.5,1222323805848.08,2026-07-30 16:00:29,0,19.19,-8.21,30-Jul-2025,30-Jun-2026,12.141081909999471,-28.748547074777218,,,ADANI PORTS AND SPECIAL ECONOMIC ZONE LIMITED,-3.38,2026-07-30 20:54:18
0,MARUTIEQN,232.0,MARUTI,EQ,N,14180.0,626000,13939.0,14250.0,13825.0,13948.0,8763230020.0,17370.0,12201.0,1844681206163.64,2026-07-30 16:00:29,0,12.38,0.46,30-Jul-2025,30-Jun-2026,18.364997121473806,-16.21998196869109,,,MARUTI SUZUKI INDIA LIMITED,1.66,2026-07-30 20:54:18
0,AXISBANKEQN,-4.6,AXISBANK,EQ,N,1230.8,6878684,1229.0,1232.2,1220.2,1235.4,8429689668.32,1418.3,1042.5,3525636537742.45,2026-07-30 16:00:29,0,14.67,-8.54,30-Jul-2025,30-Jun-2026,13.220052175139251,-18.062350119904078,,,AXIS BANK LIMITED,-0.37,2026-07-30 20:54:18
0,LTEQN,9.1,LT,EQ,N,3940.5,2141252,3931.4,3951.7,3883.5,3931.4,8412872045.4,4440.0,3288.1,4599211741518.72,2026-07-30 16:00:29,0,7.51,-4.9,30-Jul-2025,30-Jun-2026,11.25,-19.841245704206077,,,LARSEN & TOUBRO LIMITED,0.23,2026-07-30 20:54:18
0,SBINEQN,10.3,SBIN,EQ,N,1024.0,6847458,1013.5,1028.3,1007.6,1013.7,6986940719.46,1234.7,786.55,4220811397058.94,2026-07-30 16:00:29,0,27.74,-0.28,30-Jul-2025,30-Jun-2026,17.064874058475745,-30.188799186320004,,,STATE BANK OF INDIA,1.02,2026-07-30 20:54:18
0,TECHMEQN,17.2,TECHM,EQ,N,1661.4,4167643,1649.0,1686.6,1638.1,1644.2,6976926117.01,1854.0,1304.1,1052212537214.25,2026-07-30 16:00:29,0,13.55,18.27,30-Jul-2025,30-Jun-2026,10.388349514563107,-27.398205659075224,,,TECH MAHINDRA LIMITED,1.05,2026-07-30 20:54:18
0,ASIANPAINTEQN,-8.4,ASIANPAINT,EQ,N,2750.0,2387024,2758.1,2767.9,2666.2,2758.4,6501966933.12,2985.7,2115.0,1240145623693.76,2026-07-30 16:00:29,0,13.83,4.34,30-Jul-2025,30-Jun-2026,7.894296144957631,-30.023640661938533,,,ASIAN PAINTS LIMITED,-0.3,2026-07-30 20:54:18
0,BELEQN,-2.8,BEL,EQ,N,384.75,16521484,386.0,387.5,382.7,387.55,6356310539.32,473.45,361.2,1374204727253.93,2026-07-30 16:00:29,0,-0.45,-6.57,30-Jul-2025,30-Jun-2026,18.734818882669764,-6.519933554817276,,,BHARAT ELECTRONICS LIMITED,-0.72,2026-07-30 20:54:18
0,NESTLEINDEQN,15.7,NESTLEIND,EQ,N,1519.0,3698063,1503.3,1532.6,1497.0,1503.3,5624568919.85,1532.6,1084.7,1086093281065.1,2026-07-30 16:00:29,0,36.14,8.1,30-Jul-2025,30-Jun-2026,0.8873809213101919,-40.03872038351618,,,NESTLE INDIA LIMITED,1.04,2026-07-30 20:54:18
0,SHRIRAMFINEQN,-15.7,SHRIRAMFIN,EQ,N,1029.0,5425880,1038.0,1051.0,1019.5,1044.7,5574711888.4,1108.0,566.5,1437137311112.52,2026-07-30 16:00:29,0,62.61,-1.26,30-Jul-2025,30-Jun-2026,7.129963898916968,-81.64165931156222,,,SHRIRAM FINANCE LIMITED,-1.5,2026-07-30 20:54:18
0,HINDUNILVREQN,-10.8,HINDUNILVR,EQ,N,2107.0,2602039,2120.0,2132.6,2088.0,2117.8,5478124747.48,2750.0,2016.0,1864069949678.92,2026-07-30 16:00:29,0,-13.56,-0.53,30-Jul-2025,30-Jun-2026,23.381818181818183,-4.513888888888889,,,HINDUSTAN UNILEVER LIMITED,-0.51,2026-07-30 20:54:18
0,ITCEQN,-0.7,ITC,EQ,N,285.55,18283697,286.1,288.4,283.75,286.25,5224200743.81,427.0,275.0,2744908844595.67,2026-07-30 16:00:29,0,-29.94,-0.49,30-Jul-2025,30-Jun-2026,33.12646370023419,-3.8363636363636364,,,ITC LIMITED,-0.24,2026-07-30 20:54:18
0,HCLTECHEQN,7.2,HCLTECH,EQ,N,1351.5,3747919,1349.0,1369.9,1345.6,1344.3,5097507152.71,1780.1,1030.0,1420880972267.0,2026-07-30 16:00:29,0,-8.47,26.1,30-Jul-2025,30-Jun-2026,24.077299028144488,-31.21359223300971,,,HCL TECHNOLOGIES LIMITED,0.54,2026-07-30 20:54:18
0,KOTAKBANKEQN,-2.6,KOTAKBANK,EQ,N,387.6,12205963,385.7,390.2,385.7,390.2,4742993102.54,453.2,345.5,2845977112500.26,2026-07-30 16:00:29,0,-1.11,-1.19,30-Jul-2025,30-Jun-2026,14.474845542806708,-12.185238784370478,,,KOTAK MAHINDRA BANK LIMITED,-0.67,2026-07-30 20:54:18
0,SUNPHARMAEQN,15.1,SUNPHARMA,EQ,N,2005.0,2224264,1993.1,2017.3,1988.0,1989.9,4464453730.24,2017.3,1548.0,2117111838529.49,2026-07-30 16:00:29,0,15.64,7.65,30-Jul-2025,30-Jun-2026,0.6097258712139989,-29.521963824289404,,,SUN PHARMACEUTICAL INDUSTRIES LIMITED,0.76,2026-07-30 20:54:18
0,HINDALCOEQN,7.05,HINDALCO,EQ,N,969.5,4259226,968.0,973.05,960.6,962.45,4118969687.82,1176.0,657.5,1399812364334.5,2026-07-30 16:00:29,0,40.75,1.35,30-Jul-2025,30-Jun-2026,17.55952380952381,-47.452471482889734,,,HINDALCO INDUSTRIES LIMITED,0.73,2026-07-30 20:54:18
0,ADANIENTEQN,25.5,ADANIENT,EQ,N,3050.0,1278332,3024.5,3060.9,2994.6,3024.5,3882677783.6,3245.0,1753.0,913098756508.21,2026-07-30 16:00:29,0,24.03,0.46,30-Jul-2025,30-Jun-2026,6.00924499229584,-73.9874500855676,,,ADANI ENTERPRISES LIMITED,0.84,2026-07-30 20:54:18
0,JIOFINEQN,-2.81,JIOFIN,EQ,N,246.67,15570324,248.75,249.9,245.1,249.48,3842755963.2,338.6,223.3,807083544996.55,2026-07-30 16:00:29,0,-22.99,4.33,30-Jul-2025,30-Jun-2026,27.15002953337271,-10.465741155396328,,,JIO FINANCIAL SERVICES LIMITED,-1.13,2026-07-30 20:54:18
0,TITANEQN,-6.3,TITAN,EQ,N,4843.9,777361,4820.9,4869.9,4820.9,4850.2,3767503407.33,4869.9,3303.1,1994286097671.63,2026-07-30 16:00:29,0,43.46,9.99,30-Jul-2025,30-Jun-2026,0.533891866362759,-46.64708909811995,,,TITAN COMPANY LIMITED,-0.13,2026-07-30 20:54:18
0,ULTRACEMCOEQN,92.0,ULTRACEMCO,EQ,N,11850.0,291418,11800.0,11861.0,11730.0,11998.0,3440801467.8,13110.0,10325.0,1398368106960.24,2026-07-30 16:00:29,0,-3.41,5.31,30-Jul-2025,30-Jun-2026,9.610983981693364,-14.76997578692494,,,ULTRATECH CEMENT LIMITED,0.78,2026-07-30 20:54:18
0,NTPCEQN,1.65,NTPC,EQ,N,345.15,9943764,343.5,347.65,341.85,343.5,3429504765.96,414.4,315.55,1631724403926.03,2026-07-30 16:00:29,0,1.87,-3.22,30-Jul-2025,30-Jun-2026,16.710907335907336,-9.380446838852796,,,NTPC LIMITED,0.48,2026-07-30 20:54:18
0,BAJAJ-AUTOEQN,107.0,BAJAJ-AUTO,EQ,N,11445.0,295600,11338.0,11525.0,11305.5,11338.0,3383889868.0,11532.0,7858.5,1264023467645.08,2026-07-30 16:00:29,0,42.29,17.8,30-Jul-2025,30-Jun-2026,0.7544224765868887,-45.63848062607368,,,BAJAJ AUTO LIMITED,0.94,2026-07-30 20:54:18
0,INDIGOEQN,-58.5,INDIGO,EQ,N,5218.0,549497,5210.0,5258.0,5194.0,5276.5,2872643931.69,6232.5,3895.2,1177843830371.66,2026-07-30 16:00:29,0,-9.09,-2.8,30-Jul-2025,30-Jun-2026,16.277577216205376,-33.95974532758267,,,INTERGLOBE AVIATION LIMITED,-1.11,2026-07-30 20:54:18
0,SBILIFEEQN,-27.8,SBILIFE,EQ,N,1867.1,1513264,1882.2,1910.0,1862.6,1894.9,2858843216.16,2132.0,1700.4,836655989360.71,2026-07-30 16:00:29,0,1.52,5.74,30-Jul-2025,30-Jun-2026,12.424953095684803,-9.803575629263703,,,SBI LIFE INSURANCE COMPANY LIMITED,-1.47,2026-07-30 20:54:18
0,ONGCEQN,2.99,ONGC,EQ,N,241.3,11419363,239.5,244.39,239.06,238.31,2768624559.35,307.5,227.65,934707283642.2,2026-07-30 16:00:29,0,-0.21,2.72,30-Jul-2025,30-Jun-2026,21.528455284552845,-5.996046562705908,,,OIL & NATURAL GAS CORPORATION LIMITED,1.25,2026-07-30 20:54:18
0,TATASTEELEQN,-0.28,TATASTEEL,EQ,N,186.99,13769746,188.01,188.99,186.1,187.27,2576732568.98,224.4,152.51,1541351160652.42,2026-07-30 16:00:29,0,15.88,-0.57,30-Jul-2025,30-Jun-2026,16.671122994652407,-22.60835355058685,,,TATA STEEL LIMITED,-0.15,2026-07-30 20:54:18
0,TRENTEQN,-1.3,TRENT,EQ,N,3003.9,806910,3020.2,3042.6,2982.0,3005.2,2423376664.8,3782.67,2183.67,996732662909.66,2026-07-30 16:00:29,0,-10.66,-8.49,30-Jul-2025,30-Jun-2026,20.58783874882028,-37.56199425737405,,,TRENT LIMITED,-0.04,2026-07-30 20:54:18
0,HDFCLIFEEQN,-11.65,HDFCLIFE,EQ,N,545.05,4394541,557.0,558.85,544.7,556.7,2406538542.42,815.0,543.0,588634041770.54,2026-07-30 16:00:29,0,-28.04,-5.35,30-Jul-2025,30-Jun-2026,33.122699386503065,-0.3775322283609576,,,HDFC LIFE INSURANCE COMPANY LIMITED,-2.09,2026-07-30 20:54:18
0,APOLLOHOSPEQN,24.0,APOLLOHOSP,EQ,N,8959.0,263013,8900.0,9009.0,8865.5,8935.0,2359053021.42,9009.0,6696.5,919392943478.69,2026-07-30 16:00:29,0,20.26,3.19,30-Jul-2025,30-Jun-2026,0.555000555000555,-33.78630627939969,,,APOLLO HOSPITALS ENTERPRISE LIMITED,0.27,2026-07-30 20:54:18
0,POWERGRIDEQN,2.5,POWERGRID,EQ,N,285.35,7903593,283.4,287.1,283.0,282.85,2254974118.83,324.95,250.0,1288609092539.81,2026-07-30 16:00:29,0,-1.25,-0.33,30-Jul-2025,30-Jun-2026,12.186490229266042,-14.14,,,POWER GRID CORPORATION OF INDIA LIMITED,0.88,2026-07-30 20:54:18
0,TMPVEQN,5.1,TMPV,EQ,N,334.9,6078600,328.2,335.0,328.05,329.8,2019797208.0,739.7,294.3,697961149137.43,2026-07-30 16:00:29,0,-49.9,-4.91,30-Jul-2025,30-Jun-2026,54.72488846829796,-13.795446822969758,,,TATA MOTORS PASSENGER VEHICLES LIMITED,1.55,2026-07-30 20:54:18
0,TATACONSUMEQN,-1.1,TATACONSUM,EQ,N,1095.0,1677784,1096.1,1108.9,1090.4,1096.1,1841636385.44,1282.7,1007.2,711099193573.79,2026-07-30 16:00:29,0,2.04,1.8,30-Jul-2025,30-Jun-2026,14.63319560302487,-8.717235901509135,,,TATA CONSUMER PRODUCTS LIMITED,-0.1,2026-07-30 20:54:18
0,MAXHEALTHEQN,12.6,MAXHEALTH,EQ,N,1124.0,1610692,1112.0,1135.9,1110.3,1111.4,1813574764.32,1301.7,903.0,834207449679.87,2026-07-30 16:00:29,0,-11.12,-0.46,30-Jul-2025,30-Jun-2026,13.65137896596758,-24.473975636766333,,,MAX HEALTHCARE INSTITUTE LIMITED,1.13,2026-07-30 20:54:18
0,DRREDDYEQN,2.0,DRREDDY,EQ,N,1144.3,1350714,1143.0,1151.0,1139.0,1142.3,1544257809.06,1414.9,1101.0,695598263003.41,2026-07-30 16:00:29,0,-11.44,-15.68,30-Jul-2025,30-Jun-2026,19.125026503639834,-3.932788374205268,,,DR. REDDY'S LABORATORIES LIMITED,0.18,2026-07-30 20:54:18
0,BAJAJFINSVEQN,-15.4,BAJAJFINSV,EQ,N,1909.0,752615,1918.3,1933.4,1892.3,1924.4,1435951789.25,2195.0,1597.0,1102070234202.81,2026-07-30 16:00:29,0,-2.59,7.24,30-Jul-2025,30-Jun-2026,13.029612756264237,-19.536631183469005,,,BAJAJ FINSERV LIMITED,-0.8,2026-07-30 20:54:18
0,CIPLAEQN,-6.3,CIPLA,EQ,N,1468.0,833068,1478.8,1483.8,1464.1,1474.3,1226700960.68,1673.0,1165.7,823709433326.43,2026-07-30 16:00:29,0,-5.86,0.18,30-Jul-2025,30-Jun-2026,12.253436939629408,-25.93291584455692,,,CIPLA LIMITED,-0.43,2026-07-30 20:54:18
0,JSWSTEELEQN,-8.1,JSWSTEEL,EQ,N,1268.5,923153,1279.1,1304.5,1261.5,1276.6,1171176516.51,1328.0,1018.0,1186453565545.05,2026-07-30 16:00:29,0,22.22,3.43,30-Jul-2025,30-Jun-2026,4.480421686746988,-24.607072691552062,,,JSW STEEL LIMITED,-0.63,2026-07-30 20:54:18
0,GRASIMEQN,-12.9,GRASIM,EQ,N,3100.1,301353,3115.0,3115.5,3085.5,3113.0,933920068.77,3246.0,2502.5,1166435037062.31,2026-07-30 16:00:29,0,12.38,0.0,30-Jul-2025,30-Jun-2026,4.494762784966112,-23.88011988011988,,,GRASIM INDUSTRIES LIMITED,-0.41,2026-07-30 20:54:18
1,NIFTY 50,66.95,NIFTY 50,,,24317.15,400636260,24249.55,24342.95,24187.1,24250.2,335660224755.62,26373.2,22182.55,,2026-07-30 15:39:59,0,-2.16,1.89,29-Jul-2025,29-Jun-2026,7.795982285046942,-9.622879245172443,,,,0.28,2026-07-30 20:55:43
0,HDFCBANKEQN,5.2,HDFCBANK,EQ,N,753.4,35844392,752.8,757.9,745.5,748.2,26916270840.64,1020.5,726.65,11507952979097.49,2026-07-30 16:00:29,0,-25.62,-5.58,30-Jul-2025,30-Jun-2026,26.1734443900049,-3.6812770935113193,,,HDFC BANK LIMITED,0.7,2026-07-30 20:55:43
0,INFYEQN,-0.6,INFY,EQ,N,1155.0,22630218,1168.0,1187.7,1151.3,1155.6,26545698318.36,1728.0,982.4,4040155038730.84,2026-07-30 16:00:29,0,-23.96,15.45,30-Jul-2025,30-Jun-2026,33.15972222222222,-17.569218241042346,,,INFOSYS LIMITED,-0.05,2026-07-30 20:55:43
0,ICICIBANKEQN,-7.9,ICICIBANK,EQ,N,1430.0,14141173,1431.1,1442.2,1422.6,1437.9,20232907504.94,1494.5,1187.6,10218404351568.66,2026-07-30 16:00:29,0,-3.53,3.98,30-Jul-2025,30-Jun-2026,4.315824690531951,-20.410912765240823,,,ICICI BANK LIMITED,-0.55,2026-07-30 20:55:43
0,M&MEQN,72.8,M&M,EQ,N,3294.6,4851980,3220.0,3327.0,3197.5,3221.8,15866023119.8,3839.9,2896.0,2933123350768.73,2026-07-30 16:00:29,0,2.67,7.36,30-Jul-2025,30-Jun-2026,14.200890648193964,-13.763812154696133,,,MAHINDRA & MAHINDRA LIMITED,2.26,2026-07-30 20:55:43
0,RELIANCEEQN,13.5,RELIANCE,EQ,N,1289.4,12158451,1279.8,1297.0,1275.3,1275.9,15689386754.91,1611.8,1249.8,8686354311529.18,2026-07-30 16:00:29,0,-8.56,-0.35,30-Jul-2025,30-Jun-2026,20.002481697481077,-3.168506961113778,,,RELIANCE INDUSTRIES LIMITED,1.06,2026-07-30 20:55:43
0,TCSEQN,-12.6,TCS,EQ,N,2434.0,4901582,2440.0,2495.0,2423.0,2446.6,12055686008.1,3350.0,1976.8,2478110387443.66,2026-07-30 16:00:29,0,-20.29,19.81,30-Jul-2025,30-Jun-2026,27.34328358208955,-23.128288142452448,,,TATA CONSULTANCY SERVICES LIMITED,-0.52,2026-07-30 20:55:43
0,EICHERMOTEQN,130.0,EICHERMOT,EQ,N,7909.0,1496307,7869.5,7930.0,7730.0,7779.0,11742478665.48,8230.0,5353.0,1086933343021.75,2026-07-30 16:00:29,0,44.3,11.81,30-Jul-2025,30-Jun-2026,3.9003645200486026,-47.748925835979826,,,EICHER MOTORS LIMITED,1.67,2026-07-30 20:55:43
0,BHARTIARTLEQN,-3.6,BHARTIARTL,EQ,N,1946.6,5356472,1954.0,1963.2,1943.9,1950.2,10462475369.28,2174.5,1740.5,6044959384312.81,2026-07-30 16:00:29,0,0.72,5.11,30-Jul-2025,30-Jun-2026,10.48057024603357,-11.841424877908647,,,BHARTI AIRTEL LIMITED,-0.18,2026-07-30 20:55:43
0,BAJFINANCEEQN,3.6,BAJFINANCE,EQ,N,1058.0,9866564,1046.0,1068.0,1035.1,1054.4,10348150988.84,1102.5,787.9,2827745664588.37,2026-07-30 16:00:29,0,19.57,5.3,30-Jul-2025,30-Jun-2026,4.036281179138322,-34.28100012691966,,,BAJAJ FINANCE LIMITED,0.34,2026-07-30 20:55:43
0,WIPROEQN,2.8,WIPRO,EQ,N,186.41,54015268,183.4,191.34,183.4,183.61,10162972674.2,273.1,169.0,502918719962.09,2026-07-30 16:00:29,0,-25.5,9.4,30-Jul-2025,30-Jun-2026,31.74295129989015,-10.301775147928995,,,WIPRO LIMITED,1.52,2026-07-30 20:55:43
0,ETERNALEQN,-1.75,ETERNAL,EQ,N,310.05,32431887,307.0,312.25,305.0,311.8,9972480933.63,368.45,212.6,2235244736574.58,2026-07-30 16:00:29,0,2.17,17.18,30-Jul-2025,30-Jun-2026,15.850183199891438,-45.83725305738476,,,ETERNAL LIMITED,-0.56,2026-07-30 20:55:43
0,COALINDIAEQN,7.35,COALINDIA,EQ,N,417.4,23225454,412.95,418.3,410.1,410.05,9640653700.86,491.25,368.65,997004023159.33,2026-07-30 16:00:29,0,9.87,-4.93,30-Jul-2025,30-Jun-2026,15.033078880407125,-13.223925132239252,,,COAL INDIA LIMITED,1.79,2026-07-30 20:55:43
0,ADANIPORTSEQN,-58.2,ADANIPORTS,EQ,N,1661.5,5395211,1726.7,1727.7,1658.4,1719.7,9016638479.53,1891.1,1290.5,1222323805848.08,2026-07-30 16:00:29,0,19.19,-8.21,30-Jul-2025,30-Jun-2026,12.141081909999471,-28.748547074777218,,,ADANI PORTS AND SPECIAL ECONOMIC ZONE LIMITED,-3.38,2026-07-30 20:55:43
0,MARUTIEQN,232.0,MARUTI,EQ,N,14180.0,626000,13939.0,14250.0,13825.0,13948.0,8763230020.0,17370.0,12201.0,1844681206163.64,2026-07-30 16:00:29,0,12.38,0.46,30-Jul-2025,30-Jun-2026,18.364997121473806,-16.21998196869109,,,MARUTI SUZUKI INDIA LIMITED,1.66,2026-07-30 20:55:43
0,AXISBANKEQN,-4.6,AXISBANK,EQ,N,1230.8,6878684,1229.0,1232.2,1220.2,1235.4,8429689668.32,1418.3,1042.5,3525636537742.45,2026-07-30 16:00:29,0,14.67,-8.54,30-Jul-2025,30-Jun-2026,13.220052175139251,-18.062350119904078,,,AXIS BANK LIMITED,-0.37,2026-07-30 20:55:43
0,LTEQN,9.1,LT,EQ,N,3940.5,2141252,3931.4,3951.7,3883.5,3931.4,8412872045.4,4440.0,3288.1,4599211741518.72,2026-07-30 16:00:29,0,7.51,-4.9,30-Jul-2025,30-Jun-2026,11.25,-19.841245704206077,,,LARSEN & TOUBRO LIMITED,0.23,2026-07-30 20:55:43
0,SBINEQN,10.3,SBIN,EQ,N,1024.0,6847458,1013.5,1028.3,1007.6,1013.7,6986940719.46,1234.7,786.55,4220811397058.94,2026-07-30 16:00:29,0,27.74,-0.28,30-Jul-2025,30-Jun-2026,17.064874058475745,-30.188799186320004,,,STATE BANK OF INDIA,1.02,2026-07-30 20:55:43
0,TECHMEQN,17.2,TECHM,EQ,N,1661.4,4167643,1649.0,1686.6,1638.1,1644.2,6976926117.01,1854.0,1304.1,1052212537214.25,2026-07-30 16:00:29,0,13.55,18.27,30-Jul-2025,30-Jun-2026,10.388349514563107,-27.398205659075224,,,TECH MAHINDRA LIMITED,1.05,2026-07-30 20:55:43
0,ASIANPAINTEQN,-8.4,ASIANPAINT,EQ,N,2750.0,2387024,2758.1,2767.9,2666.2,2758.4,6501966933.12,2985.7,2115.0,1240145623693.76,2026-07-30 16:00:29,0,13.83,4.34,30-Jul-2025,30-Jun-2026,7.894296144957631,-30.023640661938533,,,ASIAN PAINTS LIMITED,-0.3,2026-07-30 20:55:43
0,BELEQN,-2.8,BEL,EQ,N,384.75,16521484,386.0,387.5,382.7,387.55,6356310539.32,473.45,361.2,1374204727253.93,2026-07-30 16:00:29,0,-0.45,-6.57,30-Jul-2025,30-Jun-2026,18.734818882669764,-6.519933554817276,,,BHARAT ELECTRONICS LIMITED,-0.72,2026-07-30 20:55:43
0,NESTLEINDEQN,15.7,NESTLEIND,EQ,N,1519.0,3698063,1503.3,1532.6,1497.0,1503.3,5624568919.85,1532.6,1084.7,1086093281065.1,2026-07-30 16:00:29,0,36.14,8.1,30-Jul-2025,30-Jun-2026,0.8873809213101919,-40.03872038351618,,,NESTLE INDIA LIMITED,1.04,2026-07-30 20:55:43
0,SHRIRAMFINEQN,-15.7,SHRIRAMFIN,EQ,N,1029.0,5425880,1038.0,1051.0,1019.5,1044.7,5574711888.4,1108.0,566.5,1437137311112.52,2026-07-30 16:00:29,0,62.61,-1.26,30-Jul-2025,30-Jun-2026,7.129963898916968,-81.64165931156222,,,SHRIRAM FINANCE LIMITED,-1.5,2026-07-30 20:55:43
0,HINDUNILVREQN,-10.8,HINDUNILVR,EQ,N,2107.0,2602039,2120.0,2132.6,2088.0,2117.8,5478124747.48,2750.0,2016.0,1864069949678.92,2026-07-30 16:00:29,0,-13.56,-0.53,30-Jul-2025,30-Jun-2026,23.381818181818183,-4.513888888888889,,,HINDUSTAN UNILEVER LIMITED,-0.51,2026-07-30 20:55:43
0,ITCEQN,-0.7,ITC,EQ,N,285.55,18283697,286.1,288.4,283.75,286.25,5224200743.81,427.0,275.0,2744908844595.67,2026-07-30 16:00:29,0,-29.94,-0.49,30-Jul-2025,30-Jun-2026,33.12646370023419,-3.8363636363636364,,,ITC LIMITED,-0.24,2026-07-30 20:55:43
0,HCLTECHEQN,7.2,HCLTECH,EQ,N,1351.5,3747919,1349.0,1369.9,1345.6,1344.3,5097507152.71,1780.1,1030.0,1420880972267.0,2026-07-30 16:00:29,0,-8.47,26.1,30-Jul-2025,30-Jun-2026,24.077299028144488,-31.21359223300971,,,HCL TECHNOLOGIES LIMITED,0.54,2026-07-30 20:55:43
0,KOTAKBANKEQN,-2.6,KOTAKBANK,EQ,N,387.6,12205963,385.7,390.2,385.7,390.2,4742993102.54,453.2,345.5,2845977112500.26,2026-07-30 16:00:29,0,-1.11,-1.19,30-Jul-2025,30-Jun-2026,14.474845542806708,-12.185238784370478,,,KOTAK MAHINDRA BANK LIMITED,-0.67,2026-07-30 20:55:43
0,SUNPHARMAEQN,15.1,SUNPHARMA,EQ,N,2005.0,2224264,1993.1,2017.3,1988.0,1989.9,4464453730.24,2017.3,1548.0,2117111838529.49,2026-07-30 16:00:29,0,15.64,7.65,30-Jul-2025,30-Jun-2026,0.6097258712139989,-29.521963824289404,,,SUN PHARMACEUTICAL INDUSTRIES LIMITED,0.76,2026-07-30 20:55:43
0,HINDALCOEQN,7.05,HINDALCO,EQ,N,969.5,4259226,968.0,973.05,960.6,962.45,4118969687.82,1176.0,657.5,1399812364334.5,2026-07-30 16:00:29,0,40.75,1.35,30-Jul-2025,30-Jun-2026,17.55952380952381,-47.452471482889734,,,HINDALCO INDUSTRIES LIMITED,0.73,2026-07-30 20:55:43
0,ADANIENTEQN,25.5,ADANIENT,EQ,N,3050.0,1278332,3024.5,3060.9,2994.6,3024.5,3882677783.6,3245.0,1753.0,913098756508.21,2026-07-30 16:00:29,0,24.03,0.46,30-Jul-2025,30-Jun-2026,6.00924499229584,-73.9874500855676,,,ADANI ENTERPRISES LIMITED,0.84,2026-07-30 20:55:43
0,JIOFINEQN,-2.81,JIOFIN,EQ,N,246.67,15570324,248.75,249.9,245.1,249.48,3842755963.2,338.6,223.3,807083544996.55,2026-07-30 16:00:29,0,-22.99,4.33,30-Jul-2025,30-Jun-2026,27.15002953337271,-10.465741155396328,,,JIO FINANCIAL SERVICES LIMITED,-1.13,2026-07-30 20:55:43
0,TITANEQN,-6.3,TITAN,EQ,N,4843.9,777361,4820.9,4869.9,4820.9,4850.2,3767503407.33,4869.9,3303.1,1994286097671.63,2026-07-30 16:00:29,0,43.46,9.99,30-Jul-2025,30-Jun-2026,0.533891866362759,-46.64708909811995,,,TITAN COMPANY LIMITED,-0.13,2026-07-30 20:55:43
0,ULTRACEMCOEQN,92.0,ULTRACEMCO,EQ,N,11850.0,291418,11800.0,11861.0,11730.0,11998.0,3440801467.8,13110.0,10325.0,1398368106960.24,2026-07-30 16:00:29,0,-3.41,5.31,30-Jul-2025,30-Jun-2026,9.610983981693364,-14.76997578692494,,,ULTRATECH CEMENT LIMITED,0.78,2026-07-30 20:55:43
0,NTPCEQN,1.65,NTPC,EQ,N,345.15,9943764,343.5,347.65,341.85,343.5,3429504765.96,414.4,315.55,1631724403926.03,2026-07-30 16:00:29,0,1.87,-3.22,30-Jul-2025,30-Jun-2026,16.710907335907336,-9.380446838852796,,,NTPC LIMITED,0.48,2026-07-30 20:55:43
0,BAJAJ-AUTOEQN,107.0,BAJAJ-AUTO,EQ,N,11445.0,295600,11338.0,11525.0,11305.5,11338.0,3383889868.0,11532.0,7858.5,1264023467645.08,2026-07-30 16:00:29,0,42.29,17.8,30-Jul-2025,30-Jun-2026,0.7544224765868887,-45.63848062607368,,,BAJAJ AUTO LIMITED,0.94,2026-07-30 20:55:43
0,INDIGOEQN,-58.5,INDIGO,EQ,N,5218.0,549497,5210.0,5258.0,5194.0,5276.5,2872643931.69,6232.5,3895.2,1177843830371.66,2026-07-30 16:00:29,0,-9.09,-2.8,30-Jul-2025,30-Jun-2026,16.277577216205376,-33.95974532758267,,,INTERGLOBE AVIATION LIMITED,-1.11,2026-07-30 20:55:43
0,SBILIFEEQN,-27.8,SBILIFE,EQ,N,1867.1,1513264,1882.2,1910.0,1862.6,1894.9,2858843216.16,2132.0,1700.4,836655989360.71,2026-07-30 16:00:29,0,1.52,5.74,30-Jul-2025,30-Jun-2026,12.424953095684803,-9.803575629263703,,,SBI LIFE INSURANCE COMPANY LIMITED,-1.47,2026-07-30 20:55:43
0,ONGCEQN,2.99,ONGC,EQ,N,241.3,11419363,239.5,244.39,239.06,238.31,2768624559.35,307.5,227.65,934707283642.2,2026-07-30 16:00:29,0,-0.21,2.72,30-Jul-2025,30-Jun-2026,21.528455284552845,-5.996046562705908,,,OIL & NATURAL GAS CORPORATION LIMITED,1.25,2026-07-30 20:55:43
0,TATASTEELEQN,-0.28,TATASTEEL,EQ,N,186.99,13769746,188.01,188.99,186.1,187.27,2576732568.98,224.4,152.51,1541351160652.42,2026-07-30 16:00:29,0,15.88,-0.57,30-Jul-2025,30-Jun-2026,16.671122994652407,-22.60835355058685,,,TATA STEEL LIMITED,-0.15,2026-07-30 20:55:43
0,TRENTEQN,-1.3,TRENT,EQ,N,3003.9,806910,3020.2,3042.6,2982.0,3005.2,2423376664.8,3782.67,2183.67,996732662909.66,2026-07-30 16:00:29,0,-10.66,-8.49,30-Jul-2025,30-Jun-2026,20.58783874882028,-37.56199425737405,,,TRENT LIMITED,-0.04,2026-07-30 20:55:43
0,HDFCLIFEEQN,-11.65,HDFCLIFE,EQ,N,545.05,4394541,557.0,558.85,544.7,556.7,2406538542.42,815.0,543.0,588634041770.54,2026-07-30 16:00:29,0,-28.04,-5.35,30-Jul-2025,30-Jun-2026,33.122699386503065,-0.3775322283609576,,,HDFC LIFE INSURANCE COMPANY LIMITED,-2.09,2026-07-30 20:55:43
0,APOLLOHOSPEQN,24.0,APOLLOHOSP,EQ,N,8959.0,263013,8900.0,9009.0,8865.5,8935.0,2359053021.42,9009.0,6696.5,919392943478.69,2026-07-30 16:00:29,0,20.26,3.19,30-Jul-2025,30-Jun-2026,0.555000555000555,-33.78630627939969,,,APOLLO HOSPITALS ENTERPRISE LIMITED,0.27,2026-07-30 20:55:43
0,POWERGRIDEQN,2.5,POWERGRID,EQ,N,285.35,7903593,283.4,287.1,283.0,282.85,2254974118.83,324.95,250.0,1288609092539.81,2026-07-30 16:00:29,0,-1.25,-0.33,30-Jul-2025,30-Jun-2026,12.186490229266042,-14.14,,,POWER GRID CORPORATION OF INDIA LIMITED,0.88,2026-07-30 20:55:43
0,TMPVEQN,5.1,TMPV,EQ,N,334.9,6078600,328.2,335.0,328.05,329.8,2019797208.0,739.7,294.3,697961149137.43,2026-07-30 16:00:29,0,-49.9,-4.91,30-Jul-2025,30-Jun-2026,54.72488846829796,-13.795446822969758,,,TATA MOTORS PASSENGER VEHICLES LIMITED,1.55,2026-07-30 20:55:43
0,TATACONSUMEQN,-1.1,TATACONSUM,EQ,N,1095.0,1677784,1096.1,1108.9,1090.4,1096.1,1841636385.44,1282.7,1007.2,711099193573.79,2026-07-30 16:00:29,0,2.04,1.8,30-Jul-2025,30-Jun-2026,14.63319560302487,-8.717235901509135,,,TATA CONSUMER PRODUCTS LIMITED,-0.1,2026-07-30 20:55:43
0,MAXHEALTHEQN,12.6,MAXHEALTH,EQ,N,1124.0,1610692,1112.0,1135.9,1110.3,1111.4,1813574764.32,1301.7,903.0,834207449679.87,2026-07-30 16:00:29,0,-11.12,-0.46,30-Jul-2025,30-Jun-2026,13.65137896596758,-24.473975636766333,,,MAX HEALTHCARE INSTITUTE LIMITED,1.13,2026-07-30 20:55:43
0,DRREDDYEQN,2.0,DRREDDY,EQ,N,1144.3,1350714,1143.0,1151.0,1139.0,1142.3,1544257809.06,1414.9,1101.0,695598263003.41,2026-07-30 16:00:29,0,-11.44,-15.68,30-Jul-2025,30-Jun-2026,19.125026503639834,-3.932788374205268,,,DR. REDDY'S LABORATORIES LIMITED,0.18,2026-07-30 20:55:43
0,BAJAJFINSVEQN,-15.4,BAJAJFINSV,EQ,N,1909.0,752615,1918.3,1933.4,1892.3,1924.4,1435951789.25,2195.0,1597.0,1102070234202.81,2026-07-30 16:00:29,0,-2.59,7.24,30-Jul-2025,30-Jun-2026,13.029612756264237,-19.536631183469005,,,BAJAJ FINSERV LIMITED,-0.8,2026-07-30 20:55:43
0,CIPLAEQN,-6.3,CIPLA,EQ,N,1468.0,833068,1478.8,1483.8,1464.1,1474.3,1226700960.68,1673.0,1165.7,823709433326.43,2026-07-30 16:00:29,0,-5.86,0.18,30-Jul-2025,30-Jun-2026,12.253436939629408,-25.93291584455692,,,CIPLA LIMITED,-0.43,2026-07-30 20:55:43
0,JSWSTEELEQN,-8.1,JSWSTEEL,EQ,N,1268.5,923153,1279.1,1304.5,1261.5,1276.6,1171176516.51,1328.0,1018.0,1186453565545.05,2026-07-30 16:00:29,0,22.22,3.43,30-Jul-2025,30-Jun-2026,4.480421686746988,-24.607072691552062,,,JSW STEEL LIMITED,-0.63,2026-07-30 20:55:43
0,GRASIMEQN,-12.9,GRASIM,EQ,N,3100.1,301353,3115.0,3115.5,3085.5,3113.0,933920068.77,3246.0,2502.5,1166435037062.31,2026-07-30 16:00:29,0,12.38,0.0,30-Jul-2025,30-Jun-2026,4.494762784966112,-23.88011988011988,,,GRASIM INDUSTRIES LIMITED,-0.41,2026-07-30 20:55:43
1,NIFTY 50,66.95,NIFTY 50,,,24317.15,400636260,24249.55,24342.95,24187.1,24250.2,335660224755.62,26373.2,22182.55,,2026-07-30 15:39:59,0,-2.16,1.89,29-Jul-2025,29-Jun-2026,7.795982285046942,-9.622879245172443,,,,0.28,2026-07-30 20:56:04
0,HDFCBANKEQN,5.2,HDFCBANK,EQ,N,753.4,35844392,752.8,757.9,745.5,748.2,26916270840.64,1020.5,726.65,11507952979097.49,2026-07-30 16:00:29,0,-25.62,-5.58,30-Jul-2025,30-Jun-2026,26.1734443900049,-3.6812770935113193,,,HDFC BANK LIMITED,0.7,2026-07-30 20:56:04
0,INFYEQN,-0.6,INFY,EQ,N,1155.0,22630218,1168.0,1187.7,1151.3,1155.6,26545698318.36,1728.0,982.4,4040155038730.84,2026-07-30 16:00:29,0,-23.96,15.45,30-Jul-2025,30-Jun-2026,33.15972222222222,-17.569218241042346,,,INFOSYS LIMITED,-0.05,2026-07-30 20:56:04
0,ICICIBANKEQN,-7.9,ICICIBANK,EQ,N,1430.0,14141173,1431.1,1442.2,1422.6,1437.9,20232907504.94,1494.5,1187.6,10218404351568.66,2026-07-30 16:00:29,0,-3.53,3.98,30-Jul-2025,30-Jun-2026,4.315824690531951,-20.410912765240823,,,ICICI BANK LIMITED,-0.55,2026-07-30 20:56:04
0,M&MEQN,72.8,M&M,EQ,N,3294.6,4851980,3220.0,3327.0,3197.5,3221.8,15866023119.8,3839.9,2896.0,2933123350768.73,2026-07-30 16:00:29,0,2.67,7.36,30-Jul-2025,30-Jun-2026,14.200890648193964,-13.763812154696133,,,MAHINDRA & MAHINDRA LIMITED,2.26,2026-07-30 20:56:04
0,RELIANCEEQN,13.5,RELIANCE,EQ,N,1289.4,12158451,1279.8,1297.0,1275.3,1275.9,15689386754.91,1611.8,1249.8,8686354311529.18,2026-07-30 16:00:29,0,-8.56,-0.35,30-Jul-2025,30-Jun-2026,20.002481697481077,-3.168506961113778,,,RELIANCE INDUSTRIES LIMITED,1.06,2026-07-30 20:56:04
0,TCSEQN,-12.6,TCS,EQ,N,2434.0,4901582,2440.0,2495.0,2423.0,2446.6,12055686008.1,3350.0,1976.8,2478110387443.66,2026-07-30 16:00:29,0,-20.29,19.81,30-Jul-2025,30-Jun-2026,27.34328358208955,-23.128288142452448,,,TATA CONSULTANCY SERVICES LIMITED,-0.52,2026-07-30 20:56:04
0,EICHERMOTEQN,130.0,EICHERMOT,EQ,N,7909.0,1496307,7869.5,7930.0,7730.0,7779.0,11742478665.48,8230.0,5353.0,1086933343021.75,2026-07-30 16:00:29,0,44.3,11.81,30-Jul-2025,30-Jun-2026,3.9003645200486026,-47.748925835979826,,,EICHER MOTORS LIMITED,1.67,2026-07-30 20:56:04
0,BHARTIARTLEQN,-3.6,BHARTIARTL,EQ,N,1946.6,5356472,1954.0,1963.2,1943.9,1950.2,10462475369.28,2174.5,1740.5,6044959384312.81,2026-07-30 16:00:29,0,0.72,5.11,30-Jul-2025,30-Jun-2026,10.48057024603357,-11.841424877908647,,,BHARTI AIRTEL LIMITED,-0.18,2026-07-30 20:56:04
0,BAJFINANCEEQN,3.6,BAJFINANCE,EQ,N,1058.0,9866564,1046.0,1068.0,1035.1,1054.4,10348150988.84,1102.5,787.9,2827745664588.37,2026-07-30 16:00:29,0,19.57,5.3,30-Jul-2025,30-Jun-2026,4.036281179138322,-34.28100012691966,,,BAJAJ FINANCE LIMITED,0.34,2026-07-30 20:56:04
0,WIPROEQN,2.8,WIPRO,EQ,N,186.41,54015268,183.4,191.34,183.4,183.61,10162972674.2,273.1,169.0,502918719962.09,2026-07-30 16:00:29,0,-25.5,9.4,30-Jul-2025,30-Jun-2026,31.74295129989015,-10.301775147928995,,,WIPRO LIMITED,1.52,2026-07-30 20:56:04
0,ETERNALEQN,-1.75,ETERNAL,EQ,N,310.05,32431887,307.0,312.25,305.0,311.8,9972480933.63,368.45,212.6,2235244736574.58,2026-07-30 16:00:29,0,2.17,17.18,30-Jul-2025,30-Jun-2026,15.850183199891438,-45.83725305738476,,,ETERNAL LIMITED,-0.56,2026-07-30 20:56:04
0,COALINDIAEQN,7.35,COALINDIA,EQ,N,417.4,23225454,412.95,418.3,410.1,410.05,9640653700.86,491.25,368.65,997004023159.33,2026-07-30 16:00:29,0,9.87,-4.93,30-Jul-2025,30-Jun-2026,15.033078880407125,-13.223925132239252,,,COAL INDIA LIMITED,1.79,2026-07-30 20:56:04
0,ADANIPORTSEQN,-58.2,ADANIPORTS,EQ,N,1661.5,5395211,1726.7,1727.7,1658.4,1719.7,9016638479.53,1891.1,1290.5,1222323805848.08,2026-07-30 16:00:29,0,19.19,-8.21,30-Jul-2025,30-Jun-2026,12.141081909999471,-28.748547074777218,,,ADANI PORTS AND SPECIAL ECONOMIC ZONE LIMITED,-3.38,2026-07-30 20:56:04
0,MARUTIEQN,232.0,MARUTI,EQ,N,14180.0,626000,13939.0,14250.0,13825.0,13948.0,8763230020.0,17370.0,12201.0,1844681206163.64,2026-07-30 16:00:29,0,12.38,0.46,30-Jul-2025,30-Jun-2026,18.364997121473806,-16.21998196869109,,,MARUTI SUZUKI INDIA LIMITED,1.66,2026-07-30 20:56:04
0,AXISBANKEQN,-4.6,AXISBANK,EQ,N,1230.8,6878684,1229.0,1232.2,1220.2,1235.4,8429689668.32,1418.3,1042.5,3525636537742.45,2026-07-30 16:00:29,0,14.67,-8.54,30-Jul-2025,30-Jun-2026,13.220052175139251,-18.062350119904078,,,AXIS BANK LIMITED,-0.37,2026-07-30 20:56:04
0,LTEQN,9.1,LT,EQ,N,3940.5,2141252,3931.4,3951.7,3883.5,3931.4,8412872045.4,4440.0,3288.1,4599211741518.72,2026-07-30 16:00:29,0,7.51,-4.9,30-Jul-2025,30-Jun-2026,11.25,-19.841245704206077,,,LARSEN & TOUBRO LIMITED,0.23,2026-07-30 20:56:04
0,SBINEQN,10.3,SBIN,EQ,N,1024.0,6847458,1013.5,1028.3,1007.6,1013.7,6986940719.46,1234.7,786.55,4220811397058.94,2026-07-30 16:00:29,0,27.74,-0.28,30-Jul-2025,30-Jun-2026,17.064874058475745,-30.188799186320004,,,STATE BANK OF INDIA,1.02,2026-07-30 20:56:04
0,TECHMEQN,17.2,TECHM,EQ,N,1661.4,4167643,1649.0,1686.6,1638.1,1644.2,6976926117.01,1854.0,1304.1,1052212537214.25,2026-07-30 16:00:29,0,13.55,18.27,30-Jul-2025,30-Jun-2026,10.388349514563107,-27.398205659075224,,,TECH MAHINDRA LIMITED,1.05,2026-07-30 20:56:04
0,ASIANPAINTEQN,-8.4,ASIANPAINT,EQ,N,2750.0,2387024,2758.1,2767.9,2666.2,2758.4,6501966933.12,2985.7,2115.0,1240145623693.76,2026-07-30 16:00:29,0,13.83,4.34,30-Jul-2025,30-Jun-2026,7.894296144957631,-30.023640661938533,,,ASIAN PAINTS LIMITED,-0.3,2026-07-30 20:56:04
0,BELEQN,-2.8,BEL,EQ,N,384.75,16521484,386.0,387.5,382.7,387.55,6356310539.32,473.45,361.2,1374204727253.93,2026-07-30 16:00:29,0,-0.45,-6.57,30-Jul-2025,30-Jun-2026,18.734818882669764,-6.519933554817276,,,BHARAT ELECTRONICS LIMITED,-0.72,2026-07-30 20:56:04
0,NESTLEINDEQN,15.7,NESTLEIND,EQ,N,1519.0,3698063,1503.3,1532.6,1497.0,1503.3,5624568919.85,1532.6,1084.7,1086093281065.1,2026-07-30 16:00:29,0,36.14,8.1,30-Jul-2025,30-Jun-2026,0.8873809213101919,-40.03872038351618,,,NESTLE INDIA LIMITED,1.04,2026-07-30 20:56:04
0,SHRIRAMFINEQN,-15.7,SHRIRAMFIN,EQ,N,1029.0,5425880,1038.0,1051.0,1019.5,1044.7,5574711888.4,1108.0,566.5,1437137311112.52,2026-07-30 16:00:29,0,62.61,-1.26,30-Jul-2025,30-Jun-2026,7.129963898916968,-81.64165931156222,,,SHRIRAM FINANCE LIMITED,-1.5,2026-07-30 20:56:04
0,HINDUNILVREQN,-10.8,HINDUNILVR,EQ,N,2107.0,2602039,2120.0,2132.6,2088.0,2117.8,5478124747.48,2750.0,2016.0,1864069949678.92,2026-07-30 16:00:29,0,-13.56,-0.53,30-Jul-2025,30-Jun-2026,23.381818181818183,-4.513888888888889,,,HINDUSTAN UNILEVER LIMITED,-0.51,2026-07-30 20:56:04
0,ITCEQN,-0.7,ITC,EQ,N,285.55,18283697,286.1,288.4,283.75,286.25,5224200743.81,427.0,275.0,2744908844595.67,2026-07-30 16:00:29,0,-29.94,-0.49,30-Jul-2025,30-Jun-2026,33.12646370023419,-3.8363636363636364,,,ITC LIMITED,-0.24,2026-07-30 20:56:04
0,HCLTECHEQN,7.2,HCLTECH,EQ,N,1351.5,3747919,1349.0,1369.9,1345.6,1344.3,5097507152.71,1780.1,1030.0,1420880972267.0,2026-07-30 16:00:29,0,-8.47,26.1,30-Jul-2025,30-Jun-2026,24.077299028144488,-31.21359223300971,,,HCL TECHNOLOGIES LIMITED,0.54,2026-07-30 20:56:04
0,KOTAKBANKEQN,-2.6,KOTAKBANK,EQ,N,387.6,12205963,385.7,390.2,385.7,390.2,4742993102.54,453.2,345.5,2845977112500.26,2026-07-30 16:00:29,0,-1.11,-1.19,30-Jul-2025,30-Jun-2026,14.474845542806708,-12.185238784370478,,,KOTAK MAHINDRA BANK LIMITED,-0.67,2026-07-30 20:56:04
0,SUNPHARMAEQN,15.1,SUNPHARMA,EQ,N,2005.0,2224264,1993.1,2017.3,1988.0,1989.9,4464453730.24,2017.3,1548.0,2117111838529.49,2026-07-30 16:00:29,0,15.64,7.65,30-Jul-2025,30-Jun-2026,0.6097258712139989,-29.521963824289404,,,SUN PHARMACEUTICAL INDUSTRIES LIMITED,0.76,2026-07-30 20:56:04
0,HINDALCOEQN,7.05,HINDALCO,EQ,N,969.5,4259226,968.0,973.05,960.6,962.45,4118969687.82,1176.0,657.5,1399812364334.5,2026-07-30 16:00:29,0,40.75,1.35,30-Jul-2025,30-Jun-2026,17.55952380952381,-47.452471482889734,,,HINDALCO INDUSTRIES LIMITED,0.73,2026-07-30 20:56:04
0,ADANIENTEQN,25.5,ADANIENT,EQ,N,3050.0,1278332,3024.5,3060.9,2994.6,3024.5,3882677783.6,3245.0,1753.0,913098756508.21,2026-07-30 16:00:29,0,24.03,0.46,30-Jul-2025,30-Jun-2026,6.00924499229584,-73.9874500855676,,,ADANI ENTERPRISES LIMITED,0.84,2026-07-30 20:56:04
0,JIOFINEQN,-2.81,JIOFIN,EQ,N,246.67,15570324,248.75,249.9,245.1,249.48,3842755963.2,338.6,223.3,807083544996.55,2026-07-30 16:00:29,0,-22.99,4.33,30-Jul-2025,30-Jun-2026,27.15002953337271,-10.465741155396328,,,JIO FINANCIAL SERVICES LIMITED,-1.13,2026-07-30 20:56:04
0,TITANEQN,-6.3,TITAN,EQ,N,4843.9,777361,4820.9,4869.9,4820.9,4850.2,3767503407.33,4869.9,3303.1,1994286097671.63,2026-07-30 16:00:29,0,43.46,9.99,30-Jul-2025,30-Jun-2026,0.533891866362759,-46.64708909811995,,,TITAN COMPANY LIMITED,-0.13,2026-07-30 20:56:04
0,ULTRACEMCOEQN,92.0,ULTRACEMCO,EQ,N,11850.0,291418,11800.0,11861.0,11730.0,11998.0,3440801467.8,13110.0,10325.0,1398368106960.24,2026-07-30 16:00:29,0,-3.41,5.31,30-Jul-2025,30-Jun-2026,9.610983981693364,-14.76997578692494,,,ULTRATECH CEMENT LIMITED,0.78,2026-07-30 20:56:04
0,NTPCEQN,1.65,NTPC,EQ,N,345.15,9943764,343.5,347.65,341.85,343.5,3429504765.96,414.4,315.55,1631724403926.03,2026-07-30 16:00:29,0,1.87,-3.22,30-Jul-2025,30-Jun-2026,16.710907335907336,-9.380446838852796,,,NTPC LIMITED,0.48,2026-07-30 20:56:04
0,BAJAJ-AUTOEQN,107.0,BAJAJ-AUTO,EQ,N,11445.0,295600,11338.0,11525.0,11305.5,11338.0,3383889868.0,11532.0,7858.5,1264023467645.08,2026-07-30 16:00:29,0,42.29,17.8,30-Jul-2025,30-Jun-2026,0.7544224765868887,-45.63848062607368,,,BAJAJ AUTO LIMITED,0.94,2026-07-30 20:56:04
0,INDIGOEQN,-58.5,INDIGO,EQ,N,5218.0,549497,5210.0,5258.0,5194.0,5276.5,2872643931.69,6232.5,3895.2,1177843830371.66,2026-07-30 16:00:29,0,-9.09,-2.8,30-Jul-2025,30-Jun-2026,16.277577216205376,-33.95974532758267,,,INTERGLOBE AVIATION LIMITED,-1.11,2026-07-30 20:56:04
0,SBILIFEEQN,-27.8,SBILIFE,EQ,N,1867.1,1513264,1882.2,1910.0,1862.6,1894.9,2858843216.16,2132.0,1700.4,836655989360.71,2026-07-30 16:00:29,0,1.52,5.74,30-Jul-2025,30-Jun-2026,12.424953095684803,-9.803575629263703,,,SBI LIFE INSURANCE COMPANY LIMITED,-1.47,2026-07-30 20:56:04
0,ONGCEQN,2.99,ONGC,EQ,N,241.3,11419363,239.5,244.39,239.06,238.31,2768624559.35,307.5,227.65,934707283642.2,2026-07-30 16:00:29,0,-0.21,2.72,30-Jul-2025,30-Jun-2026,21.528455284552845,-5.996046562705908,,,OIL & NATURAL GAS CORPORATION LIMITED,1.25,2026-07-30 20:56:04
0,TATASTEELEQN,-0.28,TATASTEEL,EQ,N,186.99,13769746,188.01,188.99,186.1,187.27,2576732568.98,224.4,152.51,1541351160652.42,2026-07-30 16:00:29,0,15.88,-0.57,30-Jul-2025,30-Jun-2026,16.671122994652407,-22.60835355058685,,,TATA STEEL LIMITED,-0.15,2026-07-30 20:56:04
0,TRENTEQN,-1.3,TRENT,EQ,N,3003.9,806910,3020.2,3042.6,2982.0,3005.2,2423376664.8,3782.67,2183.67,996732662909.66,2026-07-30 16:00:29,0,-10.66,-8.49,30-Jul-2025,30-Jun-2026,20.58783874882028,-37.56199425737405,,,TRENT LIMITED,-0.04,2026-07-30 20:56:04
0,HDFCLIFEEQN,-11.65,HDFCLIFE,EQ,N,545.05,4394541,557.0,558.85,544.7,556.7,2406538542.42,815.0,543.0,588634041770.54,2026-07-30 16:00:29,0,-28.04,-5.35,30-Jul-2025,30-Jun-2026,33.122699386503065,-0.3775322283609576,,,HDFC LIFE INSURANCE COMPANY LIMITED,-2.09,2026-07-30 20:56:04
0,APOLLOHOSPEQN,24.0,APOLLOHOSP,EQ,N,8959.0,263013,8900.0,9009.0,8865.5,8935.0,2359053021.42,9009.0,6696.5,919392943478.69,2026-07-30 16:00:29,0,20.26,3.19,30-Jul-2025,30-Jun-2026,0.555000555000555,-33.78630627939969,,,APOLLO HOSPITALS ENTERPRISE LIMITED,0.27,2026-07-30 20:56:04
0,POWERGRIDEQN,2.5,POWERGRID,EQ,N,285.35,7903593,283.4,287.1,283.0,282.85,2254974118.83,324.95,250.0,1288609092539.81,2026-07-30 16:00:29,0,-1.25,-0.33,30-Jul-2025,30-Jun-2026,12.186490229266042,-14.14,,,POWER GRID CORPORATION OF INDIA LIMITED,0.88,2026-07-30 20:56:04
0,TMPVEQN,5.1,TMPV,EQ,N,334.9,6078600,328.2,335.0,328.05,329.8,2019797208.0,739.7,294.3,697961149137.43,2026-07-30 16:00:29,0,-49.9,-4.91,30-Jul-2025,30-Jun-2026,54.72488846829796,-13.795446822969758,,,TATA MOTORS PASSENGER VEHICLES LIMITED,1.55,2026-07-30 20:56:04
0,TATACONSUMEQN,-1.1,TATACONSUM,EQ,N,1095.0,1677784,1096.1,1108.9,1090.4,1096.1,1841636385.44,1282.7,1007.2,711099193573.79,2026-07-30 16:00:29,0,2.04,1.8,30-Jul-2025,30-Jun-2026,14.63319560302487,-8.717235901509135,,,TATA CONSUMER PRODUCTS LIMITED,-0.1,2026-07-30 20:56:04
0,MAXHEALTHEQN,12.6,MAXHEALTH,EQ,N,1124.0,1610692,1112.0,1135.9,1110.3,1111.4,1813574764.32,1301.7,903.0,834207449679.87,2026-07-30 16:00:29,0,-11.12,-0.46,30-Jul-2025,30-Jun-2026,13.65137896596758,-24.473975636766333,,,MAX HEALTHCARE INSTITUTE LIMITED,1.13,2026-07-30 20:56:04
0,DRREDDYEQN,2.0,DRREDDY,EQ,N,1144.3,1350714,1143.0,1151.0,1139.0,1142.3,1544257809.06,1414.9,1101.0,695598263003.41,2026-07-30 16:00:29,0,-11.44,-15.68,30-Jul-2025,30-Jun-2026,19.125026503639834,-3.932788374205268,,,DR. REDDY'S LABORATORIES LIMITED,0.18,2026-07-30 20:56:04
0,BAJAJFINSVEQN,-15.4,BAJAJFINSV,EQ,N,1909.0,752615,1918.3,1933.4,1892.3,1924.4,1435951789.25,2195.0,1597.0,1102070234202.81,2026-07-30 16:00:29,0,-2.59,7.24,30-Jul-2025,30-Jun-2026,13.029612756264237,-19.536631183469005,,,BAJAJ FINSERV LIMITED,-0.8,2026-07-30 20:56:04
0,CIPLAEQN,-6.3,CIPLA,EQ,N,1468.0,833068,1478.8,1483.8,1464.1,1474.3,1226700960.68,1673.0,1165.7,823709433326.43,2026-07-30 16:00:29,0,-5.86,0.18,30-Jul-2025,30-Jun-2026,12.253436939629408,-25.93291584455692,,,CIPLA LIMITED,-0.43,2026-07-30 20:56:04
0,JSWSTEELEQN,-8.1,JSWSTEEL,EQ,N,1268.5,923153,1279.1,1304.5,1261.5,1276.6,1171176516.51,1328.0,1018.0,1186453565545.05,2026-07-30 16:00:29,0,22.22,3.43,30-Jul-2025,30-Jun-2026,4.480421686746988,-24.607072691552062,,,JSW STEEL LIMITED,-0.63,2026-07-30 20:56:04
0,GRASIMEQN,-12.9,GRASIM,EQ,N,3100.1,301353,3115.0,3115.5,3085.5,3113.0,933920068.77,3246.0,2502.5,1166435037062.31,2026-07-30 16:00:29,0,12.38,0.0,30-Jul-2025,30-Jun-2026,4.494762784966112,-23.88011988011988,,,GRASIM INDUSTRIES LIMITED,-0.41,2026-07-30 20:56:04
1,NIFTY 50,66.95,NIFTY 50,,,24317.15,400636260,24249.55,24342.95,24187.1,24250.2,335660224755.62,26373.2,22182.55,,2026-07-30 15:39:59,0,-2.16,1.89,29-Jul-2025,29-Jun-2026,7.795982285046942,-9.622879245172443,,,,0.28,2026-07-30 20:56:34
0,HDFCBANKEQN,5.2,HDFCBANK,EQ,N,753.4,35844392,752.8,757.9,745.5,748.2,26916270840.64,1020.5,726.65,11507952979097.49,2026-07-30 16:00:29,0,-25.62,-5.58,30-Jul-2025,30-Jun-2026,26.1734443900049,-3.6812770935113193,,,HDFC BANK LIMITED,0.7,2026-07-30 20:56:34
0,INFYEQN,-0.6,INFY,EQ,N,1155.0,22630218,1168.0,1187.7,1151.3,1155.6,26545698318.36,1728.0,982.4,4040155038730.84,2026-07-30 16:00:29,0,-23.96,15.45,30-Jul-2025,30-Jun-2026,33.15972222222222,-17.569218241042346,,,INFOSYS LIMITED,-0.05,2026-07-30 20:56:34
0,ICICIBANKEQN,-7.9,ICICIBANK,EQ,N,1430.0,14141173,1431.1,1442.2,1422.6,1437.9,20232907504.94,1494.5,1187.6,10218404351568.66,2026-07-30 16:00:29,0,-3.53,3.98,30-Jul-2025,30-Jun-2026,4.315824690531951,-20.410912765240823,,,ICICI BANK LIMITED,-0.55,2026-07-30 20:56:34
0,M&MEQN,72.8,M&M,EQ,N,3294.6,4851980,3220.0,3327.0,3197.5,3221.8,15866023119.8,3839.9,2896.0,2933123350768.73,2026-07-30 16:00:29,0,2.67,7.36,30-Jul-2025,30-Jun-2026,14.200890648193964,-13.763812154696133,,,MAHINDRA & MAHINDRA LIMITED,2.26,2026-07-30 20:56:34
0,RELIANCEEQN,13.5,RELIANCE,EQ,N,1289.4,12158451,1279.8,1297.0,1275.3,1275.9,15689386754.91,1611.8,1249.8,8686354311529.18,2026-07-30 16:00:29,0,-8.56,-0.35,30-Jul-2025,30-Jun-2026,20.002481697481077,-3.168506961113778,,,RELIANCE INDUSTRIES LIMITED,1.06,2026-07-30 20:56:34
0,TCSEQN,-12.6,TCS,EQ,N,2434.0,4901582,2440.0,2495.0,2423.0,2446.6,12055686008.1,3350.0,1976.8,2478110387443.66,2026-07-30 16:00:29,0,-20.29,19.81,30-Jul-2025,30-Jun-2026,27.34328358208955,-23.128288142452448,,,TATA CONSULTANCY SERVICES LIMITED,-0.52,2026-07-30 20:56:34
0,EICHERMOTEQN,130.0,EICHERMOT,EQ,N,7909.0,1496307,7869.5,7930.0,7730.0,7779.0,11742478665.48,8230.0,5353.0,1086933343021.75,2026-07-30 16:00:29,0,44.3,11.81,30-Jul-2025,30-Jun-2026,3.9003645200486026,-47.748925835979826,,,EICHER MOTORS LIMITED,1.67,2026-07-30 20:56:34
0,BHARTIARTLEQN,-3.6,BHARTIARTL,EQ,N,1946.6,5356472,1954.0,1963.2,1943.9,1950.2,10462475369.28,2174.5,1740.5,6044959384312.81,2026-07-30 16:00:29,0,0.72,5.11,30-Jul-2025,30-Jun-2026,10.48057024603357,-11.841424877908647,,,BHARTI AIRTEL LIMITED,-0.18,2026-07-30 20:56:34
0,BAJFINANCEEQN,3.6,BAJFINANCE,EQ,N,1058.0,9866564,1046.0,1068.0,1035.1,1054.4,10348150988.84,1102.5,787.9,2827745664588.37,2026-07-30 16:00:29,0,19.57,5.3,30-Jul-2025,30-Jun-2026,4.036281179138322,-34.28100012691966,,,BAJAJ FINANCE LIMITED,0.34,2026-07-30 20:56:34
0,WIPROEQN,2.8,WIPRO,EQ,N,186.41,54015268,183.4,191.34,183.4,183.61,10162972674.2,273.1,169.0,502918719962.09,2026-07-30 16:00:29,0,-25.5,9.4,30-Jul-2025,30-Jun-2026,31.74295129989015,-10.301775147928995,,,WIPRO LIMITED,1.52,2026-07-30 20:56:34
0,ETERNALEQN,-1.75,ETERNAL,EQ,N,310.05,32431887,307.0,312.25,305.0,311.8,9972480933.63,368.45,212.6,2235244736574.58,2026-07-30 16:00:29,0,2.17,17.18,30-Jul-2025,30-Jun-2026,15.850183199891438,-45.83725305738476,,,ETERNAL LIMITED,-0.56,2026-07-30 20:56:34
0,COALINDIAEQN,7.35,COALINDIA,EQ,N,417.4,23225454,412.95,418.3,410.1,410.05,9640653700.86,491.25,368.65,997004023159.33,2026-07-30 16:00:29,0,9.87,-4.93,30-Jul-2025,30-Jun-2026,15.033078880407125,-13.223925132239252,,,COAL INDIA LIMITED,1.79,2026-07-30 20:56:34
0,ADANIPORTSEQN,-58.2,ADANIPORTS,EQ,N,1661.5,5395211,1726.7,1727.7,1658.4,1719.7,9016638479.53,1891.1,1290.5,1222323805848.08,2026-07-30 16:00:29,0,19.19,-8.21,30-Jul-2025,30-Jun-2026,12.141081909999471,-28.748547074777218,,,ADANI PORTS AND SPECIAL ECONOMIC ZONE LIMITED,-3.38,2026-07-30 20:56:34
0,MARUTIEQN,232.0,MARUTI,EQ,N,14180.0,626000,13939.0,14250.0,13825.0,13948.0,8763230020.0,17370.0,12201.0,1844681206163.64,2026-07-30 16:00:29,0,12.38,0.46,30-Jul-2025,30-Jun-2026,18.364997121473806,-16.21998196869109,,,MARUTI SUZUKI INDIA LIMITED,1.66,2026-07-30 20:56:34
0,AXISBANKEQN,-4.6,AXISBANK,EQ,N,1230.8,6878684,1229.0,1232.2,1220.2,1235.4,8429689668.32,1418.3,1042.5,3525636537742.45,2026-07-30 16:00:29,0,14.67,-8.54,30-Jul-2025,30-Jun-2026,13.220052175139251,-18.062350119904078,,,AXIS BANK LIMITED,-0.37,2026-07-30 20:56:34
0,LTEQN,9.1,LT,EQ,N,3940.5,2141252,3931.4,3951.7,3883.5,3931.4,8412872045.4,4440.0,3288.1,4599211741518.72,2026-07-30 16:00:29,0,7.51,-4.9,30-Jul-2025,30-Jun-2026,11.25,-19.841245704206077,,,LARSEN & TOUBRO LIMITED,0.23,2026-07-30 20:56:34
0,SBINEQN,10.3,SBIN,EQ,N,1024.0,6847458,1013.5,1028.3,1007.6,1013.7,6986940719.46,1234.7,786.55,4220811397058.94,2026-07-30 16:00:29,0,27.74,-0.28,30-Jul-2025,30-Jun-2026,17.064874058475745,-30.188799186320004,,,STATE BANK OF INDIA,1.02,2026-07-30 20:56:34
0,TECHMEQN,17.2,TECHM,EQ,N,1661.4,4167643,1649.0,1686.6,1638.1,1644.2,6976926117.01,1854.0,1304.1,1052212537214.25,2026-07-30 16:00:29,0,13.55,18.27,30-Jul-2025,30-Jun-2026,10.388349514563107,-27.398205659075224,,,TECH MAHINDRA LIMITED,1.05,2026-07-30 20:56:34
0,ASIANPAINTEQN,-8.4,ASIANPAINT,EQ,N,2750.0,2387024,2758.1,2767.9,2666.2,2758.4,6501966933.12,2985.7,2115.0,1240145623693.76,2026-07-30 16:00:29,0,13.83,4.34,30-Jul-2025,30-Jun-2026,7.894296144957631,-30.023640661938533,,,ASIAN PAINTS LIMITED,-0.3,2026-07-30 20:56:34
0,BELEQN,-2.8,BEL,EQ,N,384.75,16521484,386.0,387.5,382.7,387.55,6356310539.32,473.45,361.2,1374204727253.93,2026-07-30 16:00:29,0,-0.45,-6.57,30-Jul-2025,30-Jun-2026,18.734818882669764,-6.519933554817276,,,BHARAT ELECTRONICS LIMITED,-0.72,2026-07-30 20:56:34
0,NESTLEINDEQN,15.7,NESTLEIND,EQ,N,1519.0,3698063,1503.3,1532.6,1497.0,1503.3,5624568919.85,1532.6,1084.7,1086093281065.1,2026-07-30 16:00:29,0,36.14,8.1,30-Jul-2025,30-Jun-2026,0.8873809213101919,-40.03872038351618,,,NESTLE INDIA LIMITED,1.04,2026-07-30 20:56:34
0,SHRIRAMFINEQN,-15.7,SHRIRAMFIN,EQ,N,1029.0,5425880,1038.0,1051.0,1019.5,1044.7,5574711888.4,1108.0,566.5,1437137311112.52,2026-07-30 16:00:29,0,62.61,-1.26,30-Jul-2025,30-Jun-2026,7.129963898916968,-81.64165931156222,,,SHRIRAM FINANCE LIMITED,-1.5,2026-07-30 20:56:34
0,HINDUNILVREQN,-10.8,HINDUNILVR,EQ,N,2107.0,2602039,2120.0,2132.6,2088.0,2117.8,5478124747.48,2750.0,2016.0,1864069949678.92,2026-07-30 16:00:29,0,-13.56,-0.53,30-Jul-2025,30-Jun-2026,23.381818181818183,-4.513888888888889,,,HINDUSTAN UNILEVER LIMITED,-0.51,2026-07-30 20:56:34
0,ITCEQN,-0.7,ITC,EQ,N,285.55,18283697,286.1,288.4,283.75,286.25,5224200743.81,427.0,275.0,2744908844595.67,2026-07-30 16:00:29,0,-29.94,-0.49,30-Jul-2025,30-Jun-2026,33.12646370023419,-3.8363636363636364,,,ITC LIMITED,-0.24,2026-07-30 20:56:34
0,HCLTECHEQN,7.2,HCLTECH,EQ,N,1351.5,3747919,1349.0,1369.9,1345.6,1344.3,5097507152.71,1780.1,1030.0,1420880972267.0,2026-07-30 16:00:29,0,-8.47,26.1,30-Jul-2025,30-Jun-2026,24.077299028144488,-31.21359223300971,,,HCL TECHNOLOGIES LIMITED,0.54,2026-07-30 20:56:34
0,KOTAKBANKEQN,-2.6,KOTAKBANK,EQ,N,387.6,12205963,385.7,390.2,385.7,390.2,4742993102.54,453.2,345.5,2845977112500.26,2026-07-30 16:00:29,0,-1.11,-1.19,30-Jul-2025,30-Jun-2026,14.474845542806708,-12.185238784370478,,,KOTAK MAHINDRA BANK LIMITED,-0.67,2026-07-30 20:56:34
0,SUNPHARMAEQN,15.1,SUNPHARMA,EQ,N,2005.0,2224264,1993.1,2017.3,1988.0,1989.9,4464453730.24,2017.3,1548.0,2117111838529.49,2026-07-30 16:00:29,0,15.64,7.65,30-Jul-2025,30-Jun-2026,0.6097258712139989,-29.521963824289404,,,SUN PHARMACEUTICAL INDUSTRIES LIMITED,0.76,2026-07-30 20:56:34
0,HINDALCOEQN,7.05,HINDALCO,EQ,N,969.5,4259226,968.0,973.05,960.6,962.45,4118969687.82,1176.0,657.5,1399812364334.5,2026-07-30 16:00:29,0,40.75,1.35,30-Jul-2025,30-Jun-2026,17.55952380952381,-47.452471482889734,,,HINDALCO INDUSTRIES LIMITED,0.73,2026-07-30 20:56:34
0,ADANIENTEQN,25.5,ADANIENT,EQ,N,3050.0,1278332,3024.5,3060.9,2994.6,3024.5,3882677783.6,3245.0,1753.0,913098756508.21,2026-07-30 16:00:29,0,24.03,0.46,30-Jul-2025,30-Jun-2026,6.00924499229584,-73.9874500855676,,,ADANI ENTERPRISES LIMITED,0.84,2026-07-30 20:56:34
0,JIOFINEQN,-2.81,JIOFIN,EQ,N,246.67,15570324,248.75,249.9,245.1,249.48,3842755963.2,338.6,223.3,807083544996.55,2026-07-30 16:00:29,0,-22.99,4.33,30-Jul-2025,30-Jun-2026,27.15002953337271,-10.465741155396328,,,JIO FINANCIAL SERVICES LIMITED,-1.13,2026-07-30 20:56:34
0,TITANEQN,-6.3,TITAN,EQ,N,4843.9,777361,4820.9,4869.9,4820.9,4850.2,3767503407.33,4869.9,3303.1,1994286097671.63,2026-07-30 16:00:29,0,43.46,9.99,30-Jul-2025,30-Jun-2026,0.533891866362759,-46.64708909811995,,,TITAN COMPANY LIMITED,-0.13,2026-07-30 20:56:34
0,ULTRACEMCOEQN,92.0,ULTRACEMCO,EQ,N,11850.0,291418,11800.0,11861.0,11730.0,11998.0,3440801467.8,13110.0,10325.0,1398368106960.24,2026-07-30 16:00:29,0,-3.41,5.31,30-Jul-2025,30-Jun-2026,9.610983981693364,-14.76997578692494,,,ULTRATECH CEMENT LIMITED,0.78,2026-07-30 20:56:34
0,NTPCEQN,1.65,NTPC,EQ,N,345.15,9943764,343.5,347.65,341.85,343.5,3429504765.96,414.4,315.55,1631724403926.03,2026-07-30 16:00:29,0,1.87,-3.22,30-Jul-2025,30-Jun-2026,16.710907335907336,-9.380446838852796,,,NTPC LIMITED,0.48,2026-07-30 20:56:34
0,BAJAJ-AUTOEQN,107.0,BAJAJ-AUTO,EQ,N,11445.0,295600,11338.0,11525.0,11305.5,11338.0,3383889868.0,11532.0,7858.5,1264023467645.08,2026-07-30 16:00:29,0,42.29,17.8,30-Jul-2025,30-Jun-2026,0.7544224765868887,-45.63848062607368,,,BAJAJ AUTO LIMITED,0.94,2026-07-30 20:56:34
0,INDIGOEQN,-58.5,INDIGO,EQ,N,5218.0,549497,5210.0,5258.0,5194.0,5276.5,2872643931.69,6232.5,3895.2,1177843830371.66,2026-07-30 16:00:29,0,-9.09,-2.8,30-Jul-2025,30-Jun-2026,16.277577216205376,-33.95974532758267,,,INTERGLOBE AVIATION LIMITED,-1.11,2026-07-30 20:56:34
0,SBILIFEEQN,-27.8,SBILIFE,EQ,N,1867.1,1513264,1882.2,1910.0,1862.6,1894.9,2858843216.16,2132.0,1700.4,836655989360.71,2026-07-30 16:00:29,0,1.52,5.74,30-Jul-2025,30-Jun-2026,12.424953095684803,-9.803575629263703,,,SBI LIFE INSURANCE COMPANY LIMITED,-1.47,2026-07-30 20:56:34
0,ONGCEQN,2.99,ONGC,EQ,N,241.3,11419363,239.5,244.39,239.06,238.31,2768624559.35,307.5,227.65,934707283642.2,2026-07-30 16:00:29,0,-0.21,2.72,30-Jul-2025,30-Jun-2026,21.528455284552845,-5.996046562705908,,,OIL & NATURAL GAS CORPORATION LIMITED,1.25,2026-07-30 20:56:34
0,TATASTEELEQN,-0.28,TATASTEEL,EQ,N,186.99,13769746,188.01,188.99,186.1,187.27,2576732568.98,224.4,152.51,1541351160652.42,2026-07-30 16:00:29,0,15.88,-0.57,30-Jul-2025,30-Jun-2026,16.671122994652407,-22.60835355058685,,,TATA STEEL LIMITED,-0.15,2026-07-30 20:56:34
0,TRENTEQN,-1.3,TRENT,EQ,N,3003.9,806910,3020.2,3042.6,2982.0,3005.2,2423376664.8,3782.67,2183.67,996732662909.66,2026-07-30 16:00:29,0,-10.66,-8.49,30-Jul-2025,30-Jun-2026,20.58783874882028,-37.56199425737405,,,TRENT LIMITED,-0.04,2026-07-30 20:56:34
0,HDFCLIFEEQN,-11.65,HDFCLIFE,EQ,N,545.05,4394541,557.0,558.85,544.7,556.7,2406538542.42,815.0,543.0,588634041770.54,2026-07-30 16:00:29,0,-28.04,-5.35,30-Jul-2025,30-Jun-2026,33.122699386503065,-0.3775322283609576,,,HDFC LIFE INSURANCE COMPANY LIMITED,-2.09,2026-07-30 20:56:34
0,APOLLOHOSPEQN,24.0,APOLLOHOSP,EQ,N,8959.0,263013,8900.0,9009.0,8865.5,8935.0,2359053021.42,9009.0,6696.5,919392943478.69,2026-07-30 16:00:29,0,20.26,3.19,30-Jul-2025,30-Jun-2026,0.555000555000555,-33.78630627939969,,,APOLLO HOSPITALS ENTERPRISE LIMITED,0.27,2026-07-30 20:56:34
0,POWERGRIDEQN,2.5,POWERGRID,EQ,N,285.35,7903593,283.4,287.1,283.0,282.85,2254974118.83,324.95,250.0,1288609092539.81,2026-07-30 16:00:29,0,-1.25,-0.33,30-Jul-2025,30-Jun-2026,12.186490229266042,-14.14,,,POWER GRID CORPORATION OF INDIA LIMITED,0.88,2026-07-30 20:56:34
0,TMPVEQN,5.1,TMPV,EQ,N,334.9,6078600,328.2,335.0,328.05,329.8,2019797208.0,739.7,294.3,697961149137.43,2026-07-30 16:00:29,0,-49.9,-4.91,30-Jul-2025,30-Jun-2026,54.72488846829796,-13.795446822969758,,,TATA MOTORS PASSENGER VEHICLES LIMITED,1.55,2026-07-30 20:56:34
0,TATACONSUMEQN,-1.1,TATACONSUM,EQ,N,1095.0,1677784,1096.1,1108.9,1090.4,1096.1,1841636385.44,1282.7,1007.2,711099193573.79,2026-07-30 16:00:29,0,2.04,1.8,30-Jul-2025,30-Jun-2026,14.63319560302487,-8.717235901509135,,,TATA CONSUMER PRODUCTS LIMITED,-0.1,2026-07-30 20:56:34
0,MAXHEALTHEQN,12.6,MAXHEALTH,EQ,N,1124.0,1610692,1112.0,1135.9,1110.3,1111.4,1813574764.32,1301.7,903.0,834207449679.87,2026-07-30 16:00:29,0,-11.12,-0.46,30-Jul-2025,30-Jun-2026,13.65137896596758,-24.473975636766333,,,MAX HEALTHCARE INSTITUTE LIMITED,1.13,2026-07-30 20:56:34
0,DRREDDYEQN,2.0,DRREDDY,EQ,N,1144.3,1350714,1143.0,1151.0,1139.0,1142.3,1544257809.06,1414.9,1101.0,695598263003.41,2026-07-30 16:00:29,0,-11.44,-15.68,30-Jul-2025,30-Jun-2026,19.125026503639834,-3.932788374205268,,,DR. REDDY'S LABORATORIES LIMITED,0.18,2026-07-30 20:56:34
0,BAJAJFINSVEQN,-15.4,BAJAJFINSV,EQ,N,1909.0,752615,1918.3,1933.4,1892.3,1924.4,1435951789.25,2195.0,1597.0,1102070234202.81,2026-07-30 16:00:29,0,-2.59,7.24,30-Jul-2025,30-Jun-2026,13.029612756264237,-19.536631183469005,,,BAJAJ FINSERV LIMITED,-0.8,2026-07-30 20:56:34
0,CIPLAEQN,-6.3,CIPLA,EQ,N,1468.0,833068,1478.8,1483.8,1464.1,1474.3,1226700960.68,1673.0,1165.7,823709433326.43,2026-07-30 16:00:29,0,-5.86,0.18,30-Jul-2025,30-Jun-2026,12.253436939629408,-25.93291584455692,,,CIPLA LIMITED,-0.43,2026-07-30 20:56:34
0,JSWSTEELEQN,-8.1,JSWSTEEL,EQ,N,1268.5,923153,1279.1,1304.5,1261.5,1276.6,1171176516.51,1328.0,1018.0,1186453565545.05,2026-07-30 16:00:29,0,22.22,3.43,30-Jul-2025,30-Jun-2026,4.480421686746988,-24.607072691552062,,,JSW STEEL LIMITED,-0.63,2026-07-30 20:56:34
0,GRASIMEQN,-12.9,GRASIM,EQ,N,3100.1,301353,3115.0,3115.5,3085.5,3113.0,933920068.77,3246.0,2502.5,1166435037062.31,2026-07-30 16:00:29,0,12.38,0.0,30-Jul-2025,30-Jun-2026,4.494762784966112,-23.88011988011988,,,GRASIM INDUSTRIES LIMITED,-0.41,2026-07-30 20:56:34
1,NIFTY 50,66.95,NIFTY 50,,,24317.15,400636260,24249.55,24342.95,24187.1,24250.2,335660224755.62,26373.2,22182.55,,2026-07-30 15:39:59,0,-2.16,1.89,29-Jul-2025,29-Jun-2026,7.795982285046942,-9.622879245172443,,,,0.28,2026-07-30 20:57:04
0,HDFCBANKEQN,5.2,HDFCBANK,EQ,N,753.4,35844392,752.8,757.9,745.5,748.2,26916270840.64,1020.5,726.65,11507952979097.49,2026-07-30 16:00:29,0,-25.62,-5.58,30-Jul-2025,30-Jun-2026,26.1734443900049,-3.6812770935113193,,,HDFC BANK LIMITED,0.7,2026-07-30 20:57:04
0,INFYEQN,-0.6,INFY,EQ,N,1155.0,22630218,1168.0,1187.7,1151.3,1155.6,26545698318.36,1728.0,982.4,4040155038730.84,2026-07-30 16:00:29,0,-23.96,15.45,30-Jul-2025,30-Jun-2026,33.15972222222222,-17.569218241042346,,,INFOSYS LIMITED,-0.05,2026-07-30 20:57:04
0,ICICIBANKEQN,-7.9,ICICIBANK,EQ,N,1430.0,14141173,1431.1,1442.2,1422.6,1437.9,20232907504.94,1494.5,1187.6,10218404351568.66,2026-07-30 16:00:29,0,-3.53,3.98,30-Jul-2025,30-Jun-2026,4.315824690531951,-20.410912765240823,,,ICICI BANK LIMITED,-0.55,2026-07-30 20:57:04
0,M&MEQN,72.8,M&M,EQ,N,3294.6,4851980,3220.0,3327.0,3197.5,3221.8,15866023119.8,3839.9,2896.0,2933123350768.73,2026-07-30 16:00:29,0,2.67,7.36,30-Jul-2025,30-Jun-2026,14.200890648193964,-13.763812154696133,,,MAHINDRA & MAHINDRA LIMITED,2.26,2026-07-30 20:57:04
0,RELIANCEEQN,13.5,RELIANCE,EQ,N,1289.4,12158451,1279.8,1297.0,1275.3,1275.9,15689386754.91,1611.8,1249.8,8686354311529.18,2026-07-30 16:00:29,0,-8.56,-0.35,30-Jul-2025,30-Jun-2026,20.002481697481077,-3.168506961113778,,,RELIANCE INDUSTRIES LIMITED,1.06,2026-07-30 20:57:04
0,TCSEQN,-12.6,TCS,EQ,N,2434.0,4901582,2440.0,2495.0,2423.0,2446.6,12055686008.1,3350.0,1976.8,2478110387443.66,2026-07-30 16:00:29,0,-20.29,19.81,30-Jul-2025,30-Jun-2026,27.34328358208955,-23.128288142452448,,,TATA CONSULTANCY SERVICES LIMITED,-0.52,2026-07-30 20:57:04
0,EICHERMOTEQN,130.0,EICHERMOT,EQ,N,7909.0,1496307,7869.5,7930.0,7730.0,7779.0,11742478665.48,8230.0,5353.0,1086933343021.75,2026-07-30 16:00:29,0,44.3,11.81,30-Jul-2025,30-Jun-2026,3.9003645200486026,-47.748925835979826,,,EICHER MOTORS LIMITED,1.67,2026-07-30 20:57:04
0,BHARTIARTLEQN,-3.6,BHARTIARTL,EQ,N,1946.6,5356472,1954.0,1963.2,1943.9,1950.2,10462475369.28,2174.5,1740.5,6044959384312.81,2026-07-30 16:00:29,0,0.72,5.11,30-Jul-2025,30-Jun-2026,10.48057024603357,-11.841424877908647,,,BHARTI AIRTEL LIMITED,-0.18,2026-07-30 20:57:04
0,BAJFINANCEEQN,3.6,BAJFINANCE,EQ,N,1058.0,9866564,1046.0,1068.0,1035.1,1054.4,10348150988.84,1102.5,787.9,2827745664588.37,2026-07-30 16:00:29,0,19.57,5.3,30-Jul-2025,30-Jun-2026,4.036281179138322,-34.28100012691966,,,BAJAJ FINANCE LIMITED,0.34,2026-07-30 20:57:04
0,WIPROEQN,2.8,WIPRO,EQ,N,186.41,54015268,183.4,191.34,183.4,183.61,10162972674.2,273.1,169.0,502918719962.09,2026-07-30 16:00:29,0,-25.5,9.4,30-Jul-2025,30-Jun-2026,31.74295129989015,-10.301775147928995,,,WIPRO LIMITED,1.52,2026-07-30 20:57:04
0,ETERNALEQN,-1.75,ETERNAL,EQ,N,310.05,32431887,307.0,312.25,305.0,311.8,9972480933.63,368.45,212.6,2235244736574.58,2026-07-30 16:00:29,0,2.17,17.18,30-Jul-2025,30-Jun-2026,15.850183199891438,-45.83725305738476,,,ETERNAL LIMITED,-0.56,2026-07-30 20:57:04
0,COALINDIAEQN,7.35,COALINDIA,EQ,N,417.4,23225454,412.95,418.3,410.1,410.05,9640653700.86,491.25,368.65,997004023159.33,2026-07-30 16:00:29,0,9.87,-4.93,30-Jul-2025,30-Jun-2026,15.033078880407125,-13.223925132239252,,,COAL INDIA LIMITED,1.79,2026-07-30 20:57:04
0,ADANIPORTSEQN,-58.2,ADANIPORTS,EQ,N,1661.5,5395211,1726.7,1727.7,1658.4,1719.7,9016638479.53,1891.1,1290.5,1222323805848.08,2026-07-30 16:00:29,0,19.19,-8.21,30-Jul-2025,30-Jun-2026,12.141081909999471,-28.748547074777218,,,ADANI PORTS AND SPECIAL ECONOMIC ZONE LIMITED,-3.38,2026-07-30 20:57:04
0,MARUTIEQN,232.0,MARUTI,EQ,N,14180.0,626000,13939.0,14250.0,13825.0,13948.0,8763230020.0,17370.0,12201.0,1844681206163.64,2026-07-30 16:00:29,0,12.38,0.46,30-Jul-2025,30-Jun-2026,18.364997121473806,-16.21998196869109,,,MARUTI SUZUKI INDIA LIMITED,1.66,2026-07-30 20:57:04
0,AXISBANKEQN,-4.6,AXISBANK,EQ,N,1230.8,6878684,1229.0,1232.2,1220.2,1235.4,8429689668.32,1418.3,1042.5,3525636537742.45,2026-07-30 16:00:29,0,14.67,-8.54,30-Jul-2025,30-Jun-2026,13.220052175139251,-18.062350119904078,,,AXIS BANK LIMITED,-0.37,2026-07-30 20:57:04
0,LTEQN,9.1,LT,EQ,N,3940.5,2141252,3931.4,3951.7,3883.5,3931.4,8412872045.4,4440.0,3288.1,4599211741518.72,2026-07-30 16:00:29,0,7.51,-4.9,30-Jul-2025,30-Jun-2026,11.25,-19.841245704206077,,,LARSEN & TOUBRO LIMITED,0.23,2026-07-30 20:57:04
0,SBINEQN,10.3,SBIN,EQ,N,1024.0,6847458,1013.5,1028.3,1007.6,1013.7,6986940719.46,1234.7,786.55,4220811397058.94,2026-07-30 16:00:29,0,27.74,-0.28,30-Jul-2025,30-Jun-2026,17.064874058475745,-30.188799186320004,,,STATE BANK OF INDIA,1.02,2026-07-30 20:57:04
0,TECHMEQN,17.2,TECHM,EQ,N,1661.4,4167643,1649.0,1686.6,1638.1,1644.2,6976926117.01,1854.0,1304.1,1052212537214.25,2026-07-30 16:00:29,0,13.55,18.27,30-Jul-2025,30-Jun-2026,10.388349514563107,-27.398205659075224,,,TECH MAHINDRA LIMITED,1.05,2026-07-30 20:57:04
0,ASIANPAINTEQN,-8.4,ASIANPAINT,EQ,N,2750.0,2387024,2758.1,2767.9,2666.2,2758.4,6501966933.12,2985.7,2115.0,1240145623693.76,2026-07-30 16:00:29,0,13.83,4.34,30-Jul-2025,30-Jun-2026,7.894296144957631,-30.023640661938533,,,ASIAN PAINTS LIMITED,-0.3,2026-07-30 20:57:04
0,BELEQN,-2.8,BEL,EQ,N,384.75,16521484,386.0,387.5,382.7,387.55,6356310539.32,473.45,361.2,1374204727253.93,2026-07-30 16:00:29,0,-0.45,-6.57,30-Jul-2025,30-Jun-2026,18.734818882669764,-6.519933554817276,,,BHARAT ELECTRONICS LIMITED,-0.72,2026-07-30 20:57:04
0,NESTLEINDEQN,15.7,NESTLEIND,EQ,N,1519.0,3698063,1503.3,1532.6,1497.0,1503.3,5624568919.85,1532.6,1084.7,1086093281065.1,2026-07-30 16:00:29,0,36.14,8.1,30-Jul-2025,30-Jun-2026,0.8873809213101919,-40.03872038351618,,,NESTLE INDIA LIMITED,1.04,2026-07-30 20:57:04
0,SHRIRAMFINEQN,-15.7,SHRIRAMFIN,EQ,N,1029.0,5425880,1038.0,1051.0,1019.5,1044.7,5574711888.4,1108.0,566.5,1437137311112.52,2026-07-30 16:00:29,0,62.61,-1.26,30-Jul-2025,30-Jun-2026,7.129963898916968,-81.64165931156222,,,SHRIRAM FINANCE LIMITED,-1.5,2026-07-30 20:57:04
0,HINDUNILVREQN,-10.8,HINDUNILVR,EQ,N,2107.0,2602039,2120.0,2132.6,2088.0,2117.8,5478124747.48,2750.0,2016.0,1864069949678.92,2026-07-30 16:00:29,0,-13.56,-0.53,30-Jul-2025,30-Jun-2026,23.381818181818183,-4.513888888888889,,,HINDUSTAN UNILEVER LIMITED,-0.51,2026-07-30 20:57:04
0,ITCEQN,-0.7,ITC,EQ,N,285.55,18283697,286.1,288.4,283.75,286.25,5224200743.81,427.0,275.0,2744908844595.67,2026-07-30 16:00:29,0,-29.94,-0.49,30-Jul-2025,30-Jun-2026,33.12646370023419,-3.8363636363636364,,,ITC LIMITED,-0.24,2026-07-30 20:57:04
0,HCLTECHEQN,7.2,HCLTECH,EQ,N,1351.5,3747919,1349.0,1369.9,1345.6,1344.3,5097507152.71,1780.1,1030.0,1420880972267.0,2026-07-30 16:00:29,0,-8.47,26.1,30-Jul-2025,30-Jun-2026,24.077299028144488,-31.21359223300971,,,HCL TECHNOLOGIES LIMITED,0.54,2026-07-30 20:57:04
0,KOTAKBANKEQN,-2.6,KOTAKBANK,EQ,N,387.6,12205963,385.7,390.2,385.7,390.2,4742993102.54,453.2,345.5,2845977112500.26,2026-07-30 16:00:29,0,-1.11,-1.19,30-Jul-2025,30-Jun-2026,14.474845542806708,-12.185238784370478,,,KOTAK MAHINDRA BANK LIMITED,-0.67,2026-07-30 20:57:04
0,SUNPHARMAEQN,15.1,SUNPHARMA,EQ,N,2005.0,2224264,1993.1,2017.3,1988.0,1989.9,4464453730.24,2017.3,1548.0,2117111838529.49,2026-07-30 16:00:29,0,15.64,7.65,30-Jul-2025,30-Jun-2026,0.6097258712139989,-29.521963824289404,,,SUN PHARMACEUTICAL INDUSTRIES LIMITED,0.76,2026-07-30 20:57:04
0,HINDALCOEQN,7.05,HINDALCO,EQ,N,969.5,4259226,968.0,973.05,960.6,962.45,4118969687.82,1176.0,657.5,1399812364334.5,2026-07-30 16:00:29,0,40.75,1.35,30-Jul-2025,30-Jun-2026,17.55952380952381,-47.452471482889734,,,HINDALCO INDUSTRIES LIMITED,0.73,2026-07-30 20:57:04
0,ADANIENTEQN,25.5,ADANIENT,EQ,N,3050.0,1278332,3024.5,3060.9,2994.6,3024.5,3882677783.6,3245.0,1753.0,913098756508.21,2026-07-30 16:00:29,0,24.03,0.46,30-Jul-2025,30-Jun-2026,6.00924499229584,-73.9874500855676,,,ADANI ENTERPRISES LIMITED,0.84,2026-07-30 20:57:04
0,JIOFINEQN,-2.81,JIOFIN,EQ,N,246.67,15570324,248.75,249.9,245.1,249.48,3842755963.2,338.6,223.3,807083544996.55,2026-07-30 16:00:29,0,-22.99,4.33,30-Jul-2025,30-Jun-2026,27.15002953337271,-10.465741155396328,,,JIO FINANCIAL SERVICES LIMITED,-1.13,2026-07-30 20:57:04
0,TITANEQN,-6.3,TITAN,EQ,N,4843.9,777361,4820.9,4869.9,4820.9,4850.2,3767503407.33,4869.9,3303.1,1994286097671.63,2026-07-30 16:00:29,0,43.46,9.99,30-Jul-2025,30-Jun-2026,0.533891866362759,-46.64708909811995,,,TITAN COMPANY LIMITED,-0.13,2026-07-30 20:57:04
0,ULTRACEMCOEQN,92.0,ULTRACEMCO,EQ,N,11850.0,291418,11800.0,11861.0,11730.0,11998.0,3440801467.8,13110.0,10325.0,1398368106960.24,2026-07-30 16:00:29,0,-3.41,5.31,30-Jul-2025,30-Jun-2026,9.610983981693364,-14.76997578692494,,,ULTRATECH CEMENT LIMITED,0.78,2026-07-30 20:57:04
0,NTPCEQN,1.65,NTPC,EQ,N,345.15,9943764,343.5,347.65,341.85,343.5,3429504765.96,414.4,315.55,1631724403926.03,2026-07-30 16:00:29,0,1.87,-3.22,30-Jul-2025,30-Jun-2026,16.710907335907336,-9.380446838852796,,,NTPC LIMITED,0.48,2026-07-30 20:57:04
0,BAJAJ-AUTOEQN,107.0,BAJAJ-AUTO,EQ,N,11445.0,295600,11338.0,11525.0,11305.5,11338.0,3383889868.0,11532.0,7858.5,1264023467645.08,2026-07-30 16:00:29,0,42.29,17.8,30-Jul-2025,30-Jun-2026,0.7544224765868887,-45.63848062607368,,,BAJAJ AUTO LIMITED,0.94,2026-07-30 20:57:04
0,INDIGOEQN,-58.5,INDIGO,EQ,N,5218.0,549497,5210.0,5258.0,5194.0,5276.5,2872643931.69,6232.5,3895.2,1177843830371.66,2026-07-30 16:00:29,0,-9.09,-2.8,30-Jul-2025,30-Jun-2026,16.277577216205376,-33.95974532758267,,,INTERGLOBE AVIATION LIMITED,-1.11,2026-07-30 20:57:04
0,SBILIFEEQN,-27.8,SBILIFE,EQ,N,1867.1,1513264,1882.2,1910.0,1862.6,1894.9,2858843216.16,2132.0,1700.4,836655989360.71,2026-07-30 16:00:29,0,1.52,5.74,30-Jul-2025,30-Jun-2026,12.424953095684803,-9.803575629263703,,,SBI LIFE INSURANCE COMPANY LIMITED,-1.47,2026-07-30 20:57:04
0,ONGCEQN,2.99,ONGC,EQ,N,241.3,11419363,239.5,244.39,239.06,238.31,2768624559.35,307.5,227.65,934707283642.2,2026-07-30 16:00:29,0,-0.21,2.72,30-Jul-2025,30-Jun-2026,21.528455284552845,-5.996046562705908,,,OIL & NATURAL GAS CORPORATION LIMITED,1.25,2026-07-30 20:57:04
0,TATASTEELEQN,-0.28,TATASTEEL,EQ,N,186.99,13769746,188.01,188.99,186.1,187.27,2576732568.98,224.4,152.51,1541351160652.42,2026-07-30 16:00:29,0,15.88,-0.57,30-Jul-2025,30-Jun-2026,16.671122994652407,-22.60835355058685,,,TATA STEEL LIMITED,-0.15,2026-07-30 20:57:04
0,TRENTEQN,-1.3,TRENT,EQ,N,3003.9,806910,3020.2,3042.6,2982.0,3005.2,2423376664.8,3782.67,2183.67,996732662909.66,2026-07-30 16:00:29,0,-10.66,-8.49,30-Jul-2025,30-Jun-2026,20.58783874882028,-37.56199425737405,,,TRENT LIMITED,-0.04,2026-07-30 20:57:04
0,HDFCLIFEEQN,-11.65,HDFCLIFE,EQ,N,545.05,4394541,557.0,558.85,544.7,556.7,2406538542.42,815.0,543.0,588634041770.54,2026-07-30 16:00:29,0,-28.04,-5.35,30-Jul-2025,30-Jun-2026,33.122699386503065,-0.3775322283609576,,,HDFC LIFE INSURANCE COMPANY LIMITED,-2.09,2026-07-30 20:57:04
0,APOLLOHOSPEQN,24.0,APOLLOHOSP,EQ,N,8959.0,263013,8900.0,9009.0,8865.5,8935.0,2359053021.42,9009.0,6696.5,919392943478.69,2026-07-30 16:00:29,0,20.26,3.19,30-Jul-2025,30-Jun-2026,0.555000555000555,-33.78630627939969,,,APOLLO HOSPITALS ENTERPRISE LIMITED,0.27,2026-07-30 20:57:04
0,POWERGRIDEQN,2.5,POWERGRID,EQ,N,285.35,7903593,283.4,287.1,283.0,282.85,2254974118.83,324.95,250.0,1288609092539.81,2026-07-30 16:00:29,0,-1.25,-0.33,30-Jul-2025,30-Jun-2026,12.186490229266042,-14.14,,,POWER GRID CORPORATION OF INDIA LIMITED,0.88,2026-07-30 20:57:04
0,TMPVEQN,5.1,TMPV,EQ,N,334.9,6078600,328.2,335.0,328.05,329.8,2019797208.0,739.7,294.3,697961149137.43,2026-07-30 16:00:29,0,-49.9,-4.91,30-Jul-2025,30-Jun-2026,54.72488846829796,-13.795446822969758,,,TATA MOTORS PASSENGER VEHICLES LIMITED,1.55,2026-07-30 20:57:04
0,TATACONSUMEQN,-1.1,TATACONSUM,EQ,N,1095.0,1677784,1096.1,1108.9,1090.4,1096.1,1841636385.44,1282.7,1007.2,711099193573.79,2026-07-30 16:00:29,0,2.04,1.8,30-Jul-2025,30-Jun-2026,14.63319560302487,-8.717235901509135,,,TATA CONSUMER PRODUCTS LIMITED,-0.1,2026-07-30 20:57:04
0,MAXHEALTHEQN,12.6,MAXHEALTH,EQ,N,1124.0,1610692,1112.0,1135.9,1110.3,1111.4,1813574764.32,1301.7,903.0,834207449679.87,2026-07-30 16:00:29,0,-11.12,-0.46,30-Jul-2025,30-Jun-2026,13.65137896596758,-24.473975636766333,,,MAX HEALTHCARE INSTITUTE LIMITED,1.13,2026-07-30 20:57:04
0,DRREDDYEQN,2.0,DRREDDY,EQ,N,1144.3,1350714,1143.0,1151.0,1139.0,1142.3,1544257809.06,1414.9,1101.0,695598263003.41,2026-07-30 16:00:29,0,-11.44,-15.68,30-Jul-2025,30-Jun-2026,19.125026503639834,-3.932788374205268,,,DR. REDDY'S LABORATORIES LIMITED,0.18,2026-07-30 20:57:04
0,BAJAJFINSVEQN,-15.4,BAJAJFINSV,EQ,N,1909.0,752615,1918.3,1933.4,1892.3,1924.4,1435951789.25,2195.0,1597.0,1102070234202.81,2026-07-30 16:00:29,0,-2.59,7.24,30-Jul-2025,30-Jun-2026,13.029612756264237,-19.536631183469005,,,BAJAJ FINSERV LIMITED,-0.8,2026-07-30 20:57:04
0,CIPLAEQN,-6.3,CIPLA,EQ,N,1468.0,833068,1478.8,1483.8,1464.1,1474.3,1226700960.68,1673.0,1165.7,823709433326.43,2026-07-30 16:00:29,0,-5.86,0.18,30-Jul-2025,30-Jun-2026,12.253436939629408,-25.93291584455692,,,CIPLA LIMITED,-0.43,2026-07-30 20:57:04
0,JSWSTEELEQN,-8.1,JSWSTEEL,EQ,N,1268.5,923153,1279.1,1304.5,1261.5,1276.6,1171176516.51,1328.0,1018.0,1186453565545.05,2026-07-30 16:00:29,0,22.22,3.43,30-Jul-2025,30-Jun-2026,4.480421686746988,-24.607072691552062,,,JSW STEEL LIMITED,-0.63,2026-07-30 20:57:04
0,GRASIMEQN,-12.9,GRASIM,EQ,N,3100.1,301353,3115.0,3115.5,3085.5,3113.0,933920068.77,3246.0,2502.5,1166435037062.31,2026-07-30 16:00:29,0,12.38,0.0,30-Jul-2025,30-Jun-2026,4.494762784966112,-23.88011988011988,,,GRASIM INDUSTRIES LIMITED,-0.41,2026-07-30 20:57:04
1,NIFTY 50,66.95,NIFTY 50,,,24317.15,400636260,24249.55,24342.95,24187.1,24250.2,335660224755.62,26373.2,22182.55,,2026-07-30 15:39:59,0,-2.16,1.89,29-Jul-2025,29-Jun-2026,7.795982285046942,-9.622879245172443,,,,0.28,2026-07-30 20:57:46
0,HDFCBANKEQN,5.2,HDFCBANK,EQ,N,753.4,35844392,752.8,757.9,745.5,748.2,26916270840.64,1020.5,726.65,11507952979097.49,2026-07-30 16:00:29,0,-25.62,-5.58,30-Jul-2025,30-Jun-2026,26.1734443900049,-3.6812770935113193,,,HDFC BANK LIMITED,0.7,2026-07-30 20:57:46
0,INFYEQN,-0.6,INFY,EQ,N,1155.0,22630218,1168.0,1187.7,1151.3,1155.6,26545698318.36,1728.0,982.4,4040155038730.84,2026-07-30 16:00:29,0,-23.96,15.45,30-Jul-2025,30-Jun-2026,33.15972222222222,-17.569218241042346,,,INFOSYS LIMITED,-0.05,2026-07-30 20:57:46
0,ICICIBANKEQN,-7.9,ICICIBANK,EQ,N,1430.0,14141173,1431.1,1442.2,1422.6,1437.9,20232907504.94,1494.5,1187.6,10218404351568.66,2026-07-30 16:00:29,0,-3.53,3.98,30-Jul-2025,30-Jun-2026,4.315824690531951,-20.410912765240823,,,ICICI BANK LIMITED,-0.55,2026-07-30 20:57:46
0,M&MEQN,72.8,M&M,EQ,N,3294.6,4851980,3220.0,3327.0,3197.5,3221.8,15866023119.8,3839.9,2896.0,2933123350768.73,2026-07-30 16:00:29,0,2.67,7.36,30-Jul-2025,30-Jun-2026,14.200890648193964,-13.763812154696133,,,MAHINDRA & MAHINDRA LIMITED,2.26,2026-07-30 20:57:46
0,RELIANCEEQN,13.5,RELIANCE,EQ,N,1289.4,12158451,1279.8,1297.0,1275.3,1275.9,15689386754.91,1611.8,1249.8,8686354311529.18,2026-07-30 16:00:29,0,-8.56,-0.35,30-Jul-2025,30-Jun-2026,20.002481697481077,-3.168506961113778,,,RELIANCE INDUSTRIES LIMITED,1.06,2026-07-30 20:57:46
0,TCSEQN,-12.6,TCS,EQ,N,2434.0,4901582,2440.0,2495.0,2423.0,2446.6,12055686008.1,3350.0,1976.8,2478110387443.66,2026-07-30 16:00:29,0,-20.29,19.81,30-Jul-2025,30-Jun-2026,27.34328358208955,-23.128288142452448,,,TATA CONSULTANCY SERVICES LIMITED,-0.52,2026-07-30 20:57:46
0,EICHERMOTEQN,130.0,EICHERMOT,EQ,N,7909.0,1496307,7869.5,7930.0,7730.0,7779.0,11742478665.48,8230.0,5353.0,1086933343021.75,2026-07-30 16:00:29,0,44.3,11.81,30-Jul-2025,30-Jun-2026,3.9003645200486026,-47.748925835979826,,,EICHER MOTORS LIMITED,1.67,2026-07-30 20:57:46
0,BHARTIARTLEQN,-3.6,BHARTIARTL,EQ,N,1946.6,5356472,1954.0,1963.2,1943.9,1950.2,10462475369.28,2174.5,1740.5,6044959384312.81,2026-07-30 16:00:29,0,0.72,5.11,30-Jul-2025,30-Jun-2026,10.48057024603357,-11.841424877908647,,,BHARTI AIRTEL LIMITED,-0.18,2026-07-30 20:57:46
0,BAJFINANCEEQN,3.6,BAJFINANCE,EQ,N,1058.0,9866564,1046.0,1068.0,1035.1,1054.4,10348150988.84,1102.5,787.9,2827745664588.37,2026-07-30 16:00:29,0,19.57,5.3,30-Jul-2025,30-Jun-2026,4.036281179138322,-34.28100012691966,,,BAJAJ FINANCE LIMITED,0.34,2026-07-30 20:57:46
0,WIPROEQN,2.8,WIPRO,EQ,N,186.41,54015268,183.4,191.34,183.4,183.61,10162972674.2,273.1,169.0,502918719962.09,2026-07-30 16:00:29,0,-25.5,9.4,30-Jul-2025,30-Jun-2026,31.74295129989015,-10.301775147928995,,,WIPRO LIMITED,1.52,2026-07-30 20:57:46
0,ETERNALEQN,-1.75,ETERNAL,EQ,N,310.05,32431887,307.0,312.25,305.0,311.8,9972480933.63,368.45,212.6,2235244736574.58,2026-07-30 16:00:29,0,2.17,17.18,30-Jul-2025,30-Jun-2026,15.850183199891438,-45.83725305738476,,,ETERNAL LIMITED,-0.56,2026-07-30 20:57:46
0,COALINDIAEQN,7.35,COALINDIA,EQ,N,417.4,23225454,412.95,418.3,410.1,410.05,9640653700.86,491.25,368.65,997004023159.33,2026-07-30 16:00:29,0,9.87,-4.93,30-Jul-2025,30-Jun-2026,15.033078880407125,-13.223925132239252,,,COAL INDIA LIMITED,1.79,2026-07-30 20:57:46
0,ADANIPORTSEQN,-58.2,ADANIPORTS,EQ,N,1661.5,5395211,1726.7,1727.7,1658.4,1719.7,9016638479.53,1891.1,1290.5,1222323805848.08,2026-07-30 16:00:29,0,19.19,-8.21,30-Jul-2025,30-Jun-2026,12.141081909999471,-28.748547074777218,,,ADANI PORTS AND SPECIAL ECONOMIC ZONE LIMITED,-3.38,2026-07-30 20:57:46
0,MARUTIEQN,232.0,MARUTI,EQ,N,14180.0,626000,13939.0,14250.0,13825.0,13948.0,8763230020.0,17370.0,12201.0,1844681206163.64,2026-07-30 16:00:29,0,12.38,0.46,30-Jul-2025,30-Jun-2026,18.364997121473806,-16.21998196869109,,,MARUTI SUZUKI INDIA LIMITED,1.66,2026-07-30 20:57:46
0,AXISBANKEQN,-4.6,AXISBANK,EQ,N,1230.8,6878684,1229.0,1232.2,1220.2,1235.4,8429689668.32,1418.3,1042.5,3525636537742.45,2026-07-30 16:00:29,0,14.67,-8.54,30-Jul-2025,30-Jun-2026,13.220052175139251,-18.062350119904078,,,AXIS BANK LIMITED,-0.37,2026-07-30 20:57:46
0,LTEQN,9.1,LT,EQ,N,3940.5,2141252,3931.4,3951.7,3883.5,3931.4,8412872045.4,4440.0,3288.1,4599211741518.72,2026-07-30 16:00:29,0,7.51,-4.9,30-Jul-2025,30-Jun-2026,11.25,-19.841245704206077,,,LARSEN & TOUBRO LIMITED,0.23,2026-07-30 20:57:46
0,SBINEQN,10.3,SBIN,EQ,N,1024.0,6847458,1013.5,1028.3,1007.6,1013.7,6986940719.46,1234.7,786.55,4220811397058.94,2026-07-30 16:00:29,0,27.74,-0.28,30-Jul-2025,30-Jun-2026,17.064874058475745,-30.188799186320004,,,STATE BANK OF INDIA,1.02,2026-07-30 20:57:46
0,TECHMEQN,17.2,TECHM,EQ,N,1661.4,4167643,1649.0,1686.6,1638.1,1644.2,6976926117.01,1854.0,1304.1,1052212537214.25,2026-07-30 16:00:29,0,13.55,18.27,30-Jul-2025,30-Jun-2026,10.388349514563107,-27.398205659075224,,,TECH MAHINDRA LIMITED,1.05,2026-07-30 20:57:46
0,ASIANPAINTEQN,-8.4,ASIANPAINT,EQ,N,2750.0,2387024,2758.1,2767.9,2666.2,2758.4,6501966933.12,2985.7,2115.0,1240145623693.76,2026-07-30 16:00:29,0,13.83,4.34,30-Jul-2025,30-Jun-2026,7.894296144957631,-30.023640661938533,,,ASIAN PAINTS LIMITED,-0.3,2026-07-30 20:57:46
0,BELEQN,-2.8,BEL,EQ,N,384.75,16521484,386.0,387.5,382.7,387.55,6356310539.32,473.45,361.2,1374204727253.93,2026-07-30 16:00:29,0,-0.45,-6.57,30-Jul-2025,30-Jun-2026,18.734818882669764,-6.519933554817276,,,BHARAT ELECTRONICS LIMITED,-0.72,2026-07-30 20:57:46
0,NESTLEINDEQN,15.7,NESTLEIND,EQ,N,1519.0,3698063,1503.3,1532.6,1497.0,1503.3,5624568919.85,1532.6,1084.7,1086093281065.1,2026-07-30 16:00:29,0,36.14,8.1,30-Jul-2025,30-Jun-2026,0.8873809213101919,-40.03872038351618,,,NESTLE INDIA LIMITED,1.04,2026-07-30 20:57:46
0,SHRIRAMFINEQN,-15.7,SHRIRAMFIN,EQ,N,1029.0,5425880,1038.0,1051.0,1019.5,1044.7,5574711888.4,1108.0,566.5,1437137311112.52,2026-07-30 16:00:29,0,62.61,-1.26,30-Jul-2025,30-Jun-2026,7.129963898916968,-81.64165931156222,,,SHRIRAM FINANCE LIMITED,-1.5,2026-07-30 20:57:46
0,HINDUNILVREQN,-10.8,HINDUNILVR,EQ,N,2107.0,2602039,2120.0,2132.6,2088.0,2117.8,5478124747.48,2750.0,2016.0,1864069949678.92,2026-07-30 16:00:29,0,-13.56,-0.53,30-Jul-2025,30-Jun-2026,23.381818181818183,-4.513888888888889,,,HINDUSTAN UNILEVER LIMITED,-0.51,2026-07-30 20:57:46
0,ITCEQN,-0.7,ITC,EQ,N,285.55,18283697,286.1,288.4,283.75,286.25,5224200743.81,427.0,275.0,2744908844595.67,2026-07-30 16:00:29,0,-29.94,-0.49,30-Jul-2025,30-Jun-2026,33.12646370023419,-3.8363636363636364,,,ITC LIMITED,-0.24,2026-07-30 20:57:46
0,HCLTECHEQN,7.2,HCLTECH,EQ,N,1351.5,3747919,1349.0,1369.9,1345.6,1344.3,5097507152.71,1780.1,1030.0,1420880972267.0,2026-07-30 16:00:29,0,-8.47,26.1,30-Jul-2025,30-Jun-2026,24.077299028144488,-31.21359223300971,,,HCL TECHNOLOGIES LIMITED,0.54,2026-07-30 20:57:46
0,KOTAKBANKEQN,-2.6,KOTAKBANK,EQ,N,387.6,12205963,385.7,390.2,385.7,390.2,4742993102.54,453.2,345.5,2845977112500.26,2026-07-30 16:00:29,0,-1.11,-1.19,30-Jul-2025,30-Jun-2026,14.474845542806708,-12.185238784370478,,,KOTAK MAHINDRA BANK LIMITED,-0.67,2026-07-30 20:57:46
0,SUNPHARMAEQN,15.1,SUNPHARMA,EQ,N,2005.0,2224264,1993.1,2017.3,1988.0,1989.9,4464453730.24,2017.3,1548.0,2117111838529.49,2026-07-30 16:00:29,0,15.64,7.65,30-Jul-2025,30-Jun-2026,0.6097258712139989,-29.521963824289404,,,SUN PHARMACEUTICAL INDUSTRIES LIMITED,0.76,2026-07-30 20:57:46
0,HINDALCOEQN,7.05,HINDALCO,EQ,N,969.5,4259226,968.0,973.05,960.6,962.45,4118969687.82,1176.0,657.5,1399812364334.5,2026-07-30 16:00:29,0,40.75,1.35,30-Jul-2025,30-Jun-2026,17.55952380952381,-47.452471482889734,,,HINDALCO INDUSTRIES LIMITED,0.73,2026-07-30 20:57:46
0,ADANIENTEQN,25.5,ADANIENT,EQ,N,3050.0,1278332,3024.5,3060.9,2994.6,3024.5,3882677783.6,3245.0,1753.0,913098756508.21,2026-07-30 16:00:29,0,24.03,0.46,30-Jul-2025,30-Jun-2026,6.00924499229584,-73.9874500855676,,,ADANI ENTERPRISES LIMITED,0.84,2026-07-30 20:57:46
0,JIOFINEQN,-2.81,JIOFIN,EQ,N,246.67,15570324,248.75,249.9,245.1,249.48,3842755963.2,338.6,223.3,807083544996.55,2026-07-30 16:00:29,0,-22.99,4.33,30-Jul-2025,30-Jun-2026,27.15002953337271,-10.465741155396328,,,JIO FINANCIAL SERVICES LIMITED,-1.13,2026-07-30 20:57:46
0,TITANEQN,-6.3,TITAN,EQ,N,4843.9,777361,4820.9,4869.9,4820.9,4850.2,3767503407.33,4869.9,3303.1,1994286097671.63,2026-07-30 16:00:29,0,43.46,9.99,30-Jul-2025,30-Jun-2026,0.533891866362759,-46.64708909811995,,,TITAN COMPANY LIMITED,-0.13,2026-07-30 20:57:46
0,ULTRACEMCOEQN,92.0,ULTRACEMCO,EQ,N,11850.0,291418,11800.0,11861.0,11730.0,11998.0,3440801467.8,13110.0,10325.0,1398368106960.24,2026-07-30 16:00:29,0,-3.41,5.31,30-Jul-2025,30-Jun-2026,9.610983981693364,-14.76997578692494,,,ULTRATECH CEMENT LIMITED,0.78,2026-07-30 20:57:46
0,NTPCEQN,1.65,NTPC,EQ,N,345.15,9943764,343.5,347.65,341.85,343.5,3429504765.96,414.4,315.55,1631724403926.03,2026-07-30 16:00:29,0,1.87,-3.22,30-Jul-2025,30-Jun-2026,16.710907335907336,-9.380446838852796,,,NTPC LIMITED,0.48,2026-07-30 20:57:46
0,BAJAJ-AUTOEQN,107.0,BAJAJ-AUTO,EQ,N,11445.0,295600,11338.0,11525.0,11305.5,11338.0,3383889868.0,11532.0,7858.5,1264023467645.08,2026-07-30 16:00:29,0,42.29,17.8,30-Jul-2025,30-Jun-2026,0.7544224765868887,-45.63848062607368,,,BAJAJ AUTO LIMITED,0.94,2026-07-30 20:57:46
0,INDIGOEQN,-58.5,INDIGO,EQ,N,5218.0,549497,5210.0,5258.0,5194.0,5276.5,2872643931.69,6232.5,3895.2,1177843830371.66,2026-07-30 16:00:29,0,-9.09,-2.8,30-Jul-2025,30-Jun-2026,16.277577216205376,-33.95974532758267,,,INTERGLOBE AVIATION LIMITED,-1.11,2026-07-30 20:57:46
0,SBILIFEEQN,-27.8,SBILIFE,EQ,N,1867.1,1513264,1882.2,1910.0,1862.6,1894.9,2858843216.16,2132.0,1700.4,836655989360.71,2026-07-30 16:00:29,0,1.52,5.74,30-Jul-2025,30-Jun-2026,12.424953095684803,-9.803575629263703,,,SBI LIFE INSURANCE COMPANY LIMITED,-1.47,2026-07-30 20:57:46
0,ONGCEQN,2.99,ONGC,EQ,N,241.3,11419363,239.5,244.39,239.06,238.31,2768624559.35,307.5,227.65,934707283642.2,2026-07-30 16:00:29,0,-0.21,2.72,30-Jul-2025,30-Jun-2026,21.528455284552845,-5.996046562705908,,,OIL & NATURAL GAS CORPORATION LIMITED,1.25,2026-07-30 20:57:46
0,TATASTEELEQN,-0.28,TATASTEEL,EQ,N,186.99,13769746,188.01,188.99,186.1,187.27,2576732568.98,224.4,152.51,1541351160652.42,2026-07-30 16:00:29,0,15.88,-0.57,30-Jul-2025,30-Jun-2026,16.671122994652407,-22.60835355058685,,,TATA STEEL LIMITED,-0.15,2026-07-30 20:57:46
0,TRENTEQN,-1.3,TRENT,EQ,N,3003.9,806910,3020.2,3042.6,2982.0,3005.2,2423376664.8,3782.67,2183.67,996732662909.66,2026-07-30 16:00:29,0,-10.66,-8.49,30-Jul-2025,30-Jun-2026,20.58783874882028,-37.56199425737405,,,TRENT LIMITED,-0.04,2026-07-30 20:57:46
0,HDFCLIFEEQN,-11.65,HDFCLIFE,EQ,N,545.05,4394541,557.0,558.85,544.7,556.7,2406538542.42,815.0,543.0,588634041770.54,2026-07-30 16:00:29,0,-28.04,-5.35,30-Jul-2025,30-Jun-2026,33.122699386503065,-0.3775322283609576,,,HDFC LIFE INSURANCE COMPANY LIMITED,-2.09,2026-07-30 20:57:46
0,APOLLOHOSPEQN,24.0,APOLLOHOSP,EQ,N,8959.0,263013,8900.0,9009.0,8865.5,8935.0,2359053021.42,9009.0,6696.5,919392943478.69,2026-07-30 16:00:29,0,20.26,3.19,30-Jul-2025,30-Jun-2026,0.555000555000555,-33.78630627939969,,,APOLLO HOSPITALS ENTERPRISE LIMITED,0.27,2026-07-30 20:57:46
0,POWERGRIDEQN,2.5,POWERGRID,EQ,N,285.35,7903593,283.4,287.1,283.0,282.85,2254974118.83,324.95,250.0,1288609092539.81,2026-07-30 16:00:29,0,-1.25,-0.33,30-Jul-2025,30-Jun-2026,12.186490229266042,-14.14,,,POWER GRID CORPORATION OF INDIA LIMITED,0.88,2026-07-30 20:57:46
0,TMPVEQN,5.1,TMPV,EQ,N,334.9,6078600,328.2,335.0,328.05,329.8,2019797208.0,739.7,294.3,697961149137.43,2026-07-30 16:00:29,0,-49.9,-4.91,30-Jul-2025,30-Jun-2026,54.72488846829796,-13.795446822969758,,,TATA MOTORS PASSENGER VEHICLES LIMITED,1.55,2026-07-30 20:57:46
0,TATACONSUMEQN,-1.1,TATACONSUM,EQ,N,1095.0,1677784,1096.1,1108.9,1090.4,1096.1,1841636385.44,1282.7,1007.2,711099193573.79,2026-07-30 16:00:29,0,2.04,1.8,30-Jul-2025,30-Jun-2026,14.63319560302487,-8.717235901509135,,,TATA CONSUMER PRODUCTS LIMITED,-0.1,2026-07-30 20:57:46
0,MAXHEALTHEQN,12.6,MAXHEALTH,EQ,N,1124.0,1610692,1112.0,1135.9,1110.3,1111.4,1813574764.32,1301.7,903.0,834207449679.87,2026-07-30 16:00:29,0,-11.12,-0.46,30-Jul-2025,30-Jun-2026,13.65137896596758,-24.473975636766333,,,MAX HEALTHCARE INSTITUTE LIMITED,1.13,2026-07-30 20:57:46
0,DRREDDYEQN,2.0,DRREDDY,EQ,N,1144.3,1350714,1143.0,1151.0,1139.0,1142.3,1544257809.06,1414.9,1101.0,695598263003.41,2026-07-30 16:00:29,0,-11.44,-15.68,30-Jul-2025,30-Jun-2026,19.125026503639834,-3.932788374205268,,,DR. REDDY'S LABORATORIES LIMITED,0.18,2026-07-30 20:57:46
0,BAJAJFINSVEQN,-15.4,BAJAJFINSV,EQ,N,1909.0,752615,1918.3,1933.4,1892.3,1924.4,1435951789.25,2195.0,1597.0,1102070234202.81,2026-07-30 16:00:29,0,-2.59,7.24,30-Jul-2025,30-Jun-2026,13.029612756264237,-19.536631183469005,,,BAJAJ FINSERV LIMITED,-0.8,2026-07-30 20:57:46
0,CIPLAEQN,-6.3,CIPLA,EQ,N,1468.0,833068,1478.8,1483.8,1464.1,1474.3,1226700960.68,1673.0,1165.7,823709433326.43,2026-07-30 16:00:29,0,-5.86,0.18,30-Jul-2025,30-Jun-2026,12.253436939629408,-25.93291584455692,,,CIPLA LIMITED,-0.43,2026-07-30 20:57:46
0,JSWSTEELEQN,-8.1,JSWSTEEL,EQ,N,1268.5,923153,1279.1,1304.5,1261.5,1276.6,1171176516.51,1328.0,1018.0,1186453565545.05,2026-07-30 16:00:29,0,22.22,3.43,30-Jul-2025,30-Jun-2026,4.480421686746988,-24.607072691552062,,,JSW STEEL LIMITED,-0.63,2026-07-30 20:57:46
0,GRASIMEQN,-12.9,GRASIM,EQ,N,3100.1,301353,3115.0,3115.5,3085.5,3113.0,933920068.77,3246.0,2502.5,1166435037062.31,2026-07-30 16:00:29,0,12.38,0.0,30-Jul-2025,30-Jun-2026,4.494762784966112,-23.88011988011988,,,GRASIM INDUSTRIES LIMITED,-0.41,2026-07-30 20:57:46
1,NIFTY 50,66.95,NIFTY 50,,,24317.15,400636260,24249.55,24342.95,24187.1,24250.2,335660224755.62,26373.2,22182.55,,2026-07-30 15:39:59,0,-2.16,1.89,29-Jul-2025,29-Jun-2026,7.795982285046942,-9.622879245172443,,,,0.28,2026-07-30 20:58:17
0,HDFCBANKEQN,5.2,HDFCBANK,EQ,N,753.4,35844392,752.8,757.9,745.5,748.2,26916270840.64,1020.5,726.65,11507952979097.49,2026-07-30 16:00:29,0,-25.62,-5.58,30-Jul-2025,30-Jun-2026,26.1734443900049,-3.6812770935113193,,,HDFC BANK LIMITED,0.7,2026-07-30 20:58:17
0,INFYEQN,-0.6,INFY,EQ,N,1155.0,22630218,1168.0,1187.7,1151.3,1155.6,26545698318.36,1728.0,982.4,4040155038730.84,2026-07-30 16:00:29,0,-23.96,15.45,30-Jul-2025,30-Jun-2026,33.15972222222222,-17.569218241042346,,,INFOSYS LIMITED,-0.05,2026-07-30 20:58:17
0,ICICIBANKEQN,-7.9,ICICIBANK,EQ,N,1430.0,14141173,1431.1,1442.2,1422.6,1437.9,20232907504.94,1494.5,1187.6,10218404351568.66,2026-07-30 16:00:29,0,-3.53,3.98,30-Jul-2025,30-Jun-2026,4.315824690531951,-20.410912765240823,,,ICICI BANK LIMITED,-0.55,2026-07-30 20:58:17
0,M&MEQN,72.8,M&M,EQ,N,3294.6,4851980,3220.0,3327.0,3197.5,3221.8,15866023119.8,3839.9,2896.0,2933123350768.73,2026-07-30 16:00:29,0,2.67,7.36,30-Jul-2025,30-Jun-2026,14.200890648193964,-13.763812154696133,,,MAHINDRA & MAHINDRA LIMITED,2.26,2026-07-30 20:58:17
0,RELIANCEEQN,13.5,RELIANCE,EQ,N,1289.4,12158451,1279.8,1297.0,1275.3,1275.9,15689386754.91,1611.8,1249.8,8686354311529.18,2026-07-30 16:00:29,0,-8.56,-0.35,30-Jul-2025,30-Jun-2026,20.002481697481077,-3.168506961113778,,,RELIANCE INDUSTRIES LIMITED,1.06,2026-07-30 20:58:17
0,TCSEQN,-12.6,TCS,EQ,N,2434.0,4901582,2440.0,2495.0,2423.0,2446.6,12055686008.1,3350.0,1976.8,2478110387443.66,2026-07-30 16:00:29,0,-20.29,19.81,30-Jul-2025,30-Jun-2026,27.34328358208955,-23.128288142452448,,,TATA CONSULTANCY SERVICES LIMITED,-0.52,2026-07-30 20:58:17
0,EICHERMOTEQN,130.0,EICHERMOT,EQ,N,7909.0,1496307,7869.5,7930.0,7730.0,7779.0,11742478665.48,8230.0,5353.0,1086933343021.75,2026-07-30 16:00:29,0,44.3,11.81,30-Jul-2025,30-Jun-2026,3.9003645200486026,-47.748925835979826,,,EICHER MOTORS LIMITED,1.67,2026-07-30 20:58:17
0,BHARTIARTLEQN,-3.6,BHARTIARTL,EQ,N,1946.6,5356472,1954.0,1963.2,1943.9,1950.2,10462475369.28,2174.5,1740.5,6044959384312.81,2026-07-30 16:00:29,0,0.72,5.11,30-Jul-2025,30-Jun-2026,10.48057024603357,-11.841424877908647,,,BHARTI AIRTEL LIMITED,-0.18,2026-07-30 20:58:17
0,BAJFINANCEEQN,3.6,BAJFINANCE,EQ,N,1058.0,9866564,1046.0,1068.0,1035.1,1054.4,10348150988.84,1102.5,787.9,2827745664588.37,2026-07-30 16:00:29,0,19.57,5.3,30-Jul-2025,30-Jun-2026,4.036281179138322,-34.28100012691966,,,BAJAJ FINANCE LIMITED,0.34,2026-07-30 20:58:17
0,WIPROEQN,2.8,WIPRO,EQ,N,186.41,54015268,183.4,191.34,183.4,183.61,10162972674.2,273.1,169.0,502918719962.09,2026-07-30 16:00:29,0,-25.5,9.4,30-Jul-2025,30-Jun-2026,31.74295129989015,-10.301775147928995,,,WIPRO LIMITED,1.52,2026-07-30 20:58:17
0,ETERNALEQN,-1.75,ETERNAL,EQ,N,310.05,32431887,307.0,312.25,305.0,311.8,9972480933.63,368.45,212.6,2235244736574.58,2026-07-30 16:00:29,0,2.17,17.18,30-Jul-2025,30-Jun-2026,15.850183199891438,-45.83725305738476,,,ETERNAL LIMITED,-0.56,2026-07-30 20:58:17
0,COALINDIAEQN,7.35,COALINDIA,EQ,N,417.4,23225454,412.95,418.3,410.1,410.05,9640653700.86,491.25,368.65,997004023159.33,2026-07-30 16:00:29,0,9.87,-4.93,30-Jul-2025,30-Jun-2026,15.033078880407125,-13.223925132239252,,,COAL INDIA LIMITED,1.79,2026-07-30 20:58:17
0,ADANIPORTSEQN,-58.2,ADANIPORTS,EQ,N,1661.5,5395211,1726.7,1727.7,1658.4,1719.7,9016638479.53,1891.1,1290.5,1222323805848.08,2026-07-30 16:00:29,0,19.19,-8.21,30-Jul-2025,30-Jun-2026,12.141081909999471,-28.748547074777218,,,ADANI PORTS AND SPECIAL ECONOMIC ZONE LIMITED,-3.38,2026-07-30 20:58:17
0,MARUTIEQN,232.0,MARUTI,EQ,N,14180.0,626000,13939.0,14250.0,13825.0,13948.0,8763230020.0,17370.0,12201.0,1844681206163.64,2026-07-30 16:00:29,0,12.38,0.46,30-Jul-2025,30-Jun-2026,18.364997121473806,-16.21998196869109,,,MARUTI SUZUKI INDIA LIMITED,1.66,2026-07-30 20:58:17
0,AXISBANKEQN,-4.6,AXISBANK,EQ,N,1230.8,6878684,1229.0,1232.2,1220.2,1235.4,8429689668.32,1418.3,1042.5,3525636537742.45,2026-07-30 16:00:29,0,14.67,-8.54,30-Jul-2025,30-Jun-2026,13.220052175139251,-18.062350119904078,,,AXIS BANK LIMITED,-0.37,2026-07-30 20:58:17
0,LTEQN,9.1,LT,EQ,N,3940.5,2141252,3931.4,3951.7,3883.5,3931.4,8412872045.4,4440.0,3288.1,4599211741518.72,2026-07-30 16:00:29,0,7.51,-4.9,30-Jul-2025,30-Jun-2026,11.25,-19.841245704206077,,,LARSEN & TOUBRO LIMITED,0.23,2026-07-30 20:58:17
0,SBINEQN,10.3,SBIN,EQ,N,1024.0,6847458,1013.5,1028.3,1007.6,1013.7,6986940719.46,1234.7,786.55,4220811397058.94,2026-07-30 16:00:29,0,27.74,-0.28,30-Jul-2025,30-Jun-2026,17.064874058475745,-30.188799186320004,,,STATE BANK OF INDIA,1.02,2026-07-30 20:58:17
0,TECHMEQN,17.2,TECHM,EQ,N,1661.4,4167643,1649.0,1686.6,1638.1,1644.2,6976926117.01,1854.0,1304.1,1052212537214.25,2026-07-30 16:00:29,0,13.55,18.27,30-Jul-2025,30-Jun-2026,10.388349514563107,-27.398205659075224,,,TECH MAHINDRA LIMITED,1.05,2026-07-30 20:58:17
0,ASIANPAINTEQN,-8.4,ASIANPAINT,EQ,N,2750.0,2387024,2758.1,2767.9,2666.2,2758.4,6501966933.12,2985.7,2115.0,1240145623693.76,2026-07-30 16:00:29,0,13.83,4.34,30-Jul-2025,30-Jun-2026,7.894296144957631,-30.023640661938533,,,ASIAN PAINTS LIMITED,-0.3,2026-07-30 20:58:17
0,BELEQN,-2.8,BEL,EQ,N,384.75,16521484,386.0,387.5,382.7,387.55,6356310539.32,473.45,361.2,1374204727253.93,2026-07-30 16:00:29,0,-0.45,-6.57,30-Jul-2025,30-Jun-2026,18.734818882669764,-6.519933554817276,,,BHARAT ELECTRONICS LIMITED,-0.72,2026-07-30 20:58:17
0,NESTLEINDEQN,15.7,NESTLEIND,EQ,N,1519.0,3698063,1503.3,1532.6,1497.0,1503.3,5624568919.85,1532.6,1084.7,1086093281065.1,2026-07-30 16:00:29,0,36.14,8.1,30-Jul-2025,30-Jun-2026,0.8873809213101919,-40.03872038351618,,,NESTLE INDIA LIMITED,1.04,2026-07-30 20:58:17
0,SHRIRAMFINEQN,-15.7,SHRIRAMFIN,EQ,N,1029.0,5425880,1038.0,1051.0,1019.5,1044.7,5574711888.4,1108.0,566.5,1437137311112.52,2026-07-30 16:00:29,0,62.61,-1.26,30-Jul-2025,30-Jun-2026,7.129963898916968,-81.64165931156222,,,SHRIRAM FINANCE LIMITED,-1.5,2026-07-30 20:58:17
0,HINDUNILVREQN,-10.8,HINDUNILVR,EQ,N,2107.0,2602039,2120.0,2132.6,2088.0,2117.8,5478124747.48,2750.0,2016.0,1864069949678.92,2026-07-30 16:00:29,0,-13.56,-0.53,30-Jul-2025,30-Jun-2026,23.381818181818183,-4.513888888888889,,,HINDUSTAN UNILEVER LIMITED,-0.51,2026-07-30 20:58:17
0,ITCEQN,-0.7,ITC,EQ,N,285.55,18283697,286.1,288.4,283.75,286.25,5224200743.81,427.0,275.0,2744908844595.67,2026-07-30 16:00:29,0,-29.94,-0.49,30-Jul-2025,30-Jun-2026,33.12646370023419,-3.8363636363636364,,,ITC LIMITED,-0.24,2026-07-30 20:58:17
0,HCLTECHEQN,7.2,HCLTECH,EQ,N,1351.5,3747919,1349.0,1369.9,1345.6,1344.3,5097507152.71,1780.1,1030.0,1420880972267.0,2026-07-30 16:00:29,0,-8.47,26.1,30-Jul-2025,30-Jun-2026,24.077299028144488,-31.21359223300971,,,HCL TECHNOLOGIES LIMITED,0.54,2026-07-30 20:58:17
0,KOTAKBANKEQN,-2.6,KOTAKBANK,EQ,N,387.6,12205963,385.7,390.2,385.7,390.2,4742993102.54,453.2,345.5,2845977112500.26,2026-07-30 16:00:29,0,-1.11,-1.19,30-Jul-2025,30-Jun-2026,14.474845542806708,-12.185238784370478,,,KOTAK MAHINDRA BANK LIMITED,-0.67,2026-07-30 20:58:17
0,SUNPHARMAEQN,15.1,SUNPHARMA,EQ,N,2005.0,2224264,1993.1,2017.3,1988.0,1989.9,4464453730.24,2017.3,1548.0,2117111838529.49,2026-07-30 16:00:29,0,15.64,7.65,30-Jul-2025,30-Jun-2026,0.6097258712139989,-29.521963824289404,,,SUN PHARMACEUTICAL INDUSTRIES LIMITED,0.76,2026-07-30 20:58:17
0,HINDALCOEQN,7.05,HINDALCO,EQ,N,969.5,4259226,968.0,973.05,960.6,962.45,4118969687.82,1176.0,657.5,1399812364334.5,2026-07-30 16:00:29,0,40.75,1.35,30-Jul-2025,30-Jun-2026,17.55952380952381,-47.452471482889734,,,HINDALCO INDUSTRIES LIMITED,0.73,2026-07-30 20:58:17
0,ADANIENTEQN,25.5,ADANIENT,EQ,N,3050.0,1278332,3024.5,3060.9,2994.6,3024.5,3882677783.6,3245.0,1753.0,913098756508.21,2026-07-30 16:00:29,0,24.03,0.46,30-Jul-2025,30-Jun-2026,6.00924499229584,-73.9874500855676,,,ADANI ENTERPRISES LIMITED,0.84,2026-07-30 20:58:17
0,JIOFINEQN,-2.81,JIOFIN,EQ,N,246.67,15570324,248.75,249.9,245.1,249.48,3842755963.2,338.6,223.3,807083544996.55,2026-07-30 16:00:29,0,-22.99,4.33,30-Jul-2025,30-Jun-2026,27.15002953337271,-10.465741155396328,,,JIO FINANCIAL SERVICES LIMITED,-1.13,2026-07-30 20:58:17
0,TITANEQN,-6.3,TITAN,EQ,N,4843.9,777361,4820.9,4869.9,4820.9,4850.2,3767503407.33,4869.9,3303.1,1994286097671.63,2026-07-30 16:00:29,0,43.46,9.99,30-Jul-2025,30-Jun-2026,0.533891866362759,-46.64708909811995,,,TITAN COMPANY LIMITED,-0.13,2026-07-30 20:58:17
0,ULTRACEMCOEQN,92.0,ULTRACEMCO,EQ,N,11850.0,291418,11800.0,11861.0,11730.0,11998.0,3440801467.8,13110.0,10325.0,1398368106960.24,2026-07-30 16:00:29,0,-3.41,5.31,30-Jul-2025,30-Jun-2026,9.610983981693364,-14.76997578692494,,,ULTRATECH CEMENT LIMITED,0.78,2026-07-30 20:58:17
0,NTPCEQN,1.65,NTPC,EQ,N,345.15,9943764,343.5,347.65,341.85,343.5,3429504765.96,414.4,315.55,1631724403926.03,2026-07-30 16:00:29,0,1.87,-3.22,30-Jul-2025,30-Jun-2026,16.710907335907336,-9.380446838852796,,,NTPC LIMITED,0.48,2026-07-30 20:58:17
0,BAJAJ-AUTOEQN,107.0,BAJAJ-AUTO,EQ,N,11445.0,295600,11338.0,11525.0,11305.5,11338.0,3383889868.0,11532.0,7858.5,1264023467645.08,2026-07-30 16:00:29,0,42.29,17.8,30-Jul-2025,30-Jun-2026,0.7544224765868887,-45.63848062607368,,,BAJAJ AUTO LIMITED,0.94,2026-07-30 20:58:17
0,INDIGOEQN,-58.5,INDIGO,EQ,N,5218.0,549497,5210.0,5258.0,5194.0,5276.5,2872643931.69,6232.5,3895.2,1177843830371.66,2026-07-30 16:00:29,0,-9.09,-2.8,30-Jul-2025,30-Jun-2026,16.277577216205376,-33.95974532758267,,,INTERGLOBE AVIATION LIMITED,-1.11,2026-07-30 20:58:17
0,SBILIFEEQN,-27.8,SBILIFE,EQ,N,1867.1,1513264,1882.2,1910.0,1862.6,1894.9,2858843216.16,2132.0,1700.4,836655989360.71,2026-07-30 16:00:29,0,1.52,5.74,30-Jul-2025,30-Jun-2026,12.424953095684803,-9.803575629263703,,,SBI LIFE INSURANCE COMPANY LIMITED,-1.47,2026-07-30 20:58:17
0,ONGCEQN,2.99,ONGC,EQ,N,241.3,11419363,239.5,244.39,239.06,238.31,2768624559.35,307.5,227.65,934707283642.2,2026-07-30 16:00:29,0,-0.21,2.72,30-Jul-2025,30-Jun-2026,21.528455284552845,-5.996046562705908,,,OIL & NATURAL GAS CORPORATION LIMITED,1.25,2026-07-30 20:58:17
0,TATASTEELEQN,-0.28,TATASTEEL,EQ,N,186.99,13769746,188.01,188.99,186.1,187.27,2576732568.98,224.4,152.51,1541351160652.42,2026-07-30 16:00:29,0,15.88,-0.57,30-Jul-2025,30-Jun-2026,16.671122994652407,-22.60835355058685,,,TATA STEEL LIMITED,-0.15,2026-07-30 20:58:17
0,TRENTEQN,-1.3,TRENT,EQ,N,3003.9,806910,3020.2,3042.6,2982.0,3005.2,2423376664.8,3782.67,2183.67,996732662909.66,2026-07-30 16:00:29,0,-10.66,-8.49,30-Jul-2025,30-Jun-2026,20.58783874882028,-37.56199425737405,,,TRENT LIMITED,-0.04,2026-07-30 20:58:17
0,HDFCLIFEEQN,-11.65,HDFCLIFE,EQ,N,545.05,4394541,557.0,558.85,544.7,556.7,2406538542.42,815.0,543.0,588634041770.54,2026-07-30 16:00:29,0,-28.04,-5.35,30-Jul-2025,30-Jun-2026,33.122699386503065,-0.3775322283609576,,,HDFC LIFE INSURANCE COMPANY LIMITED,-2.09,2026-07-30 20:58:17
0,APOLLOHOSPEQN,24.0,APOLLOHOSP,EQ,N,8959.0,263013,8900.0,9009.0,8865.5,8935.0,2359053021.42,9009.0,6696.5,919392943478.69,2026-07-30 16:00:29,0,20.26,3.19,30-Jul-2025,30-Jun-2026,0.555000555000555,-33.78630627939969,,,APOLLO HOSPITALS ENTERPRISE LIMITED,0.27,2026-07-30 20:58:17
0,POWERGRIDEQN,2.5,POWERGRID,EQ,N,285.35,7903593,283.4,287.1,283.0,282.85,2254974118.83,324.95,250.0,1288609092539.81,2026-07-30 16:00:29,0,-1.25,-0.33,30-Jul-2025,30-Jun-2026,12.186490229266042,-14.14,,,POWER GRID CORPORATION OF INDIA LIMITED,0.88,2026-07-30 20:58:17
0,TMPVEQN,5.1,TMPV,EQ,N,334.9,6078600,328.2,335.0,328.05,329.8,2019797208.0,739.7,294.3,697961149137.43,2026-07-30 16:00:29,0,-49.9,-4.91,30-Jul-2025,30-Jun-2026,54.72488846829796,-13.795446822969758,,,TATA MOTORS PASSENGER VEHICLES LIMITED,1.55,2026-07-30 20:58:17
0,TATACONSUMEQN,-1.1,TATACONSUM,EQ,N,1095.0,1677784,1096.1,1108.9,1090.4,1096.1,1841636385.44,1282.7,1007.2,711099193573.79,2026-07-30 16:00:29,0,2.04,1.8,30-Jul-2025,30-Jun-2026,14.63319560302487,-8.717235901509135,,,TATA CONSUMER PRODUCTS LIMITED,-0.1,2026-07-30 20:58:17
0,MAXHEALTHEQN,12.6,MAXHEALTH,EQ,N,1124.0,1610692,1112.0,1135.9,1110.3,1111.4,1813574764.32,1301.7,903.0,834207449679.87,2026-07-30 16:00:29,0,-11.12,-0.46,30-Jul-2025,30-Jun-2026,13.65137896596758,-24.473975636766333,,,MAX HEALTHCARE INSTITUTE LIMITED,1.13,2026-07-30 20:58:17
0,DRREDDYEQN,2.0,DRREDDY,EQ,N,1144.3,1350714,1143.0,1151.0,1139.0,1142.3,1544257809.06,1414.9,1101.0,695598263003.41,2026-07-30 16:00:29,0,-11.44,-15.68,30-Jul-2025,30-Jun-2026,19.125026503639834,-3.932788374205268,,,DR. REDDY'S LABORATORIES LIMITED,0.18,2026-07-30 20:58:17
0,BAJAJFINSVEQN,-15.4,BAJAJFINSV,EQ,N,1909.0,752615,1918.3,1933.4,1892.3,1924.4,1435951789.25,2195.0,1597.0,1102070234202.81,2026-07-30 16:00:29,0,-2.59,7.24,30-Jul-2025,30-Jun-2026,13.029612756264237,-19.536631183469005,,,BAJAJ FINSERV LIMITED,-0.8,2026-07-30 20:58:17
0,CIPLAEQN,-6.3,CIPLA,EQ,N,1468.0,833068,1478.8,1483.8,1464.1,1474.3,1226700960.68,1673.0,1165.7,823709433326.43,2026-07-30 16:00:29,0,-5.86,0.18,30-Jul-2025,30-Jun-2026,12.253436939629408,-25.93291584455692,,,CIPLA LIMITED,-0.43,2026-07-30 20:58:17
0,JSWSTEELEQN,-8.1,JSWSTEEL,EQ,N,1268.5,923153,1279.1,1304.5,1261.5,1276.6,1171176516.51,1328.0,1018.0,1186453565545.05,2026-07-30 16:00:29,0,22.22,3.43,30-Jul-2025,30-Jun-2026,4.480421686746988,-24.607072691552062,,,JSW STEEL LIMITED,-0.63,2026-07-30 20:58:17
0,GRASIMEQN,-12.9,GRASIM,EQ,N,3100.1,301353,3115.0,3115.5,3085.5,3113.0,933920068.77,3246.0,2502.5,1166435037062.31,2026-07-30 16:00:29,0,12.38,0.0,30-Jul-2025,30-Jun-2026,4.494762784966112,-23.88011988011988,,,GRASIM INDUSTRIES LIMITED,-0.41,2026-07-30 20:58:17
1,NIFTY 50,66.95,NIFTY 50,,,24317.15,400636260,24249.55,24342.95,24187.1,24250.2,335660224755.62,26373.2,22182.55,,2026-07-30 15:39:59,0,-2.16,1.89,29-Jul-2025,29-Jun-2026,7.795982285046942,-9.622879245172443,,,,0.28,2026-07-30 20:58:47
0,HDFCBANKEQN,5.2,HDFCBANK,EQ,N,753.4,35844392,752.8,757.9,745.5,748.2,26916270840.64,1020.5,726.65,11507952979097.49,2026-07-30 16:00:29,0,-25.62,-5.58,30-Jul-2025,30-Jun-2026,26.1734443900049,-3.6812770935113193,,,HDFC BANK LIMITED,0.7,2026-07-30 20:58:47
0,INFYEQN,-0.6,INFY,EQ,N,1155.0,22630218,1168.0,1187.7,1151.3,1155.6,26545698318.36,1728.0,982.4,4040155038730.84,2026-07-30 16:00:29,0,-23.96,15.45,30-Jul-2025,30-Jun-2026,33.15972222222222,-17.569218241042346,,,INFOSYS LIMITED,-0.05,2026-07-30 20:58:47
0,ICICIBANKEQN,-7.9,ICICIBANK,EQ,N,1430.0,14141173,1431.1,1442.2,1422.6,1437.9,20232907504.94,1494.5,1187.6,10218404351568.66,2026-07-30 16:00:29,0,-3.53,3.98,30-Jul-2025,30-Jun-2026,4.315824690531951,-20.410912765240823,,,ICICI BANK LIMITED,-0.55,2026-07-30 20:58:47
0,M&MEQN,72.8,M&M,EQ,N,3294.6,4851980,3220.0,3327.0,3197.5,3221.8,15866023119.8,3839.9,2896.0,2933123350768.73,2026-07-30 16:00:29,0,2.67,7.36,30-Jul-2025,30-Jun-2026,14.200890648193964,-13.763812154696133,,,MAHINDRA & MAHINDRA LIMITED,2.26,2026-07-30 20:58:47
0,RELIANCEEQN,13.5,RELIANCE,EQ,N,1289.4,12158451,1279.8,1297.0,1275.3,1275.9,15689386754.91,1611.8,1249.8,8686354311529.18,2026-07-30 16:00:29,0,-8.56,-0.35,30-Jul-2025,30-Jun-2026,20.002481697481077,-3.168506961113778,,,RELIANCE INDUSTRIES LIMITED,1.06,2026-07-30 20:58:47
0,TCSEQN,-12.6,TCS,EQ,N,2434.0,4901582,2440.0,2495.0,2423.0,2446.6,12055686008.1,3350.0,1976.8,2478110387443.66,2026-07-30 16:00:29,0,-20.29,19.81,30-Jul-2025,30-Jun-2026,27.34328358208955,-23.128288142452448,,,TATA CONSULTANCY SERVICES LIMITED,-0.52,2026-07-30 20:58:47
0,EICHERMOTEQN,130.0,EICHERMOT,EQ,N,7909.0,1496307,7869.5,7930.0,7730.0,7779.0,11742478665.48,8230.0,5353.0,1086933343021.75,2026-07-30 16:00:29,0,44.3,11.81,30-Jul-2025,30-Jun-2026,3.9003645200486026,-47.748925835979826,,,EICHER MOTORS LIMITED,1.67,2026-07-30 20:58:47
0,BHARTIARTLEQN,-3.6,BHARTIARTL,EQ,N,1946.6,5356472,1954.0,1963.2,1943.9,1950.2,10462475369.28,2174.5,1740.5,6044959384312.81,2026-07-30 16:00:29,0,0.72,5.11,30-Jul-2025,30-Jun-2026,10.48057024603357,-11.841424877908647,,,BHARTI AIRTEL LIMITED,-0.18,2026-07-30 20:58:47
0,BAJFINANCEEQN,3.6,BAJFINANCE,EQ,N,1058.0,9866564,1046.0,1068.0,1035.1,1054.4,10348150988.84,1102.5,787.9,2827745664588.37,2026-07-30 16:00:29,0,19.57,5.3,30-Jul-2025,30-Jun-2026,4.036281179138322,-34.28100012691966,,,BAJAJ FINANCE LIMITED,0.34,2026-07-30 20:58:47
0,WIPROEQN,2.8,WIPRO,EQ,N,186.41,54015268,183.4,191.34,183.4,183.61,10162972674.2,273.1,169.0,502918719962.09,2026-07-30 16:00:29,0,-25.5,9.4,30-Jul-2025,30-Jun-2026,31.74295129989015,-10.301775147928995,,,WIPRO LIMITED,1.52,2026-07-30 20:58:47
0,ETERNALEQN,-1.75,ETERNAL,EQ,N,310.05,32431887,307.0,312.25,305.0,311.8,9972480933.63,368.45,212.6,2235244736574.58,2026-07-30 16:00:29,0,2.17,17.18,30-Jul-2025,30-Jun-2026,15.850183199891438,-45.83725305738476,,,ETERNAL LIMITED,-0.56,2026-07-30 20:58:47
0,COALINDIAEQN,7.35,COALINDIA,EQ,N,417.4,23225454,412.95,418.3,410.1,410.05,9640653700.86,491.25,368.65,997004023159.33,2026-07-30 16:00:29,0,9.87,-4.93,30-Jul-2025,30-Jun-2026,15.033078880407125,-13.223925132239252,,,COAL INDIA LIMITED,1.79,2026-07-30 20:58:47
0,ADANIPORTSEQN,-58.2,ADANIPORTS,EQ,N,1661.5,5395211,1726.7,1727.7,1658.4,1719.7,9016638479.53,1891.1,1290.5,1222323805848.08,2026-07-30 16:00:29,0,19.19,-8.21,30-Jul-2025,30-Jun-2026,12.141081909999471,-28.748547074777218,,,ADANI PORTS AND SPECIAL ECONOMIC ZONE LIMITED,-3.38,2026-07-30 20:58:47
0,MARUTIEQN,232.0,MARUTI,EQ,N,14180.0,626000,13939.0,14250.0,13825.0,13948.0,8763230020.0,17370.0,12201.0,1844681206163.64,2026-07-30 16:00:29,0,12.38,0.46,30-Jul-2025,30-Jun-2026,18.364997121473806,-16.21998196869109,,,MARUTI SUZUKI INDIA LIMITED,1.66,2026-07-30 20:58:47
0,AXISBANKEQN,-4.6,AXISBANK,EQ,N,1230.8,6878684,1229.0,1232.2,1220.2,1235.4,8429689668.32,1418.3,1042.5,3525636537742.45,2026-07-30 16:00:29,0,14.67,-8.54,30-Jul-2025,30-Jun-2026,13.220052175139251,-18.062350119904078,,,AXIS BANK LIMITED,-0.37,2026-07-30 20:58:47
0,LTEQN,9.1,LT,EQ,N,3940.5,2141252,3931.4,3951.7,3883.5,3931.4,8412872045.4,4440.0,3288.1,4599211741518.72,2026-07-30 16:00:29,0,7.51,-4.9,30-Jul-2025,30-Jun-2026,11.25,-19.841245704206077,,,LARSEN & TOUBRO LIMITED,0.23,2026-07-30 20:58:47
0,SBINEQN,10.3,SBIN,EQ,N,1024.0,6847458,1013.5,1028.3,1007.6,1013.7,6986940719.46,1234.7,786.55,4220811397058.94,2026-07-30 16:00:29,0,27.74,-0.28,30-Jul-2025,30-Jun-2026,17.064874058475745,-30.188799186320004,,,STATE BANK OF INDIA,1.02,2026-07-30 20:58:47
0,TECHMEQN,17.2,TECHM,EQ,N,1661.4,4167643,1649.0,1686.6,1638.1,1644.2,6976926117.01,1854.0,1304.1,1052212537214.25,2026-07-30 16:00:29,0,13.55,18.27,30-Jul-2025,30-Jun-2026,10.388349514563107,-27.398205659075224,,,TECH MAHINDRA LIMITED,1.05,2026-07-30 20:58:47
0,ASIANPAINTEQN,-8.4,ASIANPAINT,EQ,N,2750.0,2387024,2758.1,2767.9,2666.2,2758.4,6501966933.12,2985.7,2115.0,1240145623693.76,2026-07-30 16:00:29,0,13.83,4.34,30-Jul-2025,30-Jun-2026,7.894296144957631,-30.023640661938533,,,ASIAN PAINTS LIMITED,-0.3,2026-07-30 20:58:47
0,BELEQN,-2.8,BEL,EQ,N,384.75,16521484,386.0,387.5,382.7,387.55,6356310539.32,473.45,361.2,1374204727253.93,2026-07-30 16:00:29,0,-0.45,-6.57,30-Jul-2025,30-Jun-2026,18.734818882669764,-6.519933554817276,,,BHARAT ELECTRONICS LIMITED,-0.72,2026-07-30 20:58:47
0,NESTLEINDEQN,15.7,NESTLEIND,EQ,N,1519.0,3698063,1503.3,1532.6,1497.0,1503.3,5624568919.85,1532.6,1084.7,1086093281065.1,2026-07-30 16:00:29,0,36.14,8.1,30-Jul-2025,30-Jun-2026,0.8873809213101919,-40.03872038351618,,,NESTLE INDIA LIMITED,1.04,2026-07-30 20:58:47
0,SHRIRAMFINEQN,-15.7,SHRIRAMFIN,EQ,N,1029.0,5425880,1038.0,1051.0,1019.5,1044.7,5574711888.4,1108.0,566.5,1437137311112.52,2026-07-30 16:00:29,0,62.61,-1.26,30-Jul-2025,30-Jun-2026,7.129963898916968,-81.64165931156222,,,SHRIRAM FINANCE LIMITED,-1.5,2026-07-30 20:58:47
0,HINDUNILVREQN,-10.8,HINDUNILVR,EQ,N,2107.0,2602039,2120.0,2132.6,2088.0,2117.8,5478124747.48,2750.0,2016.0,1864069949678.92,2026-07-30 16:00:29,0,-13.56,-0.53,30-Jul-2025,30-Jun-2026,23.381818181818183,-4.513888888888889,,,HINDUSTAN UNILEVER LIMITED,-0.51,2026-07-30 20:58:47
0,ITCEQN,-0.7,ITC,EQ,N,285.55,18283697,286.1,288.4,283.75,286.25,5224200743.81,427.0,275.0,2744908844595.67,2026-07-30 16:00:29,0,-29.94,-0.49,30-Jul-2025,30-Jun-2026,33.12646370023419,-3.8363636363636364,,,ITC LIMITED,-0.24,2026-07-30 20:58:47
0,HCLTECHEQN,7.2,HCLTECH,EQ,N,1351.5,3747919,1349.0,1369.9,1345.6,1344.3,5097507152.71,1780.1,1030.0,1420880972267.0,2026-07-30 16:00:29,0,-8.47,26.1,30-Jul-2025,30-Jun-2026,24.077299028144488,-31.21359223300971,,,HCL TECHNOLOGIES LIMITED,0.54,2026-07-30 20:58:47
0,KOTAKBANKEQN,-2.6,KOTAKBANK,EQ,N,387.6,12205963,385.7,390.2,385.7,390.2,4742993102.54,453.2,345.5,2845977112500.26,2026-07-30 16:00:29,0,-1.11,-1.19,30-Jul-2025,30-Jun-2026,14.474845542806708,-12.185238784370478,,,KOTAK MAHINDRA BANK LIMITED,-0.67,2026-07-30 20:58:47
0,SUNPHARMAEQN,15.1,SUNPHARMA,EQ,N,2005.0,2224264,1993.1,2017.3,1988.0,1989.9,4464453730.24,2017.3,1548.0,2117111838529.49,2026-07-30 16:00:29,0,15.64,7.65,30-Jul-2025,30-Jun-2026,0.6097258712139989,-29.521963824289404,,,SUN PHARMACEUTICAL INDUSTRIES LIMITED,0.76,2026-07-30 20:58:47
0,HINDALCOEQN,7.05,HINDALCO,EQ,N,969.5,4259226,968.0,973.05,960.6,962.45,4118969687.82,1176.0,657.5,1399812364334.5,2026-07-30 16:00:29,0,40.75,1.35,30-Jul-2025,30-Jun-2026,17.55952380952381,-47.452471482889734,,,HINDALCO INDUSTRIES LIMITED,0.73,2026-07-30 20:58:47
0,ADANIENTEQN,25.5,ADANIENT,EQ,N,3050.0,1278332,3024.5,3060.9,2994.6,3024.5,3882677783.6,3245.0,1753.0,913098756508.21,2026-07-30 16:00:29,0,24.03,0.46,30-Jul-2025,30-Jun-2026,6.00924499229584,-73.9874500855676,,,ADANI ENTERPRISES LIMITED,0.84,2026-07-30 20:58:47
0,JIOFINEQN,-2.81,JIOFIN,EQ,N,246.67,15570324,248.75,249.9,245.1,249.48,3842755963.2,338.6,223.3,807083544996.55,2026-07-30 16:00:29,0,-22.99,4.33,30-Jul-2025,30-Jun-2026,27.15002953337271,-10.465741155396328,,,JIO FINANCIAL SERVICES LIMITED,-1.13,2026-07-30 20:58:47
0,TITANEQN,-6.3,TITAN,EQ,N,4843.9,777361,4820.9,4869.9,4820.9,4850.2,3767503407.33,4869.9,3303.1,1994286097671.63,2026-07-30 16:00:29,0,43.46,9.99,30-Jul-2025,30-Jun-2026,0.533891866362759,-46.64708909811995,,,TITAN COMPANY LIMITED,-0.13,2026-07-30 20:58:47
0,ULTRACEMCOEQN,92.0,ULTRACEMCO,EQ,N,11850.0,291418,11800.0,11861.0,11730.0,11998.0,3440801467.8,13110.0,10325.0,1398368106960.24,2026-07-30 16:00:29,0,-3.41,5.31,30-Jul-2025,30-Jun-2026,9.610983981693364,-14.76997578692494,,,ULTRATECH CEMENT LIMITED,0.78,2026-07-30 20:58:47
0,NTPCEQN,1.65,NTPC,EQ,N,345.15,9943764,343.5,347.65,341.85,343.5,3429504765.96,414.4,315.55,1631724403926.03,2026-07-30 16:00:29,0,1.87,-3.22,30-Jul-2025,30-Jun-2026,16.710907335907336,-9.380446838852796,,,NTPC LIMITED,0.48,2026-07-30 20:58:47
0,BAJAJ-AUTOEQN,107.0,BAJAJ-AUTO,EQ,N,11445.0,295600,11338.0,11525.0,11305.5,11338.0,3383889868.0,11532.0,7858.5,1264023467645.08,2026-07-30 16:00:29,0,42.29,17.8,30-Jul-2025,30-Jun-2026,0.7544224765868887,-45.63848062607368,,,BAJAJ AUTO LIMITED,0.94,2026-07-30 20:58:47
0,INDIGOEQN,-58.5,INDIGO,EQ,N,5218.0,549497,5210.0,5258.0,5194.0,5276.5,2872643931.69,6232.5,3895.2,1177843830371.66,2026-07-30 16:00:29,0,-9.09,-2.8,30-Jul-2025,30-Jun-2026,16.277577216205376,-33.95974532758267,,,INTERGLOBE AVIATION LIMITED,-1.11,2026-07-30 20:58:47
0,SBILIFEEQN,-27.8,SBILIFE,EQ,N,1867.1,1513264,1882.2,1910.0,1862.6,1894.9,2858843216.16,2132.0,1700.4,836655989360.71,2026-07-30 16:00:29,0,1.52,5.74,30-Jul-2025,30-Jun-2026,12.424953095684803,-9.803575629263703,,,SBI LIFE INSURANCE COMPANY LIMITED,-1.47,2026-07-30 20:58:47
0,ONGCEQN,2.99,ONGC,EQ,N,241.3,11419363,239.5,244.39,239.06,238.31,2768624559.35,307.5,227.65,934707283642.2,2026-07-30 16:00:29,0,-0.21,2.72,30-Jul-2025,30-Jun-2026,21.528455284552845,-5.996046562705908,,,OIL & NATURAL GAS CORPORATION LIMITED,1.25,2026-07-30 20:58:47
0,TATASTEELEQN,-0.28,TATASTEEL,EQ,N,186.99,13769746,188.01,188.99,186.1,187.27,2576732568.98,224.4,152.51,1541351160652.42,2026-07-30 16:00:29,0,15.88,-0.57,30-Jul-2025,30-Jun-2026,16.671122994652407,-22.60835355058685,,,TATA STEEL LIMITED,-0.15,2026-07-30 20:58:47
0,TRENTEQN,-1.3,TRENT,EQ,N,3003.9,806910,3020.2,3042.6,2982.0,3005.2,2423376664.8,3782.67,2183.67,996732662909.66,2026-07-30 16:00:29,0,-10.66,-8.49,30-Jul-2025,30-Jun-2026,20.58783874882028,-37.56199425737405,,,TRENT LIMITED,-0.04,2026-07-30 20:58:47
0,HDFCLIFEEQN,-11.65,HDFCLIFE,EQ,N,545.05,4394541,557.0,558.85,544.7,556.7,2406538542.42,815.0,543.0,588634041770.54,2026-07-30 16:00:29,0,-28.04,-5.35,30-Jul-2025,30-Jun-2026,33.122699386503065,-0.3775322283609576,,,HDFC LIFE INSURANCE COMPANY LIMITED,-2.09,2026-07-30 20:58:47
0,APOLLOHOSPEQN,24.0,APOLLOHOSP,EQ,N,8959.0,263013,8900.0,9009.0,8865.5,8935.0,2359053021.42,9009.0,6696.5,919392943478.69,2026-07-30 16:00:29,0,20.26,3.19,30-Jul-2025,30-Jun-2026,0.555000555000555,-33.78630627939969,,,APOLLO HOSPITALS ENTERPRISE LIMITED,0.27,2026-07-30 20:58:47
0,POWERGRIDEQN,2.5,POWERGRID,EQ,N,285.35,7903593,283.4,287.1,283.0,282.85,2254974118.83,324.95,250.0,1288609092539.81,2026-07-30 16:00:29,0,-1.25,-0.33,30-Jul-2025,30-Jun-2026,12.186490229266042,-14.14,,,POWER GRID CORPORATION OF INDIA LIMITED,0.88,2026-07-30 20:58:47
0,TMPVEQN,5.1,TMPV,EQ,N,334.9,6078600,328.2,335.0,328.05,329.8,2019797208.0,739.7,294.3,697961149137.43,2026-07-30 16:00:29,0,-49.9,-4.91,30-Jul-2025,30-Jun-2026,54.72488846829796,-13.795446822969758,,,TATA MOTORS PASSENGER VEHICLES LIMITED,1.55,2026-07-30 20:58:47
0,TATACONSUMEQN,-1.1,TATACONSUM,EQ,N,1095.0,1677784,1096.1,1108.9,1090.4,1096.1,1841636385.44,1282.7,1007.2,711099193573.79,2026-07-30 16:00:29,0,2.04,1.8,30-Jul-2025,30-Jun-2026,14.63319560302487,-8.717235901509135,,,TATA CONSUMER PRODUCTS LIMITED,-0.1,2026-07-30 20:58:47
0,MAXHEALTHEQN,12.6,MAXHEALTH,EQ,N,1124.0,1610692,1112.0,1135.9,1110.3,1111.4,1813574764.32,1301.7,903.0,834207449679.87,2026-07-30 16:00:29,0,-11.12,-0.46,30-Jul-2025,30-Jun-2026,13.65137896596758,-24.473975636766333,,,MAX HEALTHCARE INSTITUTE LIMITED,1.13,2026-07-30 20:58:47
0,DRREDDYEQN,2.0,DRREDDY,EQ,N,1144.3,1350714,1143.0,1151.0,1139.0,1142.3,1544257809.06,1414.9,1101.0,695598263003.41,2026-07-30 16:00:29,0,-11.44,-15.68,30-Jul-2025,30-Jun-2026,19.125026503639834,-3.932788374205268,,,DR. REDDY'S LABORATORIES LIMITED,0.18,2026-07-30 20:58:47
0,BAJAJFINSVEQN,-15.4,BAJAJFINSV,EQ,N,1909.0,752615,1918.3,1933.4,1892.3,1924.4,1435951789.25,2195.0,1597.0,1102070234202.81,2026-07-30 16:00:29,0,-2.59,7.24,30-Jul-2025,30-Jun-2026,13.029612756264237,-19.536631183469005,,,BAJAJ FINSERV LIMITED,-0.8,2026-07-30 20:58:47
0,CIPLAEQN,-6.3,CIPLA,EQ,N,1468.0,833068,1478.8,1483.8,1464.1,1474.3,1226700960.68,1673.0,1165.7,823709433326.43,2026-07-30 16:00:29,0,-5.86,0.18,30-Jul-2025,30-Jun-2026,12.253436939629408,-25.93291584455692,,,CIPLA LIMITED,-0.43,2026-07-30 20:58:47
0,JSWSTEELEQN,-8.1,JSWSTEEL,EQ,N,1268.5,923153,1279.1,1304.5,1261.5,1276.6,1171176516.51,1328.0,1018.0,1186453565545.05,2026-07-30 16:00:29,0,22.22,3.43,30-Jul-2025,30-Jun-2026,4.480421686746988,-24.607072691552062,,,JSW STEEL LIMITED,-0.63,2026-07-30 20:58:47
0,GRASIMEQN,-12.9,GRASIM,EQ,N,3100.1,301353,3115.0,3115.5,3085.5,3113.0,933920068.77,3246.0,2502.5,1166435037062.31,2026-07-30 16:00:29,0,12.38,0.0,30-Jul-2025,30-Jun-2026,4.494762784966112,-23.88011988011988,,,GRASIM INDUSTRIES LIMITED,-0.41,2026-07-30 20:58:47
1,NIFTY 50,66.95,NIFTY 50,,,24317.15,400636260,24249.55,24342.95,24187.1,24250.2,335660224755.62,26373.2,22182.55,,2026-07-30 15:39:59,0,-2.16,1.89,29-Jul-2025,29-Jun-2026,7.795982285046942,-9.622879245172443,,,,0.28,2026-07-30 20:59:15
0,HDFCBANKEQN,5.2,HDFCBANK,EQ,N,753.4,35844392,752.8,757.9,745.5,748.2,26916270840.64,1020.5,726.65,11507952979097.49,2026-07-30 16:00:29,0,-25.62,-5.58,30-Jul-2025,30-Jun-2026,26.1734443900049,-3.6812770935113193,,,HDFC BANK LIMITED,0.7,2026-07-30 20:59:15
0,INFYEQN,-0.6,INFY,EQ,N,1155.0,22630218,1168.0,1187.7,1151.3,1155.6,26545698318.36,1728.0,982.4,4040155038730.84,2026-07-30 16:00:29,0,-23.96,15.45,30-Jul-2025,30-Jun-2026,33.15972222222222,-17.569218241042346,,,INFOSYS LIMITED,-0.05,2026-07-30 20:59:15
0,ICICIBANKEQN,-7.9,ICICIBANK,EQ,N,1430.0,14141173,1431.1,1442.2,1422.6,1437.9,20232907504.94,1494.5,1187.6,10218404351568.66,2026-07-30 16:00:29,0,-3.53,3.98,30-Jul-2025,30-Jun-2026,4.315824690531951,-20.410912765240823,,,ICICI BANK LIMITED,-0.55,2026-07-30 20:59:15
0,M&MEQN,72.8,M&M,EQ,N,3294.6,4851980,3220.0,3327.0,3197.5,3221.8,15866023119.8,3839.9,2896.0,2933123350768.73,2026-07-30 16:00:29,0,2.67,7.36,30-Jul-2025,30-Jun-2026,14.200890648193964,-13.763812154696133,,,MAHINDRA & MAHINDRA LIMITED,2.26,2026-07-30 20:59:15
0,RELIANCEEQN,13.5,RELIANCE,EQ,N,1289.4,12158451,1279.8,1297.0,1275.3,1275.9,15689386754.91,1611.8,1249.8,8686354311529.18,2026-07-30 16:00:29,0,-8.56,-0.35,30-Jul-2025,30-Jun-2026,20.002481697481077,-3.168506961113778,,,RELIANCE INDUSTRIES LIMITED,1.06,2026-07-30 20:59:15
0,TCSEQN,-12.6,TCS,EQ,N,2434.0,4901582,2440.0,2495.0,2423.0,2446.6,12055686008.1,3350.0,1976.8,2478110387443.66,2026-07-30 16:00:29,0,-20.29,19.81,30-Jul-2025,30-Jun-2026,27.34328358208955,-23.128288142452448,,,TATA CONSULTANCY SERVICES LIMITED,-0.52,2026-07-30 20:59:15
0,EICHERMOTEQN,130.0,EICHERMOT,EQ,N,7909.0,1496307,7869.5,7930.0,7730.0,7779.0,11742478665.48,8230.0,5353.0,1086933343021.75,2026-07-30 16:00:29,0,44.3,11.81,30-Jul-2025,30-Jun-2026,3.9003645200486026,-47.748925835979826,,,EICHER MOTORS LIMITED,1.67,2026-07-30 20:59:15
0,BHARTIARTLEQN,-3.6,BHARTIARTL,EQ,N,1946.6,5356472,1954.0,1963.2,1943.9,1950.2,10462475369.28,2174.5,1740.5,6044959384312.81,2026-07-30 16:00:29,0,0.72,5.11,30-Jul-2025,30-Jun-2026,10.48057024603357,-11.841424877908647,,,BHARTI AIRTEL LIMITED,-0.18,2026-07-30 20:59:15
0,BAJFINANCEEQN,3.6,BAJFINANCE,EQ,N,1058.0,9866564,1046.0,1068.0,1035.1,1054.4,10348150988.84,1102.5,787.9,2827745664588.37,2026-07-30 16:00:29,0,19.57,5.3,30-Jul-2025,30-Jun-2026,4.036281179138322,-34.28100012691966,,,BAJAJ FINANCE LIMITED,0.34,2026-07-30 20:59:15
0,WIPROEQN,2.8,WIPRO,EQ,N,186.41,54015268,183.4,191.34,183.4,183.61,10162972674.2,273.1,169.0,502918719962.09,2026-07-30 16:00:29,0,-25.5,9.4,30-Jul-2025,30-Jun-2026,31.74295129989015,-10.301775147928995,,,WIPRO LIMITED,1.52,2026-07-30 20:59:15
0,ETERNALEQN,-1.75,ETERNAL,EQ,N,310.05,32431887,307.0,312.25,305.0,311.8,9972480933.63,368.45,212.6,2235244736574.58,2026-07-30 16:00:29,0,2.17,17.18,30-Jul-2025,30-Jun-2026,15.850183199891438,-45.83725305738476,,,ETERNAL LIMITED,-0.56,2026-07-30 20:59:15
0,COALINDIAEQN,7.35,COALINDIA,EQ,N,417.4,23225454,412.95,418.3,410.1,410.05,9640653700.86,491.25,368.65,997004023159.33,2026-07-30 16:00:29,0,9.87,-4.93,30-Jul-2025,30-Jun-2026,15.033078880407125,-13.223925132239252,,,COAL INDIA LIMITED,1.79,2026-07-30 20:59:15
0,ADANIPORTSEQN,-58.2,ADANIPORTS,EQ,N,1661.5,5395211,1726.7,1727.7,1658.4,1719.7,9016638479.53,1891.1,1290.5,1222323805848.08,2026-07-30 16:00:29,0,19.19,-8.21,30-Jul-2025,30-Jun-2026,12.141081909999471,-28.748547074777218,,,ADANI PORTS AND SPECIAL ECONOMIC ZONE LIMITED,-3.38,2026-07-30 20:59:15
0,MARUTIEQN,232.0,MARUTI,EQ,N,14180.0,626000,13939.0,14250.0,13825.0,13948.0,8763230020.0,17370.0,12201.0,1844681206163.64,2026-07-30 16:00:29,0,12.38,0.46,30-Jul-2025,30-Jun-2026,18.364997121473806,-16.21998196869109,,,MARUTI SUZUKI INDIA LIMITED,1.66,2026-07-30 20:59:15
0,AXISBANKEQN,-4.6,AXISBANK,EQ,N,1230.8,6878684,1229.0,1232.2,1220.2,1235.4,8429689668.32,1418.3,1042.5,3525636537742.45,2026-07-30 16:00:29,0,14.67,-8.54,30-Jul-2025,30-Jun-2026,13.220052175139251,-18.062350119904078,,,AXIS BANK LIMITED,-0.37,2026-07-30 20:59:15
0,LTEQN,9.1,LT,EQ,N,3940.5,2141252,3931.4,3951.7,3883.5,3931.4,8412872045.4,4440.0,3288.1,4599211741518.72,2026-07-30 16:00:29,0,7.51,-4.9,30-Jul-2025,30-Jun-2026,11.25,-19.841245704206077,,,LARSEN & TOUBRO LIMITED,0.23,2026-07-30 20:59:15
0,SBINEQN,10.3,SBIN,EQ,N,1024.0,6847458,1013.5,1028.3,1007.6,1013.7,6986940719.46,1234.7,786.55,4220811397058.94,2026-07-30 16:00:29,0,27.74,-0.28,30-Jul-2025,30-Jun-2026,17.064874058475745,-30.188799186320004,,,STATE BANK OF INDIA,1.02,2026-07-30 20:59:15
0,TECHMEQN,17.2,TECHM,EQ,N,1661.4,4167643,1649.0,1686.6,1638.1,1644.2,6976926117.01,1854.0,1304.1,1052212537214.25,2026-07-30 16:00:29,0,13.55,18.27,30-Jul-2025,30-Jun-2026,10.388349514563107,-27.398205659075224,,,TECH MAHINDRA LIMITED,1.05,2026-07-30 20:59:15
0,ASIANPAINTEQN,-8.4,ASIANPAINT,EQ,N,2750.0,2387024,2758.1,2767.9,2666.2,2758.4,6501966933.12,2985.7,2115.0,1240145623693.76,2026-07-30 16:00:29,0,13.83,4.34,30-Jul-2025,30-Jun-2026,7.894296144957631,-30.023640661938533,,,ASIAN PAINTS LIMITED,-0.3,2026-07-30 20:59:15
0,BELEQN,-2.8,BEL,EQ,N,384.75,16521484,386.0,387.5,382.7,387.55,6356310539.32,473.45,361.2,1374204727253.93,2026-07-30 16:00:29,0,-0.45,-6.57,30-Jul-2025,30-Jun-2026,18.734818882669764,-6.519933554817276,,,BHARAT ELECTRONICS LIMITED,-0.72,2026-07-30 20:59:15
0,NESTLEINDEQN,15.7,NESTLEIND,EQ,N,1519.0,3698063,1503.3,1532.6,1497.0,1503.3,5624568919.85,1532.6,1084.7,1086093281065.1,2026-07-30 16:00:29,0,36.14,8.1,30-Jul-2025,30-Jun-2026,0.8873809213101919,-40.03872038351618,,,NESTLE INDIA LIMITED,1.04,2026-07-30 20:59:15
0,SHRIRAMFINEQN,-15.7,SHRIRAMFIN,EQ,N,1029.0,5425880,1038.0,1051.0,1019.5,1044.7,5574711888.4,1108.0,566.5,1437137311112.52,2026-07-30 16:00:29,0,62.61,-1.26,30-Jul-2025,30-Jun-2026,7.129963898916968,-81.64165931156222,,,SHRIRAM FINANCE LIMITED,-1.5,2026-07-30 20:59:15
0,HINDUNILVREQN,-10.8,HINDUNILVR,EQ,N,2107.0,2602039,2120.0,2132.6,2088.0,2117.8,5478124747.48,2750.0,2016.0,1864069949678.92,2026-07-30 16:00:29,0,-13.56,-0.53,30-Jul-2025,30-Jun-2026,23.381818181818183,-4.513888888888889,,,HINDUSTAN UNILEVER LIMITED,-0.51,2026-07-30 20:59:15
0,ITCEQN,-0.7,ITC,EQ,N,285.55,18283697,286.1,288.4,283.75,286.25,5224200743.81,427.0,275.0,2744908844595.67,2026-07-30 16:00:29,0,-29.94,-0.49,30-Jul-2025,30-Jun-2026,33.12646370023419,-3.8363636363636364,,,ITC LIMITED,-0.24,2026-07-30 20:59:15
0,HCLTECHEQN,7.2,HCLTECH,EQ,N,1351.5,3747919,1349.0,1369.9,1345.6,1344.3,5097507152.71,1780.1,1030.0,1420880972267.0,2026-07-30 16:00:29,0,-8.47,26.1,30-Jul-2025,30-Jun-2026,24.077299028144488,-31.21359223300971,,,HCL TECHNOLOGIES LIMITED,0.54,2026-07-30 20:59:15
0,KOTAKBANKEQN,-2.6,KOTAKBANK,EQ,N,387.6,12205963,385.7,390.2,385.7,390.2,4742993102.54,453.2,345.5,2845977112500.26,2026-07-30 16:00:29,0,-1.11,-1.19,30-Jul-2025,30-Jun-2026,14.474845542806708,-12.185238784370478,,,KOTAK MAHINDRA BANK LIMITED,-0.67,2026-07-30 20:59:15
0,SUNPHARMAEQN,15.1,SUNPHARMA,EQ,N,2005.0,2224264,1993.1,2017.3,1988.0,1989.9,4464453730.24,2017.3,1548.0,2117111838529.49,2026-07-30 16:00:29,0,15.64,7.65,30-Jul-2025,30-Jun-2026,0.6097258712139989,-29.521963824289404,,,SUN PHARMACEUTICAL INDUSTRIES LIMITED,0.76,2026-07-30 20:59:15
0,HINDALCOEQN,7.05,HINDALCO,EQ,N,969.5,4259226,968.0,973.05,960.6,962.45,4118969687.82,1176.0,657.5,1399812364334.5,2026-07-30 16:00:29,0,40.75,1.35,30-Jul-2025,30-Jun-2026,17.55952380952381,-47.452471482889734,,,HINDALCO INDUSTRIES LIMITED,0.73,2026-07-30 20:59:15
0,ADANIENTEQN,25.5,ADANIENT,EQ,N,3050.0,1278332,3024.5,3060.9,2994.6,3024.5,3882677783.6,3245.0,1753.0,913098756508.21,2026-07-30 16:00:29,0,24.03,0.46,30-Jul-2025,30-Jun-2026,6.00924499229584,-73.9874500855676,,,ADANI ENTERPRISES LIMITED,0.84,2026-07-30 20:59:15
0,JIOFINEQN,-2.81,JIOFIN,EQ,N,246.67,15570324,248.75,249.9,245.1,249.48,3842755963.2,338.6,223.3,807083544996.55,2026-07-30 16:00:29,0,-22.99,4.33,30-Jul-2025,30-Jun-2026,27.15002953337271,-10.465741155396328,,,JIO FINANCIAL SERVICES LIMITED,-1.13,2026-07-30 20:59:15
0,TITANEQN,-6.3,TITAN,EQ,N,4843.9,777361,4820.9,4869.9,4820.9,4850.2,3767503407.33,4869.9,3303.1,1994286097671.63,2026-07-30 16:00:29,0,43.46,9.99,30-Jul-2025,30-Jun-2026,0.533891866362759,-46.64708909811995,,,TITAN COMPANY LIMITED,-0.13,2026-07-30 20:59:15
0,ULTRACEMCOEQN,92.0,ULTRACEMCO,EQ,N,11850.0,291418,11800.0,11861.0,11730.0,11998.0,3440801467.8,13110.0,10325.0,1398368106960.24,2026-07-30 16:00:29,0,-3.41,5.31,30-Jul-2025,30-Jun-2026,9.610983981693364,-14.76997578692494,,,ULTRATECH CEMENT LIMITED,0.78,2026-07-30 20:59:15
0,NTPCEQN,1.65,NTPC,EQ,N,345.15,9943764,343.5,347.65,341.85,343.5,3429504765.96,414.4,315.55,1631724403926.03,2026-07-30 16:00:29,0,1.87,-3.22,30-Jul-2025,30-Jun-2026,16.710907335907336,-9.380446838852796,,,NTPC LIMITED,0.48,2026-07-30 20:59:15
0,BAJAJ-AUTOEQN,107.0,BAJAJ-AUTO,EQ,N,11445.0,295600,11338.0,11525.0,11305.5,11338.0,3383889868.0,11532.0,7858.5,1264023467645.08,2026-07-30 16:00:29,0,42.29,17.8,30-Jul-2025,30-Jun-2026,0.7544224765868887,-45.63848062607368,,,BAJAJ AUTO LIMITED,0.94,2026-07-30 20:59:15
0,INDIGOEQN,-58.5,INDIGO,EQ,N,5218.0,549497,5210.0,5258.0,5194.0,5276.5,2872643931.69,6232.5,3895.2,1177843830371.66,2026-07-30 16:00:29,0,-9.09,-2.8,30-Jul-2025,30-Jun-2026,16.277577216205376,-33.95974532758267,,,INTERGLOBE AVIATION LIMITED,-1.11,2026-07-30 20:59:15
0,SBILIFEEQN,-27.8,SBILIFE,EQ,N,1867.1,1513264,1882.2,1910.0,1862.6,1894.9,2858843216.16,2132.0,1700.4,836655989360.71,2026-07-30 16:00:29,0,1.52,5.74,30-Jul-2025,30-Jun-2026,12.424953095684803,-9.803575629263703,,,SBI LIFE INSURANCE COMPANY LIMITED,-1.47,2026-07-30 20:59:15
0,ONGCEQN,2.99,ONGC,EQ,N,241.3,11419363,239.5,244.39,239.06,238.31,2768624559.35,307.5,227.65,934707283642.2,2026-07-30 16:00:29,0,-0.21,2.72,30-Jul-2025,30-Jun-2026,21.528455284552845,-5.996046562705908,,,OIL & NATURAL GAS CORPORATION LIMITED,1.25,2026-07-30 20:59:15
0,TATASTEELEQN,-0.28,TATASTEEL,EQ,N,186.99,13769746,188.01,188.99,186.1,187.27,2576732568.98,224.4,152.51,1541351160652.42,2026-07-30 16:00:29,0,15.88,-0.57,30-Jul-2025,30-Jun-2026,16.671122994652407,-22.60835355058685,,,TATA STEEL LIMITED,-0.15,2026-07-30 20:59:15
0,TRENTEQN,-1.3,TRENT,EQ,N,3003.9,806910,3020.2,3042.6,2982.0,3005.2,2423376664.8,3782.67,2183.67,996732662909.66,2026-07-30 16:00:29,0,-10.66,-8.49,30-Jul-2025,30-Jun-2026,20.58783874882028,-37.56199425737405,,,TRENT LIMITED,-0.04,2026-07-30 20:59:15
0,HDFCLIFEEQN,-11.65,HDFCLIFE,EQ,N,545.05,4394541,557.0,558.85,544.7,556.7,2406538542.42,815.0,543.0,588634041770.54,2026-07-30 16:00:29,0,-28.04,-5.35,30-Jul-2025,30-Jun-2026,33.122699386503065,-0.3775322283609576,,,HDFC LIFE INSURANCE COMPANY LIMITED,-2.09,2026-07-30 20:59:15
0,APOLLOHOSPEQN,24.0,APOLLOHOSP,EQ,N,8959.0,263013,8900.0,9009.0,8865.5,8935.0,2359053021.42,9009.0,6696.5,919392943478.69,2026-07-30 16:00:29,0,20.26,3.19,30-Jul-2025,30-Jun-2026,0.555000555000555,-33.78630627939969,,,APOLLO HOSPITALS ENTERPRISE LIMITED,0.27,2026-07-30 20:59:15
0,POWERGRIDEQN,2.5,POWERGRID,EQ,N,285.35,7903593,283.4,287.1,283.0,282.85,2254974118.83,324.95,250.0,1288609092539.81,2026-07-30 16:00:29,0,-1.25,-0.33,30-Jul-2025,30-Jun-2026,12.186490229266042,-14.14,,,POWER GRID CORPORATION OF INDIA LIMITED,0.88,2026-07-30 20:59:15
0,TMPVEQN,5.1,TMPV,EQ,N,334.9,6078600,328.2,335.0,328.05,329.8,2019797208.0,739.7,294.3,697961149137.43,2026-07-30 16:00:29,0,-49.9,-4.91,30-Jul-2025,30-Jun-2026,54.72488846829796,-13.795446822969758,,,TATA MOTORS PASSENGER VEHICLES LIMITED,1.55,2026-07-30 20:59:15
0,TATACONSUMEQN,-1.1,TATACONSUM,EQ,N,1095.0,1677784,1096.1,1108.9,1090.4,1096.1,1841636385.44,1282.7,1007.2,711099193573.79,2026-07-30 16:00:29,0,2.04,1.8,30-Jul-2025,30-Jun-2026,14.63319560302487,-8.717235901509135,,,TATA CONSUMER PRODUCTS LIMITED,-0.1,2026-07-30 20:59:15
0,MAXHEALTHEQN,12.6,MAXHEALTH,EQ,N,1124.0,1610692,1112.0,1135.9,1110.3,1111.4,1813574764.32,1301.7,903.0,834207449679.87,2026-07-30 16:00:29,0,-11.12,-0.46,30-Jul-2025,30-Jun-2026,13.65137896596758,-24.473975636766333,,,MAX HEALTHCARE INSTITUTE LIMITED,1.13,2026-07-30 20:59:15
0,DRREDDYEQN,2.0,DRREDDY,EQ,N,1144.3,1350714,1143.0,1151.0,1139.0,1142.3,1544257809.06,1414.9,1101.0,695598263003.41,2026-07-30 16:00:29,0,-11.44,-15.68,30-Jul-2025,30-Jun-2026,19.125026503639834,-3.932788374205268,,,DR. REDDY'S LABORATORIES LIMITED,0.18,2026-07-30 20:59:15
0,BAJAJFINSVEQN,-15.4,BAJAJFINSV,EQ,N,1909.0,752615,1918.3,1933.4,1892.3,1924.4,1435951789.25,2195.0,1597.0,1102070234202.81,2026-07-30 16:00:29,0,-2.59,7.24,30-Jul-2025,30-Jun-2026,13.029612756264237,-19.536631183469005,,,BAJAJ FINSERV LIMITED,-0.8,2026-07-30 20:59:15
0,CIPLAEQN,-6.3,CIPLA,EQ,N,1468.0,833068,1478.8,1483.8,1464.1,1474.3,1226700960.68,1673.0,1165.7,823709433326.43,2026-07-30 16:00:29,0,-5.86,0.18,30-Jul-2025,30-Jun-2026,12.253436939629408,-25.93291584455692,,,CIPLA LIMITED,-0.43,2026-07-30 20:59:15
0,JSWSTEELEQN,-8.1,JSWSTEEL,EQ,N,1268.5,923153,1279.1,1304.5,1261.5,1276.6,1171176516.51,1328.0,1018.0,1186453565545.05,2026-07-30 16:00:29,0,22.22,3.43,30-Jul-2025,30-Jun-2026,4.480421686746988,-24.607072691552062,,,JSW STEEL LIMITED,-0.63,2026-07-30 20:59:15
0,GRASIMEQN,-12.9,GRASIM,EQ,N,3100.1,301353,3115.0,3115.5,3085.5,3113.0,933920068.77,3246.0,2502.5,1166435037062.31,2026-07-30 16:00:29,0,12.38,0.0,30-Jul-2025,30-Jun-2026,4.494762784966112,-23.88011988011988,,,GRASIM INDUSTRIES LIMITED,-0.41,2026-07-30 20:59:15
1,NIFTY 50,66.95,NIFTY 50,,,24317.15,400636260,24249.55,24342.95,24187.1,24250.2,335660224755.62,26373.2,22182.55,,2026-07-30 15:39:59,0,-2.16,1.89,29-Jul-2025,29-Jun-2026,7.795982285046942,-9.622879245172443,,,,0.28,2026-07-30 20:59:45
0,HDFCBANKEQN,5.2,HDFCBANK,EQ,N,753.4,35844392,752.8,757.9,745.5,748.2,26916270840.64,1020.5,726.65,11507952979097.49,2026-07-30 16:00:29,0,-25.62,-5.58,30-Jul-2025,30-Jun-2026,26.1734443900049,-3.6812770935113193,,,HDFC BANK LIMITED,0.7,2026-07-30 20:59:45
0,INFYEQN,-0.6,INFY,EQ,N,1155.0,22630218,1168.0,1187.7,1151.3,1155.6,26545698318.36,1728.0,982.4,4040155038730.84,2026-07-30 16:00:29,0,-23.96,15.45,30-Jul-2025,30-Jun-2026,33.15972222222222,-17.569218241042346,,,INFOSYS LIMITED,-0.05,2026-07-30 20:59:45
0,ICICIBANKEQN,-7.9,ICICIBANK,EQ,N,1430.0,14141173,1431.1,1442.2,1422.6,1437.9,20232907504.94,1494.5,1187.6,10218404351568.66,2026-07-30 16:00:29,0,-3.53,3.98,30-Jul-2025,30-Jun-2026,4.315824690531951,-20.410912765240823,,,ICICI BANK LIMITED,-0.55,2026-07-30 20:59:45
0,M&MEQN,72.8,M&M,EQ,N,3294.6,4851980,3220.0,3327.0,3197.5,3221.8,15866023119.8,3839.9,2896.0,2933123350768.73,2026-07-30 16:00:29,0,2.67,7.36,30-Jul-2025,30-Jun-2026,14.200890648193964,-13.763812154696133,,,MAHINDRA & MAHINDRA LIMITED,2.26,2026-07-30 20:59:45
0,RELIANCEEQN,13.5,RELIANCE,EQ,N,1289.4,12158451,1279.8,1297.0,1275.3,1275.9,15689386754.91,1611.8,1249.8,8686354311529.18,2026-07-30 16:00:29,0,-8.56,-0.35,30-Jul-2025,30-Jun-2026,20.002481697481077,-3.168506961113778,,,RELIANCE INDUSTRIES LIMITED,1.06,2026-07-30 20:59:45
0,TCSEQN,-12.6,TCS,EQ,N,2434.0,4901582,2440.0,2495.0,2423.0,2446.6,12055686008.1,3350.0,1976.8,2478110387443.66,2026-07-30 16:00:29,0,-20.29,19.81,30-Jul-2025,30-Jun-2026,27.34328358208955,-23.128288142452448,,,TATA CONSULTANCY SERVICES LIMITED,-0.52,2026-07-30 20:59:45
0,EICHERMOTEQN,130.0,EICHERMOT,EQ,N,7909.0,1496307,7869.5,7930.0,7730.0,7779.0,11742478665.48,8230.0,5353.0,1086933343021.75,2026-07-30 16:00:29,0,44.3,11.81,30-Jul-2025,30-Jun-2026,3.9003645200486026,-47.748925835979826,,,EICHER MOTORS LIMITED,1.67,2026-07-30 20:59:45
0,BHARTIARTLEQN,-3.6,BHARTIARTL,EQ,N,1946.6,5356472,1954.0,1963.2,1943.9,1950.2,10462475369.28,2174.5,1740.5,6044959384312.81,2026-07-30 16:00:29,0,0.72,5.11,30-Jul-2025,30-Jun-2026,10.48057024603357,-11.841424877908647,,,BHARTI AIRTEL LIMITED,-0.18,2026-07-30 20:59:45
0,BAJFINANCEEQN,3.6,BAJFINANCE,EQ,N,1058.0,9866564,1046.0,1068.0,1035.1,1054.4,10348150988.84,1102.5,787.9,2827745664588.37,2026-07-30 16:00:29,0,19.57,5.3,30-Jul-2025,30-Jun-2026,4.036281179138322,-34.28100012691966,,,BAJAJ FINANCE LIMITED,0.34,2026-07-30 20:59:45
0,WIPROEQN,2.8,WIPRO,EQ,N,186.41,54015268,183.4,191.34,183.4,183.61,10162972674.2,273.1,169.0,502918719962.09,2026-07-30 16:00:29,0,-25.5,9.4,30-Jul-2025,30-Jun-2026,31.74295129989015,-10.301775147928995,,,WIPRO LIMITED,1.52,2026-07-30 20:59:45
0,ETERNALEQN,-1.75,ETERNAL,EQ,N,310.05,32431887,307.0,312.25,305.0,311.8,9972480933.63,368.45,212.6,2235244736574.58,2026-07-30 16:00:29,0,2.17,17.18,30-Jul-2025,30-Jun-2026,15.850183199891438,-45.83725305738476,,,ETERNAL LIMITED,-0.56,2026-07-30 20:59:45
0,COALINDIAEQN,7.35,COALINDIA,EQ,N,417.4,23225454,412.95,418.3,410.1,410.05,9640653700.86,491.25,368.65,997004023159.33,2026-07-30 16:00:29,0,9.87,-4.93,30-Jul-2025,30-Jun-2026,15.033078880407125,-13.223925132239252,,,COAL INDIA LIMITED,1.79,2026-07-30 20:59:45
0,ADANIPORTSEQN,-58.2,ADANIPORTS,EQ,N,1661.5,5395211,1726.7,1727.7,1658.4,1719.7,9016638479.53,1891.1,1290.5,1222323805848.08,2026-07-30 16:00:29,0,19.19,-8.21,30-Jul-2025,30-Jun-2026,12.141081909999471,-28.748547074777218,,,ADANI PORTS AND SPECIAL ECONOMIC ZONE LIMITED,-3.38,2026-07-30 20:59:45
0,MARUTIEQN,232.0,MARUTI,EQ,N,14180.0,626000,13939.0,14250.0,13825.0,13948.0,8763230020.0,17370.0,12201.0,1844681206163.64,2026-07-30 16:00:29,0,12.38,0.46,30-Jul-2025,30-Jun-2026,18.364997121473806,-16.21998196869109,,,MARUTI SUZUKI INDIA LIMITED,1.66,2026-07-30 20:59:45
0,AXISBANKEQN,-4.6,AXISBANK,EQ,N,1230.8,6878684,1229.0,1232.2,1220.2,1235.4,8429689668.32,1418.3,1042.5,3525636537742.45,2026-07-30 16:00:29,0,14.67,-8.54,30-Jul-2025,30-Jun-2026,13.220052175139251,-18.062350119904078,,,AXIS BANK LIMITED,-0.37,2026-07-30 20:59:45
0,LTEQN,9.1,LT,EQ,N,3940.5,2141252,3931.4,3951.7,3883.5,3931.4,8412872045.4,4440.0,3288.1,4599211741518.72,2026-07-30 16:00:29,0,7.51,-4.9,30-Jul-2025,30-Jun-2026,11.25,-19.841245704206077,,,LARSEN & TOUBRO LIMITED,0.23,2026-07-30 20:59:45
0,SBINEQN,10.3,SBIN,EQ,N,1024.0,6847458,1013.5,1028.3,1007.6,1013.7,6986940719.46,1234.7,786.55,4220811397058.94,2026-07-30 16:00:29,0,27.74,-0.28,30-Jul-2025,30-Jun-2026,17.064874058475745,-30.188799186320004,,,STATE BANK OF INDIA,1.02,2026-07-30 20:59:45
0,TECHMEQN,17.2,TECHM,EQ,N,1661.4,4167643,1649.0,1686.6,1638.1,1644.2,6976926117.01,1854.0,1304.1,1052212537214.25,2026-07-30 16:00:29,0,13.55,18.27,30-Jul-2025,30-Jun-2026,10.388349514563107,-27.398205659075224,,,TECH MAHINDRA LIMITED,1.05,2026-07-30 20:59:45
0,ASIANPAINTEQN,-8.4,ASIANPAINT,EQ,N,2750.0,2387024,2758.1,2767.9,2666.2,2758.4,6501966933.12,2985.7,2115.0,1240145623693.76,2026-07-30 16:00:29,0,13.83,4.34,30-Jul-2025,30-Jun-2026,7.894296144957631,-30.023640661938533,,,ASIAN PAINTS LIMITED,-0.3,2026-07-30 20:59:45
0,BELEQN,-2.8,BEL,EQ,N,384.75,16521484,386.0,387.5,382.7,387.55,6356310539.32,473.45,361.2,1374204727253.93,2026-07-30 16:00:29,0,-0.45,-6.57,30-Jul-2025,30-Jun-2026,18.734818882669764,-6.519933554817276,,,BHARAT ELECTRONICS LIMITED,-0.72,2026-07-30 20:59:45
0,NESTLEINDEQN,15.7,NESTLEIND,EQ,N,1519.0,3698063,1503.3,1532.6,1497.0,1503.3,5624568919.85,1532.6,1084.7,1086093281065.1,2026-07-30 16:00:29,0,36.14,8.1,30-Jul-2025,30-Jun-2026,0.8873809213101919,-40.03872038351618,,,NESTLE INDIA LIMITED,1.04,2026-07-30 20:59:45
0,SHRIRAMFINEQN,-15.7,SHRIRAMFIN,EQ,N,1029.0,5425880,1038.0,1051.0,1019.5,1044.7,5574711888.4,1108.0,566.5,1437137311112.52,2026-07-30 16:00:29,0,62.61,-1.26,30-Jul-2025,30-Jun-2026,7.129963898916968,-81.64165931156222,,,SHRIRAM FINANCE LIMITED,-1.5,2026-07-30 20:59:45
0,HINDUNILVREQN,-10.8,HINDUNILVR,EQ,N,2107.0,2602039,2120.0,2132.6,2088.0,2117.8,5478124747.48,2750.0,2016.0,1864069949678.92,2026-07-30 16:00:29,0,-13.56,-0.53,30-Jul-2025,30-Jun-2026,23.381818181818183,-4.513888888888889,,,HINDUSTAN UNILEVER LIMITED,-0.51,2026-07-30 20:59:45
0,ITCEQN,-0.7,ITC,EQ,N,285.55,18283697,286.1,288.4,283.75,286.25,5224200743.81,427.0,275.0,2744908844595.67,2026-07-30 16:00:29,0,-29.94,-0.49,30-Jul-2025,30-Jun-2026,33.12646370023419,-3.8363636363636364,,,ITC LIMITED,-0.24,2026-07-30 20:59:45
0,HCLTECHEQN,7.2,HCLTECH,EQ,N,1351.5,3747919,1349.0,1369.9,1345.6,1344.3,5097507152.71,1780.1,1030.0,1420880972267.0,2026-07-30 16:00:29,0,-8.47,26.1,30-Jul-2025,30-Jun-2026,24.077299028144488,-31.21359223300971,,,HCL TECHNOLOGIES LIMITED,0.54,2026-07-30 20:59:45
0,KOTAKBANKEQN,-2.6,KOTAKBANK,EQ,N,387.6,12205963,385.7,390.2,385.7,390.2,4742993102.54,453.2,345.5,2845977112500.26,2026-07-30 16:00:29,0,-1.11,-1.19,30-Jul-2025,30-Jun-2026,14.474845542806708,-12.185238784370478,,,KOTAK MAHINDRA BANK LIMITED,-0.67,2026-07-30 20:59:45
0,SUNPHARMAEQN,15.1,SUNPHARMA,EQ,N,2005.0,2224264,1993.1,2017.3,1988.0,1989.9,4464453730.24,2017.3,1548.0,2117111838529.49,2026-07-30 16:00:29,0,15.64,7.65,30-Jul-2025,30-Jun-2026,0.6097258712139989,-29.521963824289404,,,SUN PHARMACEUTICAL INDUSTRIES LIMITED,0.76,2026-07-30 20:59:45
0,HINDALCOEQN,7.05,HINDALCO,EQ,N,969.5,4259226,968.0,973.05,960.6,962.45,4118969687.82,1176.0,657.5,1399812364334.5,2026-07-30 16:00:29,0,40.75,1.35,30-Jul-2025,30-Jun-2026,17.55952380952381,-47.452471482889734,,,HINDALCO INDUSTRIES LIMITED,0.73,2026-07-30 20:59:45
0,ADANIENTEQN,25.5,ADANIENT,EQ,N,3050.0,1278332,3024.5,3060.9,2994.6,3024.5,3882677783.6,3245.0,1753.0,913098756508.21,2026-07-30 16:00:29,0,24.03,0.46,30-Jul-2025,30-Jun-2026,6.00924499229584,-73.9874500855676,,,ADANI ENTERPRISES LIMITED,0.84,2026-07-30 20:59:45
0,JIOFINEQN,-2.81,JIOFIN,EQ,N,246.67,15570324,248.75,249.9,245.1,249.48,3842755963.2,338.6,223.3,807083544996.55,2026-07-30 16:00:29,0,-22.99,4.33,30-Jul-2025,30-Jun-2026,27.15002953337271,-10.465741155396328,,,JIO FINANCIAL SERVICES LIMITED,-1.13,2026-07-30 20:59:45
0,TITANEQN,-6.3,TITAN,EQ,N,4843.9,777361,4820.9,4869.9,4820.9,4850.2,3767503407.33,4869.9,3303.1,1994286097671.63,2026-07-30 16:00:29,0,43.46,9.99,30-Jul-2025,30-Jun-2026,0.533891866362759,-46.64708909811995,,,TITAN COMPANY LIMITED,-0.13,2026-07-30 20:59:45
0,ULTRACEMCOEQN,92.0,ULTRACEMCO,EQ,N,11850.0,291418,11800.0,11861.0,11730.0,11998.0,3440801467.8,13110.0,10325.0,1398368106960.24,2026-07-30 16:00:29,0,-3.41,5.31,30-Jul-2025,30-Jun-2026,9.610983981693364,-14.76997578692494,,,ULTRATECH CEMENT LIMITED,0.78,2026-07-30 20:59:45
0,NTPCEQN,1.65,NTPC,EQ,N,345.15,9943764,343.5,347.65,341.85,343.5,3429504765.96,414.4,315.55,1631724403926.03,2026-07-30 16:00:29,0,1.87,-3.22,30-Jul-2025,30-Jun-2026,16.710907335907336,-9.380446838852796,,,NTPC LIMITED,0.48,2026-07-30 20:59:45
0,BAJAJ-AUTOEQN,107.0,BAJAJ-AUTO,EQ,N,11445.0,295600,11338.0,11525.0,11305.5,11338.0,3383889868.0,11532.0,7858.5,1264023467645.08,2026-07-30 16:00:29,0,42.29,17.8,30-Jul-2025,30-Jun-2026,0.7544224765868887,-45.63848062607368,,,BAJAJ AUTO LIMITED,0.94,2026-07-30 20:59:45
0,INDIGOEQN,-58.5,INDIGO,EQ,N,5218.0,549497,5210.0,5258.0,5194.0,5276.5,2872643931.69,6232.5,3895.2,1177843830371.66,2026-07-30 16:00:29,0,-9.09,-2.8,30-Jul-2025,30-Jun-2026,16.277577216205376,-33.95974532758267,,,INTERGLOBE AVIATION LIMITED,-1.11,2026-07-30 20:59:45
0,SBILIFEEQN,-27.8,SBILIFE,EQ,N,1867.1,1513264,1882.2,1910.0,1862.6,1894.9,2858843216.16,2132.0,1700.4,836655989360.71,2026-07-30 16:00:29,0,1.52,5.74,30-Jul-2025,30-Jun-2026,12.424953095684803,-9.803575629263703,,,SBI LIFE INSURANCE COMPANY LIMITED,-1.47,2026-07-30 20:59:45
0,ONGCEQN,2.99,ONGC,EQ,N,241.3,11419363,239.5,244.39,239.06,238.31,2768624559.35,307.5,227.65,934707283642.2,2026-07-30 16:00:29,0,-0.21,2.72,30-Jul-2025,30-Jun-2026,21.528455284552845,-5.996046562705908,,,OIL & NATURAL GAS CORPORATION LIMITED,1.25,2026-07-30 20:59:45
0,TATASTEELEQN,-0.28,TATASTEEL,EQ,N,186.99,13769746,188.01,188.99,186.1,187.27,2576732568.98,224.4,152.51,1541351160652.42,2026-07-30 16:00:29,0,15.88,-0.57,30-Jul-2025,30-Jun-2026,16.671122994652407,-22.60835355058685,,,TATA STEEL LIMITED,-0.15,2026-07-30 20:59:45
0,TRENTEQN,-1.3,TRENT,EQ,N,3003.9,806910,3020.2,3042.6,2982.0,3005.2,2423376664.8,3782.67,2183.67,996732662909.66,2026-07-30 16:00:29,0,-10.66,-8.49,30-Jul-2025,30-Jun-2026,20.58783874882028,-37.56199425737405,,,TRENT LIMITED,-0.04,2026-07-30 20:59:45
0,HDFCLIFEEQN,-11.65,HDFCLIFE,EQ,N,545.05,4394541,557.0,558.85,544.7,556.7,2406538542.42,815.0,543.0,588634041770.54,2026-07-30 16:00:29,0,-28.04,-5.35,30-Jul-2025,30-Jun-2026,33.122699386503065,-0.3775322283609576,,,HDFC LIFE INSURANCE COMPANY LIMITED,-2.09,2026-07-30 20:59:45
0,APOLLOHOSPEQN,24.0,APOLLOHOSP,EQ,N,8959.0,263013,8900.0,9009.0,8865.5,8935.0,2359053021.42,9009.0,6696.5,919392943478.69,2026-07-30 16:00:29,0,20.26,3.19,30-Jul-2025,30-Jun-2026,0.555000555000555,-33.78630627939969,,,APOLLO HOSPITALS ENTERPRISE LIMITED,0.27,2026-07-30 20:59:45
0,POWERGRIDEQN,2.5,POWERGRID,EQ,N,285.35,7903593,283.4,287.1,283.0,282.85,2254974118.83,324.95,250.0,1288609092539.81,2026-07-30 16:00:29,0,-1.25,-0.33,30-Jul-2025,30-Jun-2026,12.186490229266042,-14.14,,,POWER GRID CORPORATION OF INDIA LIMITED,0.88,2026-07-30 20:59:45
0,TMPVEQN,5.1,TMPV,EQ,N,334.9,6078600,328.2,335.0,328.05,329.8,2019797208.0,739.7,294.3,697961149137.43,2026-07-30 16:00:29,0,-49.9,-4.91,30-Jul-2025,30-Jun-2026,54.72488846829796,-13.795446822969758,,,TATA MOTORS PASSENGER VEHICLES LIMITED,1.55,2026-07-30 20:59:45
0,TATACONSUMEQN,-1.1,TATACONSUM,EQ,N,1095.0,1677784,1096.1,1108.9,1090.4,1096.1,1841636385.44,1282.7,1007.2,711099193573.79,2026-07-30 16:00:29,0,2.04,1.8,30-Jul-2025,30-Jun-2026,14.63319560302487,-8.717235901509135,,,TATA CONSUMER PRODUCTS LIMITED,-0.1,2026-07-30 20:59:45
0,MAXHEALTHEQN,12.6,MAXHEALTH,EQ,N,1124.0,1610692,1112.0,1135.9,1110.3,1111.4,1813574764.32,1301.7,903.0,834207449679.87,2026-07-30 16:00:29,0,-11.12,-0.46,30-Jul-2025,30-Jun-2026,13.65137896596758,-24.473975636766333,,,MAX HEALTHCARE INSTITUTE LIMITED,1.13,2026-07-30 20:59:45
0,DRREDDYEQN,2.0,DRREDDY,EQ,N,1144.3,1350714,1143.0,1151.0,1139.0,1142.3,1544257809.06,1414.9,1101.0,695598263003.41,2026-07-30 16:00:29,0,-11.44,-15.68,30-Jul-2025,30-Jun-2026,19.125026503639834,-3.932788374205268,,,DR. REDDY'S LABORATORIES LIMITED,0.18,2026-07-30 20:59:45
0,BAJAJFINSVEQN,-15.4,BAJAJFINSV,EQ,N,1909.0,752615,1918.3,1933.4,1892.3,1924.4,1435951789.25,2195.0,1597.0,1102070234202.81,2026-07-30 16:00:29,0,-2.59,7.24,30-Jul-2025,30-Jun-2026,13.029612756264237,-19.536631183469005,,,BAJAJ FINSERV LIMITED,-0.8,2026-07-30 20:59:45
0,CIPLAEQN,-6.3,CIPLA,EQ,N,1468.0,833068,1478.8,1483.8,1464.1,1474.3,1226700960.68,1673.0,1165.7,823709433326.43,2026-07-30 16:00:29,0,-5.86,0.18,30-Jul-2025,30-Jun-2026,12.253436939629408,-25.93291584455692,,,CIPLA LIMITED,-0.43,2026-07-30 20:59:45
0,JSWSTEELEQN,-8.1,JSWSTEEL,EQ,N,1268.5,923153,1279.1,1304.5,1261.5,1276.6,1171176516.51,1328.0,1018.0,1186453565545.05,2026-07-30 16:00:29,0,22.22,3.43,30-Jul-2025,30-Jun-2026,4.480421686746988,-24.607072691552062,,,JSW STEEL LIMITED,-0.63,2026-07-30 20:59:45
0,GRASIMEQN,-12.9,GRASIM,EQ,N,3100.1,301353,3115.0,3115.5,3085.5,3113.0,933920068.77,3246.0,2502.5,1166435037062.31,2026-07-30 16:00:29,0,12.38,0.0,30-Jul-2025,30-Jun-2026,4.494762784966112,-23.88011988011988,,,GRASIM INDUSTRIES LIMITED,-0.41,2026-07-30 20:59:45
1,NIFTY 50,66.95,NIFTY 50,,,24317.15,400636260,24249.55,24342.95,24187.1,24250.2,335660224755.62,26373.2,22182.55,,2026-07-30 15:39:59,0,-2.16,1.89,29-Jul-2025,29-Jun-2026,7.795982285046942,-9.622879245172443,,,,0.28,2026-07-30 21:00:21
0,HDFCBANKEQN,5.2,HDFCBANK,EQ,N,753.4,35844392,752.8,757.9,745.5,748.2,26916270840.64,1020.5,726.65,11507952979097.49,2026-07-30 16:00:29,0,-25.62,-5.58,30-Jul-2025,30-Jun-2026,26.1734443900049,-3.6812770935113193,,,HDFC BANK LIMITED,0.7,2026-07-30 21:00:21
0,INFYEQN,-0.6,INFY,EQ,N,1155.0,22630218,1168.0,1187.7,1151.3,1155.6,26545698318.36,1728.0,982.4,4040155038730.84,2026-07-30 16:00:29,0,-23.96,15.45,30-Jul-2025,30-Jun-2026,33.15972222222222,-17.569218241042346,,,INFOSYS LIMITED,-0.05,2026-07-30 21:00:21
0,ICICIBANKEQN,-7.9,ICICIBANK,EQ,N,1430.0,14141173,1431.1,1442.2,1422.6,1437.9,20232907504.94,1494.5,1187.6,10218404351568.66,2026-07-30 16:00:29,0,-3.53,3.98,30-Jul-2025,30-Jun-2026,4.315824690531951,-20.410912765240823,,,ICICI BANK LIMITED,-0.55,2026-07-30 21:00:21
0,M&MEQN,72.8,M&M,EQ,N,3294.6,4851980,3220.0,3327.0,3197.5,3221.8,15866023119.8,3839.9,2896.0,2933123350768.73,2026-07-30 16:00:29,0,2.67,7.36,30-Jul-2025,30-Jun-2026,14.200890648193964,-13.763812154696133,,,MAHINDRA & MAHINDRA LIMITED,2.26,2026-07-30 21:00:21
0,RELIANCEEQN,13.5,RELIANCE,EQ,N,1289.4,12158451,1279.8,1297.0,1275.3,1275.9,15689386754.91,1611.8,1249.8,8686354311529.18,2026-07-30 16:00:29,0,-8.56,-0.35,30-Jul-2025,30-Jun-2026,20.002481697481077,-3.168506961113778,,,RELIANCE INDUSTRIES LIMITED,1.06,2026-07-30 21:00:21
0,TCSEQN,-12.6,TCS,EQ,N,2434.0,4901582,2440.0,2495.0,2423.0,2446.6,12055686008.1,3350.0,1976.8,2478110387443.66,2026-07-30 16:00:29,0,-20.29,19.81,30-Jul-2025,30-Jun-2026,27.34328358208955,-23.128288142452448,,,TATA CONSULTANCY SERVICES LIMITED,-0.52,2026-07-30 21:00:21
0,EICHERMOTEQN,130.0,EICHERMOT,EQ,N,7909.0,1496307,7869.5,7930.0,7730.0,7779.0,11742478665.48,8230.0,5353.0,1086933343021.75,2026-07-30 16:00:29,0,44.3,11.81,30-Jul-2025,30-Jun-2026,3.9003645200486026,-47.748925835979826,,,EICHER MOTORS LIMITED,1.67,2026-07-30 21:00:21
0,BHARTIARTLEQN,-3.6,BHARTIARTL,EQ,N,1946.6,5356472,1954.0,1963.2,1943.9,1950.2,10462475369.28,2174.5,1740.5,6044959384312.81,2026-07-30 16:00:29,0,0.72,5.11,30-Jul-2025,30-Jun-2026,10.48057024603357,-11.841424877908647,,,BHARTI AIRTEL LIMITED,-0.18,2026-07-30 21:00:21
0,BAJFINANCEEQN,3.6,BAJFINANCE,EQ,N,1058.0,9866564,1046.0,1068.0,1035.1,1054.4,10348150988.84,1102.5,787.9,2827745664588.37,2026-07-30 16:00:29,0,19.57,5.3,30-Jul-2025,30-Jun-2026,4.036281179138322,-34.28100012691966,,,BAJAJ FINANCE LIMITED,0.34,2026-07-30 21:00:21
0,WIPROEQN,2.8,WIPRO,EQ,N,186.41,54015268,183.4,191.34,183.4,183.61,10162972674.2,273.1,169.0,502918719962.09,2026-07-30 16:00:29,0,-25.5,9.4,30-Jul-2025,30-Jun-2026,31.74295129989015,-10.301775147928995,,,WIPRO LIMITED,1.52,2026-07-30 21:00:21
0,ETERNALEQN,-1.75,ETERNAL,EQ,N,310.05,32431887,307.0,312.25,305.0,311.8,9972480933.63,368.45,212.6,2235244736574.58,2026-07-30 16:00:29,0,2.17,17.18,30-Jul-2025,30-Jun-2026,15.850183199891438,-45.83725305738476,,,ETERNAL LIMITED,-0.56,2026-07-30 21:00:21
0,COALINDIAEQN,7.35,COALINDIA,EQ,N,417.4,23225454,412.95,418.3,410.1,410.05,9640653700.86,491.25,368.65,997004023159.33,2026-07-30 16:00:29,0,9.87,-4.93,30-Jul-2025,30-Jun-2026,15.033078880407125,-13.223925132239252,,,COAL INDIA LIMITED,1.79,2026-07-30 21:00:21
0,ADANIPORTSEQN,-58.2,ADANIPORTS,EQ,N,1661.5,5395211,1726.7,1727.7,1658.4,1719.7,9016638479.53,1891.1,1290.5,1222323805848.08,2026-07-30 16:00:29,0,19.19,-8.21,30-Jul-2025,30-Jun-2026,12.141081909999471,-28.748547074777218,,,ADANI PORTS AND SPECIAL ECONOMIC ZONE LIMITED,-3.38,2026-07-30 21:00:21
0,MARUTIEQN,232.0,MARUTI,EQ,N,14180.0,626000,13939.0,14250.0,13825.0,13948.0,8763230020.0,17370.0,12201.0,1844681206163.64,2026-07-30 16:00:29,0,12.38,0.46,30-Jul-2025,30-Jun-2026,18.364997121473806,-16.21998196869109,,,MARUTI SUZUKI INDIA LIMITED,1.66,2026-07-30 21:00:21
0,AXISBANKEQN,-4.6,AXISBANK,EQ,N,1230.8,6878684,1229.0,1232.2,1220.2,1235.4,8429689668.32,1418.3,1042.5,3525636537742.45,2026-07-30 16:00:29,0,14.67,-8.54,30-Jul-2025,30-Jun-2026,13.220052175139251,-18.062350119904078,,,AXIS BANK LIMITED,-0.37,2026-07-30 21:00:21
0,LTEQN,9.1,LT,EQ,N,3940.5,2141252,3931.4,3951.7,3883.5,3931.4,8412872045.4,4440.0,3288.1,4599211741518.72,2026-07-30 16:00:29,0,7.51,-4.9,30-Jul-2025,30-Jun-2026,11.25,-19.841245704206077,,,LARSEN & TOUBRO LIMITED,0.23,2026-07-30 21:00:21
0,SBINEQN,10.3,SBIN,EQ,N,1024.0,6847458,1013.5,1028.3,1007.6,1013.7,6986940719.46,1234.7,786.55,4220811397058.94,2026-07-30 16:00:29,0,27.74,-0.28,30-Jul-2025,30-Jun-2026,17.064874058475745,-30.188799186320004,,,STATE BANK OF INDIA,1.02,2026-07-30 21:00:21
0,TECHMEQN,17.2,TECHM,EQ,N,1661.4,4167643,1649.0,1686.6,1638.1,1644.2,6976926117.01,1854.0,1304.1,1052212537214.25,2026-07-30 16:00:29,0,13.55,18.27,30-Jul-2025,30-Jun-2026,10.388349514563107,-27.398205659075224,,,TECH MAHINDRA LIMITED,1.05,2026-07-30 21:00:21
0,ASIANPAINTEQN,-8.4,ASIANPAINT,EQ,N,2750.0,2387024,2758.1,2767.9,2666.2,2758.4,6501966933.12,2985.7,2115.0,1240145623693.76,2026-07-30 16:00:29,0,13.83,4.34,30-Jul-2025,30-Jun-2026,7.894296144957631,-30.023640661938533,,,ASIAN PAINTS LIMITED,-0.3,2026-07-30 21:00:21
0,BELEQN,-2.8,BEL,EQ,N,384.75,16521484,386.0,387.5,382.7,387.55,6356310539.32,473.45,361.2,1374204727253.93,2026-07-30 16:00:29,0,-0.45,-6.57,30-Jul-2025,30-Jun-2026,18.734818882669764,-6.519933554817276,,,BHARAT ELECTRONICS LIMITED,-0.72,2026-07-30 21:00:21
0,NESTLEINDEQN,15.7,NESTLEIND,EQ,N,1519.0,3698063,1503.3,1532.6,1497.0,1503.3,5624568919.85,1532.6,1084.7,1086093281065.1,2026-07-30 16:00:29,0,36.14,8.1,30-Jul-2025,30-Jun-2026,0.8873809213101919,-40.03872038351618,,,NESTLE INDIA LIMITED,1.04,2026-07-30 21:00:21
0,SHRIRAMFINEQN,-15.7,SHRIRAMFIN,EQ,N,1029.0,5425880,1038.0,1051.0,1019.5,1044.7,5574711888.4,1108.0,566.5,1437137311112.52,2026-07-30 16:00:29,0,62.61,-1.26,30-Jul-2025,30-Jun-2026,7.129963898916968,-81.64165931156222,,,SHRIRAM FINANCE LIMITED,-1.5,2026-07-30 21:00:21
0,HINDUNILVREQN,-10.8,HINDUNILVR,EQ,N,2107.0,2602039,2120.0,2132.6,2088.0,2117.8,5478124747.48,2750.0,2016.0,1864069949678.92,2026-07-30 16:00:29,0,-13.56,-0.53,30-Jul-2025,30-Jun-2026,23.381818181818183,-4.513888888888889,,,HINDUSTAN UNILEVER LIMITED,-0.51,2026-07-30 21:00:21
0,ITCEQN,-0.7,ITC,EQ,N,285.55,18283697,286.1,288.4,283.75,286.25,5224200743.81,427.0,275.0,2744908844595.67,2026-07-30 16:00:29,0,-29.94,-0.49,30-Jul-2025,30-Jun-2026,33.12646370023419,-3.8363636363636364,,,ITC LIMITED,-0.24,2026-07-30 21:00:21
0,HCLTECHEQN,7.2,HCLTECH,EQ,N,1351.5,3747919,1349.0,1369.9,1345.6,1344.3,5097507152.71,1780.1,1030.0,1420880972267.0,2026-07-30 16:00:29,0,-8.47,26.1,30-Jul-2025,30-Jun-2026,24.077299028144488,-31.21359223300971,,,HCL TECHNOLOGIES LIMITED,0.54,2026-07-30 21:00:21
0,KOTAKBANKEQN,-2.6,KOTAKBANK,EQ,N,387.6,12205963,385.7,390.2,385.7,390.2,4742993102.54,453.2,345.5,2845977112500.26,2026-07-30 16:00:29,0,-1.11,-1.19,30-Jul-2025,30-Jun-2026,14.474845542806708,-12.185238784370478,,,KOTAK MAHINDRA BANK LIMITED,-0.67,2026-07-30 21:00:21
0,SUNPHARMAEQN,15.1,SUNPHARMA,EQ,N,2005.0,2224264,1993.1,2017.3,1988.0,1989.9,4464453730.24,2017.3,1548.0,2117111838529.49,2026-07-30 16:00:29,0,15.64,7.65,30-Jul-2025,30-Jun-2026,0.6097258712139989,-29.521963824289404,,,SUN PHARMACEUTICAL INDUSTRIES LIMITED,0.76,2026-07-30 21:00:21
0,HINDALCOEQN,7.05,HINDALCO,EQ,N,969.5,4259226,968.0,973.05,960.6,962.45,4118969687.82,1176.0,657.5,1399812364334.5,2026-07-30 16:00:29,0,40.75,1.35,30-Jul-2025,30-Jun-2026,17.55952380952381,-47.452471482889734,,,HINDALCO INDUSTRIES LIMITED,0.73,2026-07-30 21:00:21
0,ADANIENTEQN,25.5,ADANIENT,EQ,N,3050.0,1278332,3024.5,3060.9,2994.6,3024.5,3882677783.6,3245.0,1753.0,913098756508.21,2026-07-30 16:00:29,0,24.03,0.46,30-Jul-2025,30-Jun-2026,6.00924499229584,-73.9874500855676,,,ADANI ENTERPRISES LIMITED,0.84,2026-07-30 21:00:21
0,JIOFINEQN,-2.81,JIOFIN,EQ,N,246.67,15570324,248.75,249.9,245.1,249.48,3842755963.2,338.6,223.3,807083544996.55,2026-07-30 16:00:29,0,-22.99,4.33,30-Jul-2025,30-Jun-2026,27.15002953337271,-10.465741155396328,,,JIO FINANCIAL SERVICES LIMITED,-1.13,2026-07-30 21:00:21
0,TITANEQN,-6.3,TITAN,EQ,N,4843.9,777361,4820.9,4869.9,4820.9,4850.2,3767503407.33,4869.9,3303.1,1994286097671.63,2026-07-30 16:00:29,0,43.46,9.99,30-Jul-2025,30-Jun-2026,0.533891866362759,-46.64708909811995,,,TITAN COMPANY LIMITED,-0.13,2026-07-30 21:00:21
0,ULTRACEMCOEQN,92.0,ULTRACEMCO,EQ,N,11850.0,291418,11800.0,11861.0,11730.0,11998.0,3440801467.8,13110.0,10325.0,1398368106960.24,2026-07-30 16:00:29,0,-3.41,5.31,30-Jul-2025,30-Jun-2026,9.610983981693364,-14.76997578692494,,,ULTRATECH CEMENT LIMITED,0.78,2026-07-30 21:00:21
0,NTPCEQN,1.65,NTPC,EQ,N,345.15,9943764,343.5,347.65,341.85,343.5,3429504765.96,414.4,315.55,1631724403926.03,2026-07-30 16:00:29,0,1.87,-3.22,30-Jul-2025,30-Jun-2026,16.710907335907336,-9.380446838852796,,,NTPC LIMITED,0.48,2026-07-30 21:00:21
0,BAJAJ-AUTOEQN,107.0,BAJAJ-AUTO,EQ,N,11445.0,295600,11338.0,11525.0,11305.5,11338.0,3383889868.0,11532.0,7858.5,1264023467645.08,2026-07-30 16:00:29,0,42.29,17.8,30-Jul-2025,30-Jun-2026,0.7544224765868887,-45.63848062607368,,,BAJAJ AUTO LIMITED,0.94,2026-07-30 21:00:21
0,INDIGOEQN,-58.5,INDIGO,EQ,N,5218.0,549497,5210.0,5258.0,5194.0,5276.5,2872643931.69,6232.5,3895.2,1177843830371.66,2026-07-30 16:00:29,0,-9.09,-2.8,30-Jul-2025,30-Jun-2026,16.277577216205376,-33.95974532758267,,,INTERGLOBE AVIATION LIMITED,-1.11,2026-07-30 21:00:21
0,SBILIFEEQN,-27.8,SBILIFE,EQ,N,1867.1,1513264,1882.2,1910.0,1862.6,1894.9,2858843216.16,2132.0,1700.4,836655989360.71,2026-07-30 16:00:29,0,1.52,5.74,30-Jul-2025,30-Jun-2026,12.424953095684803,-9.803575629263703,,,SBI LIFE INSURANCE COMPANY LIMITED,-1.47,2026-07-30 21:00:21
0,ONGCEQN,2.99,ONGC,EQ,N,241.3,11419363,239.5,244.39,239.06,238.31,2768624559.35,307.5,227.65,934707283642.2,2026-07-30 16:00:29,0,-0.21,2.72,30-Jul-2025,30-Jun-2026,21.528455284552845,-5.996046562705908,,,OIL & NATURAL GAS CORPORATION LIMITED,1.25,2026-07-30 21:00:21
0,TATASTEELEQN,-0.28,TATASTEEL,EQ,N,186.99,13769746,188.01,188.99,186.1,187.27,2576732568.98,224.4,152.51,1541351160652.42,2026-07-30 16:00:29,0,15.88,-0.57,30-Jul-2025,30-Jun-2026,16.671122994652407,-22.60835355058685,,,TATA STEEL LIMITED,-0.15,2026-07-30 21:00:21
0,TRENTEQN,-1.3,TRENT,EQ,N,3003.9,806910,3020.2,3042.6,2982.0,3005.2,2423376664.8,3782.67,2183.67,996732662909.66,2026-07-30 16:00:29,0,-10.66,-8.49,30-Jul-2025,30-Jun-2026,20.58783874882028,-37.56199425737405,,,TRENT LIMITED,-0.04,2026-07-30 21:00:21
0,HDFCLIFEEQN,-11.65,HDFCLIFE,EQ,N,545.05,4394541,557.0,558.85,544.7,556.7,2406538542.42,815.0,543.0,588634041770.54,2026-07-30 16:00:29,0,-28.04,-5.35,30-Jul-2025,30-Jun-2026,33.122699386503065,-0.3775322283609576,,,HDFC LIFE INSURANCE COMPANY LIMITED,-2.09,2026-07-30 21:00:21
0,APOLLOHOSPEQN,24.0,APOLLOHOSP,EQ,N,8959.0,263013,8900.0,9009.0,8865.5,8935.0,2359053021.42,9009.0,6696.5,919392943478.69,2026-07-30 16:00:29,0,20.26,3.19,30-Jul-2025,30-Jun-2026,0.555000555000555,-33.78630627939969,,,APOLLO HOSPITALS ENTERPRISE LIMITED,0.27,2026-07-30 21:00:21
0,POWERGRIDEQN,2.5,POWERGRID,EQ,N,285.35,7903593,283.4,287.1,283.0,282.85,2254974118.83,324.95,250.0,1288609092539.81,2026-07-30 16:00:29,0,-1.25,-0.33,30-Jul-2025,30-Jun-2026,12.186490229266042,-14.14,,,POWER GRID CORPORATION OF INDIA LIMITED,0.88,2026-07-30 21:00:21
0,TMPVEQN,5.1,TMPV,EQ,N,334.9,6078600,328.2,335.0,328.05,329.8,2019797208.0,739.7,294.3,697961149137.43,2026-07-30 16:00:29,0,-49.9,-4.91,30-Jul-2025,30-Jun-2026,54.72488846829796,-13.795446822969758,,,TATA MOTORS PASSENGER VEHICLES LIMITED,1.55,2026-07-30 21:00:21
0,TATACONSUMEQN,-1.1,TATACONSUM,EQ,N,1095.0,1677784,1096.1,1108.9,1090.4,1096.1,1841636385.44,1282.7,1007.2,711099193573.79,2026-07-30 16:00:29,0,2.04,1.8,30-Jul-2025,30-Jun-2026,14.63319560302487,-8.717235901509135,,,TATA CONSUMER PRODUCTS LIMITED,-0.1,2026-07-30 21:00:21
0,MAXHEALTHEQN,12.6,MAXHEALTH,EQ,N,1124.0,1610692,1112.0,1135.9,1110.3,1111.4,1813574764.32,1301.7,903.0,834207449679.87,2026-07-30 16:00:29,0,-11.12,-0.46,30-Jul-2025,30-Jun-2026,13.65137896596758,-24.473975636766333,,,MAX HEALTHCARE INSTITUTE LIMITED,1.13,2026-07-30 21:00:21
0,DRREDDYEQN,2.0,DRREDDY,EQ,N,1144.3,1350714,1143.0,1151.0,1139.0,1142.3,1544257809.06,1414.9,1101.0,695598263003.41,2026-07-30 16:00:29,0,-11.44,-15.68,30-Jul-2025,30-Jun-2026,19.125026503639834,-3.932788374205268,,,DR. REDDY'S LABORATORIES LIMITED,0.18,2026-07-30 21:00:21
0,BAJAJFINSVEQN,-15.4,BAJAJFINSV,EQ,N,1909.0,752615,1918.3,1933.4,1892.3,1924.4,1435951789.25,2195.0,1597.0,1102070234202.81,2026-07-30 16:00:29,0,-2.59,7.24,30-Jul-2025,30-Jun-2026,13.029612756264237,-19.536631183469005,,,BAJAJ FINSERV LIMITED,-0.8,2026-07-30 21:00:21
0,CIPLAEQN,-6.3,CIPLA,EQ,N,1468.0,833068,1478.8,1483.8,1464.1,1474.3,1226700960.68,1673.0,1165.7,823709433326.43,2026-07-30 16:00:29,0,-5.86,0.18,30-Jul-2025,30-Jun-2026,12.253436939629408,-25.93291584455692,,,CIPLA LIMITED,-0.43,2026-07-30 21:00:21
0,JSWSTEELEQN,-8.1,JSWSTEEL,EQ,N,1268.5,923153,1279.1,1304.5,1261.5,1276.6,1171176516.51,1328.0,1018.0,1186453565545.05,2026-07-30 16:00:29,0,22.22,3.43,30-Jul-2025,30-Jun-2026,4.480421686746988,-24.607072691552062,,,JSW STEEL LIMITED,-0.63,2026-07-30 21:00:21
0,GRASIMEQN,-12.9,GRASIM,EQ,N,3100.1,301353,3115.0,3115.5,3085.5,3113.0,933920068.77,3246.0,2502.5,1166435037062.31,2026-07-30 16:00:29,0,12.38,0.0,30-Jul-2025,30-Jun-2026,4.494762784966112,-23.88011988011988,,,GRASIM INDUSTRIES LIMITED,-0.41,2026-07-30 21:00:21
1,NIFTY 50,66.95,NIFTY 50,,,24317.15,400636260,24249.55,24342.95,24187.1,24250.2,335660224755.62,26373.2,22182.55,,2026-07-30 15:39:59,0,-2.16,1.89,29-Jul-2025,29-Jun-2026,7.795982285046942,-9.622879245172443,,,,0.28,2026-07-30 21:00:51
0,HDFCBANKEQN,5.2,HDFCBANK,EQ,N,753.4,35844392,752.8,757.9,745.5,748.2,26916270840.64,1020.5,726.65,11507952979097.49,2026-07-30 16:00:29,0,-25.62,-5.58,30-Jul-2025,30-Jun-2026,26.1734443900049,-3.6812770935113193,,,HDFC BANK LIMITED,0.7,2026-07-30 21:00:51
0,INFYEQN,-0.6,INFY,EQ,N,1155.0,22630218,1168.0,1187.7,1151.3,1155.6,26545698318.36,1728.0,982.4,4040155038730.84,2026-07-30 16:00:29,0,-23.96,15.45,30-Jul-2025,30-Jun-2026,33.15972222222222,-17.569218241042346,,,INFOSYS LIMITED,-0.05,2026-07-30 21:00:51
0,ICICIBANKEQN,-7.9,ICICIBANK,EQ,N,1430.0,14141173,1431.1,1442.2,1422.6,1437.9,20232907504.94,1494.5,1187.6,10218404351568.66,2026-07-30 16:00:29,0,-3.53,3.98,30-Jul-2025,30-Jun-2026,4.315824690531951,-20.410912765240823,,,ICICI BANK LIMITED,-0.55,2026-07-30 21:00:51
0,M&MEQN,72.8,M&M,EQ,N,3294.6,4851980,3220.0,3327.0,3197.5,3221.8,15866023119.8,3839.9,2896.0,2933123350768.73,2026-07-30 16:00:29,0,2.67,7.36,30-Jul-2025,30-Jun-2026,14.200890648193964,-13.763812154696133,,,MAHINDRA & MAHINDRA LIMITED,2.26,2026-07-30 21:00:51
0,RELIANCEEQN,13.5,RELIANCE,EQ,N,1289.4,12158451,1279.8,1297.0,1275.3,1275.9,15689386754.91,1611.8,1249.8,8686354311529.18,2026-07-30 16:00:29,0,-8.56,-0.35,30-Jul-2025,30-Jun-2026,20.002481697481077,-3.168506961113778,,,RELIANCE INDUSTRIES LIMITED,1.06,2026-07-30 21:00:51
0,TCSEQN,-12.6,TCS,EQ,N,2434.0,4901582,2440.0,2495.0,2423.0,2446.6,12055686008.1,3350.0,1976.8,2478110387443.66,2026-07-30 16:00:29,0,-20.29,19.81,30-Jul-2025,30-Jun-2026,27.34328358208955,-23.128288142452448,,,TATA CONSULTANCY SERVICES LIMITED,-0.52,2026-07-30 21:00:51
0,EICHERMOTEQN,130.0,EICHERMOT,EQ,N,7909.0,1496307,7869.5,7930.0,7730.0,7779.0,11742478665.48,8230.0,5353.0,1086933343021.75,2026-07-30 16:00:29,0,44.3,11.81,30-Jul-2025,30-Jun-2026,3.9003645200486026,-47.748925835979826,,,EICHER MOTORS LIMITED,1.67,2026-07-30 21:00:51
0,BHARTIARTLEQN,-3.6,BHARTIARTL,EQ,N,1946.6,5356472,1954.0,1963.2,1943.9,1950.2,10462475369.28,2174.5,1740.5,6044959384312.81,2026-07-30 16:00:29,0,0.72,5.11,30-Jul-2025,30-Jun-2026,10.48057024603357,-11.841424877908647,,,BHARTI AIRTEL LIMITED,-0.18,2026-07-30 21:00:51
0,BAJFINANCEEQN,3.6,BAJFINANCE,EQ,N,1058.0,9866564,1046.0,1068.0,1035.1,1054.4,10348150988.84,1102.5,787.9,2827745664588.37,2026-07-30 16:00:29,0,19.57,5.3,30-Jul-2025,30-Jun-2026,4.036281179138322,-34.28100012691966,,,BAJAJ FINANCE LIMITED,0.34,2026-07-30 21:00:51
0,WIPROEQN,2.8,WIPRO,EQ,N,186.41,54015268,183.4,191.34,183.4,183.61,10162972674.2,273.1,169.0,502918719962.09,2026-07-30 16:00:29,0,-25.5,9.4,30-Jul-2025,30-Jun-2026,31.74295129989015,-10.301775147928995,,,WIPRO LIMITED,1.52,2026-07-30 21:00:51
0,ETERNALEQN,-1.75,ETERNAL,EQ,N,310.05,32431887,307.0,312.25,305.0,311.8,9972480933.63,368.45,212.6,2235244736574.58,2026-07-30 16:00:29,0,2.17,17.18,30-Jul-2025,30-Jun-2026,15.850183199891438,-45.83725305738476,,,ETERNAL LIMITED,-0.56,2026-07-30 21:00:51
0,COALINDIAEQN,7.35,COALINDIA,EQ,N,417.4,23225454,412.95,418.3,410.1,410.05,9640653700.86,491.25,368.65,997004023159.33,2026-07-30 16:00:29,0,9.87,-4.93,30-Jul-2025,30-Jun-2026,15.033078880407125,-13.223925132239252,,,COAL INDIA LIMITED,1.79,2026-07-30 21:00:51
0,ADANIPORTSEQN,-58.2,ADANIPORTS,EQ,N,1661.5,5395211,1726.7,1727.7,1658.4,1719.7,9016638479.53,1891.1,1290.5,1222323805848.08,2026-07-30 16:00:29,0,19.19,-8.21,30-Jul-2025,30-Jun-2026,12.141081909999471,-28.748547074777218,,,ADANI PORTS AND SPECIAL ECONOMIC ZONE LIMITED,-3.38,2026-07-30 21:00:51
0,MARUTIEQN,232.0,MARUTI,EQ,N,14180.0,626000,13939.0,14250.0,13825.0,13948.0,8763230020.0,17370.0,12201.0,1844681206163.64,2026-07-30 16:00:29,0,12.38,0.46,30-Jul-2025,30-Jun-2026,18.364997121473806,-16.21998196869109,,,MARUTI SUZUKI INDIA LIMITED,1.66,2026-07-30 21:00:51
0,AXISBANKEQN,-4.6,AXISBANK,EQ,N,1230.8,6878684,1229.0,1232.2,1220.2,1235.4,8429689668.32,1418.3,1042.5,3525636537742.45,2026-07-30 16:00:29,0,14.67,-8.54,30-Jul-2025,30-Jun-2026,13.220052175139251,-18.062350119904078,,,AXIS BANK LIMITED,-0.37,2026-07-30 21:00:51
0,LTEQN,9.1,LT,EQ,N,3940.5,2141252,3931.4,3951.7,3883.5,3931.4,8412872045.4,4440.0,3288.1,4599211741518.72,2026-07-30 16:00:29,0,7.51,-4.9,30-Jul-2025,30-Jun-2026,11.25,-19.841245704206077,,,LARSEN & TOUBRO LIMITED,0.23,2026-07-30 21:00:51
0,SBINEQN,10.3,SBIN,EQ,N,1024.0,6847458,1013.5,1028.3,1007.6,1013.7,6986940719.46,1234.7,786.55,4220811397058.94,2026-07-30 16:00:29,0,27.74,-0.28,30-Jul-2025,30-Jun-2026,17.064874058475745,-30.188799186320004,,,STATE BANK OF INDIA,1.02,2026-07-30 21:00:51
0,TECHMEQN,17.2,TECHM,EQ,N,1661.4,4167643,1649.0,1686.6,1638.1,1644.2,6976926117.01,1854.0,1304.1,1052212537214.25,2026-07-30 16:00:29,0,13.55,18.27,30-Jul-2025,30-Jun-2026,10.388349514563107,-27.398205659075224,,,TECH MAHINDRA LIMITED,1.05,2026-07-30 21:00:51
0,ASIANPAINTEQN,-8.4,ASIANPAINT,EQ,N,2750.0,2387024,2758.1,2767.9,2666.2,2758.4,6501966933.12,2985.7,2115.0,1240145623693.76,2026-07-30 16:00:29,0,13.83,4.34,30-Jul-2025,30-Jun-2026,7.894296144957631,-30.023640661938533,,,ASIAN PAINTS LIMITED,-0.3,2026-07-30 21:00:51
0,BELEQN,-2.8,BEL,EQ,N,384.75,16521484,386.0,387.5,382.7,387.55,6356310539.32,473.45,361.2,1374204727253.93,2026-07-30 16:00:29,0,-0.45,-6.57,30-Jul-2025,30-Jun-2026,18.734818882669764,-6.519933554817276,,,BHARAT ELECTRONICS LIMITED,-0.72,2026-07-30 21:00:51
0,NESTLEINDEQN,15.7,NESTLEIND,EQ,N,1519.0,3698063,1503.3,1532.6,1497.0,1503.3,5624568919.85,1532.6,1084.7,1086093281065.1,2026-07-30 16:00:29,0,36.14,8.1,30-Jul-2025,30-Jun-2026,0.8873809213101919,-40.03872038351618,,,NESTLE INDIA LIMITED,1.04,2026-07-30 21:00:51
0,SHRIRAMFINEQN,-15.7,SHRIRAMFIN,EQ,N,1029.0,5425880,1038.0,1051.0,1019.5,1044.7,5574711888.4,1108.0,566.5,1437137311112.52,2026-07-30 16:00:29,0,62.61,-1.26,30-Jul-2025,30-Jun-2026,7.129963898916968,-81.64165931156222,,,SHRIRAM FINANCE LIMITED,-1.5,2026-07-30 21:00:51
0,HINDUNILVREQN,-10.8,HINDUNILVR,EQ,N,2107.0,2602039,2120.0,2132.6,2088.0,2117.8,5478124747.48,2750.0,2016.0,1864069949678.92,2026-07-30 16:00:29,0,-13.56,-0.53,30-Jul-2025,30-Jun-2026,23.381818181818183,-4.513888888888889,,,HINDUSTAN UNILEVER LIMITED,-0.51,2026-07-30 21:00:51
0,ITCEQN,-0.7,ITC,EQ,N,285.55,18283697,286.1,288.4,283.75,286.25,5224200743.81,427.0,275.0,2744908844595.67,2026-07-30 16:00:29,0,-29.94,-0.49,30-Jul-2025,30-Jun-2026,33.12646370023419,-3.8363636363636364,,,ITC LIMITED,-0.24,2026-07-30 21:00:51
0,HCLTECHEQN,7.2,HCLTECH,EQ,N,1351.5,3747919,1349.0,1369.9,1345.6,1344.3,5097507152.71,1780.1,1030.0,1420880972267.0,2026-07-30 16:00:29,0,-8.47,26.1,30-Jul-2025,30-Jun-2026,24.077299028144488,-31.21359223300971,,,HCL TECHNOLOGIES LIMITED,0.54,2026-07-30 21:00:51
0,KOTAKBANKEQN,-2.6,KOTAKBANK,EQ,N,387.6,12205963,385.7,390.2,385.7,390.2,4742993102.54,453.2,345.5,2845977112500.26,2026-07-30 16:00:29,0,-1.11,-1.19,30-Jul-2025,30-Jun-2026,14.474845542806708,-12.185238784370478,,,KOTAK MAHINDRA BANK LIMITED,-0.67,2026-07-30 21:00:51
0,SUNPHARMAEQN,15.1,SUNPHARMA,EQ,N,2005.0,2224264,1993.1,2017.3,1988.0,1989.9,4464453730.24,2017.3,1548.0,2117111838529.49,2026-07-30 16:00:29,0,15.64,7.65,30-Jul-2025,30-Jun-2026,0.6097258712139989,-29.521963824289404,,,SUN PHARMACEUTICAL INDUSTRIES LIMITED,0.76,2026-07-30 21:00:51
0,HINDALCOEQN,7.05,HINDALCO,EQ,N,969.5,4259226,968.0,973.05,960.6,962.45,4118969687.82,1176.0,657.5,1399812364334.5,2026-07-30 16:00:29,0,40.75,1.35,30-Jul-2025,30-Jun-2026,17.55952380952381,-47.452471482889734,,,HINDALCO INDUSTRIES LIMITED,0.73,2026-07-30 21:00:51
0,ADANIENTEQN,25.5,ADANIENT,EQ,N,3050.0,1278332,3024.5,3060.9,2994.6,3024.5,3882677783.6,3245.0,1753.0,913098756508.21,2026-07-30 16:00:29,0,24.03,0.46,30-Jul-2025,30-Jun-2026,6.00924499229584,-73.9874500855676,,,ADANI ENTERPRISES LIMITED,0.84,2026-07-30 21:00:51
0,JIOFINEQN,-2.81,JIOFIN,EQ,N,246.67,15570324,248.75,249.9,245.1,249.48,3842755963.2,338.6,223.3,807083544996.55,2026-07-30 16:00:29,0,-22.99,4.33,30-Jul-2025,30-Jun-2026,27.15002953337271,-10.465741155396328,,,JIO FINANCIAL SERVICES LIMITED,-1.13,2026-07-30 21:00:51
0,TITANEQN,-6.3,TITAN,EQ,N,4843.9,777361,4820.9,4869.9,4820.9,4850.2,3767503407.33,4869.9,3303.1,1994286097671.63,2026-07-30 16:00:29,0,43.46,9.99,30-Jul-2025,30-Jun-2026,0.533891866362759,-46.64708909811995,,,TITAN COMPANY LIMITED,-0.13,2026-07-30 21:00:51
0,ULTRACEMCOEQN,92.0,ULTRACEMCO,EQ,N,11850.0,291418,11800.0,11861.0,11730.0,11998.0,3440801467.8,13110.0,10325.0,1398368106960.24,2026-07-30 16:00:29,0,-3.41,5.31,30-Jul-2025,30-Jun-2026,9.610983981693364,-14.76997578692494,,,ULTRATECH CEMENT LIMITED,0.78,2026-07-30 21:00:51
0,NTPCEQN,1.65,NTPC,EQ,N,345.15,9943764,343.5,347.65,341.85,343.5,3429504765.96,414.4,315.55,1631724403926.03,2026-07-30 16:00:29,0,1.87,-3.22,30-Jul-2025,30-Jun-2026,16.710907335907336,-9.380446838852796,,,NTPC LIMITED,0.48,2026-07-30 21:00:51
0,BAJAJ-AUTOEQN,107.0,BAJAJ-AUTO,EQ,N,11445.0,295600,11338.0,11525.0,11305.5,11338.0,3383889868.0,11532.0,7858.5,1264023467645.08,2026-07-30 16:00:29,0,42.29,17.8,30-Jul-2025,30-Jun-2026,0.7544224765868887,-45.63848062607368,,,BAJAJ AUTO LIMITED,0.94,2026-07-30 21:00:51
0,INDIGOEQN,-58.5,INDIGO,EQ,N,5218.0,549497,5210.0,5258.0,5194.0,5276.5,2872643931.69,6232.5,3895.2,1177843830371.66,2026-07-30 16:00:29,0,-9.09,-2.8,30-Jul-2025,30-Jun-2026,16.277577216205376,-33.95974532758267,,,INTERGLOBE AVIATION LIMITED,-1.11,2026-07-30 21:00:51
0,SBILIFEEQN,-27.8,SBILIFE,EQ,N,1867.1,1513264,1882.2,1910.0,1862.6,1894.9,2858843216.16,2132.0,1700.4,836655989360.71,2026-07-30 16:00:29,0,1.52,5.74,30-Jul-2025,30-Jun-2026,12.424953095684803,-9.803575629263703,,,SBI LIFE INSURANCE COMPANY LIMITED,-1.47,2026-07-30 21:00:51
0,ONGCEQN,2.99,ONGC,EQ,N,241.3,11419363,239.5,244.39,239.06,238.31,2768624559.35,307.5,227.65,934707283642.2,2026-07-30 16:00:29,0,-0.21,2.72,30-Jul-2025,30-Jun-2026,21.528455284552845,-5.996046562705908,,,OIL & NATURAL GAS CORPORATION LIMITED,1.25,2026-07-30 21:00:51
0,TATASTEELEQN,-0.28,TATASTEEL,EQ,N,186.99,13769746,188.01,188.99,186.1,187.27,2576732568.98,224.4,152.51,1541351160652.42,2026-07-30 16:00:29,0,15.88,-0.57,30-Jul-2025,30-Jun-2026,16.671122994652407,-22.60835355058685,,,TATA STEEL LIMITED,-0.15,2026-07-30 21:00:51
0,TRENTEQN,-1.3,TRENT,EQ,N,3003.9,806910,3020.2,3042.6,2982.0,3005.2,2423376664.8,3782.67,2183.67,996732662909.66,2026-07-30 16:00:29,0,-10.66,-8.49,30-Jul-2025,30-Jun-2026,20.58783874882028,-37.56199425737405,,,TRENT LIMITED,-0.04,2026-07-30 21:00:51
0,HDFCLIFEEQN,-11.65,HDFCLIFE,EQ,N,545.05,4394541,557.0,558.85,544.7,556.7,2406538542.42,815.0,543.0,588634041770.54,2026-07-30 16:00:29,0,-28.04,-5.35,30-Jul-2025,30-Jun-2026,33.122699386503065,-0.3775322283609576,,,HDFC LIFE INSURANCE COMPANY LIMITED,-2.09,2026-07-30 21:00:51
0,APOLLOHOSPEQN,24.0,APOLLOHOSP,EQ,N,8959.0,263013,8900.0,9009.0,8865.5,8935.0,2359053021.42,9009.0,6696.5,919392943478.69,2026-07-30 16:00:29,0,20.26,3.19,30-Jul-2025,30-Jun-2026,0.555000555000555,-33.78630627939969,,,APOLLO HOSPITALS ENTERPRISE LIMITED,0.27,2026-07-30 21:00:51
0,POWERGRIDEQN,2.5,POWERGRID,EQ,N,285.35,7903593,283.4,287.1,283.0,282.85,2254974118.83,324.95,250.0,1288609092539.81,2026-07-30 16:00:29,0,-1.25,-0.33,30-Jul-2025,30-Jun-2026,12.186490229266042,-14.14,,,POWER GRID CORPORATION OF INDIA LIMITED,0.88,2026-07-30 21:00:51
0,TMPVEQN,5.1,TMPV,EQ,N,334.9,6078600,328.2,335.0,328.05,329.8,2019797208.0,739.7,294.3,697961149137.43,2026-07-30 16:00:29,0,-49.9,-4.91,30-Jul-2025,30-Jun-2026,54.72488846829796,-13.795446822969758,,,TATA MOTORS PASSENGER VEHICLES LIMITED,1.55,2026-07-30 21:00:51
0,TATACONSUMEQN,-1.1,TATACONSUM,EQ,N,1095.0,1677784,1096.1,1108.9,1090.4,1096.1,1841636385.44,1282.7,1007.2,711099193573.79,2026-07-30 16:00:29,0,2.04,1.8,30-Jul-2025,30-Jun-2026,14.63319560302487,-8.717235901509135,,,TATA CONSUMER PRODUCTS LIMITED,-0.1,2026-07-30 21:00:51
0,MAXHEALTHEQN,12.6,MAXHEALTH,EQ,N,1124.0,1610692,1112.0,1135.9,1110.3,1111.4,1813574764.32,1301.7,903.0,834207449679.87,2026-07-30 16:00:29,0,-11.12,-0.46,30-Jul-2025,30-Jun-2026,13.65137896596758,-24.473975636766333,,,MAX HEALTHCARE INSTITUTE LIMITED,1.13,2026-07-30 21:00:51
0,DRREDDYEQN,2.0,DRREDDY,EQ,N,1144.3,1350714,1143.0,1151.0,1139.0,1142.3,1544257809.06,1414.9,1101.0,695598263003.41,2026-07-30 16:00:29,0,-11.44,-15.68,30-Jul-2025,30-Jun-2026,19.125026503639834,-3.932788374205268,,,DR. REDDY'S LABORATORIES LIMITED,0.18,2026-07-30 21:00:51
0,BAJAJFINSVEQN,-15.4,BAJAJFINSV,EQ,N,1909.0,752615,1918.3,1933.4,1892.3,1924.4,1435951789.25,2195.0,1597.0,1102070234202.81,2026-07-30 16:00:29,0,-2.59,7.24,30-Jul-2025,30-Jun-2026,13.029612756264237,-19.536631183469005,,,BAJAJ FINSERV LIMITED,-0.8,2026-07-30 21:00:51
0,CIPLAEQN,-6.3,CIPLA,EQ,N,1468.0,833068,1478.8,1483.8,1464.1,1474.3,1226700960.68,1673.0,1165.7,823709433326.43,2026-07-30 16:00:29,0,-5.86,0.18,30-Jul-2025,30-Jun-2026,12.253436939629408,-25.93291584455692,,,CIPLA LIMITED,-0.43,2026-07-30 21:00:51
0,JSWSTEELEQN,-8.1,JSWSTEEL,EQ,N,1268.5,923153,1279.1,1304.5,1261.5,1276.6,1171176516.51,1328.0,1018.0,1186453565545.05,2026-07-30 16:00:29,0,22.22,3.43,30-Jul-2025,30-Jun-2026,4.480421686746988,-24.607072691552062,,,JSW STEEL LIMITED,-0.63,2026-07-30 21:00:51
0,GRASIMEQN,-12.9,GRASIM,EQ,N,3100.1,301353,3115.0,3115.5,3085.5,3113.0,933920068.77,3246.0,2502.5,1166435037062.31,2026-07-30 16:00:29,0,12.38,0.0,30-Jul-2025,30-Jun-2026,4.494762784966112,-23.88011988011988,,,GRASIM INDUSTRIES LIMITED,-0.41,2026-07-30 21:00:51
1,NIFTY 50,66.95,NIFTY 50,,,24317.15,400636260,24249.55,24342.95,24187.1,24250.2,335660224755.62,26373.2,22182.55,,2026-07-30 15:39:59,0,-2.16,1.89,29-Jul-2025,29-Jun-2026,7.795982285046942,-9.622879245172443,,,,0.28,2026-07-30 21:01:21
0,HDFCBANKEQN,5.2,HDFCBANK,EQ,N,753.4,35844392,752.8,757.9,745.5,748.2,26916270840.64,1020.5,726.65,11507952979097.49,2026-07-30 16:00:29,0,-25.62,-5.58,30-Jul-2025,30-Jun-2026,26.1734443900049,-3.6812770935113193,,,HDFC BANK LIMITED,0.7,2026-07-30 21:01:21
0,INFYEQN,-0.6,INFY,EQ,N,1155.0,22630218,1168.0,1187.7,1151.3,1155.6,26545698318.36,1728.0,982.4,4040155038730.84,2026-07-30 16:00:29,0,-23.96,15.45,30-Jul-2025,30-Jun-2026,33.15972222222222,-17.569218241042346,,,INFOSYS LIMITED,-0.05,2026-07-30 21:01:21
0,ICICIBANKEQN,-7.9,ICICIBANK,EQ,N,1430.0,14141173,1431.1,1442.2,1422.6,1437.9,20232907504.94,1494.5,1187.6,10218404351568.66,2026-07-30 16:00:29,0,-3.53,3.98,30-Jul-2025,30-Jun-2026,4.315824690531951,-20.410912765240823,,,ICICI BANK LIMITED,-0.55,2026-07-30 21:01:21
0,M&MEQN,72.8,M&M,EQ,N,3294.6,4851980,3220.0,3327.0,3197.5,3221.8,15866023119.8,3839.9,2896.0,2933123350768.73,2026-07-30 16:00:29,0,2.67,7.36,30-Jul-2025,30-Jun-2026,14.200890648193964,-13.763812154696133,,,MAHINDRA & MAHINDRA LIMITED,2.26,2026-07-30 21:01:21
0,RELIANCEEQN,13.5,RELIANCE,EQ,N,1289.4,12158451,1279.8,1297.0,1275.3,1275.9,15689386754.91,1611.8,1249.8,8686354311529.18,2026-07-30 16:00:29,0,-8.56,-0.35,30-Jul-2025,30-Jun-2026,20.002481697481077,-3.168506961113778,,,RELIANCE INDUSTRIES LIMITED,1.06,2026-07-30 21:01:21
0,TCSEQN,-12.6,TCS,EQ,N,2434.0,4901582,2440.0,2495.0,2423.0,2446.6,12055686008.1,3350.0,1976.8,2478110387443.66,2026-07-30 16:00:29,0,-20.29,19.81,30-Jul-2025,30-Jun-2026,27.34328358208955,-23.128288142452448,,,TATA CONSULTANCY SERVICES LIMITED,-0.52,2026-07-30 21:01:21
0,EICHERMOTEQN,130.0,EICHERMOT,EQ,N,7909.0,1496307,7869.5,7930.0,7730.0,7779.0,11742478665.48,8230.0,5353.0,1086933343021.75,2026-07-30 16:00:29,0,44.3,11.81,30-Jul-2025,30-Jun-2026,3.9003645200486026,-47.748925835979826,,,EICHER MOTORS LIMITED,1.67,2026-07-30 21:01:21
0,BHARTIARTLEQN,-3.6,BHARTIARTL,EQ,N,1946.6,5356472,1954.0,1963.2,1943.9,1950.2,10462475369.28,2174.5,1740.5,6044959384312.81,2026-07-30 16:00:29,0,0.72,5.11,30-Jul-2025,30-Jun-2026,10.48057024603357,-11.841424877908647,,,BHARTI AIRTEL LIMITED,-0.18,2026-07-30 21:01:21
0,BAJFINANCEEQN,3.6,BAJFINANCE,EQ,N,1058.0,9866564,1046.0,1068.0,1035.1,1054.4,10348150988.84,1102.5,787.9,2827745664588.37,2026-07-30 16:00:29,0,19.57,5.3,30-Jul-2025,30-Jun-2026,4.036281179138322,-34.28100012691966,,,BAJAJ FINANCE LIMITED,0.34,2026-07-30 21:01:21
0,WIPROEQN,2.8,WIPRO,EQ,N,186.41,54015268,183.4,191.34,183.4,183.61,10162972674.2,273.1,169.0,502918719962.09,2026-07-30 16:00:29,0,-25.5,9.4,30-Jul-2025,30-Jun-2026,31.74295129989015,-10.301775147928995,,,WIPRO LIMITED,1.52,2026-07-30 21:01:21
0,ETERNALEQN,-1.75,ETERNAL,EQ,N,310.05,32431887,307.0,312.25,305.0,311.8,9972480933.63,368.45,212.6,2235244736574.58,2026-07-30 16:00:29,0,2.17,17.18,30-Jul-2025,30-Jun-2026,15.850183199891438,-45.83725305738476,,,ETERNAL LIMITED,-0.56,2026-07-30 21:01:21
0,COALINDIAEQN,7.35,COALINDIA,EQ,N,417.4,23225454,412.95,418.3,410.1,410.05,9640653700.86,491.25,368.65,997004023159.33,2026-07-30 16:00:29,0,9.87,-4.93,30-Jul-2025,30-Jun-2026,15.033078880407125,-13.223925132239252,,,COAL INDIA LIMITED,1.79,2026-07-30 21:01:21
0,ADANIPORTSEQN,-58.2,ADANIPORTS,EQ,N,1661.5,5395211,1726.7,1727.7,1658.4,1719.7,9016638479.53,1891.1,1290.5,1222323805848.08,2026-07-30 16:00:29,0,19.19,-8.21,30-Jul-2025,30-Jun-2026,12.141081909999471,-28.748547074777218,,,ADANI PORTS AND SPECIAL ECONOMIC ZONE LIMITED,-3.38,2026-07-30 21:01:21
0,MARUTIEQN,232.0,MARUTI,EQ,N,14180.0,626000,13939.0,14250.0,13825.0,13948.0,8763230020.0,17370.0,12201.0,1844681206163.64,2026-07-30 16:00:29,0,12.38,0.46,30-Jul-2025,30-Jun-2026,18.364997121473806,-16.21998196869109,,,MARUTI SUZUKI INDIA LIMITED,1.66,2026-07-30 21:01:21
0,AXISBANKEQN,-4.6,AXISBANK,EQ,N,1230.8,6878684,1229.0,1232.2,1220.2,1235.4,8429689668.32,1418.3,1042.5,3525636537742.45,2026-07-30 16:00:29,0,14.67,-8.54,30-Jul-2025,30-Jun-2026,13.220052175139251,-18.062350119904078,,,AXIS BANK LIMITED,-0.37,2026-07-30 21:01:21
0,LTEQN,9.1,LT,EQ,N,3940.5,2141252,3931.4,3951.7,3883.5,3931.4,8412872045.4,4440.0,3288.1,4599211741518.72,2026-07-30 16:00:29,0,7.51,-4.9,30-Jul-2025,30-Jun-2026,11.25,-19.841245704206077,,,LARSEN & TOUBRO LIMITED,0.23,2026-07-30 21:01:21
0,SBINEQN,10.3,SBIN,EQ,N,1024.0,6847458,1013.5,1028.3,1007.6,1013.7,6986940719.46,1234.7,786.55,4220811397058.94,2026-07-30 16:00:29,0,27.74,-0.28,30-Jul-2025,30-Jun-2026,17.064874058475745,-30.188799186320004,,,STATE BANK OF INDIA,1.02,2026-07-30 21:01:21
0,TECHMEQN,17.2,TECHM,EQ,N,1661.4,4167643,1649.0,1686.6,1638.1,1644.2,6976926117.01,1854.0,1304.1,1052212537214.25,2026-07-30 16:00:29,0,13.55,18.27,30-Jul-2025,30-Jun-2026,10.388349514563107,-27.398205659075224,,,TECH MAHINDRA LIMITED,1.05,2026-07-30 21:01:21
0,ASIANPAINTEQN,-8.4,ASIANPAINT,EQ,N,2750.0,2387024,2758.1,2767.9,2666.2,2758.4,6501966933.12,2985.7,2115.0,1240145623693.76,2026-07-30 16:00:29,0,13.83,4.34,30-Jul-2025,30-Jun-2026,7.894296144957631,-30.023640661938533,,,ASIAN PAINTS LIMITED,-0.3,2026-07-30 21:01:21
0,BELEQN,-2.8,BEL,EQ,N,384.75,16521484,386.0,387.5,382.7,387.55,6356310539.32,473.45,361.2,1374204727253.93,2026-07-30 16:00:29,0,-0.45,-6.57,30-Jul-2025,30-Jun-2026,18.734818882669764,-6.519933554817276,,,BHARAT ELECTRONICS LIMITED,-0.72,2026-07-30 21:01:21
0,NESTLEINDEQN,15.7,NESTLEIND,EQ,N,1519.0,3698063,1503.3,1532.6,1497.0,1503.3,5624568919.85,1532.6,1084.7,1086093281065.1,2026-07-30 16:00:29,0,36.14,8.1,30-Jul-2025,30-Jun-2026,0.8873809213101919,-40.03872038351618,,,NESTLE INDIA LIMITED,1.04,2026-07-30 21:01:21
0,SHRIRAMFINEQN,-15.7,SHRIRAMFIN,EQ,N,1029.0,5425880,1038.0,1051.0,1019.5,1044.7,5574711888.4,1108.0,566.5,1437137311112.52,2026-07-30 16:00:29,0,62.61,-1.26,30-Jul-2025,30-Jun-2026,7.129963898916968,-81.64165931156222,,,SHRIRAM FINANCE LIMITED,-1.5,2026-07-30 21:01:21
0,HINDUNILVREQN,-10.8,HINDUNILVR,EQ,N,2107.0,2602039,2120.0,2132.6,2088.0,2117.8,5478124747.48,2750.0,2016.0,1864069949678.92,2026-07-30 16:00:29,0,-13.56,-0.53,30-Jul-2025,30-Jun-2026,23.381818181818183,-4.513888888888889,,,HINDUSTAN UNILEVER LIMITED,-0.51,2026-07-30 21:01:21
0,ITCEQN,-0.7,ITC,EQ,N,285.55,18283697,286.1,288.4,283.75,286.25,5224200743.81,427.0,275.0,2744908844595.67,2026-07-30 16:00:29,0,-29.94,-0.49,30-Jul-2025,30-Jun-2026,33.12646370023419,-3.8363636363636364,,,ITC LIMITED,-0.24,2026-07-30 21:01:21
0,HCLTECHEQN,7.2,HCLTECH,EQ,N,1351.5,3747919,1349.0,1369.9,1345.6,1344.3,5097507152.71,1780.1,1030.0,1420880972267.0,2026-07-30 16:00:29,0,-8.47,26.1,30-Jul-2025,30-Jun-2026,24.077299028144488,-31.21359223300971,,,HCL TECHNOLOGIES LIMITED,0.54,2026-07-30 21:01:21
0,KOTAKBANKEQN,-2.6,KOTAKBANK,EQ,N,387.6,12205963,385.7,390.2,385.7,390.2,4742993102.54,453.2,345.5,2845977112500.26,2026-07-30 16:00:29,0,-1.11,-1.19,30-Jul-2025,30-Jun-2026,14.474845542806708,-12.185238784370478,,,KOTAK MAHINDRA BANK LIMITED,-0.67,2026-07-30 21:01:21
0,SUNPHARMAEQN,15.1,SUNPHARMA,EQ,N,2005.0,2224264,1993.1,2017.3,1988.0,1989.9,4464453730.24,2017.3,1548.0,2117111838529.49,2026-07-30 16:00:29,0,15.64,7.65,30-Jul-2025,30-Jun-2026,0.6097258712139989,-29.521963824289404,,,SUN PHARMACEUTICAL INDUSTRIES LIMITED,0.76,2026-07-30 21:01:21
0,HINDALCOEQN,7.05,HINDALCO,EQ,N,969.5,4259226,968.0,973.05,960.6,962.45,4118969687.82,1176.0,657.5,1399812364334.5,2026-07-30 16:00:29,0,40.75,1.35,30-Jul-2025,30-Jun-2026,17.55952380952381,-47.452471482889734,,,HINDALCO INDUSTRIES LIMITED,0.73,2026-07-30 21:01:21
0,ADANIENTEQN,25.5,ADANIENT,EQ,N,3050.0,1278332,3024.5,3060.9,2994.6,3024.5,3882677783.6,3245.0,1753.0,913098756508.21,2026-07-30 16:00:29,0,24.03,0.46,30-Jul-2025,30-Jun-2026,6.00924499229584,-73.9874500855676,,,ADANI ENTERPRISES LIMITED,0.84,2026-07-30 21:01:21
0,JIOFINEQN,-2.81,JIOFIN,EQ,N,246.67,15570324,248.75,249.9,245.1,249.48,3842755963.2,338.6,223.3,807083544996.55,2026-07-30 16:00:29,0,-22.99,4.33,30-Jul-2025,30-Jun-2026,27.15002953337271,-10.465741155396328,,,JIO FINANCIAL SERVICES LIMITED,-1.13,2026-07-30 21:01:21
0,TITANEQN,-6.3,TITAN,EQ,N,4843.9,777361,4820.9,4869.9,4820.9,4850.2,3767503407.33,4869.9,3303.1,1994286097671.63,2026-07-30 16:00:29,0,43.46,9.99,30-Jul-2025,30-Jun-2026,0.533891866362759,-46.64708909811995,,,TITAN COMPANY LIMITED,-0.13,2026-07-30 21:01:21
0,ULTRACEMCOEQN,92.0,ULTRACEMCO,EQ,N,11850.0,291418,11800.0,11861.0,11730.0,11998.0,3440801467.8,13110.0,10325.0,1398368106960.24,2026-07-30 16:00:29,0,-3.41,5.31,30-Jul-2025,30-Jun-2026,9.610983981693364,-14.76997578692494,,,ULTRATECH CEMENT LIMITED,0.78,2026-07-30 21:01:21
0,NTPCEQN,1.65,NTPC,EQ,N,345.15,9943764,343.5,347.65,341.85,343.5,3429504765.96,414.4,315.55,1631724403926.03,2026-07-30 16:00:29,0,1.87,-3.22,30-Jul-2025,30-Jun-2026,16.710907335907336,-9.380446838852796,,,NTPC LIMITED,0.48,2026-07-30 21:01:21
0,BAJAJ-AUTOEQN,107.0,BAJAJ-AUTO,EQ,N,11445.0,295600,11338.0,11525.0,11305.5,11338.0,3383889868.0,11532.0,7858.5,1264023467645.08,2026-07-30 16:00:29,0,42.29,17.8,30-Jul-2025,30-Jun-2026,0.7544224765868887,-45.63848062607368,,,BAJAJ AUTO LIMITED,0.94,2026-07-30 21:01:21
0,INDIGOEQN,-58.5,INDIGO,EQ,N,5218.0,549497,5210.0,5258.0,5194.0,5276.5,2872643931.69,6232.5,3895.2,1177843830371.66,2026-07-30 16:00:29,0,-9.09,-2.8,30-Jul-2025,30-Jun-2026,16.277577216205376,-33.95974532758267,,,INTERGLOBE AVIATION LIMITED,-1.11,2026-07-30 21:01:21
0,SBILIFEEQN,-27.8,SBILIFE,EQ,N,1867.1,1513264,1882.2,1910.0,1862.6,1894.9,2858843216.16,2132.0,1700.4,836655989360.71,2026-07-30 16:00:29,0,1.52,5.74,30-Jul-2025,30-Jun-2026,12.424953095684803,-9.803575629263703,,,SBI LIFE INSURANCE COMPANY LIMITED,-1.47,2026-07-30 21:01:21
0,ONGCEQN,2.99,ONGC,EQ,N,241.3,11419363,239.5,244.39,239.06,238.31,2768624559.35,307.5,227.65,934707283642.2,2026-07-30 16:00:29,0,-0.21,2.72,30-Jul-2025,30-Jun-2026,21.528455284552845,-5.996046562705908,,,OIL & NATURAL GAS CORPORATION LIMITED,1.25,2026-07-30 21:01:21
0,TATASTEELEQN,-0.28,TATASTEEL,EQ,N,186.99,13769746,188.01,188.99,186.1,187.27,2576732568.98,224.4,152.51,1541351160652.42,2026-07-30 16:00:29,0,15.88,-0.57,30-Jul-2025,30-Jun-2026,16.671122994652407,-22.60835355058685,,,TATA STEEL LIMITED,-0.15,2026-07-30 21:01:21
0,TRENTEQN,-1.3,TRENT,EQ,N,3003.9,806910,3020.2,3042.6,2982.0,3005.2,2423376664.8,3782.67,2183.67,996732662909.66,2026-07-30 16:00:29,0,-10.66,-8.49,30-Jul-2025,30-Jun-2026,20.58783874882028,-37.56199425737405,,,TRENT LIMITED,-0.04,2026-07-30 21:01:21
0,HDFCLIFEEQN,-11.65,HDFCLIFE,EQ,N,545.05,4394541,557.0,558.85,544.7,556.7,2406538542.42,815.0,543.0,588634041770.54,2026-07-30 16:00:29,0,-28.04,-5.35,30-Jul-2025,30-Jun-2026,33.122699386503065,-0.3775322283609576,,,HDFC LIFE INSURANCE COMPANY LIMITED,-2.09,2026-07-30 21:01:21
0,APOLLOHOSPEQN,24.0,APOLLOHOSP,EQ,N,8959.0,263013,8900.0,9009.0,8865.5,8935.0,2359053021.42,9009.0,6696.5,919392943478.69,2026-07-30 16:00:29,0,20.26,3.19,30-Jul-2025,30-Jun-2026,0.555000555000555,-33.78630627939969,,,APOLLO HOSPITALS ENTERPRISE LIMITED,0.27,2026-07-30 21:01:21
0,POWERGRIDEQN,2.5,POWERGRID,EQ,N,285.35,7903593,283.4,287.1,283.0,282.85,2254974118.83,324.95,250.0,1288609092539.81,2026-07-30 16:00:29,0,-1.25,-0.33,30-Jul-2025,30-Jun-2026,12.186490229266042,-14.14,,,POWER GRID CORPORATION OF INDIA LIMITED,0.88,2026-07-30 21:01:21
0,TMPVEQN,5.1,TMPV,EQ,N,334.9,6078600,328.2,335.0,328.05,329.8,2019797208.0,739.7,294.3,697961149137.43,2026-07-30 16:00:29,0,-49.9,-4.91,30-Jul-2025,30-Jun-2026,54.72488846829796,-13.795446822969758,,,TATA MOTORS PASSENGER VEHICLES LIMITED,1.55,2026-07-30 21:01:21
0,TATACONSUMEQN,-1.1,TATACONSUM,EQ,N,1095.0,1677784,1096.1,1108.9,1090.4,1096.1,1841636385.44,1282.7,1007.2,711099193573.79,2026-07-30 16:00:29,0,2.04,1.8,30-Jul-2025,30-Jun-2026,14.63319560302487,-8.717235901509135,,,TATA CONSUMER PRODUCTS LIMITED,-0.1,2026-07-30 21:01:21
0,MAXHEALTHEQN,12.6,MAXHEALTH,EQ,N,1124.0,1610692,1112.0,1135.9,1110.3,1111.4,1813574764.32,1301.7,903.0,834207449679.87,2026-07-30 16:00:29,0,-11.12,-0.46,30-Jul-2025,30-Jun-2026,13.65137896596758,-24.473975636766333,,,MAX HEALTHCARE INSTITUTE LIMITED,1.13,2026-07-30 21:01:21
0,DRREDDYEQN,2.0,DRREDDY,EQ,N,1144.3,1350714,1143.0,1151.0,1139.0,1142.3,1544257809.06,1414.9,1101.0,695598263003.41,2026-07-30 16:00:29,0,-11.44,-15.68,30-Jul-2025,30-Jun-2026,19.125026503639834,-3.932788374205268,,,DR. REDDY'S LABORATORIES LIMITED,0.18,2026-07-30 21:01:21
0,BAJAJFINSVEQN,-15.4,BAJAJFINSV,EQ,N,1909.0,752615,1918.3,1933.4,1892.3,1924.4,1435951789.25,2195.0,1597.0,1102070234202.81,2026-07-30 16:00:29,0,-2.59,7.24,30-Jul-2025,30-Jun-2026,13.029612756264237,-19.536631183469005,,,BAJAJ FINSERV LIMITED,-0.8,2026-07-30 21:01:21
0,CIPLAEQN,-6.3,CIPLA,EQ,N,1468.0,833068,1478.8,1483.8,1464.1,1474.3,1226700960.68,1673.0,1165.7,823709433326.43,2026-07-30 16:00:29,0,-5.86,0.18,30-Jul-2025,30-Jun-2026,12.253436939629408,-25.93291584455692,,,CIPLA LIMITED,-0.43,2026-07-30 21:01:21
0,JSWSTEELEQN,-8.1,JSWSTEEL,EQ,N,1268.5,923153,1279.1,1304.5,1261.5,1276.6,1171176516.51,1328.0,1018.0,1186453565545.05,2026-07-30 16:00:29,0,22.22,3.43,30-Jul-2025,30-Jun-2026,4.480421686746988,-24.607072691552062,,,JSW STEEL LIMITED,-0.63,2026-07-30 21:01:21
0,GRASIMEQN,-12.9,GRASIM,EQ,N,3100.1,301353,3115.0,3115.5,3085.5,3113.0,933920068.77,3246.0,2502.5,1166435037062.31,2026-07-30 16:00:29,0,12.38,0.0,30-Jul-2025,30-Jun-2026,4.494762784966112,-23.88011988011988,,,GRASIM INDUSTRIES LIMITED,-0.41,2026-07-30 21:01:21
1,NIFTY 50,66.95,NIFTY 50,,,24317.15,400636260,24249.55,24342.95,24187.1,24250.2,335660224755.62,26373.2,22182.55,,2026-07-30 15:39:59,0,-2.16,1.89,29-Jul-2025,29-Jun-2026,7.795982285046942,-9.622879245172443,,,,0.28,2026-07-30 21:02:02
0,HDFCBANKEQN,5.2,HDFCBANK,EQ,N,753.4,35844392,752.8,757.9,745.5,748.2,26916270840.64,1020.5,726.65,11507952979097.49,2026-07-30 16:00:29,0,-25.62,-5.58,30-Jul-2025,30-Jun-2026,26.1734443900049,-3.6812770935113193,,,HDFC BANK LIMITED,0.7,2026-07-30 21:02:02
0,INFYEQN,-0.6,INFY,EQ,N,1155.0,22630218,1168.0,1187.7,1151.3,1155.6,26545698318.36,1728.0,982.4,4040155038730.84,2026-07-30 16:00:29,0,-23.96,15.45,30-Jul-2025,30-Jun-2026,33.15972222222222,-17.569218241042346,,,INFOSYS LIMITED,-0.05,2026-07-30 21:02:02
0,ICICIBANKEQN,-7.9,ICICIBANK,EQ,N,1430.0,14141173,1431.1,1442.2,1422.6,1437.9,20232907504.94,1494.5,1187.6,10218404351568.66,2026-07-30 16:00:29,0,-3.53,3.98,30-Jul-2025,30-Jun-2026,4.315824690531951,-20.410912765240823,,,ICICI BANK LIMITED,-0.55,2026-07-30 21:02:02
0,M&MEQN,72.8,M&M,EQ,N,3294.6,4851980,3220.0,3327.0,3197.5,3221.8,15866023119.8,3839.9,2896.0,2933123350768.73,2026-07-30 16:00:29,0,2.67,7.36,30-Jul-2025,30-Jun-2026,14.200890648193964,-13.763812154696133,,,MAHINDRA & MAHINDRA LIMITED,2.26,2026-07-30 21:02:02
0,RELIANCEEQN,13.5,RELIANCE,EQ,N,1289.4,12158451,1279.8,1297.0,1275.3,1275.9,15689386754.91,1611.8,1249.8,8686354311529.18,2026-07-30 16:00:29,0,-8.56,-0.35,30-Jul-2025,30-Jun-2026,20.002481697481077,-3.168506961113778,,,RELIANCE INDUSTRIES LIMITED,1.06,2026-07-30 21:02:02
0,TCSEQN,-12.6,TCS,EQ,N,2434.0,4901582,2440.0,2495.0,2423.0,2446.6,12055686008.1,3350.0,1976.8,2478110387443.66,2026-07-30 16:00:29,0,-20.29,19.81,30-Jul-2025,30-Jun-2026,27.34328358208955,-23.128288142452448,,,TATA CONSULTANCY SERVICES LIMITED,-0.52,2026-07-30 21:02:02
0,EICHERMOTEQN,130.0,EICHERMOT,EQ,N,7909.0,1496307,7869.5,7930.0,7730.0,7779.0,11742478665.48,8230.0,5353.0,1086933343021.75,2026-07-30 16:00:29,0,44.3,11.81,30-Jul-2025,30-Jun-2026,3.9003645200486026,-47.748925835979826,,,EICHER MOTORS LIMITED,1.67,2026-07-30 21:02:02
0,BHARTIARTLEQN,-3.6,BHARTIARTL,EQ,N,1946.6,5356472,1954.0,1963.2,1943.9,1950.2,10462475369.28,2174.5,1740.5,6044959384312.81,2026-07-30 16:00:29,0,0.72,5.11,30-Jul-2025,30-Jun-2026,10.48057024603357,-11.841424877908647,,,BHARTI AIRTEL LIMITED,-0.18,2026-07-30 21:02:02
0,BAJFINANCEEQN,3.6,BAJFINANCE,EQ,N,1058.0,9866564,1046.0,1068.0,1035.1,1054.4,10348150988.84,1102.5,787.9,2827745664588.37,2026-07-30 16:00:29,0,19.57,5.3,30-Jul-2025,30-Jun-2026,4.036281179138322,-34.28100012691966,,,BAJAJ FINANCE LIMITED,0.34,2026-07-30 21:02:02
0,WIPROEQN,2.8,WIPRO,EQ,N,186.41,54015268,183.4,191.34,183.4,183.61,10162972674.2,273.1,169.0,502918719962.09,2026-07-30 16:00:29,0,-25.5,9.4,30-Jul-2025,30-Jun-2026,31.74295129989015,-10.301775147928995,,,WIPRO LIMITED,1.52,2026-07-30 21:02:02
0,ETERNALEQN,-1.75,ETERNAL,EQ,N,310.05,32431887,307.0,312.25,305.0,311.8,9972480933.63,368.45,212.6,2235244736574.58,2026-07-30 16:00:29,0,2.17,17.18,30-Jul-2025,30-Jun-2026,15.850183199891438,-45.83725305738476,,,ETERNAL LIMITED,-0.56,2026-07-30 21:02:02
0,COALINDIAEQN,7.35,COALINDIA,EQ,N,417.4,23225454,412.95,418.3,410.1,410.05,9640653700.86,491.25,368.65,997004023159.33,2026-07-30 16:00:29,0,9.87,-4.93,30-Jul-2025,30-Jun-2026,15.033078880407125,-13.223925132239252,,,COAL INDIA LIMITED,1.79,2026-07-30 21:02:02
0,ADANIPORTSEQN,-58.2,ADANIPORTS,EQ,N,1661.5,5395211,1726.7,1727.7,1658.4,1719.7,9016638479.53,1891.1,1290.5,1222323805848.08,2026-07-30 16:00:29,0,19.19,-8.21,30-Jul-2025,30-Jun-2026,12.141081909999471,-28.748547074777218,,,ADANI PORTS AND SPECIAL ECONOMIC ZONE LIMITED,-3.38,2026-07-30 21:02:02
0,MARUTIEQN,232.0,MARUTI,EQ,N,14180.0,626000,13939.0,14250.0,13825.0,13948.0,8763230020.0,17370.0,12201.0,1844681206163.64,2026-07-30 16:00:29,0,12.38,0.46,30-Jul-2025,30-Jun-2026,18.364997121473806,-16.21998196869109,,,MARUTI SUZUKI INDIA LIMITED,1.66,2026-07-30 21:02:02
0,AXISBANKEQN,-4.6,AXISBANK,EQ,N,1230.8,6878684,1229.0,1232.2,1220.2,1235.4,8429689668.32,1418.3,1042.5,3525636537742.45,2026-07-30 16:00:29,0,14.67,-8.54,30-Jul-2025,30-Jun-2026,13.220052175139251,-18.062350119904078,,,AXIS BANK LIMITED,-0.37,2026-07-30 21:02:02
0,LTEQN,9.1,LT,EQ,N,3940.5,2141252,3931.4,3951.7,3883.5,3931.4,8412872045.4,4440.0,3288.1,4599211741518.72,2026-07-30 16:00:29,0,7.51,-4.9,30-Jul-2025,30-Jun-2026,11.25,-19.841245704206077,,,LARSEN & TOUBRO LIMITED,0.23,2026-07-30 21:02:02
0,SBINEQN,10.3,SBIN,EQ,N,1024.0,6847458,1013.5,1028.3,1007.6,1013.7,6986940719.46,1234.7,786.55,4220811397058.94,2026-07-30 16:00:29,0,27.74,-0.28,30-Jul-2025,30-Jun-2026,17.064874058475745,-30.188799186320004,,,STATE BANK OF INDIA,1.02,2026-07-30 21:02:02
0,TECHMEQN,17.2,TECHM,EQ,N,1661.4,4167643,1649.0,1686.6,1638.1,1644.2,6976926117.01,1854.0,1304.1,1052212537214.25,2026-07-30 16:00:29,0,13.55,18.27,30-Jul-2025,30-Jun-2026,10.388349514563107,-27.398205659075224,,,TECH MAHINDRA LIMITED,1.05,2026-07-30 21:02:02
0,ASIANPAINTEQN,-8.4,ASIANPAINT,EQ,N,2750.0,2387024,2758.1,2767.9,2666.2,2758.4,6501966933.12,2985.7,2115.0,1240145623693.76,2026-07-30 16:00:29,0,13.83,4.34,30-Jul-2025,30-Jun-2026,7.894296144957631,-30.023640661938533,,,ASIAN PAINTS LIMITED,-0.3,2026-07-30 21:02:02
0,BELEQN,-2.8,BEL,EQ,N,384.75,16521484,386.0,387.5,382.7,387.55,6356310539.32,473.45,361.2,1374204727253.93,2026-07-30 16:00:29,0,-0.45,-6.57,30-Jul-2025,30-Jun-2026,18.734818882669764,-6.519933554817276,,,BHARAT ELECTRONICS LIMITED,-0.72,2026-07-30 21:02:02
0,NESTLEINDEQN,15.7,NESTLEIND,EQ,N,1519.0,3698063,1503.3,1532.6,1497.0,1503.3,5624568919.85,1532.6,1084.7,1086093281065.1,2026-07-30 16:00:29,0,36.14,8.1,30-Jul-2025,30-Jun-2026,0.8873809213101919,-40.03872038351618,,,NESTLE INDIA LIMITED,1.04,2026-07-30 21:02:02
0,SHRIRAMFINEQN,-15.7,SHRIRAMFIN,EQ,N,1029.0,5425880,1038.0,1051.0,1019.5,1044.7,5574711888.4,1108.0,566.5,1437137311112.52,2026-07-30 16:00:29,0,62.61,-1.26,30-Jul-2025,30-Jun-2026,7.129963898916968,-81.64165931156222,,,SHRIRAM FINANCE LIMITED,-1.5,2026-07-30 21:02:02
0,HINDUNILVREQN,-10.8,HINDUNILVR,EQ,N,2107.0,2602039,2120.0,2132.6,2088.0,2117.8,5478124747.48,2750.0,2016.0,1864069949678.92,2026-07-30 16:00:29,0,-13.56,-0.53,30-Jul-2025,30-Jun-2026,23.381818181818183,-4.513888888888889,,,HINDUSTAN UNILEVER LIMITED,-0.51,2026-07-30 21:02:02
0,ITCEQN,-0.7,ITC,EQ,N,285.55,18283697,286.1,288.4,283.75,286.25,5224200743.81,427.0,275.0,2744908844595.67,2026-07-30 16:00:29,0,-29.94,-0.49,30-Jul-2025,30-Jun-2026,33.12646370023419,-3.8363636363636364,,,ITC LIMITED,-0.24,2026-07-30 21:02:02
0,HCLTECHEQN,7.2,HCLTECH,EQ,N,1351.5,3747919,1349.0,1369.9,1345.6,1344.3,5097507152.71,1780.1,1030.0,1420880972267.0,2026-07-30 16:00:29,0,-8.47,26.1,30-Jul-2025,30-Jun-2026,24.077299028144488,-31.21359223300971,,,HCL TECHNOLOGIES LIMITED,0.54,2026-07-30 21:02:02
0,KOTAKBANKEQN,-2.6,KOTAKBANK,EQ,N,387.6,12205963,385.7,390.2,385.7,390.2,4742993102.54,453.2,345.5,2845977112500.26,2026-07-30 16:00:29,0,-1.11,-1.19,30-Jul-2025,30-Jun-2026,14.474845542806708,-12.185238784370478,,,KOTAK MAHINDRA BANK LIMITED,-0.67,2026-07-30 21:02:02
0,SUNPHARMAEQN,15.1,SUNPHARMA,EQ,N,2005.0,2224264,1993.1,2017.3,1988.0,1989.9,4464453730.24,2017.3,1548.0,2117111838529.49,2026-07-30 16:00:29,0,15.64,7.65,30-Jul-2025,30-Jun-2026,0.6097258712139989,-29.521963824289404,,,SUN PHARMACEUTICAL INDUSTRIES LIMITED,0.76,2026-07-30 21:02:02
0,HINDALCOEQN,7.05,HINDALCO,EQ,N,969.5,4259226,968.0,973.05,960.6,962.45,4118969687.82,1176.0,657.5,1399812364334.5,2026-07-30 16:00:29,0,40.75,1.35,30-Jul-2025,30-Jun-2026,17.55952380952381,-47.452471482889734,,,HINDALCO INDUSTRIES LIMITED,0.73,2026-07-30 21:02:02
0,ADANIENTEQN,25.5,ADANIENT,EQ,N,3050.0,1278332,3024.5,3060.9,2994.6,3024.5,3882677783.6,3245.0,1753.0,913098756508.21,2026-07-30 16:00:29,0,24.03,0.46,30-Jul-2025,30-Jun-2026,6.00924499229584,-73.9874500855676,,,ADANI ENTERPRISES LIMITED,0.84,2026-07-30 21:02:02
0,JIOFINEQN,-2.81,JIOFIN,EQ,N,246.67,15570324,248.75,249.9,245.1,249.48,3842755963.2,338.6,223.3,807083544996.55,2026-07-30 16:00:29,0,-22.99,4.33,30-Jul-2025,30-Jun-2026,27.15002953337271,-10.465741155396328,,,JIO FINANCIAL SERVICES LIMITED,-1.13,2026-07-30 21:02:02
0,TITANEQN,-6.3,TITAN,EQ,N,4843.9,777361,4820.9,4869.9,4820.9,4850.2,3767503407.33,4869.9,3303.1,1994286097671.63,2026-07-30 16:00:29,0,43.46,9.99,30-Jul-2025,30-Jun-2026,0.533891866362759,-46.64708909811995,,,TITAN COMPANY LIMITED,-0.13,2026-07-30 21:02:02
0,ULTRACEMCOEQN,92.0,ULTRACEMCO,EQ,N,11850.0,291418,11800.0,11861.0,11730.0,11998.0,3440801467.8,13110.0,10325.0,1398368106960.24,2026-07-30 16:00:29,0,-3.41,5.31,30-Jul-2025,30-Jun-2026,9.610983981693364,-14.76997578692494,,,ULTRATECH CEMENT LIMITED,0.78,2026-07-30 21:02:02
0,NTPCEQN,1.65,NTPC,EQ,N,345.15,9943764,343.5,347.65,341.85,343.5,3429504765.96,414.4,315.55,1631724403926.03,2026-07-30 16:00:29,0,1.87,-3.22,30-Jul-2025,30-Jun-2026,16.710907335907336,-9.380446838852796,,,NTPC LIMITED,0.48,2026-07-30 21:02:02
0,BAJAJ-AUTOEQN,107.0,BAJAJ-AUTO,EQ,N,11445.0,295600,11338.0,11525.0,11305.5,11338.0,3383889868.0,11532.0,7858.5,1264023467645.08,2026-07-30 16:00:29,0,42.29,17.8,30-Jul-2025,30-Jun-2026,0.7544224765868887,-45.63848062607368,,,BAJAJ AUTO LIMITED,0.94,2026-07-30 21:02:02
0,INDIGOEQN,-58.5,INDIGO,EQ,N,5218.0,549497,5210.0,5258.0,5194.0,5276.5,2872643931.69,6232.5,3895.2,1177843830371.66,2026-07-30 16:00:29,0,-9.09,-2.8,30-Jul-2025,30-Jun-2026,16.277577216205376,-33.95974532758267,,,INTERGLOBE AVIATION LIMITED,-1.11,2026-07-30 21:02:02
0,SBILIFEEQN,-27.8,SBILIFE,EQ,N,1867.1,1513264,1882.2,1910.0,1862.6,1894.9,2858843216.16,2132.0,1700.4,836655989360.71,2026-07-30 16:00:29,0,1.52,5.74,30-Jul-2025,30-Jun-2026,12.424953095684803,-9.803575629263703,,,SBI LIFE INSURANCE COMPANY LIMITED,-1.47,2026-07-30 21:02:02
0,ONGCEQN,2.99,ONGC,EQ,N,241.3,11419363,239.5,244.39,239.06,238.31,2768624559.35,307.5,227.65,934707283642.2,2026-07-30 16:00:29,0,-0.21,2.72,30-Jul-2025,30-Jun-2026,21.528455284552845,-5.996046562705908,,,OIL & NATURAL GAS CORPORATION LIMITED,1.25,2026-07-30 21:02:02
0,TATASTEELEQN,-0.28,TATASTEEL,EQ,N,186.99,13769746,188.01,188.99,186.1,187.27,2576732568.98,224.4,152.51,1541351160652.42,2026-07-30 16:00:29,0,15.88,-0.57,30-Jul-2025,30-Jun-2026,16.671122994652407,-22.60835355058685,,,TATA STEEL LIMITED,-0.15,2026-07-30 21:02:02
0,TRENTEQN,-1.3,TRENT,EQ,N,3003.9,806910,3020.2,3042.6,2982.0,3005.2,2423376664.8,3782.67,2183.67,996732662909.66,2026-07-30 16:00:29,0,-10.66,-8.49,30-Jul-2025,30-Jun-2026,20.58783874882028,-37.56199425737405,,,TRENT LIMITED,-0.04,2026-07-30 21:02:02
0,HDFCLIFEEQN,-11.65,HDFCLIFE,EQ,N,545.05,4394541,557.0,558.85,544.7,556.7,2406538542.42,815.0,543.0,588634041770.54,2026-07-30 16:00:29,0,-28.04,-5.35,30-Jul-2025,30-Jun-2026,33.122699386503065,-0.3775322283609576,,,HDFC LIFE INSURANCE COMPANY LIMITED,-2.09,2026-07-30 21:02:02
0,APOLLOHOSPEQN,24.0,APOLLOHOSP,EQ,N,8959.0,263013,8900.0,9009.0,8865.5,8935.0,2359053021.42,9009.0,6696.5,919392943478.69,2026-07-30 16:00:29,0,20.26,3.19,30-Jul-2025,30-Jun-2026,0.555000555000555,-33.78630627939969,,,APOLLO HOSPITALS ENTERPRISE LIMITED,0.27,2026-07-30 21:02:02
0,POWERGRIDEQN,2.5,POWERGRID,EQ,N,285.35,7903593,283.4,287.1,283.0,282.85,2254974118.83,324.95,250.0,1288609092539.81,2026-07-30 16:00:29,0,-1.25,-0.33,30-Jul-2025,30-Jun-2026,12.186490229266042,-14.14,,,POWER GRID CORPORATION OF INDIA LIMITED,0.88,2026-07-30 21:02:02
0,TMPVEQN,5.1,TMPV,EQ,N,334.9,6078600,328.2,335.0,328.05,329.8,2019797208.0,739.7,294.3,697961149137.43,2026-07-30 16:00:29,0,-49.9,-4.91,30-Jul-2025,30-Jun-2026,54.72488846829796,-13.795446822969758,,,TATA MOTORS PASSENGER VEHICLES LIMITED,1.55,2026-07-30 21:02:02
0,TATACONSUMEQN,-1.1,TATACONSUM,EQ,N,1095.0,1677784,1096.1,1108.9,1090.4,1096.1,1841636385.44,1282.7,1007.2,711099193573.79,2026-07-30 16:00:29,0,2.04,1.8,30-Jul-2025,30-Jun-2026,14.63319560302487,-8.717235901509135,,,TATA CONSUMER PRODUCTS LIMITED,-0.1,2026-07-30 21:02:02
0,MAXHEALTHEQN,12.6,MAXHEALTH,EQ,N,1124.0,1610692,1112.0,1135.9,1110.3,1111.4,1813574764.32,1301.7,903.0,834207449679.87,2026-07-30 16:00:29,0,-11.12,-0.46,30-Jul-2025,30-Jun-2026,13.65137896596758,-24.473975636766333,,,MAX HEALTHCARE INSTITUTE LIMITED,1.13,2026-07-30 21:02:02
0,DRREDDYEQN,2.0,DRREDDY,EQ,N,1144.3,1350714,1143.0,1151.0,1139.0,1142.3,1544257809.06,1414.9,1101.0,695598263003.41,2026-07-30 16:00:29,0,-11.44,-15.68,30-Jul-2025,30-Jun-2026,19.125026503639834,-3.932788374205268,,,DR. REDDY'S LABORATORIES LIMITED,0.18,2026-07-30 21:02:02
0,BAJAJFINSVEQN,-15.4,BAJAJFINSV,EQ,N,1909.0,752615,1918.3,1933.4,1892.3,1924.4,1435951789.25,2195.0,1597.0,1102070234202.81,2026-07-30 16:00:29,0,-2.59,7.24,30-Jul-2025,30-Jun-2026,13.029612756264237,-19.536631183469005,,,BAJAJ FINSERV LIMITED,-0.8,2026-07-30 21:02:02
0,CIPLAEQN,-6.3,CIPLA,EQ,N,1468.0,833068,1478.8,1483.8,1464.1,1474.3,1226700960.68,1673.0,1165.7,823709433326.43,2026-07-30 16:00:29,0,-5.86,0.18,30-Jul-2025,30-Jun-2026,12.253436939629408,-25.93291584455692,,,CIPLA LIMITED,-0.43,2026-07-30 21:02:02
0,JSWSTEELEQN,-8.1,JSWSTEEL,EQ,N,1268.5,923153,1279.1,1304.5,1261.5,1276.6,1171176516.51,1328.0,1018.0,1186453565545.05,2026-07-30 16:00:29,0,22.22,3.43,30-Jul-2025,30-Jun-2026,4.480421686746988,-24.607072691552062,,,JSW STEEL LIMITED,-0.63,2026-07-30 21:02:02
0,GRASIMEQN,-12.9,GRASIM,EQ,N,3100.1,301353,3115.0,3115.5,3085.5,3113.0,933920068.77,3246.0,2502.5,1166435037062.31,2026-07-30 16:00:29,0,12.38,0.0,30-Jul-2025,30-Jun-2026,4.494762784966112,-23.88011988011988,,,GRASIM INDUSTRIES LIMITED,-0.41,2026-07-30 21:02:02
1,NIFTY 50,66.95,NIFTY 50,,,24317.15,400636260,24249.55,24342.95,24187.1,24250.2,335660224755.62,26373.2,22182.55,,2026-07-30 15:39:59,0,-2.16,1.89,29-Jul-2025,29-Jun-2026,7.795982285046942,-9.622879245172443,,,,0.28,2026-07-30 21:02:32
0,HDFCBANKEQN,5.2,HDFCBANK,EQ,N,753.4,35844392,752.8,757.9,745.5,748.2,26916270840.64,1020.5,726.65,11507952979097.49,2026-07-30 16:00:29,0,-25.62,-5.58,30-Jul-2025,30-Jun-2026,26.1734443900049,-3.6812770935113193,,,HDFC BANK LIMITED,0.7,2026-07-30 21:02:32
0,INFYEQN,-0.6,INFY,EQ,N,1155.0,22630218,1168.0,1187.7,1151.3,1155.6,26545698318.36,1728.0,982.4,4040155038730.84,2026-07-30 16:00:29,0,-23.96,15.45,30-Jul-2025,30-Jun-2026,33.15972222222222,-17.569218241042346,,,INFOSYS LIMITED,-0.05,2026-07-30 21:02:32
0,ICICIBANKEQN,-7.9,ICICIBANK,EQ,N,1430.0,14141173,1431.1,1442.2,1422.6,1437.9,20232907504.94,1494.5,1187.6,10218404351568.66,2026-07-30 16:00:29,0,-3.53,3.98,30-Jul-2025,30-Jun-2026,4.315824690531951,-20.410912765240823,,,ICICI BANK LIMITED,-0.55,2026-07-30 21:02:32
0,M&MEQN,72.8,M&M,EQ,N,3294.6,4851980,3220.0,3327.0,3197.5,3221.8,15866023119.8,3839.9,2896.0,2933123350768.73,2026-07-30 16:00:29,0,2.67,7.36,30-Jul-2025,30-Jun-2026,14.200890648193964,-13.763812154696133,,,MAHINDRA & MAHINDRA LIMITED,2.26,2026-07-30 21:02:32
0,RELIANCEEQN,13.5,RELIANCE,EQ,N,1289.4,12158451,1279.8,1297.0,1275.3,1275.9,15689386754.91,1611.8,1249.8,8686354311529.18,2026-07-30 16:00:29,0,-8.56,-0.35,30-Jul-2025,30-Jun-2026,20.002481697481077,-3.168506961113778,,,RELIANCE INDUSTRIES LIMITED,1.06,2026-07-30 21:02:32
0,TCSEQN,-12.6,TCS,EQ,N,2434.0,4901582,2440.0,2495.0,2423.0,2446.6,12055686008.1,3350.0,1976.8,2478110387443.66,2026-07-30 16:00:29,0,-20.29,19.81,30-Jul-2025,30-Jun-2026,27.34328358208955,-23.128288142452448,,,TATA CONSULTANCY SERVICES LIMITED,-0.52,2026-07-30 21:02:32
0,EICHERMOTEQN,130.0,EICHERMOT,EQ,N,7909.0,1496307,7869.5,7930.0,7730.0,7779.0,11742478665.48,8230.0,5353.0,1086933343021.75,2026-07-30 16:00:29,0,44.3,11.81,30-Jul-2025,30-Jun-2026,3.9003645200486026,-47.748925835979826,,,EICHER MOTORS LIMITED,1.67,2026-07-30 21:02:32
0,BHARTIARTLEQN,-3.6,BHARTIARTL,EQ,N,1946.6,5356472,1954.0,1963.2,1943.9,1950.2,10462475369.28,2174.5,1740.5,6044959384312.81,2026-07-30 16:00:29,0,0.72,5.11,30-Jul-2025,30-Jun-2026,10.48057024603357,-11.841424877908647,,,BHARTI AIRTEL LIMITED,-0.18,2026-07-30 21:02:32
0,BAJFINANCEEQN,3.6,BAJFINANCE,EQ,N,1058.0,9866564,1046.0,1068.0,1035.1,1054.4,10348150988.84,1102.5,787.9,2827745664588.37,2026-07-30 16:00:29,0,19.57,5.3,30-Jul-2025,30-Jun-2026,4.036281179138322,-34.28100012691966,,,BAJAJ FINANCE LIMITED,0.34,2026-07-30 21:02:32
0,WIPROEQN,2.8,WIPRO,EQ,N,186.41,54015268,183.4,191.34,183.4,183.61,10162972674.2,273.1,169.0,502918719962.09,2026-07-30 16:00:29,0,-25.5,9.4,30-Jul-2025,30-Jun-2026,31.74295129989015,-10.301775147928995,,,WIPRO LIMITED,1.52,2026-07-30 21:02:32
0,ETERNALEQN,-1.75,ETERNAL,EQ,N,310.05,32431887,307.0,312.25,305.0,311.8,9972480933.63,368.45,212.6,2235244736574.58,2026-07-30 16:00:29,0,2.17,17.18,30-Jul-2025,30-Jun-2026,15.850183199891438,-45.83725305738476,,,ETERNAL LIMITED,-0.56,2026-07-30 21:02:32
0,COALINDIAEQN,7.35,COALINDIA,EQ,N,417.4,23225454,412.95,418.3,410.1,410.05,9640653700.86,491.25,368.65,997004023159.33,2026-07-30 16:00:29,0,9.87,-4.93,30-Jul-2025,30-Jun-2026,15.033078880407125,-13.223925132239252,,,COAL INDIA LIMITED,1.79,2026-07-30 21:02:32
0,ADANIPORTSEQN,-58.2,ADANIPORTS,EQ,N,1661.5,5395211,1726.7,1727.7,1658.4,1719.7,9016638479.53,1891.1,1290.5,1222323805848.08,2026-07-30 16:00:29,0,19.19,-8.21,30-Jul-2025,30-Jun-2026,12.141081909999471,-28.748547074777218,,,ADANI PORTS AND SPECIAL ECONOMIC ZONE LIMITED,-3.38,2026-07-30 21:02:32
0,MARUTIEQN,232.0,MARUTI,EQ,N,14180.0,626000,13939.0,14250.0,13825.0,13948.0,8763230020.0,17370.0,12201.0,1844681206163.64,2026-07-30 16:00:29,0,12.38,0.46,30-Jul-2025,30-Jun-2026,18.364997121473806,-16.21998196869109,,,MARUTI SUZUKI INDIA LIMITED,1.66,2026-07-30 21:02:32
0,AXISBANKEQN,-4.6,AXISBANK,EQ,N,1230.8,6878684,1229.0,1232.2,1220.2,1235.4,8429689668.32,1418.3,1042.5,3525636537742.45,2026-07-30 16:00:29,0,14.67,-8.54,30-Jul-2025,30-Jun-2026,13.220052175139251,-18.062350119904078,,,AXIS BANK LIMITED,-0.37,2026-07-30 21:02:32
0,LTEQN,9.1,LT,EQ,N,3940.5,2141252,3931.4,3951.7,3883.5,3931.4,8412872045.4,4440.0,3288.1,4599211741518.72,2026-07-30 16:00:29,0,7.51,-4.9,30-Jul-2025,30-Jun-2026,11.25,-19.841245704206077,,,LARSEN & TOUBRO LIMITED,0.23,2026-07-30 21:02:32
0,SBINEQN,10.3,SBIN,EQ,N,1024.0,6847458,1013.5,1028.3,1007.6,1013.7,6986940719.46,1234.7,786.55,4220811397058.94,2026-07-30 16:00:29,0,27.74,-0.28,30-Jul-2025,30-Jun-2026,17.064874058475745,-30.188799186320004,,,STATE BANK OF INDIA,1.02,2026-07-30 21:02:32
0,TECHMEQN,17.2,TECHM,EQ,N,1661.4,4167643,1649.0,1686.6,1638.1,1644.2,6976926117.01,1854.0,1304.1,1052212537214.25,2026-07-30 16:00:29,0,13.55,18.27,30-Jul-2025,30-Jun-2026,10.388349514563107,-27.398205659075224,,,TECH MAHINDRA LIMITED,1.05,2026-07-30 21:02:32
0,ASIANPAINTEQN,-8.4,ASIANPAINT,EQ,N,2750.0,2387024,2758.1,2767.9,2666.2,2758.4,6501966933.12,2985.7,2115.0,1240145623693.76,2026-07-30 16:00:29,0,13.83,4.34,30-Jul-2025,30-Jun-2026,7.894296144957631,-30.023640661938533,,,ASIAN PAINTS LIMITED,-0.3,2026-07-30 21:02:32
0,BELEQN,-2.8,BEL,EQ,N,384.75,16521484,386.0,387.5,382.7,387.55,6356310539.32,473.45,361.2,1374204727253.93,2026-07-30 16:00:29,0,-0.45,-6.57,30-Jul-2025,30-Jun-2026,18.734818882669764,-6.519933554817276,,,BHARAT ELECTRONICS LIMITED,-0.72,2026-07-30 21:02:32
0,NESTLEINDEQN,15.7,NESTLEIND,EQ,N,1519.0,3698063,1503.3,1532.6,1497.0,1503.3,5624568919.85,1532.6,1084.7,1086093281065.1,2026-07-30 16:00:29,0,36.14,8.1,30-Jul-2025,30-Jun-2026,0.8873809213101919,-40.03872038351618,,,NESTLE INDIA LIMITED,1.04,2026-07-30 21:02:32
0,SHRIRAMFINEQN,-15.7,SHRIRAMFIN,EQ,N,1029.0,5425880,1038.0,1051.0,1019.5,1044.7,5574711888.4,1108.0,566.5,1437137311112.52,2026-07-30 16:00:29,0,62.61,-1.26,30-Jul-2025,30-Jun-2026,7.129963898916968,-81.64165931156222,,,SHRIRAM FINANCE LIMITED,-1.5,2026-07-30 21:02:32
0,HINDUNILVREQN,-10.8,HINDUNILVR,EQ,N,2107.0,2602039,2120.0,2132.6,2088.0,2117.8,5478124747.48,2750.0,2016.0,1864069949678.92,2026-07-30 16:00:29,0,-13.56,-0.53,30-Jul-2025,30-Jun-2026,23.381818181818183,-4.513888888888889,,,HINDUSTAN UNILEVER LIMITED,-0.51,2026-07-30 21:02:32
0,ITCEQN,-0.7,ITC,EQ,N,285.55,18283697,286.1,288.4,283.75,286.25,5224200743.81,427.0,275.0,2744908844595.67,2026-07-30 16:00:29,0,-29.94,-0.49,30-Jul-2025,30-Jun-2026,33.12646370023419,-3.8363636363636364,,,ITC LIMITED,-0.24,2026-07-30 21:02:32
0,HCLTECHEQN,7.2,HCLTECH,EQ,N,1351.5,3747919,1349.0,1369.9,1345.6,1344.3,5097507152.71,1780.1,1030.0,1420880972267.0,2026-07-30 16:00:29,0,-8.47,26.1,30-Jul-2025,30-Jun-2026,24.077299028144488,-31.21359223300971,,,HCL TECHNOLOGIES LIMITED,0.54,2026-07-30 21:02:32
0,KOTAKBANKEQN,-2.6,KOTAKBANK,EQ,N,387.6,12205963,385.7,390.2,385.7,390.2,4742993102.54,453.2,345.5,2845977112500.26,2026-07-30 16:00:29,0,-1.11,-1.19,30-Jul-2025,30-Jun-2026,14.474845542806708,-12.185238784370478,,,KOTAK MAHINDRA BANK LIMITED,-0.67,2026-07-30 21:02:32
0,SUNPHARMAEQN,15.1,SUNPHARMA,EQ,N,2005.0,2224264,1993.1,2017.3,1988.0,1989.9,4464453730.24,2017.3,1548.0,2117111838529.49,2026-07-30 16:00:29,0,15.64,7.65,30-Jul-2025,30-Jun-2026,0.6097258712139989,-29.521963824289404,,,SUN PHARMACEUTICAL INDUSTRIES LIMITED,0.76,2026-07-30 21:02:32
0,HINDALCOEQN,7.05,HINDALCO,EQ,N,969.5,4259226,968.0,973.05,960.6,962.45,4118969687.82,1176.0,657.5,1399812364334.5,2026-07-30 16:00:29,0,40.75,1.35,30-Jul-2025,30-Jun-2026,17.55952380952381,-47.452471482889734,,,HINDALCO INDUSTRIES LIMITED,0.73,2026-07-30 21:02:32
0,ADANIENTEQN,25.5,ADANIENT,EQ,N,3050.0,1278332,3024.5,3060.9,2994.6,3024.5,3882677783.6,3245.0,1753.0,913098756508.21,2026-07-30 16:00:29,0,24.03,0.46,30-Jul-2025,30-Jun-2026,6.00924499229584,-73.9874500855676,,,ADANI ENTERPRISES LIMITED,0.84,2026-07-30 21:02:32
0,JIOFINEQN,-2.81,JIOFIN,EQ,N,246.67,15570324,248.75,249.9,245.1,249.48,3842755963.2,338.6,223.3,807083544996.55,2026-07-30 16:00:29,0,-22.99,4.33,30-Jul-2025,30-Jun-2026,27.15002953337271,-10.465741155396328,,,JIO FINANCIAL SERVICES LIMITED,-1.13,2026-07-30 21:02:32
0,TITANEQN,-6.3,TITAN,EQ,N,4843.9,777361,4820.9,4869.9,4820.9,4850.2,3767503407.33,4869.9,3303.1,1994286097671.63,2026-07-30 16:00:29,0,43.46,9.99,30-Jul-2025,30-Jun-2026,0.533891866362759,-46.64708909811995,,,TITAN COMPANY LIMITED,-0.13,2026-07-30 21:02:32
0,ULTRACEMCOEQN,92.0,ULTRACEMCO,EQ,N,11850.0,291418,11800.0,11861.0,11730.0,11998.0,3440801467.8,13110.0,10325.0,1398368106960.24,2026-07-30 16:00:29,0,-3.41,5.31,30-Jul-2025,30-Jun-2026,9.610983981693364,-14.76997578692494,,,ULTRATECH CEMENT LIMITED,0.78,2026-07-30 21:02:32
0,NTPCEQN,1.65,NTPC,EQ,N,345.15,9943764,343.5,347.65,341.85,343.5,3429504765.96,414.4,315.55,1631724403926.03,2026-07-30 16:00:29,0,1.87,-3.22,30-Jul-2025,30-Jun-2026,16.710907335907336,-9.380446838852796,,,NTPC LIMITED,0.48,2026-07-30 21:02:32
0,BAJAJ-AUTOEQN,107.0,BAJAJ-AUTO,EQ,N,11445.0,295600,11338.0,11525.0,11305.5,11338.0,3383889868.0,11532.0,7858.5,1264023467645.08,2026-07-30 16:00:29,0,42.29,17.8,30-Jul-2025,30-Jun-2026,0.7544224765868887,-45.63848062607368,,,BAJAJ AUTO LIMITED,0.94,2026-07-30 21:02:32
0,INDIGOEQN,-58.5,INDIGO,EQ,N,5218.0,549497,5210.0,5258.0,5194.0,5276.5,2872643931.69,6232.5,3895.2,1177843830371.66,2026-07-30 16:00:29,0,-9.09,-2.8,30-Jul-2025,30-Jun-2026,16.277577216205376,-33.95974532758267,,,INTERGLOBE AVIATION LIMITED,-1.11,2026-07-30 21:02:32
0,SBILIFEEQN,-27.8,SBILIFE,EQ,N,1867.1,1513264,1882.2,1910.0,1862.6,1894.9,2858843216.16,2132.0,1700.4,836655989360.71,2026-07-30 16:00:29,0,1.52,5.74,30-Jul-2025,30-Jun-2026,12.424953095684803,-9.803575629263703,,,SBI LIFE INSURANCE COMPANY LIMITED,-1.47,2026-07-30 21:02:32
0,ONGCEQN,2.99,ONGC,EQ,N,241.3,11419363,239.5,244.39,239.06,238.31,2768624559.35,307.5,227.65,934707283642.2,2026-07-30 16:00:29,0,-0.21,2.72,30-Jul-2025,30-Jun-2026,21.528455284552845,-5.996046562705908,,,OIL & NATURAL GAS CORPORATION LIMITED,1.25,2026-07-30 21:02:32
0,TATASTEELEQN,-0.28,TATASTEEL,EQ,N,186.99,13769746,188.01,188.99,186.1,187.27,2576732568.98,224.4,152.51,1541351160652.42,2026-07-30 16:00:29,0,15.88,-0.57,30-Jul-2025,30-Jun-2026,16.671122994652407,-22.60835355058685,,,TATA STEEL LIMITED,-0.15,2026-07-30 21:02:32
0,TRENTEQN,-1.3,TRENT,EQ,N,3003.9,806910,3020.2,3042.6,2982.0,3005.2,2423376664.8,3782.67,2183.67,996732662909.66,2026-07-30 16:00:29,0,-10.66,-8.49,30-Jul-2025,30-Jun-2026,20.58783874882028,-37.56199425737405,,,TRENT LIMITED,-0.04,2026-07-30 21:02:32
0,HDFCLIFEEQN,-11.65,HDFCLIFE,EQ,N,545.05,4394541,557.0,558.85,544.7,556.7,2406538542.42,815.0,543.0,588634041770.54,2026-07-30 16:00:29,0,-28.04,-5.35,30-Jul-2025,30-Jun-2026,33.122699386503065,-0.3775322283609576,,,HDFC LIFE INSURANCE COMPANY LIMITED,-2.09,2026-07-30 21:02:32
0,APOLLOHOSPEQN,24.0,APOLLOHOSP,EQ,N,8959.0,263013,8900.0,9009.0,8865.5,8935.0,2359053021.42,9009.0,6696.5,919392943478.69,2026-07-30 16:00:29,0,20.26,3.19,30-Jul-2025,30-Jun-2026,0.555000555000555,-33.78630627939969,,,APOLLO HOSPITALS ENTERPRISE LIMITED,0.27,2026-07-30 21:02:32
0,POWERGRIDEQN,2.5,POWERGRID,EQ,N,285.35,7903593,283.4,287.1,283.0,282.85,2254974118.83,324.95,250.0,1288609092539.81,2026-07-30 16:00:29,0,-1.25,-0.33,30-Jul-2025,30-Jun-2026,12.186490229266042,-14.14,,,POWER GRID CORPORATION OF INDIA LIMITED,0.88,2026-07-30 21:02:32
0,TMPVEQN,5.1,TMPV,EQ,N,334.9,6078600,328.2,335.0,328.05,329.8,2019797208.0,739.7,294.3,697961149137.43,2026-07-30 16:00:29,0,-49.9,-4.91,30-Jul-2025,30-Jun-2026,54.72488846829796,-13.795446822969758,,,TATA MOTORS PASSENGER VEHICLES LIMITED,1.55,2026-07-30 21:02:32
0,TATACONSUMEQN,-1.1,TATACONSUM,EQ,N,1095.0,1677784,1096.1,1108.9,1090.4,1096.1,1841636385.44,1282.7,1007.2,711099193573.79,2026-07-30 16:00:29,0,2.04,1.8,30-Jul-2025,30-Jun-2026,14.63319560302487,-8.717235901509135,,,TATA CONSUMER PRODUCTS LIMITED,-0.1,2026-07-30 21:02:32
0,MAXHEALTHEQN,12.6,MAXHEALTH,EQ,N,1124.0,1610692,1112.0,1135.9,1110.3,1111.4,1813574764.32,1301.7,903.0,834207449679.87,2026-07-30 16:00:29,0,-11.12,-0.46,30-Jul-2025,30-Jun-2026,13.65137896596758,-24.473975636766333,,,MAX HEALTHCARE INSTITUTE LIMITED,1.13,2026-07-30 21:02:32
0,DRREDDYEQN,2.0,DRREDDY,EQ,N,1144.3,1350714,1143.0,1151.0,1139.0,1142.3,1544257809.06,1414.9,1101.0,695598263003.41,2026-07-30 16:00:29,0,-11.44,-15.68,30-Jul-2025,30-Jun-2026,19.125026503639834,-3.932788374205268,,,DR. REDDY'S LABORATORIES LIMITED,0.18,2026-07-30 21:02:32
0,BAJAJFINSVEQN,-15.4,BAJAJFINSV,EQ,N,1909.0,752615,1918.3,1933.4,1892.3,1924.4,1435951789.25,2195.0,1597.0,1102070234202.81,2026-07-30 16:00:29,0,-2.59,7.24,30-Jul-2025,30-Jun-2026,13.029612756264237,-19.536631183469005,,,BAJAJ FINSERV LIMITED,-0.8,2026-07-30 21:02:32
0,CIPLAEQN,-6.3,CIPLA,EQ,N,1468.0,833068,1478.8,1483.8,1464.1,1474.3,1226700960.68,1673.0,1165.7,823709433326.43,2026-07-30 16:00:29,0,-5.86,0.18,30-Jul-2025,30-Jun-2026,12.253436939629408,-25.93291584455692,,,CIPLA LIMITED,-0.43,2026-07-30 21:02:32
0,JSWSTEELEQN,-8.1,JSWSTEEL,EQ,N,1268.5,923153,1279.1,1304.5,1261.5,1276.6,1171176516.51,1328.0,1018.0,1186453565545.05,2026-07-30 16:00:29,0,22.22,3.43,30-Jul-2025,30-Jun-2026,4.480421686746988,-24.607072691552062,,,JSW STEEL LIMITED,-0.63,2026-07-30 21:02:32
0,GRASIMEQN,-12.9,GRASIM,EQ,N,3100.1,301353,3115.0,3115.5,3085.5,3113.0,933920068.77,3246.0,2502.5,1166435037062.31,2026-07-30 16:00:29,0,12.38,0.0,30-Jul-2025,30-Jun-2026,4.494762784966112,-23.88011988011988,,,GRASIM INDUSTRIES LIMITED,-0.41,2026-07-30 21:02:32
1,NIFTY 50,83.3,NIFTY 50,,,24400.45,283028956,24361.45,24429.4,24299.7,24317.15,239130593687.06,26373.2,22182.55,,2026-07-31 14:30:34,0,-1.49,2.24,30-Jul-2025,30-Jun-2026,7.480131345456751,-9.9983996429626,,,,0.34,2026-07-31 14:31:02
0,BAJFINANCEEQN,95.5,BAJFINANCE,EQ,N,1149.0,33832594,1095.0,1151.5,1083.6,1053.5,37885738761.2,1151.5,787.9,3072300228208.26,2026-07-31 14:29:47,0,30.45,14.41,31-Jul-2025,30-Jun-2026,0.21710811984368214,-45.830689173753015,,,BAJAJ FINANCE LIMITED,9.07,2026-07-31 14:31:02
0,M&MEQN,128.8,M&M,EQ,N,3412.5,5202709,3379.9,3457.0,3243.3,3283.7,17633853776.24,3839.9,2896.0,3037820523733.71,2026-07-31 14:29:47,0,6.6,11.26,31-Jul-2025,30-Jun-2026,11.130498190057033,-17.834944751381215,,,MAHINDRA & MAHINDRA LIMITED,3.92,2026-07-31 14:31:02
0,HDFCBANKEQN,-5.45,HDFCBANK,EQ,N,748.5,13757233,753.95,757.55,748.0,753.95,10329343253.39,1020.5,726.65,11433106988126.46,2026-07-31 14:29:46,0,-25.82,-6.2,31-Jul-2025,30-Jun-2026,26.65360117589417,-3.0069497006812083,,,HDFC BANK LIMITED,-0.72,2026-07-31 14:31:02
0,INFYEQN,-22.5,INFY,EQ,N,1132.6,9063700,1118.9,1139.3,1107.2,1155.1,10214699263.0,1728.0,982.4,3963549501632.82,2026-07-31 14:29:46,0,-24.92,13.24,31-Jul-2025,30-Jun-2026,34.45601851851852,-15.289087947882736,,,INFOSYS LIMITED,-1.95,2026-07-31 14:31:02
0,BHARTIARTLEQN,14.3,BHARTIARTL,EQ,N,1971.1,4476702,1969.0,1976.4,1947.4,1956.8,8793406670.52,2174.5,1740.5,6122594226914.18,2026-07-31 14:29:46,0,2.97,6.44,31-Jul-2025,30-Jun-2026,9.353874453897447,-13.24906636024131,,,BHARTI AIRTEL LIMITED,0.73,2026-07-31 14:31:02
0,ETERNALEQN,-6.45,ETERNAL,EQ,N,304.2,26685449,312.5,316.0,301.8,310.65,8194834533.41,368.45,212.6,2191267981557.31,2026-07-31 14:29:46,0,-1.19,14.95,31-Jul-2025,30-Jun-2026,17.437915592346314,-43.08560677328316,,,ETERNAL LIMITED,-2.08,2026-07-31 14:31:02
0,SBINEQN,2.8,SBIN,EQ,N,1028.1,7845566,1028.1,1034.3,1023.5,1025.3,8063202000.84,1234.7,786.55,4240184261869.66,2026-07-31 14:29:46,0,29.09,0.14,31-Jul-2025,30-Jun-2026,16.732809589373936,-30.710062933062108,,,STATE BANK OF INDIA,0.27,2026-07-31 14:31:02
0,ICICIBANKEQN,0.5,ICICIBANK,EQ,N,1434.4,5515167,1434.3,1441.9,1431.4,1433.9,7914044038.32,1494.5,1187.6,10251989316919.97,2026-07-31 14:29:47,0,-3.17,4.3,31-Jul-2025,30-Jun-2026,4.021411843425895,-20.781407881441563,,,ICICI BANK LIMITED,0.03,2026-07-31 14:31:02
0,TCSEQN,-68.9,TCS,EQ,N,2362.9,3169800,2385.0,2391.0,2326.1,2431.8,7493629086.0,3350.0,1976.8,2406841806046.35,2026-07-31 14:29:47,0,-22.17,16.34,31-Jul-2025,30-Jun-2026,29.465671641791044,-19.531566167543506,,,TATA CONSULTANCY SERVICES LIMITED,-2.83,2026-07-31 14:31:02
0,JIOFINEQN,8.1,JIOFIN,EQ,N,255.05,28928469,247.5,255.84,247.0,246.95,7285345632.96,338.6,223.3,834731236062.43,2026-07-31 14:29:47,0,-22.52,7.89,31-Jul-2025,30-Jun-2026,24.6751329001772,-14.218540080609046,,,JIO FINANCIAL SERVICES LIMITED,3.28,2026-07-31 14:31:02
0,ADANIPORTSEQN,35.9,ADANIPORTS,EQ,N,1700.0,4230139,1674.0,1708.1,1650.0,1664.1,7150288554.48,1891.1,1290.5,1249690911221.27,2026-07-31 14:29:46,0,23.88,-6.03,31-Jul-2025,30-Jun-2026,10.105229760456877,-31.731886865555985,,,ADANI PORTS AND SPECIAL ECONOMIC ZONE LIMITED,2.16,2026-07-31 14:31:02
0,AXISBANKEQN,0.9,AXISBANK,EQ,N,1229.8,5761408,1226.2,1239.7,1226.0,1228.9,7085610014.72,1418.3,1042.5,3522517500979.84,2026-07-31 14:29:46,0,15.06,-8.65,31-Jul-2025,30-Jun-2026,13.290559120073327,-17.966426858513188,,,AXIS BANK LIMITED,0.07,2026-07-31 14:31:02
0,RELIANCEEQN,12.2,RELIANCE,EQ,N,1305.1,4782939,1295.0,1305.4,1293.6,1292.9,6217820700.0,1611.8,1249.8,8791447476768.72,2026-07-31 14:29:46,0,-6.11,0.88,31-Jul-2025,30-Jun-2026,19.028415436158333,-4.424707953272524,,,RELIANCE INDUSTRIES LIMITED,0.94,2026-07-31 14:31:02
0,BAJAJFINSVEQN,114.0,BAJAJFINSV,EQ,N,2023.4,3020450,1932.0,2026.8,1930.0,1909.4,6030962719.5,2195.0,1597.0,1168113625922.46,2026-07-31 14:29:47,0,3.88,13.67,31-Jul-2025,30-Jun-2026,7.817767653758542,-26.70006261740764,,,BAJAJ FINSERV LIMITED,5.97,2026-07-31 14:31:02
0,MARUTIEQN,34.0,MARUTI,EQ,N,14222.0,402561,14250.0,14348.0,14124.0,14188.0,5729920428.87,17370.0,12201.0,1850014910638.44,2026-07-31 14:29:44,0,12.81,0.77,31-Jul-2025,30-Jun-2026,18.123200921128383,-16.564216047864928,,,MARUTI SUZUKI INDIA LIMITED,0.24,2026-07-31 14:31:02
0,LTEQN,-5.6,LT,EQ,N,3932.1,1368171,3962.9,3973.1,3923.2,3937.7,5393138538.06,4440.0,3288.1,4592208754474.15,2026-07-31 14:29:43,0,8.21,-5.03,31-Jul-2025,30-Jun-2026,11.43918918918919,-19.585779021319304,,,LARSEN & TOUBRO LIMITED,-0.14,2026-07-31 14:31:02
0,BELEQN,4.05,BEL,EQ,N,388.95,13594718,385.0,390.6,385.0,384.9,5274342742.46,473.45,361.2,1389205792502.71,2026-07-31 14:29:46,0,1.59,-5.49,31-Jul-2025,30-Jun-2026,17.84771359172035,-7.6827242524916945,,,BHARAT ELECTRONICS LIMITED,1.05,2026-07-31 14:31:02
0,HDFCLIFEEQN,2.15,HDFCLIFE,EQ,N,547.55,8411541,548.7,550.5,544.05,545.4,4592028462.72,815.0,543.0,590739970366.91,2026-07-31 14:29:47,0,-27.5,-4.88,31-Jul-2025,30-Jun-2026,32.8159509202454,-0.8379373848987108,,,HDFC LIFE INSURANCE COMPANY LIMITED,0.39,2026-07-31 14:31:02
0,TATASTEELEQN,3.11,TATASTEEL,EQ,N,190.03,23620600,188.25,191.84,186.31,186.92,4465474430.0,224.4,152.51,1568223211477.21,2026-07-31 14:29:42,0,20.41,1.12,31-Jul-2025,30-Jun-2026,15.316399286987522,-24.6016654645597,,,TATA STEEL LIMITED,1.66,2026-07-31 14:31:02
0,EICHERMOTEQN,-0.5,EICHERMOT,EQ,N,7830.0,547552,7899.0,7899.0,7794.0,7912.5,4295627572.8,8230.0,5386.5,1076488668085.64,2026-07-31 14:29:42,0,43.19,10.7,31-Jul-2025,30-Jun-2026,4.860267314702309,-45.363408521303256,,,EICHER MOTORS LIMITED,-0.01,2026-07-31 14:31:02
0,SHRIRAMFINEQN,19.4,SHRIRAMFIN,EQ,N,1046.6,4107452,1029.2,1054.6,1029.1,1027.2,4291958743.84,1108.0,566.5,1461857748825.54,2026-07-31 14:29:43,0,65.92,0.44,31-Jul-2025,30-Jun-2026,5.541516245487364,-84.74845542806707,,,SHRIRAM FINANCE LIMITED,1.89,2026-07-31 14:31:02
0,SUNPHARMAEQN,14.6,SUNPHARMA,EQ,N,2015.7,1925486,2016.4,2046.9,2003.4,2001.1,3901092400.58,2046.9,1548.0,2154491269494.05,2026-07-31 14:29:46,0,18.78,8.85,31-Jul-2025,30-Jun-2026,1.5242561922907811,-30.213178294573645,,,SUN PHARMACEUTICAL INDUSTRIES LIMITED,0.73,2026-07-31 14:31:02
0,HINDALCOEQN,8.25,HINDALCO,EQ,N,978.65,3925924,979.8,988.0,971.05,970.4,3853176628.28,1176.0,657.5,1413745514737.63,2026-07-31 14:29:42,0,43.45,2.43,31-Jul-2025,30-Jun-2026,16.781462585034014,-48.844106463878326,,,HINDALCO INDUSTRIES LIMITED,0.85,2026-07-31 14:31:02
0,ULTRACEMCOEQN,28.0,ULTRACEMCO,EQ,N,11875.0,272604,11850.0,12009.0,11799.0,11847.0,3251854951.44,13110.0,10325.0,1401318250645.81,2026-07-31 14:29:47,0,-3.01,5.57,31-Jul-2025,30-Jun-2026,9.420289855072463,-15.012106537530267,,,ULTRATECH CEMENT LIMITED,0.24,2026-07-31 14:31:02
0,HCLTECHEQN,-5.8,HCLTECH,EQ,N,1346.9,2218962,1317.7,1356.5,1294.3,1352.7,2966175263.88,1780.1,1030.0,1416675627177.05,2026-07-31 14:29:47,0,-8.17,25.76,31-Jul-2025,30-Jun-2026,24.335711476883322,-30.766990291262136,,,HCL TECHNOLOGIES LIMITED,-0.43,2026-07-31 14:31:02
0,ITCEQN,-4.05,ITC,EQ,N,281.0,10488209,285.55,285.8,280.05,285.05,2957884702.18,427.0,275.0,2701651657410.65,2026-07-31 14:29:46,0,-31.76,-2.04,31-Jul-2025,30-Jun-2026,34.19203747072599,-2.1818181818181817,,,ITC LIMITED,-1.42,2026-07-31 14:31:02
0,TECHMEQN,-19.2,TECHM,EQ,N,1649.8,1610084,1620.0,1661.5,1610.5,1669.0,2651872751.36,1854.0,1304.1,1045119254189.81,2026-07-31 14:29:42,0,12.74,17.48,31-Jul-2025,30-Jun-2026,11.014023732470335,-26.508703320297524,,,TECH MAHINDRA LIMITED,-1.15,2026-07-31 14:31:02
0,TITANEQN,25.4,TITAN,EQ,N,4875.4,515701,4850.0,4885.5,4820.9,4850.0,2508818323.87,4885.5,3303.1,2007131475620.67,2026-07-31 14:29:43,0,45.66,10.71,31-Jul-2025,30-Jun-2026,0.2067342134888957,-47.60073870000908,,,TITAN COMPANY LIMITED,0.52,2026-07-31 14:31:02
0,WIPROEQN,-1.9,WIPRO,EQ,N,184.43,13639119,184.85,185.24,180.83,186.33,2500732468.65,273.1,169.0,498214196786.87,2026-07-31 14:29:47,0,-25.71,8.26,31-Jul-2025,30-Jun-2026,32.467960454046136,-9.1301775147929,,,WIPRO LIMITED,-1.02,2026-07-31 14:31:02
0,TMPVEQN,6.2,TMPV,EQ,N,340.4,6293241,335.55,341.95,334.5,334.2,2125856809.8,739.7,294.3,709736247652.29,2026-07-31 14:29:42,0,-48.9,-3.38,31-Jul-2025,30-Jun-2026,53.98134378802217,-15.664288141352362,,,TATA MOTORS PASSENGER VEHICLES LIMITED,1.86,2026-07-31 14:31:02
0,NESTLEINDEQN,-20.8,NESTLEIND,EQ,N,1499.9,1406303,1529.0,1529.0,1498.8,1520.7,2124684761.49,1532.6,1084.7,1072436676938.47,2026-07-31 14:29:43,0,33.47,6.75,31-Jul-2025,30-Jun-2026,2.13362912697377,-38.27786484742325,,,NESTLE INDIA LIMITED,-1.37,2026-07-31 14:31:02
0,HINDUNILVREQN,-6.9,HINDUNILVR,EQ,N,2101.0,896378,2119.6,2119.6,2091.1,2107.9,1883550127.62,2750.0,2016.0,1858850199938.48,2026-07-31 14:29:46,0,-16.66,-0.8,31-Jul-2025,30-Jun-2026,23.6,-4.216269841269841,,,HINDUSTAN UNILEVER LIMITED,-0.33,2026-07-31 14:31:02
0,ADANIENTEQN,-25.7,ADANIENT,EQ,N,3023.4,610330,3051.0,3067.5,3006.9,3049.1,1849324313.2,3245.0,1753.0,905015587188.31,2026-07-31 14:29:46,0,28.12,-0.41,31-Jul-2025,30-Jun-2026,6.8289676425269645,-72.47005134055904,,,ADANI ENTERPRISES LIMITED,-0.84,2026-07-31 14:31:02
0,ASIANPAINTEQN,5.8,ASIANPAINT,EQ,N,2752.0,616746,2773.9,2774.9,2732.4,2746.2,1696520226.96,2985.7,2115.0,1241318125010.71,2026-07-31 14:29:47,0,14.85,4.41,31-Jul-2025,30-Jun-2026,7.8273101785176005,-30.11820330969267,,,ASIAN PAINTS LIMITED,0.21,2026-07-31 14:31:02
0,BAJAJ-AUTOEQN,76.5,BAJAJ-AUTO,EQ,N,11508.5,145566,11475.0,11590.0,11329.5,11432.0,1677026583.18,11590.0,7858.5,1270760508407.54,2026-07-31 14:29:46,0,43.71,18.45,31-Jul-2025,30-Jun-2026,0.7031924072476272,-46.44652287332188,,,BAJAJ AUTO LIMITED,0.67,2026-07-31 14:31:02
0,APOLLOHOSPEQN,-45.5,APOLLOHOSP,EQ,N,8942.5,185767,9025.0,9036.5,8931.0,8988.0,1666872429.64,9036.5,6696.5,917853609384.24,2026-07-31 14:29:47,0,19.31,3.04,31-Jul-2025,30-Jun-2026,1.040225751120456,-33.53990890763832,,,APOLLO HOSPITALS ENTERPRISE LIMITED,-0.51,2026-07-31 14:31:02
0,COALINDIAEQN,2.45,COALINDIA,EQ,N,414.15,4033055,413.0,415.1,410.15,417.2,1665974359.4,491.25,368.65,989002194032.39,2026-07-31 14:29:47,0,10.04,-5.67,31-Jul-2025,30-Jun-2026,15.694656488549619,-12.3423301234233,,,COAL INDIA LIMITED,0.6,2026-07-31 14:31:02
0,NTPCEQN,2.3,NTPC,EQ,N,347.15,4761930,344.1,347.4,343.55,344.85,1645199195.7,414.4,315.55,1640943185869.12,2026-07-31 14:29:43,0,3.86,-2.66,31-Jul-2025,30-Jun-2026,16.228281853281853,-10.014260814450958,,,NTPC LIMITED,0.67,2026-07-31 14:31:02
0,KOTAKBANKEQN,0.55,KOTAKBANK,EQ,N,389.95,4033423,390.2,391.85,388.4,389.4,1572752630.39,453.2,345.5,2864700646135.13,2026-07-31 14:29:44,0,-1.42,-0.55,31-Jul-2025,30-Jun-2026,13.95631067961165,-12.865412445730826,,,KOTAK MAHINDRA BANK LIMITED,0.14,2026-07-31 14:31:02
0,MAXHEALTHEQN,-27.6,MAXHEALTH,EQ,N,1097.2,1413136,1126.0,1132.0,1091.2,1124.8,1569584286.56,1301.7,903.0,815059271564.44,2026-07-31 14:29:43,0,-11.92,-2.81,31-Jul-2025,30-Jun-2026,15.710225090266574,-21.50609080841639,,,MAX HEALTHCARE INSTITUTE LIMITED,-2.45,2026-07-31 14:31:02
0,ONGCEQN,0.19,ONGC,EQ,N,241.78,6485074,241.58,242.17,238.17,241.59,1559271192.56,307.5,227.65,936644099397.78,2026-07-31 14:29:46,0,0.35,2.96,31-Jul-2025,30-Jun-2026,21.372357723577235,-6.206896551724138,,,OIL & NATURAL GAS CORPORATION LIMITED,0.08,2026-07-31 14:31:02
0,INDIGOEQN,-57.0,INDIGO,EQ,N,5173.5,268949,5260.0,5282.0,5137.5,5230.5,1405191287.75,6232.5,3895.2,1167798975934.8,2026-07-31 14:29:47,0,-12.46,-3.62,31-Jul-2025,30-Jun-2026,16.991576413959084,-32.81731361675909,,,INTERGLOBE AVIATION LIMITED,-1.09,2026-07-31 14:31:02
0,POWERGRIDEQN,-1.8,POWERGRID,EQ,N,283.9,4870187,286.3,287.4,283.0,285.7,1383717530.44,324.95,250.0,1282061052644.31,2026-07-31 14:29:43,0,-2.44,-0.84,31-Jul-2025,30-Jun-2026,12.63271272503462,-13.56,,,POWER GRID CORPORATION OF INDIA LIMITED,-0.63,2026-07-31 14:31:02
0,TRENTEQN,10.1,TRENT,EQ,N,3009.3,430801,3008.0,3026.7,2990.9,2999.2,1295435839.04,3782.67,2183.67,998955809100.11,2026-07-31 14:29:42,0,-10.02,-8.3,31-Jul-2025,30-Jun-2026,20.445082441767322,-37.80928436989105,,,TRENT LIMITED,0.34,2026-07-31 14:31:02
0,TATACONSUMEQN,-8.4,TATACONSUM,EQ,N,1085.8,981929,1098.9,1098.9,1081.8,1094.2,1066453448.32,1282.7,1007.2,705059720970.83,2026-07-31 14:29:43,0,1.17,0.95,31-Jul-2025,30-Jun-2026,15.350432681063381,-7.803812549642574,,,TATA CONSUMER PRODUCTS LIMITED,-0.77,2026-07-31 14:31:02
0,CIPLAEQN,6.7,CIPLA,EQ,N,1473.1,691737,1473.4,1478.8,1462.3,1466.4,1018942435.74,1673.0,1165.7,826795538151.56,2026-07-31 14:29:46,0,-5.23,0.54,31-Jul-2025,30-Jun-2026,11.948595337716677,-26.370421206142233,,,CIPLA LIMITED,0.46,2026-07-31 14:31:02
0,JSWSTEELEQN,-1.2,JSWSTEEL,EQ,N,1269.6,793295,1276.4,1282.2,1262.0,1270.8,1006992807.1,1328.0,1018.0,1187482417671.26,2026-07-31 14:29:42,0,21.13,3.54,31-Jul-2025,30-Jun-2026,4.397590361445783,-24.715127701375245,,,JSW STEEL LIMITED,-0.09,2026-07-31 14:31:02
0,DRREDDYEQN,7.4,DRREDDY,EQ,N,1152.2,643853,1152.0,1154.3,1141.7,1144.8,739362154.02,1414.9,1101.0,700886827967.26,2026-07-31 14:29:47,0,-9.31,-15.11,31-Jul-2025,30-Jun-2026,18.56668315782034,-4.650317892824705,,,DR. REDDY'S LABORATORIES LIMITED,0.65,2026-07-31 14:31:02
0,SBILIFEEQN,1.3,SBILIFE,EQ,N,1878.8,366232,1885.0,1898.9,1870.6,1877.5,690123918.48,2132.0,1700.4,842212485674.82,2026-07-31 14:29:46,0,2.1,6.44,31-Jul-2025,30-Jun-2026,11.876172607879925,-10.491649023759116,,,SBI LIFE INSURANCE COMPANY LIMITED,0.07,2026-07-31 14:31:02
0,GRASIMEQN,-9.3,GRASIM,EQ,N,3095.5,180015,3115.7,3135.9,3093.5,3104.8,560879936.1,3246.0,2502.5,1166472662785.26,2026-07-31 14:29:44,0,12.91,0.03,31-Jul-2025,30-Jun-2026,4.636475662353666,-23.696303696303698,,,GRASIM INDUSTRIES LIMITED,-0.3,2026-07-31 14:31:02
1,NIFTY 50,83.3,NIFTY 50,,,24400.45,283028956,24361.45,24429.4,24299.7,24317.15,239130593687.06,26373.2,22182.55,,2026-07-31 14:30:34,0,-1.49,2.24,30-Jul-2025,30-Jun-2026,7.480131345456751,-9.9983996429626,,,,0.34,2026-07-31 14:31:32
0,BAJFINANCEEQN,95.5,BAJFINANCE,EQ,N,1149.0,33832594,1095.0,1151.5,1083.6,1053.5,37885738761.2,1151.5,787.9,3072300228208.26,2026-07-31 14:29:47,0,30.45,14.41,31-Jul-2025,30-Jun-2026,0.21710811984368214,-45.830689173753015,,,BAJAJ FINANCE LIMITED,9.07,2026-07-31 14:31:32
0,M&MEQN,128.8,M&M,EQ,N,3412.5,5202709,3379.9,3457.0,3243.3,3283.7,17633853776.24,3839.9,2896.0,3037820523733.71,2026-07-31 14:29:47,0,6.6,11.26,31-Jul-2025,30-Jun-2026,11.130498190057033,-17.834944751381215,,,MAHINDRA & MAHINDRA LIMITED,3.92,2026-07-31 14:31:32
0,HDFCBANKEQN,-5.45,HDFCBANK,EQ,N,748.5,13757233,753.95,757.55,748.0,753.95,10329343253.39,1020.5,726.65,11433106988126.46,2026-07-31 14:29:46,0,-25.82,-6.2,31-Jul-2025,30-Jun-2026,26.65360117589417,-3.0069497006812083,,,HDFC BANK LIMITED,-0.72,2026-07-31 14:31:32
0,INFYEQN,-22.5,INFY,EQ,N,1132.6,9063700,1118.9,1139.3,1107.2,1155.1,10214699263.0,1728.0,982.4,3963549501632.82,2026-07-31 14:29:46,0,-24.92,13.24,31-Jul-2025,30-Jun-2026,34.45601851851852,-15.289087947882736,,,INFOSYS LIMITED,-1.95,2026-07-31 14:31:32
0,BHARTIARTLEQN,14.3,BHARTIARTL,EQ,N,1971.1,4476702,1969.0,1976.4,1947.4,1956.8,8793406670.52,2174.5,1740.5,6122594226914.18,2026-07-31 14:29:46,0,2.97,6.44,31-Jul-2025,30-Jun-2026,9.353874453897447,-13.24906636024131,,,BHARTI AIRTEL LIMITED,0.73,2026-07-31 14:31:32
0,ETERNALEQN,-6.45,ETERNAL,EQ,N,304.2,26685449,312.5,316.0,301.8,310.65,8194834533.41,368.45,212.6,2191267981557.31,2026-07-31 14:29:46,0,-1.19,14.95,31-Jul-2025,30-Jun-2026,17.437915592346314,-43.08560677328316,,,ETERNAL LIMITED,-2.08,2026-07-31 14:31:32
0,SBINEQN,2.8,SBIN,EQ,N,1028.1,7845566,1028.1,1034.3,1023.5,1025.3,8063202000.84,1234.7,786.55,4240184261869.66,2026-07-31 14:29:46,0,29.09,0.14,31-Jul-2025,30-Jun-2026,16.732809589373936,-30.710062933062108,,,STATE BANK OF INDIA,0.27,2026-07-31 14:31:32
0,ICICIBANKEQN,0.5,ICICIBANK,EQ,N,1434.4,5515167,1434.3,1441.9,1431.4,1433.9,7914044038.32,1494.5,1187.6,10251989316919.97,2026-07-31 14:29:47,0,-3.17,4.3,31-Jul-2025,30-Jun-2026,4.021411843425895,-20.781407881441563,,,ICICI BANK LIMITED,0.03,2026-07-31 14:31:32
0,TCSEQN,-68.9,TCS,EQ,N,2362.9,3169800,2385.0,2391.0,2326.1,2431.8,7493629086.0,3350.0,1976.8,2406841806046.35,2026-07-31 14:29:47,0,-22.17,16.34,31-Jul-2025,30-Jun-2026,29.465671641791044,-19.531566167543506,,,TATA CONSULTANCY SERVICES LIMITED,-2.83,2026-07-31 14:31:32
0,JIOFINEQN,8.1,JIOFIN,EQ,N,255.05,28928469,247.5,255.84,247.0,246.95,7285345632.96,338.6,223.3,834731236062.43,2026-07-31 14:29:47,0,-22.52,7.89,31-Jul-2025,30-Jun-2026,24.6751329001772,-14.218540080609046,,,JIO FINANCIAL SERVICES LIMITED,3.28,2026-07-31 14:31:32
0,ADANIPORTSEQN,35.9,ADANIPORTS,EQ,N,1700.0,4230139,1674.0,1708.1,1650.0,1664.1,7150288554.48,1891.1,1290.5,1249690911221.27,2026-07-31 14:29:46,0,23.88,-6.03,31-Jul-2025,30-Jun-2026,10.105229760456877,-31.731886865555985,,,ADANI PORTS AND SPECIAL ECONOMIC ZONE LIMITED,2.16,2026-07-31 14:31:32
0,AXISBANKEQN,0.9,AXISBANK,EQ,N,1229.8,5761408,1226.2,1239.7,1226.0,1228.9,7085610014.72,1418.3,1042.5,3522517500979.84,2026-07-31 14:29:46,0,15.06,-8.65,31-Jul-2025,30-Jun-2026,13.290559120073327,-17.966426858513188,,,AXIS BANK LIMITED,0.07,2026-07-31 14:31:32
0,RELIANCEEQN,12.2,RELIANCE,EQ,N,1305.1,4782939,1295.0,1305.4,1293.6,1292.9,6217820700.0,1611.8,1249.8,8791447476768.72,2026-07-31 14:29:46,0,-6.11,0.88,31-Jul-2025,30-Jun-2026,19.028415436158333,-4.424707953272524,,,RELIANCE INDUSTRIES LIMITED,0.94,2026-07-31 14:31:32
0,BAJAJFINSVEQN,114.0,BAJAJFINSV,EQ,N,2023.4,3020450,1932.0,2026.8,1930.0,1909.4,6030962719.5,2195.0,1597.0,1168113625922.46,2026-07-31 14:29:47,0,3.88,13.67,31-Jul-2025,30-Jun-2026,7.817767653758542,-26.70006261740764,,,BAJAJ FINSERV LIMITED,5.97,2026-07-31 14:31:32
0,MARUTIEQN,34.0,MARUTI,EQ,N,14222.0,402561,14250.0,14348.0,14124.0,14188.0,5729920428.87,17370.0,12201.0,1850014910638.44,2026-07-31 14:29:44,0,12.81,0.77,31-Jul-2025,30-Jun-2026,18.123200921128383,-16.564216047864928,,,MARUTI SUZUKI INDIA LIMITED,0.24,2026-07-31 14:31:32
0,LTEQN,-5.6,LT,EQ,N,3932.1,1368171,3962.9,3973.1,3923.2,3937.7,5393138538.06,4440.0,3288.1,4592208754474.15,2026-07-31 14:29:43,0,8.21,-5.03,31-Jul-2025,30-Jun-2026,11.43918918918919,-19.585779021319304,,,LARSEN & TOUBRO LIMITED,-0.14,2026-07-31 14:31:32
0,BELEQN,4.05,BEL,EQ,N,388.95,13594718,385.0,390.6,385.0,384.9,5274342742.46,473.45,361.2,1389205792502.71,2026-07-31 14:29:46,0,1.59,-5.49,31-Jul-2025,30-Jun-2026,17.84771359172035,-7.6827242524916945,,,BHARAT ELECTRONICS LIMITED,1.05,2026-07-31 14:31:32
0,HDFCLIFEEQN,2.15,HDFCLIFE,EQ,N,547.55,8411541,548.7,550.5,544.05,545.4,4592028462.72,815.0,543.0,590739970366.91,2026-07-31 14:29:47,0,-27.5,-4.88,31-Jul-2025,30-Jun-2026,32.8159509202454,-0.8379373848987108,,,HDFC LIFE INSURANCE COMPANY LIMITED,0.39,2026-07-31 14:31:32
0,TATASTEELEQN,3.11,TATASTEEL,EQ,N,190.03,23620600,188.25,191.84,186.31,186.92,4465474430.0,224.4,152.51,1568223211477.21,2026-07-31 14:29:42,0,20.41,1.12,31-Jul-2025,30-Jun-2026,15.316399286987522,-24.6016654645597,,,TATA STEEL LIMITED,1.66,2026-07-31 14:31:32
0,EICHERMOTEQN,-0.5,EICHERMOT,EQ,N,7830.0,547552,7899.0,7899.0,7794.0,7912.5,4295627572.8,8230.0,5386.5,1076488668085.64,2026-07-31 14:29:42,0,43.19,10.7,31-Jul-2025,30-Jun-2026,4.860267314702309,-45.363408521303256,,,EICHER MOTORS LIMITED,-0.01,2026-07-31 14:31:32
0,SHRIRAMFINEQN,19.4,SHRIRAMFIN,EQ,N,1046.6,4107452,1029.2,1054.6,1029.1,1027.2,4291958743.84,1108.0,566.5,1461857748825.54,2026-07-31 14:29:43,0,65.92,0.44,31-Jul-2025,30-Jun-2026,5.541516245487364,-84.74845542806707,,,SHRIRAM FINANCE LIMITED,1.89,2026-07-31 14:31:32
0,SUNPHARMAEQN,14.6,SUNPHARMA,EQ,N,2015.7,1925486,2016.4,2046.9,2003.4,2001.1,3901092400.58,2046.9,1548.0,2154491269494.05,2026-07-31 14:29:46,0,18.78,8.85,31-Jul-2025,30-Jun-2026,1.5242561922907811,-30.213178294573645,,,SUN PHARMACEUTICAL INDUSTRIES LIMITED,0.73,2026-07-31 14:31:32
0,HINDALCOEQN,8.25,HINDALCO,EQ,N,978.65,3925924,979.8,988.0,971.05,970.4,3853176628.28,1176.0,657.5,1413745514737.63,2026-07-31 14:29:42,0,43.45,2.43,31-Jul-2025,30-Jun-2026,16.781462585034014,-48.844106463878326,,,HINDALCO INDUSTRIES LIMITED,0.85,2026-07-31 14:31:32
0,ULTRACEMCOEQN,28.0,ULTRACEMCO,EQ,N,11875.0,272604,11850.0,12009.0,11799.0,11847.0,3251854951.44,13110.0,10325.0,1401318250645.81,2026-07-31 14:29:47,0,-3.01,5.57,31-Jul-2025,30-Jun-2026,9.420289855072463,-15.012106537530267,,,ULTRATECH CEMENT LIMITED,0.24,2026-07-31 14:31:32
0,HCLTECHEQN,-5.8,HCLTECH,EQ,N,1346.9,2218962,1317.7,1356.5,1294.3,1352.7,2966175263.88,1780.1,1030.0,1416675627177.05,2026-07-31 14:29:47,0,-8.17,25.76,31-Jul-2025,30-Jun-2026,24.335711476883322,-30.766990291262136,,,HCL TECHNOLOGIES LIMITED,-0.43,2026-07-31 14:31:32
0,ITCEQN,-4.05,ITC,EQ,N,281.0,10488209,285.55,285.8,280.05,285.05,2957884702.18,427.0,275.0,2701651657410.65,2026-07-31 14:29:46,0,-31.76,-2.04,31-Jul-2025,30-Jun-2026,34.19203747072599,-2.1818181818181817,,,ITC LIMITED,-1.42,2026-07-31 14:31:32
0,TECHMEQN,-19.2,TECHM,EQ,N,1649.8,1610084,1620.0,1661.5,1610.5,1669.0,2651872751.36,1854.0,1304.1,1045119254189.81,2026-07-31 14:29:42,0,12.74,17.48,31-Jul-2025,30-Jun-2026,11.014023732470335,-26.508703320297524,,,TECH MAHINDRA LIMITED,-1.15,2026-07-31 14:31:32
0,TITANEQN,25.4,TITAN,EQ,N,4875.4,515701,4850.0,4885.5,4820.9,4850.0,2508818323.87,4885.5,3303.1,2007131475620.67,2026-07-31 14:29:43,0,45.66,10.71,31-Jul-2025,30-Jun-2026,0.2067342134888957,-47.60073870000908,,,TITAN COMPANY LIMITED,0.52,2026-07-31 14:31:32
0,WIPROEQN,-1.9,WIPRO,EQ,N,184.43,13639119,184.85,185.24,180.83,186.33,2500732468.65,273.1,169.0,498214196786.87,2026-07-31 14:29:47,0,-25.71,8.26,31-Jul-2025,30-Jun-2026,32.467960454046136,-9.1301775147929,,,WIPRO LIMITED,-1.02,2026-07-31 14:31:32
0,TMPVEQN,6.2,TMPV,EQ,N,340.4,6293241,335.55,341.95,334.5,334.2,2125856809.8,739.7,294.3,709736247652.29,2026-07-31 14:29:42,0,-48.9,-3.38,31-Jul-2025,30-Jun-2026,53.98134378802217,-15.664288141352362,,,TATA MOTORS PASSENGER VEHICLES LIMITED,1.86,2026-07-31 14:31:32
0,NESTLEINDEQN,-20.8,NESTLEIND,EQ,N,1499.9,1406303,1529.0,1529.0,1498.8,1520.7,2124684761.49,1532.6,1084.7,1072436676938.47,2026-07-31 14:29:43,0,33.47,6.75,31-Jul-2025,30-Jun-2026,2.13362912697377,-38.27786484742325,,,NESTLE INDIA LIMITED,-1.37,2026-07-31 14:31:32
0,HINDUNILVREQN,-6.9,HINDUNILVR,EQ,N,2101.0,896378,2119.6,2119.6,2091.1,2107.9,1883550127.62,2750.0,2016.0,1858850199938.48,2026-07-31 14:29:46,0,-16.66,-0.8,31-Jul-2025,30-Jun-2026,23.6,-4.216269841269841,,,HINDUSTAN UNILEVER LIMITED,-0.33,2026-07-31 14:31:32
0,ADANIENTEQN,-25.7,ADANIENT,EQ,N,3023.4,610330,3051.0,3067.5,3006.9,3049.1,1849324313.2,3245.0,1753.0,905015587188.31,2026-07-31 14:29:46,0,28.12,-0.41,31-Jul-2025,30-Jun-2026,6.8289676425269645,-72.47005134055904,,,ADANI ENTERPRISES LIMITED,-0.84,2026-07-31 14:31:32
0,ASIANPAINTEQN,5.8,ASIANPAINT,EQ,N,2752.0,616746,2773.9,2774.9,2732.4,2746.2,1696520226.96,2985.7,2115.0,1241318125010.71,2026-07-31 14:29:47,0,14.85,4.41,31-Jul-2025,30-Jun-2026,7.8273101785176005,-30.11820330969267,,,ASIAN PAINTS LIMITED,0.21,2026-07-31 14:31:32
0,BAJAJ-AUTOEQN,76.5,BAJAJ-AUTO,EQ,N,11508.5,145566,11475.0,11590.0,11329.5,11432.0,1677026583.18,11590.0,7858.5,1270760508407.54,2026-07-31 14:29:46,0,43.71,18.45,31-Jul-2025,30-Jun-2026,0.7031924072476272,-46.44652287332188,,,BAJAJ AUTO LIMITED,0.67,2026-07-31 14:31:32
0,APOLLOHOSPEQN,-45.5,APOLLOHOSP,EQ,N,8942.5,185767,9025.0,9036.5,8931.0,8988.0,1666872429.64,9036.5,6696.5,917853609384.24,2026-07-31 14:29:47,0,19.31,3.04,31-Jul-2025,30-Jun-2026,1.040225751120456,-33.53990890763832,,,APOLLO HOSPITALS ENTERPRISE LIMITED,-0.51,2026-07-31 14:31:32
0,COALINDIAEQN,2.45,COALINDIA,EQ,N,414.15,4033055,413.0,415.1,410.15,417.2,1665974359.4,491.25,368.65,989002194032.39,2026-07-31 14:29:47,0,10.04,-5.67,31-Jul-2025,30-Jun-2026,15.694656488549619,-12.3423301234233,,,COAL INDIA LIMITED,0.6,2026-07-31 14:31:32
0,NTPCEQN,2.3,NTPC,EQ,N,347.15,4761930,344.1,347.4,343.55,344.85,1645199195.7,414.4,315.55,1640943185869.12,2026-07-31 14:29:43,0,3.86,-2.66,31-Jul-2025,30-Jun-2026,16.228281853281853,-10.014260814450958,,,NTPC LIMITED,0.67,2026-07-31 14:31:32
0,KOTAKBANKEQN,0.55,KOTAKBANK,EQ,N,389.95,4033423,390.2,391.85,388.4,389.4,1572752630.39,453.2,345.5,2864700646135.13,2026-07-31 14:29:44,0,-1.42,-0.55,31-Jul-2025,30-Jun-2026,13.95631067961165,-12.865412445730826,,,KOTAK MAHINDRA BANK LIMITED,0.14,2026-07-31 14:31:32
0,MAXHEALTHEQN,-27.6,MAXHEALTH,EQ,N,1097.2,1413136,1126.0,1132.0,1091.2,1124.8,1569584286.56,1301.7,903.0,815059271564.44,2026-07-31 14:29:43,0,-11.92,-2.81,31-Jul-2025,30-Jun-2026,15.710225090266574,-21.50609080841639,,,MAX HEALTHCARE INSTITUTE LIMITED,-2.45,2026-07-31 14:31:32
0,ONGCEQN,0.19,ONGC,EQ,N,241.78,6485074,241.58,242.17,238.17,241.59,1559271192.56,307.5,227.65,936644099397.78,2026-07-31 14:29:46,0,0.35,2.96,31-Jul-2025,30-Jun-2026,21.372357723577235,-6.206896551724138,,,OIL & NATURAL GAS CORPORATION LIMITED,0.08,2026-07-31 14:31:32
0,INDIGOEQN,-57.0,INDIGO,EQ,N,5173.5,268949,5260.0,5282.0,5137.5,5230.5,1405191287.75,6232.5,3895.2,1167798975934.8,2026-07-31 14:29:47,0,-12.46,-3.62,31-Jul-2025,30-Jun-2026,16.991576413959084,-32.81731361675909,,,INTERGLOBE AVIATION LIMITED,-1.09,2026-07-31 14:31:32
0,POWERGRIDEQN,-1.8,POWERGRID,EQ,N,283.9,4870187,286.3,287.4,283.0,285.7,1383717530.44,324.95,250.0,1282061052644.31,2026-07-31 14:29:43,0,-2.44,-0.84,31-Jul-2025,30-Jun-2026,12.63271272503462,-13.56,,,POWER GRID CORPORATION OF INDIA LIMITED,-0.63,2026-07-31 14:31:32
0,TRENTEQN,10.1,TRENT,EQ,N,3009.3,430801,3008.0,3026.7,2990.9,2999.2,1295435839.04,3782.67,2183.67,998955809100.11,2026-07-31 14:29:42,0,-10.02,-8.3,31-Jul-2025,30-Jun-2026,20.445082441767322,-37.80928436989105,,,TRENT LIMITED,0.34,2026-07-31 14:31:32
0,TATACONSUMEQN,-8.4,TATACONSUM,EQ,N,1085.8,981929,1098.9,1098.9,1081.8,1094.2,1066453448.32,1282.7,1007.2,705059720970.83,2026-07-31 14:29:43,0,1.17,0.95,31-Jul-2025,30-Jun-2026,15.350432681063381,-7.803812549642574,,,TATA CONSUMER PRODUCTS LIMITED,-0.77,2026-07-31 14:31:32
0,CIPLAEQN,6.7,CIPLA,EQ,N,1473.1,691737,1473.4,1478.8,1462.3,1466.4,1018942435.74,1673.0,1165.7,826795538151.56,2026-07-31 14:29:46,0,-5.23,0.54,31-Jul-2025,30-Jun-2026,11.948595337716677,-26.370421206142233,,,CIPLA LIMITED,0.46,2026-07-31 14:31:32
0,JSWSTEELEQN,-1.2,JSWSTEEL,EQ,N,1269.6,793295,1276.4,1282.2,1262.0,1270.8,1006992807.1,1328.0,1018.0,1187482417671.26,2026-07-31 14:29:42,0,21.13,3.54,31-Jul-2025,30-Jun-2026,4.397590361445783,-24.715127701375245,,,JSW STEEL LIMITED,-0.09,2026-07-31 14:31:32
0,DRREDDYEQN,7.4,DRREDDY,EQ,N,1152.2,643853,1152.0,1154.3,1141.7,1144.8,739362154.02,1414.9,1101.0,700886827967.26,2026-07-31 14:29:47,0,-9.31,-15.11,31-Jul-2025,30-Jun-2026,18.56668315782034,-4.650317892824705,,,DR. REDDY'S LABORATORIES LIMITED,0.65,2026-07-31 14:31:32
0,SBILIFEEQN,1.3,SBILIFE,EQ,N,1878.8,366232,1885.0,1898.9,1870.6,1877.5,690123918.48,2132.0,1700.4,842212485674.82,2026-07-31 14:29:46,0,2.1,6.44,31-Jul-2025,30-Jun-2026,11.876172607879925,-10.491649023759116,,,SBI LIFE INSURANCE COMPANY LIMITED,0.07,2026-07-31 14:31:32
0,GRASIMEQN,-9.3,GRASIM,EQ,N,3095.5,180015,3115.7,3135.9,3093.5,3104.8,560879936.1,3246.0,2502.5,1166472662785.26,2026-07-31 14:29:44,0,12.91,0.03,31-Jul-2025,30-Jun-2026,4.636475662353666,-23.696303696303698,,,GRASIM INDUSTRIES LIMITED,-0.3,2026-07-31 14:31:32
1,NIFTY 50,79.45,NIFTY 50,,,24396.6,283761418,24361.45,24429.4,24299.7,24317.15,239840480607.7,26373.2,22182.55,,2026-07-31 14:31:23,0,-1.5,2.22,30-Jul-2025,30-Jun-2026,7.494729498126887,-9.981043658190785,,,,0.33,2026-07-31 14:32:02
0,BAJFINANCEEQN,95.9,BAJFINANCE,EQ,N,1149.4,33860047,1095.0,1151.5,1083.6,1053.5,37917496432.01,1151.5,787.9,3071498409966.88,2026-07-31 14:30:46,0,30.24,14.23,31-Jul-2025,30-Jun-2026,0.182370820668693,-45.88145703769514,,,BAJAJ FINANCE LIMITED,9.1,2026-07-31 14:32:02
0,M&MEQN,129.3,M&M,EQ,N,3413.0,5208567,3379.9,3457.0,3243.3,3283.7,17653812818.46,3839.9,2896.0,3039779144316.38,2026-07-31 14:30:46,0,6.56,11.23,31-Jul-2025,30-Jun-2026,11.117477017630668,-17.85220994475138,,,MAHINDRA & MAHINDRA LIMITED,3.94,2026-07-31 14:32:02
0,HDFCBANKEQN,-5.45,HDFCBANK,EQ,N,748.5,13775870,753.95,757.55,748.0,753.95,10343336472.1,1020.5,726.65,11432343253524.71,2026-07-31 14:30:44,0,-25.82,-6.19,31-Jul-2025,30-Jun-2026,26.65360117589417,-3.0069497006812083,,,HDFC BANK LIMITED,-0.72,2026-07-31 14:32:02
0,INFYEQN,-22.3,INFY,EQ,N,1132.8,9083416,1118.9,1139.3,1107.2,1155.1,10237009832.0,1728.0,982.4,3961800516767.57,2026-07-31 14:30:46,0,-24.92,13.25,31-Jul-2025,30-Jun-2026,34.44444444444444,-15.309446254071661,,,INFOSYS LIMITED,-1.93,2026-07-31 14:32:02
0,BHARTIARTLEQN,14.2,BHARTIARTL,EQ,N,1971.0,4485151,1969.0,1976.4,1947.4,1956.8,8810092406.28,2174.5,1740.5,6121352069432.55,2026-07-31 14:30:44,0,2.97,6.43,31-Jul-2025,30-Jun-2026,9.358473212232697,-13.243320884803218,,,BHARTI AIRTEL LIMITED,0.73,2026-07-31 14:32:02
0,ETERNALEQN,-6.5,ETERNAL,EQ,N,304.15,26735483,312.5,316.0,301.8,310.65,8209932119.64,368.45,212.6,2192349377172.49,2026-07-31 14:30:47,0,-1.19,14.95,31-Jul-2025,30-Jun-2026,17.45148595467499,-43.0620884289746,,,ETERNAL LIMITED,-2.09,2026-07-31 14:32:02
0,SBINEQN,3.2,SBIN,EQ,N,1028.5,7862658,1028.1,1034.3,1023.5,1025.3,8080768132.92,1234.7,786.55,4237711130191.69,2026-07-31 14:30:47,0,29.12,0.16,31-Jul-2025,30-Jun-2026,16.70041305580303,-30.760917932744263,,,STATE BANK OF INDIA,0.31,2026-07-31 14:32:02
0,ICICIBANKEQN,0.6,ICICIBANK,EQ,N,1434.5,5525354,1434.3,1441.9,1431.4,1433.9,7928661975.84,1494.5,1187.6,10249845595727.33,2026-07-31 14:30:45,0,-3.17,4.3,31-Jul-2025,30-Jun-2026,4.014720642355303,-20.78982822499158,,,ICICI BANK LIMITED,0.04,2026-07-31 14:32:02
0,TCSEQN,-68.4,TCS,EQ,N,2363.4,3177299,2385.0,2391.0,2326.1,2431.8,7511357246.93,3350.0,1976.8,2405925495714.1,2026-07-31 14:30:46,0,-22.17,16.35,31-Jul-2025,30-Jun-2026,29.450746268656715,-19.556859571023878,,,TATA CONSULTANCY SERVICES LIMITED,-2.81,2026-07-31 14:32:02
0,JIOFINEQN,8.15,JIOFIN,EQ,N,255.1,28987184,247.5,255.84,247.0,246.95,7300422290.4,338.6,223.3,834371325291.16,2026-07-31 14:30:46,0,-22.58,7.81,31-Jul-2025,30-Jun-2026,24.660366213821618,-14.240931482310792,,,JIO FINANCIAL SERVICES LIMITED,3.3,2026-07-31 14:32:02
0,ADANIPORTSEQN,36.5,ADANIPORTS,EQ,N,1700.6,4233304,1674.0,1708.1,1650.0,1664.1,7155680750.32,1891.1,1290.5,1251677233385.45,2026-07-31 14:30:47,0,23.81,-6.09,31-Jul-2025,30-Jun-2026,10.07350219448998,-31.778380472685004,,,ADANI PORTS AND SPECIAL ECONOMIC ZONE LIMITED,2.19,2026-07-31 14:32:02
0,AXISBANKEQN,0.1,AXISBANK,EQ,N,1229.0,5770177,1226.2,1239.7,1226.0,1228.9,7096394481.68,1418.3,1042.5,3521371594180.56,2026-07-31 14:30:44,0,15.07,-8.64,31-Jul-2025,30-Jun-2026,13.346964676020589,-17.88968824940048,,,AXIS BANK LIMITED,0.01,2026-07-31 14:32:02
0,RELIANCEEQN,12.3,RELIANCE,EQ,N,1305.2,4794141,1295.0,1305.4,1293.6,1292.9,6232431241.41,1611.8,1249.8,8791447476768.72,2026-07-31 14:30:46,0,-6.12,0.87,31-Jul-2025,30-Jun-2026,19.02221119245564,-4.432709233477357,,,RELIANCE INDUSTRIES LIMITED,0.95,2026-07-31 14:32:02
0,BAJAJFINSVEQN,114.1,BAJAJFINSV,EQ,N,2023.5,3023076,1932.0,2026.8,1930.0,1909.4,6036296772.24,2195.0,1597.0,1168229086397.49,2026-07-31 14:30:47,0,3.87,13.66,31-Jul-2025,30-Jun-2026,7.813211845102506,-26.70632435817157,,,BAJAJ FINSERV LIMITED,5.98,2026-07-31 14:32:02
0,MARUTIEQN,34.0,MARUTI,EQ,N,14222.0,403288,14250.0,14348.0,14124.0,14188.0,5740260241.2,17370.0,12201.0,1850795452756.7,2026-07-31 14:30:42,0,12.83,0.79,31-Jul-2025,30-Jun-2026,18.123200921128383,-16.564216047864928,,,MARUTI SUZUKI INDIA LIMITED,0.24,2026-07-31 14:32:02
0,LTEQN,-2.1,LT,EQ,N,3935.6,1373725,3962.9,3973.1,3923.2,3937.7,5414990416.75,4440.0,3288.1,4592792336727.87,2026-07-31 14:30:46,0,8.23,-5.01,31-Jul-2025,30-Jun-2026,11.36036036036036,-19.692223472522127,,,LARSEN & TOUBRO LIMITED,-0.05,2026-07-31 14:32:02
0,BELEQN,4.2,BEL,EQ,N,389.1,13687798,385.0,390.6,385.0,384.9,5310591868.04,473.45,361.2,1389384376612.81,2026-07-31 14:30:44,0,1.58,-5.5,31-Jul-2025,30-Jun-2026,17.81603125990073,-7.724252491694352,,,BHARAT ELECTRONICS LIMITED,1.09,2026-07-31 14:32:02
0,HDFCLIFEEQN,2.25,HDFCLIFE,EQ,N,547.65,8414343,548.7,550.5,544.05,545.4,4593558130.56,815.0,543.0,590739970366.91,2026-07-31 14:30:47,0,-27.49,-4.87,31-Jul-2025,30-Jun-2026,32.80368098159509,-0.856353591160221,,,HDFC LIFE INSURANCE COMPANY LIMITED,0.41,2026-07-31 14:32:02
0,TATASTEELEQN,3.19,TATASTEEL,EQ,N,190.11,23716880,188.25,191.84,186.31,186.92,4483913332.8,224.4,152.51,1567481345043.4,2026-07-31 14:30:47,0,20.33,1.06,31-Jul-2025,30-Jun-2026,15.280748663101605,-24.654121041243197,,,TATA STEEL LIMITED,1.71,2026-07-31 14:32:02
0,SHRIRAMFINEQN,19.4,SHRIRAMFIN,EQ,N,1046.6,4122083,1029.2,1054.6,1029.1,1027.2,4307246968.36,1108.0,566.5,1461159431376.02,2026-07-31 14:30:46,0,65.71,0.31,31-Jul-2025,30-Jun-2026,5.541516245487364,-84.74845542806707,,,SHRIRAM FINANCE LIMITED,1.89,2026-07-31 14:32:02
0,EICHERMOTEQN,2.0,EICHERMOT,EQ,N,7832.5,547761,7899.0,7899.0,7794.0,7912.5,4297261731.54,8230.0,5386.5,1076419953118.96,2026-07-31 14:30:45,0,43.23,10.73,31-Jul-2025,30-Jun-2026,4.8298906439854195,-45.40982084841734,,,EICHER MOTORS LIMITED,0.03,2026-07-31 14:32:02
0,SUNPHARMAEQN,18.9,SUNPHARMA,EQ,N,2020.0,2046613,2016.4,2046.9,2003.4,2001.1,4146049081.53,2046.9,1548.0,2132105847560.47,2026-07-31 14:30:47,0,17.81,7.96,31-Jul-2025,30-Jun-2026,1.3141824221994236,-30.49095607235142,,,SUN PHARMACEUTICAL INDUSTRIES LIMITED,0.94,2026-07-31 14:32:02
0,HINDALCOEQN,9.05,HINDALCO,EQ,N,979.45,3944046,979.8,988.0,971.05,970.4,3870923387.16,1176.0,657.5,1413528937270.22,2026-07-31 14:30:46,0,43.44,2.43,31-Jul-2025,30-Jun-2026,16.71343537414966,-48.965779467680605,,,HINDALCO INDUSTRIES LIMITED,0.93,2026-07-31 14:32:02
0,ULTRACEMCOEQN,29.0,ULTRACEMCO,EQ,N,11876.0,273398,11850.0,12009.0,11799.0,11847.0,3261288190.56,13110.0,10325.0,1401318250645.81,2026-07-31 14:30:46,0,-2.94,5.65,31-Jul-2025,30-Jun-2026,9.412662090007627,-15.021791767554479,,,ULTRATECH CEMENT LIMITED,0.24,2026-07-31 14:32:02
0,HCLTECHEQN,-5.1,HCLTECH,EQ,N,1347.6,2225255,1317.7,1356.5,1294.3,1352.7,2974654126.35,1780.1,1030.0,1416780760804.3,2026-07-31 14:30:46,0,-8.13,25.82,31-Jul-2025,30-Jun-2026,24.296387843379584,-30.83495145631068,,,HCL TECHNOLOGIES LIMITED,-0.38,2026-07-31 14:32:02
0,ITCEQN,-3.85,ITC,EQ,N,281.2,10512435,285.55,285.8,280.05,285.05,2964716918.7,427.0,275.0,2703093563650.16,2026-07-31 14:30:47,0,-31.76,-2.04,31-Jul-2025,30-Jun-2026,34.14519906323185,-2.2545454545454544,,,ITC LIMITED,-1.35,2026-07-31 14:32:02
0,TECHMEQN,-18.6,TECHM,EQ,N,1650.4,1623783,1620.0,1661.5,1610.5,1669.0,2674468027.98,1854.0,1304.1,1044929255537.37,2026-07-31 14:30:46,0,12.79,17.53,31-Jul-2025,30-Jun-2026,10.981661272923409,-26.55471206195844,,,TECH MAHINDRA LIMITED,-1.11,2026-07-31 14:32:02
0,TITANEQN,26.0,TITAN,EQ,N,4876.0,516279,4850.0,4885.5,4820.9,4850.0,2511635381.52,4885.5,3303.1,2007502015369.2,2026-07-31 14:30:46,0,45.67,10.72,31-Jul-2025,30-Jun-2026,0.19445297308361478,-47.61890345433078,,,TITAN COMPANY LIMITED,0.54,2026-07-31 14:32:02
0,WIPROEQN,-1.84,WIPRO,EQ,N,184.49,13642528,184.85,185.24,180.83,186.33,2501357508.8,273.1,169.0,498106171158.78,2026-07-31 14:30:45,0,-25.69,8.29,31-Jul-2025,30-Jun-2026,32.445990479677775,-9.165680473372781,,,WIPRO LIMITED,-0.99,2026-07-31 14:32:02
0,TMPVEQN,6.35,TMPV,EQ,N,340.55,6307611,335.55,341.95,334.5,334.2,2130710995.8,739.7,294.3,709632043240.66,2026-07-31 14:30:46,0,-48.89,-3.35,31-Jul-2025,30-Jun-2026,53.96106529674192,-15.715256540944614,,,TATA MOTORS PASSENGER VEHICLES LIMITED,1.9,2026-07-31 14:32:02
0,NESTLEINDEQN,-20.7,NESTLEIND,EQ,N,1500.0,1408050,1529.0,1529.0,1498.8,1520.7,2127296020.5,1532.6,1084.7,1072508177483.64,2026-07-31 14:30:46,0,33.47,6.75,31-Jul-2025,30-Jun-2026,2.127104267258254,-38.287083986355675,,,NESTLE INDIA LIMITED,-1.36,2026-07-31 14:32:02
0,HINDUNILVREQN,-6.7,HINDUNILVR,EQ,N,2101.2,897430,2119.6,2119.6,2091.1,2107.9,1885760684.7,2750.0,2016.0,1858673259269.31,2026-07-31 14:30:44,0,-16.67,-0.81,31-Jul-2025,30-Jun-2026,23.592727272727274,-4.226190476190476,,,HINDUSTAN UNILEVER LIMITED,-0.32,2026-07-31 14:32:02
0,ADANIENTEQN,-25.2,ADANIENT,EQ,N,3023.9,610794,3051.0,3067.5,3006.9,3049.1,1850724143.82,3245.0,1753.0,905195213173.19,2026-07-31 14:30:44,0,28.08,-0.44,31-Jul-2025,30-Jun-2026,6.813559322033898,-72.49857387335996,,,ADANI ENTERPRISES LIMITED,-0.83,2026-07-31 14:32:02
0,ASIANPAINTEQN,5.8,ASIANPAINT,EQ,N,2752.0,617098,2773.9,2774.9,2732.4,2746.2,1697488494.48,2985.7,2115.0,1241047547783.72,2026-07-31 14:30:44,0,14.85,4.41,31-Jul-2025,30-Jun-2026,7.8273101785176005,-30.11820330969267,,,ASIAN PAINTS LIMITED,0.21,2026-07-31 14:32:02
0,BAJAJ-AUTOEQN,76.5,BAJAJ-AUTO,EQ,N,11508.5,145873,11475.0,11590.0,11329.5,11432.0,1680559071.1,11590.0,7858.5,1270981394989.92,2026-07-31 14:30:46,0,43.71,18.45,31-Jul-2025,30-Jun-2026,0.7031924072476272,-46.44652287332188,,,BAJAJ AUTO LIMITED,0.67,2026-07-31 14:32:02
0,APOLLOHOSPEQN,-42.5,APOLLOHOSP,EQ,N,8945.5,186264,9025.0,9036.5,8931.0,8988.0,1671317069.76,9036.5,6696.5,917750987111.27,2026-07-31 14:30:44,0,19.23,2.97,31-Jul-2025,30-Jun-2026,1.0070270569357604,-33.58470842977675,,,APOLLO HOSPITALS ENTERPRISE LIMITED,-0.47,2026-07-31 14:32:02
0,COALINDIAEQN,2.45,COALINDIA,EQ,N,414.15,4045392,413.0,415.1,410.15,417.2,1671070527.36,491.25,368.65,989241054603.34,2026-07-31 14:30:45,0,10.0,-5.71,31-Jul-2025,30-Jun-2026,15.694656488549619,-12.3423301234233,,,COAL INDIA LIMITED,0.6,2026-07-31 14:32:02
0,NTPCEQN,2.3,NTPC,EQ,N,347.15,4764791,344.1,347.4,343.55,344.85,1646187642.59,414.4,315.55,1640943185869.12,2026-07-31 14:30:46,0,3.84,-2.68,31-Jul-2025,30-Jun-2026,16.228281853281853,-10.014260814450958,,,NTPC LIMITED,0.67,2026-07-31 14:32:02
0,KOTAKBANKEQN,0.65,KOTAKBANK,EQ,N,390.05,4038779,390.2,391.85,388.4,389.4,1574841095.47,453.2,345.5,2863966389914.15,2026-07-31 14:30:42,0,-1.43,-0.56,31-Jul-2025,30-Jun-2026,13.934245366284202,-12.894356005788712,,,KOTAK MAHINDRA BANK LIMITED,0.17,2026-07-31 14:32:02
0,MAXHEALTHEQN,-27.3,MAXHEALTH,EQ,N,1097.5,1415791,1126.0,1132.0,1091.2,1124.8,1572504905.79,1301.7,903.0,814613965096.64,2026-07-31 14:30:46,0,-11.97,-2.86,31-Jul-2025,30-Jun-2026,15.687178305293079,-21.539313399778518,,,MAX HEALTHCARE INSTITUTE LIMITED,-2.43,2026-07-31 14:32:02
0,ONGCEQN,0.24,ONGC,EQ,N,241.83,6494189,241.58,242.17,238.17,241.59,1561527745.05,307.5,227.65,936837780973.34,2026-07-31 14:30:44,0,0.36,2.97,31-Jul-2025,30-Jun-2026,21.35609756097561,-6.22886009224687,,,OIL & NATURAL GAS CORPORATION LIMITED,0.1,2026-07-31 14:32:02
0,INDIGOEQN,-56.5,INDIGO,EQ,N,5174.0,269159,5260.0,5282.0,5137.5,5230.5,1406277718.89,6232.5,3895.2,1167460385335.81,2026-07-31 14:30:45,0,-12.48,-3.64,31-Jul-2025,30-Jun-2026,16.983553951062976,-32.830149928116654,,,INTERGLOBE AVIATION LIMITED,-1.08,2026-07-31 14:32:02
0,POWERGRIDEQN,-1.9,POWERGRID,EQ,N,283.8,4881967,286.3,287.4,283.0,285.7,1387015644.37,324.95,250.0,1281609463686.0,2026-07-31 14:30:46,0,-2.44,-0.84,31-Jul-2025,30-Jun-2026,12.66348669026004,-13.52,,,POWER GRID CORPORATION OF INDIA LIMITED,-0.67,2026-07-31 14:32:02
0,TRENTEQN,11.1,TRENT,EQ,N,3010.3,432326,3008.0,3026.7,2990.9,2999.2,1300025898.3,3782.67,2183.67,999022171672.96,2026-07-31 14:30:46,0,-10.02,-8.3,31-Jul-2025,30-Jun-2026,20.418646088609368,-37.85507883517198,,,TRENT LIMITED,0.37,2026-07-31 14:32:02
0,TATACONSUMEQN,-8.4,TATACONSUM,EQ,N,1085.8,983595,1098.9,1098.9,1081.8,1094.2,1068262857.6,1282.7,1007.2,705124661536.45,2026-07-31 14:30:46,0,1.07,0.85,31-Jul-2025,30-Jun-2026,15.350432681063381,-7.803812549642574,,,TATA CONSUMER PRODUCTS LIMITED,-0.77,2026-07-31 14:32:02
0,CIPLAEQN,6.0,CIPLA,EQ,N,1472.4,696215,1473.4,1478.8,1462.3,1466.4,1025538619.3,1673.0,1165.7,826627205161.1,2026-07-31 14:30:47,0,-5.21,0.56,31-Jul-2025,30-Jun-2026,11.990436341900777,-26.310371450630523,,,CIPLA LIMITED,0.41,2026-07-31 14:32:02
0,JSWSTEELEQN,-1.0,JSWSTEEL,EQ,N,1269.8,797271,1276.4,1282.2,1262.0,1270.8,1012039861.98,1328.0,1018.0,1187482417671.26,2026-07-31 14:30:45,0,21.13,3.54,31-Jul-2025,30-Jun-2026,4.382530120481928,-24.73477406679764,,,JSW STEEL LIMITED,-0.08,2026-07-31 14:32:02
0,DRREDDYEQN,7.2,DRREDDY,EQ,N,1152.0,647002,1152.0,1154.3,1141.7,1144.8,742991216.72,1414.9,1101.0,700400523143.0,2026-07-31 14:30:45,0,-9.31,-15.11,31-Jul-2025,30-Jun-2026,18.58081843239805,-4.632152588555858,,,DR. REDDY'S LABORATORIES LIMITED,0.63,2026-07-31 14:32:02
0,SBILIFEEQN,2.0,SBILIFE,EQ,N,1879.5,366662,1885.0,1898.9,1870.6,1877.5,690930539.56,2132.0,1700.4,842212485674.82,2026-07-31 14:30:47,0,2.1,6.44,31-Jul-2025,30-Jun-2026,11.843339587242026,-10.532815808045166,,,SBI LIFE INSURANCE COMPANY LIMITED,0.11,2026-07-31 14:32:02
0,GRASIMEQN,-5.2,GRASIM,EQ,N,3099.6,183217,3115.7,3135.9,3093.5,3104.8,570801570.48,3246.0,2502.5,1165644896880.44,2026-07-31 14:30:47,0,12.9,0.02,31-Jul-2025,30-Jun-2026,4.510166358595194,-23.86013986013986,,,GRASIM INDUSTRIES LIMITED,-0.17,2026-07-31 14:32:02
1,NIFTY 50,77.95,NIFTY 50,,,24395.1,284074459,24361.45,24429.4,24299.7,24317.15,240133957302.65,26373.2,22182.55,,2026-07-31 14:31:44,0,-1.51,2.22,30-Jul-2025,30-Jun-2026,7.500417090076289,-9.974281586201768,,,,0.32,2026-07-31 14:32:33
0,BAJFINANCEEQN,95.1,BAJFINANCE,EQ,N,1148.6,33877629,1095.0,1151.5,1083.6,1053.5,37937524059.36,1151.5,787.9,3071231137219.75,2026-07-31 14:31:02,0,30.24,14.23,31-Jul-2025,30-Jun-2026,0.2518454190186713,-45.77992130981089,,,BAJAJ FINANCE LIMITED,9.03,2026-07-31 14:32:33
0,M&MEQN,130.3,M&M,EQ,N,3414.0,5208932,3379.9,3457.0,3243.3,3283.7,17655102031.48,3839.9,2896.0,3040135257149.6,2026-07-31 14:31:01,0,6.56,11.22,31-Jul-2025,30-Jun-2026,11.091434672777936,-17.886740331491712,,,MAHINDRA & MAHINDRA LIMITED,3.97,2026-07-31 14:32:33
0,HDFCBANKEQN,-5.45,HDFCBANK,EQ,N,748.5,13778382,753.95,757.55,748.0,753.95,10345222557.06,1020.5,726.65,11433106988126.46,2026-07-31 14:30:59,0,-25.82,-6.2,31-Jul-2025,30-Jun-2026,26.65360117589417,-3.0069497006812083,,,HDFC BANK LIMITED,-0.72,2026-07-31 14:32:33
0,INFYEQN,-21.7,INFY,EQ,N,1133.4,9088925,1118.9,1139.3,1107.2,1155.1,10243218475.0,1728.0,982.4,3963199704659.77,2026-07-31 14:31:01,0,-24.93,13.23,31-Jul-2025,30-Jun-2026,34.40972222222222,-15.370521172638437,,,INFOSYS LIMITED,-1.88,2026-07-31 14:32:33
0,BHARTIARTLEQN,14.3,BHARTIARTL,EQ,N,1971.1,4486154,1969.0,1976.4,1947.4,1956.8,8812062579.12,2174.5,1740.5,6121041530062.15,2026-07-31 14:30:59,0,2.96,6.43,31-Jul-2025,30-Jun-2026,9.353874453897447,-13.24906636024131,,,BHARTI AIRTEL LIMITED,0.73,2026-07-31 14:32:33
0,ETERNALEQN,-6.5,ETERNAL,EQ,N,304.15,26744429,312.5,316.0,301.8,310.65,8212679257.32,368.45,212.6,2193070307582.61,2026-07-31 14:31:02,0,-1.22,14.91,31-Jul-2025,30-Jun-2026,17.45148595467499,-43.0620884289746,,,ETERNAL LIMITED,-2.09,2026-07-31 14:32:33
0,SBINEQN,3.3,SBIN,EQ,N,1028.6,7864236,1028.1,1034.3,1023.5,1025.3,8082389906.64,1234.7,786.55,4238535507417.68,2026-07-31 14:31:01,0,29.11,0.15,31-Jul-2025,30-Jun-2026,16.692313922410303,-30.773631682664803,,,STATE BANK OF INDIA,0.32,2026-07-31 14:32:33
0,ICICIBANKEQN,0.5,ICICIBANK,EQ,N,1434.4,5529362,1434.3,1441.9,1431.4,1433.9,7934413295.52,1494.5,1187.6,10249131021996.45,2026-07-31 14:31:00,0,-3.17,4.3,31-Jul-2025,30-Jun-2026,4.021411843425895,-20.781407881441563,,,ICICI BANK LIMITED,0.03,2026-07-31 14:32:33
0,TCSEQN,-67.3,TCS,EQ,N,2364.5,3181860,2385.0,2391.0,2326.1,2431.8,7522139770.2,3350.0,1976.8,2406638181528.07,2026-07-31 14:31:01,0,-22.17,16.34,31-Jul-2025,30-Jun-2026,29.417910447761194,-19.612505058680696,,,TATA CONSULTANCY SERVICES LIMITED,-2.77,2026-07-31 14:32:33
0,JIOFINEQN,8.05,JIOFIN,EQ,N,255.0,29002859,247.5,255.84,247.0,246.95,7304370039.15,338.6,223.3,834698516901.4,2026-07-31 14:31:01,0,-22.58,7.81,31-Jul-2025,30-Jun-2026,24.689899586532782,-14.1961486789073,,,JIO FINANCIAL SERVICES LIMITED,3.26,2026-07-31 14:32:33
0,ADANIPORTSEQN,36.4,ADANIPORTS,EQ,N,1700.5,4233926,1674.0,1708.1,1650.0,1664.1,7156732135.58,1891.1,1290.5,1251088693484.95,2026-07-31 14:31:02,0,23.79,-6.1,31-Jul-2025,30-Jun-2026,10.07879012215113,-31.770631538163503,,,ADANI PORTS AND SPECIAL ECONOMIC ZONE LIMITED,2.19,2026-07-31 14:32:33
0,AXISBANKEQN,0.1,AXISBANK,EQ,N,1229.0,5771166,1226.2,1239.7,1226.0,1228.9,7097610793.44,1418.3,1042.5,3520798640780.92,2026-07-31 14:30:59,0,15.04,-8.66,31-Jul-2025,30-Jun-2026,13.346964676020589,-17.88968824940048,,,AXIS BANK LIMITED,0.01,2026-07-31 14:32:33
0,RELIANCEEQN,12.1,RELIANCE,EQ,N,1305.0,4796034,1295.0,1305.4,1293.6,1292.9,6234892160.34,1611.8,1249.8,8791447476768.72,2026-07-31 14:31:01,0,-6.14,0.85,31-Jul-2025,30-Jun-2026,19.034619679861024,-4.416706673067691,,,RELIANCE INDUSTRIES LIMITED,0.94,2026-07-31 14:32:33
0,BAJAJFINSVEQN,113.1,BAJAJFINSV,EQ,N,2022.5,3025622,1932.0,2026.8,1930.0,1909.4,6041440984.72,2195.0,1597.0,1168171356159.98,2026-07-31 14:31:01,0,3.84,13.63,31-Jul-2025,30-Jun-2026,7.85876993166287,-26.64370695053225,,,BAJAJ FINSERV LIMITED,5.92,2026-07-31 14:32:33
0,MARUTIEQN,33.0,MARUTI,EQ,N,14221.0,403527,14250.0,14348.0,14124.0,14188.0,5743662083.55,17370.0,12201.0,1850145000991.48,2026-07-31 14:30:57,0,12.81,0.77,31-Jul-2025,30-Jun-2026,18.128957973517558,-16.55601999836079,,,MARUTI SUZUKI INDIA LIMITED,0.23,2026-07-31 14:32:33
0,LTEQN,-2.1,LT,EQ,N,3935.6,1373838,3962.9,3973.1,3923.2,3937.7,5415435843.54,4440.0,3288.1,4593025769629.35,2026-07-31 14:31:01,0,8.22,-5.02,31-Jul-2025,30-Jun-2026,11.36036036036036,-19.692223472522127,,,LARSEN & TOUBRO LIMITED,-0.05,2026-07-31 14:32:33
0,BELEQN,4.1,BEL,EQ,N,389.0,13693063,385.0,390.6,385.0,384.9,5312634582.74,473.45,361.2,1389741544833.02,2026-07-31 14:30:59,0,1.59,-5.49,31-Jul-2025,30-Jun-2026,17.837152814447144,-7.69656699889258,,,BHARAT ELECTRONICS LIMITED,1.07,2026-07-31 14:32:33
0,HDFCLIFEEQN,2.25,HDFCLIFE,EQ,N,547.65,8414757,548.7,550.5,544.05,545.4,4593784141.44,815.0,543.0,591495944734.84,2026-07-31 14:31:01,0,-27.51,-4.9,31-Jul-2025,30-Jun-2026,32.80368098159509,-0.856353591160221,,,HDFC LIFE INSURANCE COMPANY LIMITED,0.41,2026-07-31 14:32:33
0,TATASTEELEQN,3.23,TATASTEEL,EQ,N,190.15,23725795,188.25,191.84,186.31,186.92,4485598802.7,224.4,152.51,1567398915439.64,2026-07-31 14:31:01,0,20.22,0.97,31-Jul-2025,30-Jun-2026,15.262923351158646,-24.680348829584947,,,TATA STEEL LIMITED,1.73,2026-07-31 14:32:33
0,SHRIRAMFINEQN,18.6,SHRIRAMFIN,EQ,N,1045.8,4126142,1029.2,1054.6,1029.1,1027.2,4311488298.64,1108.0,566.5,1461857748825.54,2026-07-31 14:31:01,0,65.74,0.33,31-Jul-2025,30-Jun-2026,5.613718411552346,-84.6072374227714,,,SHRIRAM FINANCE LIMITED,1.81,2026-07-31 14:32:33
0,EICHERMOTEQN,0.0,EICHERMOT,EQ,N,7830.5,547792,7899.0,7899.0,7794.0,7912.5,4297504930.88,8230.0,5386.5,1076145093252.22,2026-07-31 14:31:00,0,43.18,10.69,31-Jul-2025,30-Jun-2026,4.854191980558931,-45.37269098672608,,,EICHER MOTORS LIMITED,0.0,2026-07-31 14:32:33
0,SUNPHARMAEQN,13.8,SUNPHARMA,EQ,N,2014.9,2099393,2016.4,2046.9,2003.4,2001.1,4252152570.06,2046.9,1548.0,2139391668850.18,2026-07-31 14:31:01,0,17.96,8.09,31-Jul-2025,30-Jun-2026,1.5633396844008012,-30.161498708010335,,,SUN PHARMACEUTICAL INDUSTRIES LIMITED,0.69,2026-07-31 14:32:33
0,HINDALCOEQN,9.6,HINDALCO,EQ,N,980.0,3948540,979.8,988.0,971.05,970.4,3875334068.4,1176.0,657.5,1414250862161.57,2026-07-31 14:31:01,0,43.43,2.41,31-Jul-2025,30-Jun-2026,16.666666666666668,-49.049429657794676,,,HINDALCO INDUSTRIES LIMITED,0.99,2026-07-31 14:32:33
0,ULTRACEMCOEQN,29.0,ULTRACEMCO,EQ,N,11876.0,273431,11850.0,12009.0,11799.0,11847.0,3261681838.32,13110.0,10325.0,1402026285130.35,2026-07-31 14:31:01,0,-2.93,5.66,31-Jul-2025,30-Jun-2026,9.412662090007627,-15.021791767554479,,,ULTRATECH CEMENT LIMITED,0.24,2026-07-31 14:32:33
0,HCLTECHEQN,-3.5,HCLTECH,EQ,N,1349.2,2231109,1317.7,1356.5,1294.3,1352.7,2982546511.2,1780.1,1030.0,1416780760804.3,2026-07-31 14:31:01,0,-8.11,25.85,31-Jul-2025,30-Jun-2026,24.206505252513903,-30.990291262135923,,,HCL TECHNOLOGIES LIMITED,-0.26,2026-07-31 14:32:33
0,ITCEQN,-3.85,ITC,EQ,N,281.2,10514185,285.55,285.8,280.05,285.05,2965210453.7,427.0,275.0,2702132292823.82,2026-07-31 14:31:02,0,-31.76,-2.04,31-Jul-2025,30-Jun-2026,34.14519906323185,-2.2545454545454544,,,ITC LIMITED,-1.35,2026-07-31 14:32:33
0,TECHMEQN,-17.8,TECHM,EQ,N,1651.2,1634080,1620.0,1661.5,1610.5,1669.0,2691460486.4,1854.0,1304.1,1045182587073.96,2026-07-31 14:31:01,0,12.78,17.51,31-Jul-2025,30-Jun-2026,10.93851132686084,-26.61605705083966,,,TECH MAHINDRA LIMITED,-1.07,2026-07-31 14:32:33
0,TITANEQN,26.0,TITAN,EQ,N,4876.0,516376,4850.0,4885.5,4820.9,4850.0,2512107274.88,4885.5,3303.1,2007502015369.2,2026-07-31 14:31:01,0,45.71,10.75,31-Jul-2025,30-Jun-2026,0.19445297308361478,-47.61890345433078,,,TITAN COMPANY LIMITED,0.54,2026-07-31 14:32:33
0,WIPROEQN,-1.78,WIPRO,EQ,N,184.55,13644955,184.85,185.24,180.83,186.33,2501802499.25,273.1,169.0,498214196786.87,2026-07-31 14:31:00,0,-25.71,8.26,31-Jul-2025,30-Jun-2026,32.42402050530941,-9.201183431952662,,,WIPRO LIMITED,-0.96,2026-07-31 14:32:33
0,TMPVEQN,6.35,TMPV,EQ,N,340.55,6308207,335.55,341.95,334.5,334.2,2130912324.6,739.7,294.3,709632043240.66,2026-07-31 14:31:01,0,-48.87,-3.32,31-Jul-2025,30-Jun-2026,53.96106529674192,-15.715256540944614,,,TATA MOTORS PASSENGER VEHICLES LIMITED,1.9,2026-07-31 14:32:33
0,NESTLEINDEQN,-20.7,NESTLEIND,EQ,N,1500.0,1408371,1529.0,1529.0,1498.8,1520.7,2127780990.51,1532.6,1084.7,1072508177483.64,2026-07-31 14:31:01,0,33.47,6.75,31-Jul-2025,30-Jun-2026,2.127104267258254,-38.287083986355675,,,NESTLE INDIA LIMITED,-1.36,2026-07-31 14:32:33
0,HINDUNILVREQN,-6.9,HINDUNILVR,EQ,N,2101.0,897902,2119.6,2119.6,2091.1,2107.9,1886752493.58,2750.0,2016.0,1858938670273.06,2026-07-31 14:30:59,0,-16.68,-0.83,31-Jul-2025,30-Jun-2026,23.6,-4.216269841269841,,,HINDUSTAN UNILEVER LIMITED,-0.33,2026-07-31 14:32:33
0,ADANIENTEQN,-25.5,ADANIENT,EQ,N,3023.6,610833,3051.0,3067.5,3006.9,3049.1,1850842314.99,3245.0,1753.0,905285026165.64,2026-07-31 14:30:59,0,28.07,-0.45,31-Jul-2025,30-Jun-2026,6.822804314329738,-72.48146035367941,,,ADANI ENTERPRISES LIMITED,-0.84,2026-07-31 14:32:33
0,ASIANPAINTEQN,5.8,ASIANPAINT,EQ,N,2752.0,617234,2773.9,2774.9,2732.4,2746.2,1697862597.84,2985.7,2115.0,1241047547783.72,2026-07-31 14:30:59,0,14.85,4.41,31-Jul-2025,30-Jun-2026,7.8273101785176005,-30.11820330969267,,,ASIAN PAINTS LIMITED,0.21,2026-07-31 14:32:33
0,NTPCEQN,2.25,NTPC,EQ,N,347.1,4873529,344.1,347.7,343.55,344.85,1683950475.37,414.4,315.55,1641179564893.3,2026-07-31 14:31:01,0,3.84,-2.68,31-Jul-2025,30-Jun-2026,16.24034749034749,-9.998415465061004,,,NTPC LIMITED,0.65,2026-07-31 14:32:33
0,BAJAJ-AUTOEQN,81.0,BAJAJ-AUTO,EQ,N,11513.0,146019,11475.0,11590.0,11329.5,11432.0,1682239633.11,11590.0,7858.5,1271147059926.7,2026-07-31 14:31:02,0,43.76,18.49,31-Jul-2025,30-Jun-2026,0.6643658326143227,-46.503785709741045,,,BAJAJ AUTO LIMITED,0.71,2026-07-31 14:32:33
0,APOLLOHOSPEQN,-45.5,APOLLOHOSP,EQ,N,8942.5,186479,9025.0,9036.5,8931.0,8988.0,1673238771.2,9036.5,6696.5,918007542793.68,2026-07-31 14:30:59,0,19.3,3.03,31-Jul-2025,30-Jun-2026,1.040225751120456,-33.53990890763832,,,APOLLO HOSPITALS ENTERPRISE LIMITED,-0.51,2026-07-31 14:32:33
0,COALINDIAEQN,2.45,COALINDIA,EQ,N,414.15,4046190,413.0,415.1,410.15,417.2,1671400165.2,491.25,368.65,989241054603.34,2026-07-31 14:30:59,0,10.04,-5.67,31-Jul-2025,30-Jun-2026,15.694656488549619,-12.3423301234233,,,COAL INDIA LIMITED,0.6,2026-07-31 14:32:33
0,KOTAKBANKEQN,0.7,KOTAKBANK,EQ,N,390.1,4040038,390.2,391.85,388.4,389.4,1575332017.34,453.2,345.5,2863966389914.15,2026-07-31 14:30:57,0,-1.45,-0.57,31-Jul-2025,30-Jun-2026,13.923212709620477,-12.908827785817655,,,KOTAK MAHINDRA BANK LIMITED,0.18,2026-07-31 14:32:33
0,MAXHEALTHEQN,-27.4,MAXHEALTH,EQ,N,1097.4,1416364,1126.0,1132.0,1091.2,1124.8,1573127167.52,1301.7,903.0,814391311862.74,2026-07-31 14:31:01,0,-12.0,-2.9,31-Jul-2025,30-Jun-2026,15.69486056695091,-21.528239202657808,,,MAX HEALTHCARE INSTITUTE LIMITED,-2.44,2026-07-31 14:32:33
0,ONGCEQN,0.23,ONGC,EQ,N,241.82,6505075,241.58,242.17,238.17,241.59,1564145283.75,307.5,227.65,936837780973.34,2026-07-31 14:30:59,0,0.34,2.94,31-Jul-2025,30-Jun-2026,21.359349593495935,-6.224467384142324,,,OIL & NATURAL GAS CORPORATION LIMITED,0.1,2026-07-31 14:32:33
0,INDIGOEQN,-57.5,INDIGO,EQ,N,5173.0,269358,5260.0,5282.0,5137.5,5230.5,1407306661.86,6232.5,3895.2,1167911839467.8,2026-07-31 14:31:00,0,-12.46,-3.62,31-Jul-2025,30-Jun-2026,16.999598876855195,-32.80447730540152,,,INTERGLOBE AVIATION LIMITED,-1.1,2026-07-31 14:32:33
0,POWERGRIDEQN,-1.8,POWERGRID,EQ,N,283.9,4882411,286.3,287.4,283.0,285.7,1387141789.21,324.95,250.0,1282061052644.31,2026-07-31 14:31:01,0,-2.44,-0.84,31-Jul-2025,30-Jun-2026,12.63271272503462,-13.56,,,POWER GRID CORPORATION OF INDIA LIMITED,-0.63,2026-07-31 14:32:33
0,TRENTEQN,11.0,TRENT,EQ,N,3010.2,432438,3008.0,3026.7,2990.9,2999.2,1300362687.9,3782.67,2183.67,999221259391.51,2026-07-31 14:31:01,0,-10.06,-8.34,31-Jul-2025,30-Jun-2026,20.421289723925163,-37.85049938864389,,,TRENT LIMITED,0.37,2026-07-31 14:32:33
0,TATACONSUMEQN,-8.4,TATACONSUM,EQ,N,1085.8,984239,1098.9,1098.9,1081.8,1094.2,1068962293.12,1282.7,1007.2,705124661536.45,2026-07-31 14:31:01,0,1.15,0.92,31-Jul-2025,30-Jun-2026,15.350432681063381,-7.803812549642574,,,TATA CONSUMER PRODUCTS LIMITED,-0.77,2026-07-31 14:32:33
0,CIPLAEQN,5.4,CIPLA,EQ,N,1471.8,700333,1473.4,1478.8,1462.3,1466.4,1031597512.33,1673.0,1165.7,826122206189.72,2026-07-31 14:31:01,0,-5.22,0.55,31-Jul-2025,30-Jun-2026,12.026300059772863,-26.258900231620487,,,CIPLA LIMITED,0.37,2026-07-31 14:32:33
0,JSWSTEELEQN,-0.9,JSWSTEEL,EQ,N,1269.9,797366,1276.4,1282.2,1262.0,1270.8,1012160453.08,1328.0,1018.0,1187575949682.73,2026-07-31 14:31:00,0,21.11,3.52,31-Jul-2025,30-Jun-2026,4.375,-24.74459724950884,,,JSW STEEL LIMITED,-0.07,2026-07-31 14:32:33
0,DRREDDYEQN,7.3,DRREDDY,EQ,N,1152.1,665443,1152.0,1154.3,1141.7,1144.8,764234667.78,1414.9,1101.0,700461311246.03,2026-07-31 14:31:00,0,-9.3,-15.11,31-Jul-2025,30-Jun-2026,18.573750795109195,-4.641235240690282,,,DR. REDDY'S LABORATORIES LIMITED,0.64,2026-07-31 14:32:33
0,SBILIFEEQN,1.8,SBILIFE,EQ,N,1879.3,366752,1885.0,1898.9,1870.6,1877.5,691100133.76,2132.0,1700.4,842212485674.82,2026-07-31 14:31:02,0,2.06,6.39,31-Jul-2025,30-Jun-2026,11.852720450281426,-10.521053869677722,,,SBI LIFE INSURANCE COMPANY LIMITED,0.1,2026-07-31 14:32:33
0,GRASIMEQN,-5.0,GRASIM,EQ,N,3099.8,183379,3115.7,3135.9,3093.5,3104.8,571304437.97,3246.0,2502.5,1166246908447.58,2026-07-31 14:31:01,0,12.92,0.04,31-Jul-2025,30-Jun-2026,4.504004929143561,-23.86813186813187,,,GRASIM INDUSTRIES LIMITED,-0.16,2026-07-31 14:32:33
1,NIFTY 50,72.85,NIFTY 50,,,24390.0,284956649,24361.45,24429.4,24299.7,24317.15,240939419259.22,26373.2,22182.55,,2026-07-31 14:32:04,0,-1.53,2.2,30-Jul-2025,30-Jun-2026,7.5197549027042605,-9.951290541439104,,,,0.3,2026-07-31 14:33:04
0,BAJFINANCEEQN,93.8,BAJFINANCE,EQ,N,1147.3,33951416,1095.0,1151.5,1083.6,1053.5,38022190778.4,1151.5,787.9,3067489318760.0,2026-07-31 14:32:01,0,30.24,14.23,31-Jul-2025,30-Jun-2026,0.364741641337386,-45.61492575199898,,,BAJAJ FINANCE LIMITED,8.9,2026-07-31 14:33:04
0,M&MEQN,129.3,M&M,EQ,N,3413.0,5210511,3379.9,3457.0,3243.3,3283.7,17660453878.29,3839.9,2896.0,3038621777608.44,2026-07-31 14:31:57,0,6.56,11.22,31-Jul-2025,30-Jun-2026,11.117477017630668,-17.85220994475138,,,MAHINDRA & MAHINDRA LIMITED,3.94,2026-07-31 14:33:04
0,HDFCBANKEQN,-5.35,HDFCBANK,EQ,N,748.6,13831511,753.95,757.55,748.0,753.95,10384975089.02,1020.5,726.65,11433870722728.2,2026-07-31 14:32:00,0,-25.82,-6.19,31-Jul-2025,30-Jun-2026,26.643802057814796,-3.0207114842083533,,,HDFC BANK LIMITED,-0.71,2026-07-31 14:33:04
0,INFYEQN,-22.6,INFY,EQ,N,1132.5,9121614,1118.9,1139.3,1107.2,1155.1,10280332626.42,1728.0,982.4,3961450719794.52,2026-07-31 14:32:01,0,-24.95,13.2,31-Jul-2025,30-Jun-2026,34.46180555555556,-15.278908794788274,,,INFOSYS LIMITED,-1.96,2026-07-31 14:33:04
0,BHARTIARTLEQN,14.1,BHARTIARTL,EQ,N,1970.9,4494391,1969.0,1976.4,1947.4,1956.8,8828287297.39,2174.5,1740.5,6121041530062.15,2026-07-31 14:32:00,0,2.97,6.43,31-Jul-2025,30-Jun-2026,9.363071970567947,-13.237575409365125,,,BHARTI AIRTEL LIMITED,0.72,2026-07-31 14:33:04
0,ETERNALEQN,-6.6,ETERNAL,EQ,N,304.05,26776116,312.5,316.0,301.8,310.65,8222409701.28,368.45,212.6,2191988911967.43,2026-07-31 14:32:00,0,-1.22,14.91,31-Jul-2025,30-Jun-2026,17.47862667933234,-43.01505174035748,,,ETERNAL LIMITED,-2.12,2026-07-31 14:33:04
0,SBINEQN,3.1,SBIN,EQ,N,1028.4,7877590,1028.1,1034.3,1023.5,1025.3,8096114346.6,1234.7,786.55,4239772073256.66,2026-07-31 14:32:02,0,29.08,0.13,31-Jul-2025,30-Jun-2026,16.708512189195755,-30.748204182823724,,,STATE BANK OF INDIA,0.3,2026-07-31 14:33:04
0,ICICIBANKEQN,0.5,ICICIBANK,EQ,N,1434.4,5539676,1434.3,1441.9,1431.4,1433.9,7949213472.96,1494.5,1187.6,10249845595727.33,2026-07-31 14:32:01,0,-3.18,4.3,31-Jul-2025,30-Jun-2026,4.021411843425895,-20.781407881441563,,,ICICI BANK LIMITED,0.03,2026-07-31 14:33:04
0,TCSEQN,-68.3,TCS,EQ,N,2363.5,3193233,2385.0,2391.0,2326.1,2431.8,7549026338.31,3350.0,1976.8,2407147242823.76,2026-07-31 14:32:01,0,-22.17,16.34,31-Jul-2025,30-Jun-2026,29.44776119402985,-19.561918251719952,,,TATA CONSULTANCY SERVICES LIMITED,-2.81,2026-07-31 14:33:04
0,JIOFINEQN,7.88,JIOFIN,EQ,N,254.83,29171385,247.5,255.84,247.0,246.95,7347396739.95,338.6,223.3,834044133680.91,2026-07-31 14:32:01,0,-22.61,7.77,31-Jul-2025,30-Jun-2026,24.74010632014176,-14.12001791312136,,,JIO FINANCIAL SERVICES LIMITED,3.19,2026-07-31 14:33:04
0,ADANIPORTSEQN,35.5,ADANIPORTS,EQ,N,1699.6,4236894,1674.0,1708.1,1650.0,1664.1,7161791403.96,1891.1,1290.5,1251088693484.95,2026-07-31 14:32:02,0,23.75,-6.13,31-Jul-2025,30-Jun-2026,10.126381471101475,-31.700891127469973,,,ADANI PORTS AND SPECIAL ECONOMIC ZONE LIMITED,2.13,2026-07-31 14:33:04
0,AXISBANKEQN,0.3,AXISBANK,EQ,N,1229.2,5775670,1226.2,1239.7,1226.0,1228.9,7103149992.8,1418.3,1042.5,3520798640780.92,2026-07-31 14:32:00,0,15.05,-8.66,31-Jul-2025,30-Jun-2026,13.332863287033772,-17.908872901678656,,,AXIS BANK LIMITED,0.02,2026-07-31 14:33:04
0,RELIANCEEQN,11.3,RELIANCE,EQ,N,1304.2,4823353,1295.0,1305.4,1293.6,1292.9,6270551834.12,1611.8,1249.8,8792121150904.87,2026-07-31 14:32:01,0,-6.2,0.78,31-Jul-2025,30-Jun-2026,19.084253629482568,-4.352696431429028,,,RELIANCE INDUSTRIES LIMITED,0.87,2026-07-31 14:33:04
0,BAJAJFINSVEQN,113.3,BAJAJFINSV,EQ,N,2022.7,3028768,1932.0,2026.8,1930.0,1909.4,6047813654.72,2195.0,1597.0,1168055895684.94,2026-07-31 14:32:02,0,3.85,13.64,31-Jul-2025,30-Jun-2026,7.849658314350798,-26.656230432060113,,,BAJAJ FINSERV LIMITED,5.93,2026-07-31 14:33:04
0,MARUTIEQN,37.0,MARUTI,EQ,N,14225.0,403907,14250.0,14348.0,14124.0,14188.0,5749066831.48,17370.0,12201.0,1850145000991.48,2026-07-31 14:31:58,0,12.82,0.77,31-Jul-2025,30-Jun-2026,18.10592976396085,-16.588804196377346,,,MARUTI SUZUKI INDIA LIMITED,0.26,2026-07-31 14:33:04
0,LTEQN,-2.7,LT,EQ,N,3935.0,1374832,3962.9,3973.1,3923.2,3937.7,5419354022.56,4440.0,3288.1,4593726068333.81,2026-07-31 14:31:57,0,8.14,-5.09,31-Jul-2025,30-Jun-2026,11.373873873873874,-19.673975852315927,,,LARSEN & TOUBRO LIMITED,-0.07,2026-07-31 14:33:04
0,BELEQN,4.2,BEL,EQ,N,389.1,13716386,385.0,390.6,385.0,384.9,5321683440.28,473.45,361.2,1389920128943.13,2026-07-31 14:32:00,0,1.57,-5.51,31-Jul-2025,30-Jun-2026,17.81603125990073,-7.724252491694352,,,BHARAT ELECTRONICS LIMITED,1.09,2026-07-31 14:33:04
0,HDFCLIFEEQN,2.3,HDFCLIFE,EQ,N,547.7,8417222,548.7,550.5,544.05,545.4,4595129834.24,815.0,543.0,591657939242.26,2026-07-31 14:32:01,0,-27.52,-4.91,31-Jul-2025,30-Jun-2026,32.79754601226994,-0.8655616942909761,,,HDFC LIFE INSURANCE COMPANY LIMITED,0.42,2026-07-31 14:33:04
0,TATASTEELEQN,2.99,TATASTEEL,EQ,N,189.91,23799166,188.25,191.84,186.31,186.92,4499470323.96,224.4,152.51,1565503034553.23,2026-07-31 14:32:02,0,20.24,0.98,31-Jul-2025,30-Jun-2026,15.369875222816399,-24.522982099534456,,,TATA STEEL LIMITED,1.6,2026-07-31 14:33:04
0,SUNPHARMAEQN,13.9,SUNPHARMA,EQ,N,2015.0,2200225,2016.4,2046.9,2003.4,2001.1,4455235602.5,2046.9,1548.0,2126931858528.66,2026-07-31 14:32:02,0,16.85,7.08,31-Jul-2025,30-Jun-2026,1.5584542478870487,-30.16795865633075,,,SUN PHARMACEUTICAL INDUSTRIES LIMITED,0.69,2026-07-31 14:33:04
0,SHRIRAMFINEQN,18.4,SHRIRAMFIN,EQ,N,1045.6,4132635,1029.2,1054.6,1029.1,1027.2,4318272964.2,1108.0,566.5,1460321450436.59,2026-07-31 14:31:57,0,65.74,0.33,31-Jul-2025,30-Jun-2026,5.631768953068592,-84.57193292144748,,,SHRIRAM FINANCE LIMITED,1.79,2026-07-31 14:33:04
0,EICHERMOTEQN,0.0,EICHERMOT,EQ,N,7830.5,548153,7899.0,7899.0,7794.0,7912.5,4300331544.89,8230.0,5386.5,1076419953118.96,2026-07-31 14:32:01,0,43.22,10.72,31-Jul-2025,30-Jun-2026,4.854191980558931,-45.37269098672608,,,EICHER MOTORS LIMITED,0.0,2026-07-31 14:33:04
0,HINDALCOEQN,9.35,HINDALCO,EQ,N,979.75,3953330,979.8,988.0,971.05,970.4,3880035261.8,1176.0,657.5,1414611824607.25,2026-07-31 14:32:01,0,43.43,2.41,31-Jul-2025,30-Jun-2026,16.687925170068027,-49.01140684410647,,,HINDALCO INDUSTRIES LIMITED,0.96,2026-07-31 14:33:04
0,ULTRACEMCOEQN,38.0,ULTRACEMCO,EQ,N,11885.0,273723,11850.0,12009.0,11799.0,11847.0,3265151338.41,13110.0,10325.0,1403088336857.15,2026-07-31 14:32:01,0,-2.93,5.66,31-Jul-2025,30-Jun-2026,9.344012204424104,-15.108958837772397,,,ULTRATECH CEMENT LIMITED,0.32,2026-07-31 14:33:04
0,HCLTECHEQN,-3.6,HCLTECH,EQ,N,1349.1,2237944,1317.7,1356.5,1294.3,1352.7,2991773056.96,1780.1,1030.0,1418252631585.78,2026-07-31 14:32:01,0,-8.13,25.83,31-Jul-2025,30-Jun-2026,24.212122914443007,-30.980582524271846,,,HCL TECHNOLOGIES LIMITED,-0.27,2026-07-31 14:33:04
0,ITCEQN,-3.95,ITC,EQ,N,281.1,10595844,285.55,285.8,280.05,285.05,2988133966.44,427.0,275.0,2702132292823.82,2026-07-31 14:32:00,0,-31.75,-2.02,31-Jul-2025,30-Jun-2026,34.168618266978925,-2.2181818181818183,,,ITC LIMITED,-1.39,2026-07-31 14:33:04
0,TECHMEQN,-18.3,TECHM,EQ,N,1650.7,1646114,1620.0,1661.5,1610.5,1669.0,2711330830.54,1854.0,1304.1,1045372585726.4,2026-07-31 14:32:01,0,12.78,17.51,31-Jul-2025,30-Jun-2026,10.965480043149945,-26.577716432788897,,,TECH MAHINDRA LIMITED,-1.1,2026-07-31 14:33:04
0,TITANEQN,26.3,TITAN,EQ,N,4876.3,519644,4850.0,4885.5,4820.9,4850.0,2528042077.8,4885.5,3303.1,2007378502119.69,2026-07-31 14:31:57,0,45.72,10.76,31-Jul-2025,30-Jun-2026,0.1883123528809743,-47.62798583149163,,,TITAN COMPANY LIMITED,0.54,2026-07-31 14:33:04
0,WIPROEQN,-1.85,WIPRO,EQ,N,184.48,13657192,184.85,185.24,180.83,186.33,2504046153.2,273.1,169.0,498214196786.87,2026-07-31 14:32:01,0,-25.71,8.25,31-Jul-2025,30-Jun-2026,32.4496521420725,-9.159763313609467,,,WIPRO LIMITED,-0.99,2026-07-31 14:33:04
0,NESTLEINDEQN,-20.7,NESTLEIND,EQ,N,1500.0,1412199,1529.0,1529.0,1498.8,1520.7,2133522005.22,1532.6,1084.7,1072508177483.64,2026-07-31 14:31:57,0,33.47,6.75,31-Jul-2025,30-Jun-2026,2.127104267258254,-38.287083986355675,,,NESTLE INDIA LIMITED,-1.36,2026-07-31 14:33:04
0,TMPVEQN,6.3,TMPV,EQ,N,340.5,6315701,335.55,341.95,334.5,334.2,2133506954.81,739.7,294.3,709736247652.29,2026-07-31 14:32:02,0,-48.89,-3.36,31-Jul-2025,30-Jun-2026,53.96782479383534,-15.698267074413863,,,TATA MOTORS PASSENGER VEHICLES LIMITED,1.89,2026-07-31 14:33:04
0,HINDUNILVREQN,-7.1,HINDUNILVR,EQ,N,2100.8,929381,2119.6,2119.6,2091.1,2107.9,1952880413.87,2750.0,2016.0,1858584788934.73,2026-07-31 14:32:00,0,-16.67,-0.82,31-Jul-2025,30-Jun-2026,23.607272727272726,-4.2063492063492065,,,HINDUSTAN UNILEVER LIMITED,-0.34,2026-07-31 14:33:04
0,ADANIENTEQN,-26.7,ADANIENT,EQ,N,3022.4,611584,3051.0,3067.5,3006.9,3049.1,1853111751.68,3245.0,1753.0,904925774195.86,2026-07-31 14:32:00,0,28.06,-0.46,31-Jul-2025,30-Jun-2026,6.859784283513097,-72.41300627495721,,,ADANI ENTERPRISES LIMITED,-0.88,2026-07-31 14:33:04
0,ASIANPAINTEQN,5.8,ASIANPAINT,EQ,N,2752.0,617648,2773.9,2774.9,2732.4,2746.2,1699001412.48,2985.7,2115.0,1241047547783.72,2026-07-31 14:32:00,0,14.85,4.41,31-Jul-2025,30-Jun-2026,7.8273101785176005,-30.11820330969267,,,ASIAN PAINTS LIMITED,0.21,2026-07-31 14:33:04
0,BAJAJ-AUTOEQN,80.0,BAJAJ-AUTO,EQ,N,11512.0,146373,11475.0,11590.0,11329.5,11432.0,1686315029.91,11590.0,7858.5,1271036616635.51,2026-07-31 14:32:01,0,43.76,18.48,31-Jul-2025,30-Jun-2026,0.6729939603106126,-46.49106063498123,,,BAJAJ AUTO LIMITED,0.7,2026-07-31 14:33:04
0,NTPCEQN,2.2,NTPC,EQ,N,347.05,4879898,344.1,347.7,343.55,344.85,1686199954.92,414.4,315.55,1640943185869.12,2026-07-31 14:31:57,0,3.72,-2.79,31-Jul-2025,30-Jun-2026,16.252413127413128,-9.98257011567105,,,NTPC LIMITED,0.64,2026-07-31 14:33:04
0,APOLLOHOSPEQN,-42.5,APOLLOHOSP,EQ,N,8945.5,186961,9025.0,9036.5,8931.0,8988.0,1677548703.92,9036.5,6696.5,917750987111.27,2026-07-31 14:32:00,0,19.31,3.04,31-Jul-2025,30-Jun-2026,1.0070270569357604,-33.58470842977675,,,APOLLO HOSPITALS ENTERPRISE LIMITED,-0.47,2026-07-31 14:33:04
0,COALINDIAEQN,2.4,COALINDIA,EQ,N,414.1,4055793,413.0,415.1,410.15,417.2,1675407530.37,491.25,368.65,989121624317.87,2026-07-31 14:32:00,0,10.04,-5.67,31-Jul-2025,30-Jun-2026,15.704834605597965,-12.32876712328767,,,COAL INDIA LIMITED,0.58,2026-07-31 14:33:04
0,KOTAKBANKEQN,0.45,KOTAKBANK,EQ,N,389.85,4049489,390.2,391.85,388.4,389.4,1579017245.77,453.2,345.5,2865067774245.62,2026-07-31 14:31:58,0,-1.45,-0.57,31-Jul-2025,30-Jun-2026,13.9783759929391,-12.836468885672938,,,KOTAK MAHINDRA BANK LIMITED,0.12,2026-07-31 14:33:04
0,MAXHEALTHEQN,-28.2,MAXHEALTH,EQ,N,1096.6,1419483,1126.0,1132.0,1091.2,1124.8,1576548793.95,1301.7,903.0,814391311862.74,2026-07-31 14:31:57,0,-11.99,-2.89,31-Jul-2025,30-Jun-2026,15.756318660213568,-21.439645625692137,,,MAX HEALTHCARE INSTITUTE LIMITED,-2.51,2026-07-31 14:33:04
0,ONGCEQN,0.16,ONGC,EQ,N,241.75,6520582,241.58,242.17,238.17,241.59,1567873941.9,307.5,227.65,936837780973.34,2026-07-31 14:32:01,0,0.33,2.94,31-Jul-2025,30-Jun-2026,21.382113821138212,-6.193718427410499,,,OIL & NATURAL GAS CORPORATION LIMITED,0.07,2026-07-31 14:33:04
0,INDIGOEQN,-56.5,INDIGO,EQ,N,5174.0,269552,5260.0,5282.0,5137.5,5230.5,1408309465.76,6232.5,3895.2,1167911839467.8,2026-07-31 14:32:01,0,-12.47,-3.63,31-Jul-2025,30-Jun-2026,16.983553951062976,-32.830149928116654,,,INTERGLOBE AVIATION LIMITED,-1.08,2026-07-31 14:33:04
0,POWERGRIDEQN,-1.9,POWERGRID,EQ,N,283.8,4884241,286.3,287.4,283.0,285.7,1387661710.51,324.95,250.0,1281609463686.0,2026-07-31 14:31:57,0,-2.47,-0.87,31-Jul-2025,30-Jun-2026,12.66348669026004,-13.52,,,POWER GRID CORPORATION OF INDIA LIMITED,-0.67,2026-07-31 14:33:04
0,TRENTEQN,10.1,TRENT,EQ,N,3009.3,436499,3008.0,3026.7,2990.9,2999.2,1312587412.92,3782.67,2183.67,998789902667.99,2026-07-31 14:32:02,0,-10.07,-8.36,31-Jul-2025,30-Jun-2026,20.445082441767322,-37.80928436989105,,,TRENT LIMITED,0.34,2026-07-31 14:33:04
0,TATACONSUMEQN,-8.5,TATACONSUM,EQ,N,1085.7,991389,1098.9,1098.9,1081.8,1094.2,1076717851.23,1282.7,1007.2,704410315314.6,2026-07-31 14:31:57,0,1.18,0.96,31-Jul-2025,30-Jun-2026,15.358228736259452,-7.793884034948372,,,TATA CONSUMER PRODUCTS LIMITED,-0.78,2026-07-31 14:33:04
0,CIPLAEQN,7.0,CIPLA,EQ,N,1473.4,704149,1473.4,1478.8,1462.3,1466.4,1037218518.49,1673.0,1165.7,826571094164.28,2026-07-31 14:32:01,0,-5.27,0.5,31-Jul-2025,30-Jun-2026,11.930663478780634,-26.39615681564725,,,CIPLA LIMITED,0.48,2026-07-31 14:33:04
0,JSWSTEELEQN,-1.0,JSWSTEEL,EQ,N,1269.8,798291,1276.4,1282.2,1262.0,1270.8,1013334629.58,1328.0,1018.0,1187388885659.79,2026-07-31 14:32:01,0,21.13,3.54,31-Jul-2025,30-Jun-2026,4.382530120481928,-24.73477406679764,,,JSW STEEL LIMITED,-0.08,2026-07-31 14:33:04
0,DRREDDYEQN,7.3,DRREDDY,EQ,N,1152.1,667359,1152.0,1154.3,1141.7,1144.8,766441790.73,1414.9,1101.0,700339735039.97,2026-07-31 14:32:01,0,-9.31,-15.11,31-Jul-2025,30-Jun-2026,18.573750795109195,-4.641235240690282,,,DR. REDDY'S LABORATORIES LIMITED,0.64,2026-07-31 14:33:04
0,SBILIFEEQN,1.1,SBILIFE,EQ,N,1878.6,368068,1885.0,1898.9,1870.6,1877.5,693572616.48,2132.0,1700.4,842212485674.82,2026-07-31 14:31:57,0,2.04,6.37,31-Jul-2025,30-Jun-2026,11.885553470919325,-10.479887085391672,,,SBI LIFE INSURANCE COMPANY LIMITED,0.06,2026-07-31 14:33:04
0,GRASIMEQN,-3.6,GRASIM,EQ,N,3101.2,183564,3115.7,3135.9,3093.5,3104.8,571877121.24,3246.0,2502.5,1166773668568.83,2026-07-31 14:31:57,0,12.88,0.01,31-Jul-2025,30-Jun-2026,4.460874922982132,-23.924075924075925,,,GRASIM INDUSTRIES LIMITED,-0.12,2026-07-31 14:33:04
1,NIFTY 50,66.45,NIFTY 50,,,24383.6,411693361,24361.45,24429.4,24299.7,24317.15,344593107548.07,26373.2,22182.55,,2026-07-31 15:39:59,0,-1.55,2.17,30-Jul-2025,30-Jun-2026,7.54402196168838,-9.92243903428596,,,,0.27,2026-07-31 17:15:00
0,BAJFINANCEEQN,87.7,BAJFINANCE,EQ,N,1141.2,40814590,1095.0,1151.5,1083.6,1053.5,45855191865.0,1151.5,787.9,3050116590196.84,2026-07-31 16:00:29,0,29.51,13.58,31-Jul-2025,30-Jun-2026,0.8944854537559704,-44.840715826881585,,,BAJAJ FINANCE LIMITED,8.32,2026-07-31 17:15:00
0,M&MEQN,109.3,M&M,EQ,N,3393.0,6131873,3379.9,3457.0,3243.3,3283.7,20793058705.54,3839.9,2896.0,3020727107739.42,2026-07-31 16:00:29,0,5.93,10.56,31-Jul-2025,30-Jun-2026,11.638323914685278,-17.16160220994475,,,MAHINDRA & MAHINDRA LIMITED,3.33,2026-07-31 17:15:00
0,HDFCBANKEQN,-5.95,HDFCBANK,EQ,N,748.0,25522483,753.95,757.55,747.2,753.95,19132163706.46,1020.5,726.65,11425469642109.01,2026-07-31 16:00:29,0,-25.87,-6.26,31-Jul-2025,30-Jun-2026,26.702596766291034,-2.938140783045483,,,HDFC BANK LIMITED,-0.79,2026-07-31 17:15:00
0,INFYEQN,-25.2,INFY,EQ,N,1129.9,14367075,1118.9,1139.3,1107.2,1155.1,16207640978.25,1728.0,982.4,3952355998495.22,2026-07-31 16:00:29,0,-25.12,12.94,31-Jul-2025,30-Jun-2026,34.61226851851852,-15.014250814332248,,,INFOSYS LIMITED,-2.18,2026-07-31 17:15:00
0,BHARTIARTLEQN,11.2,BHARTIARTL,EQ,N,1968.0,6529385,1969.0,1976.4,1947.4,1956.8,12840492659.45,2174.5,1740.5,6111414809579.58,2026-07-31 16:00:29,0,2.81,6.26,31-Jul-2025,30-Jun-2026,9.496435962290182,-13.070956621660443,,,BHARTI AIRTEL LIMITED,0.57,2026-07-31 17:15:00
0,ICICIBANKEQN,0.0,ICICIBANK,EQ,N,1433.9,8752440,1434.3,1441.9,1431.4,1433.9,12559226253.6,1494.5,1187.6,10246272727072.93,2026-07-31 16:00:29,0,-3.21,4.27,31-Jul-2025,30-Jun-2026,4.054867848778856,-20.739306163691477,,,ICICI BANK LIMITED,0.0,2026-07-31 17:15:00
0,ETERNALEQN,-8.0,ETERNAL,EQ,N,302.65,36770653,312.5,316.0,301.8,310.65,11248142752.7,368.45,212.6,2181895886225.76,2026-07-31 16:00:29,0,-1.67,14.38,31-Jul-2025,30-Jun-2026,17.858596824535216,-42.35653809971778,,,ETERNAL LIMITED,-2.58,2026-07-31 17:15:00
0,RELIANCEEQN,12.1,RELIANCE,EQ,N,1305.0,8624996,1295.0,1309.7,1293.6,1292.9,11239146037.64,1611.8,1249.8,8791447476768.72,2026-07-31 16:00:29,0,-6.13,0.86,31-Jul-2025,30-Jun-2026,19.034619679861024,-4.416706673067691,,,RELIANCE INDUSTRIES LIMITED,0.94,2026-07-31 17:15:00
0,SBINEQN,2.3,SBIN,EQ,N,1027.6,10921417,1028.1,1034.3,1023.5,1025.3,11223394180.05,1234.7,786.55,4235650187126.72,2026-07-31 16:00:29,0,29.01,0.07,31-Jul-2025,30-Jun-2026,16.773305256337572,-30.64649418345941,,,STATE BANK OF INDIA,0.22,2026-07-31 17:15:00
0,JIOFINEQN,9.15,JIOFIN,EQ,N,256.1,42840807,247.5,257.06,247.0,246.95,10849005964.68,338.6,223.3,837937713842.85,2026-07-31 16:00:29,0,-22.22,8.32,31-Jul-2025,30-Jun-2026,24.365032486709982,-14.688759516345723,,,JIO FINANCIAL SERVICES LIMITED,3.71,2026-07-31 17:15:00
0,TCSEQN,-65.8,TCS,EQ,N,2366.0,4343683,2385.0,2391.0,2326.1,2431.8,10269552532.75,3350.0,1976.8,2408878051229.13,2026-07-31 16:00:29,0,-22.09,16.47,31-Jul-2025,30-Jun-2026,29.37313432835821,-19.688385269121813,,,TATA CONSULTANCY SERVICES LIMITED,-2.71,2026-07-31 17:15:00
0,SUNPHARMAEQN,-14.1,SUNPHARMA,EQ,N,1987.0,4954449,2016.4,2046.9,1965.3,2001.1,9927923084.16,2046.9,1548.0,2098105348208.53,2026-07-31 16:00:29,0,16.42,6.68,31-Jul-2025,30-Jun-2026,2.9263764717377496,-28.359173126614987,,,SUN PHARMACEUTICAL INDUSTRIES LIMITED,-0.7,2026-07-31 17:15:00
0,AXISBANKEQN,-1.8,AXISBANK,EQ,N,1227.1,7487936,1226.2,1239.7,1226.0,1228.9,9208139537.28,1418.3,1042.5,3515355583484.35,2026-07-31 16:00:29,0,14.85,-8.81,31-Jul-2025,30-Jun-2026,13.480927871395332,-17.707434052757794,,,AXIS BANK LIMITED,-0.15,2026-07-31 17:15:00
0,ADANIPORTSEQN,27.8,ADANIPORTS,EQ,N,1691.9,4703646,1674.0,1708.1,1650.0,1664.1,7953300948.48,1891.1,1290.5,1244688322067.03,2026-07-31 16:00:29,0,23.22,-6.54,31-Jul-2025,30-Jun-2026,10.533551901009995,-31.10422316931422,,,ADANI PORTS AND SPECIAL ECONOMIC ZONE LIMITED,1.67,2026-07-31 17:15:00
0,MARUTIEQN,52.0,MARUTI,EQ,N,14240.0,535417,14250.0,14348.0,14124.0,14188.0,7620343869.18,17370.0,12201.0,1852486627346.28,2026-07-31 16:00:29,0,12.94,0.89,31-Jul-2025,30-Jun-2026,18.0195739781232,-16.711744938939432,,,MARUTI SUZUKI INDIA LIMITED,0.37,2026-07-31 17:15:00
0,BAJAJFINSVEQN,121.6,BAJAJFINSV,EQ,N,2031.0,3731886,1932.0,2036.6,1930.0,1909.4,7473176352.72,2195.0,1597.0,1172501123973.76,2026-07-31 16:00:29,0,4.26,14.09,31-Jul-2025,30-Jun-2026,7.471526195899772,-27.175954915466498,,,BAJAJ FINSERV LIMITED,6.37,2026-07-31 17:15:00
0,LTEQN,0.3,LT,EQ,N,3938.0,1753377,3962.9,3973.1,3923.2,3937.7,6910128892.08,4440.0,3288.1,4596293830250.15,2026-07-31 16:00:29,0,8.29,-4.96,31-Jul-2025,30-Jun-2026,11.306306306306306,-19.76521395334692,,,LARSEN & TOUBRO LIMITED,0.01,2026-07-31 17:15:00
0,BELEQN,2.9,BEL,EQ,N,387.8,17114563,385.0,390.6,385.0,384.9,6639937007.11,473.45,361.2,1385098357970.31,2026-07-31 16:00:29,0,1.23,-5.83,31-Jul-2025,30-Jun-2026,18.09061146900412,-7.364341085271318,,,BHARAT ELECTRONICS LIMITED,0.75,2026-07-31 17:15:00
0,SHRIRAMFINEQN,19.0,SHRIRAMFIN,EQ,N,1046.2,6318223,1029.2,1054.6,1029.1,1027.2,6604817595.28,1108.0,566.5,1461159431376.02,2026-07-31 16:00:29,0,65.84,0.39,31-Jul-2025,30-Jun-2026,5.577617328519856,-84.67784642541925,,,SHRIRAM FINANCE LIMITED,1.85,2026-07-31 17:15:00
0,TATASTEELEQN,3.07,TATASTEEL,EQ,N,189.99,34249584,188.25,191.84,186.31,186.92,6482076267.84,224.4,152.51,1566080041779.53,2026-07-31 16:00:29,0,20.29,1.03,31-Jul-2025,30-Jun-2026,15.334224598930481,-24.575437676217952,,,TATA STEEL LIMITED,1.64,2026-07-31 17:15:00
0,HDFCLIFEEQN,5.5,HDFCLIFE,EQ,N,550.9,11438476,548.7,550.9,544.05,545.4,6251470288.28,815.0,543.0,594951827559.66,2026-07-31 16:00:29,0,-27.08,-4.33,31-Jul-2025,30-Jun-2026,32.40490797546012,-1.4548802946593002,,,HDFC LIFE INSURANCE COMPANY LIMITED,1.01,2026-07-31 17:15:00
0,EICHERMOTEQN,4.5,EICHERMOT,EQ,N,7835.0,720608,7899.0,7899.0,7794.0,7912.5,5651288973.12,8230.0,5386.5,1076763527952.38,2026-07-31 16:00:29,0,43.28,10.77,31-Jul-2025,30-Jun-2026,4.79951397326853,-45.45623317553142,,,EICHER MOTORS LIMITED,0.06,2026-07-31 17:15:00
0,TECHMEQN,-15.1,TECHM,EQ,N,1653.9,3355677,1620.0,1661.5,1610.5,1669.0,5533947611.01,1854.0,1304.1,1047462570903.24,2026-07-31 16:00:29,0,12.99,17.74,31-Jul-2025,30-Jun-2026,10.792880258899677,-26.82309638831378,,,TECH MAHINDRA LIMITED,-0.9,2026-07-31 17:15:00
0,HINDALCOEQN,4.1,HINDALCO,EQ,N,974.5,5579336,979.8,988.0,971.05,970.4,5465461752.24,1176.0,657.5,1407031613248.04,2026-07-31 16:00:29,0,42.67,1.87,31-Jul-2025,30-Jun-2026,17.1343537414966,-48.21292775665399,,,HINDALCO INDUSTRIES LIMITED,0.42,2026-07-31 17:15:00
0,TITANEQN,35.0,TITAN,EQ,N,4885.0,1003314,4850.0,4886.0,4820.9,4850.0,4886269610.82,4886.0,3303.1,2011207412854.5,2026-07-31 16:00:29,0,45.94,10.92,31-Jul-2025,30-Jun-2026,0.020466639377814164,-47.89137476915625,,,TITAN COMPANY LIMITED,0.72,2026-07-31 17:15:00
0,ITCEQN,-4.05,ITC,EQ,N,281.0,16833813,285.55,285.8,280.05,285.05,4740738417.06,427.0,275.0,2701171021997.49,2026-07-31 16:00:29,0,-31.79,-2.07,31-Jul-2025,30-Jun-2026,34.19203747072599,-2.1818181818181817,,,ITC LIMITED,-1.42,2026-07-31 17:15:00
0,ULTRACEMCOEQN,37.0,ULTRACEMCO,EQ,N,11884.0,390471,11850.0,12009.0,11799.0,11847.0,4654398701.16,13110.0,10325.0,1402380302372.61,2026-07-31 16:00:29,0,-2.98,5.61,31-Jul-2025,30-Jun-2026,9.35163996948894,-15.099273607748184,,,ULTRATECH CEMENT LIMITED,0.31,2026-07-31 17:15:00
0,HCLTECHEQN,-7.0,HCLTECH,EQ,N,1345.7,3369019,1317.7,1356.5,1294.3,1352.7,4514856052.09,1780.1,1030.0,1414783221886.57,2026-07-31 16:00:29,0,-8.32,25.56,31-Jul-2025,30-Jun-2026,24.403123420032582,-30.650485436893202,,,HCL TECHNOLOGIES LIMITED,-0.52,2026-07-31 17:15:00
0,NESTLEINDEQN,-15.7,NESTLEIND,EQ,N,1505.0,2501825,1529.0,1529.0,1497.5,1520.7,3776880111.25,1532.6,1084.7,1076083204741.92,2026-07-31 16:00:29,0,33.91,7.1,31-Jul-2025,30-Jun-2026,1.800861281482448,-38.74804093297686,,,NESTLE INDIA LIMITED,-1.03,2026-07-31 17:15:00
0,HINDUNILVREQN,-8.5,HINDUNILVR,EQ,N,2099.4,1759019,2119.6,2119.6,2091.1,2107.9,3695910001.28,2750.0,2016.0,1857346204250.55,2026-07-31 16:00:29,0,-16.73,-0.89,31-Jul-2025,30-Jun-2026,23.658181818181816,-4.136904761904762,,,HINDUSTAN UNILEVER LIMITED,-0.4,2026-07-31 17:15:00
0,WIPROEQN,-2.58,WIPRO,EQ,N,183.75,18762810,184.85,185.24,180.83,186.33,3442037494.5,273.1,169.0,496242729074.09,2026-07-31 16:00:29,0,-26.0,7.84,31-Jul-2025,30-Jun-2026,32.716953496887584,-8.727810650887575,,,WIPRO LIMITED,-1.38,2026-07-31 17:15:00
0,NTPCEQN,1.75,NTPC,EQ,N,346.6,8519119,344.1,348.25,343.55,344.85,2949830144.94,414.4,315.55,1638579395627.3,2026-07-31 16:00:29,0,3.69,-2.82,31-Jul-2025,30-Jun-2026,16.361003861003862,-9.839961971161465,,,NTPC LIMITED,0.51,2026-07-31 17:15:00
0,TMPVEQN,5.9,TMPV,EQ,N,340.1,8527463,335.55,341.95,334.5,334.2,2885011282.16,739.7,294.3,708798407947.57,2026-07-31 16:00:29,0,-48.93,-3.44,31-Jul-2025,30-Jun-2026,54.02190077058267,-15.562351342167856,,,TATA MOTORS PASSENGER VEHICLES LIMITED,1.77,2026-07-31 17:15:00
0,KOTAKBANKEQN,-0.55,KOTAKBANK,EQ,N,388.85,7014637,390.2,391.85,388.0,389.4,2736129308.22,453.2,345.5,2855155315262.45,2026-07-31 16:00:29,0,-1.74,-0.87,31-Jul-2025,30-Jun-2026,14.199029126213592,-12.547033285094066,,,KOTAK MAHINDRA BANK LIMITED,-0.14,2026-07-31 17:15:00
0,ADANIENTEQN,-40.0,ADANIENT,EQ,N,3009.1,866401,3051.0,3067.5,3002.4,3049.1,2620282536.33,3245.0,1753.0,900854251871.76,2026-07-31 16:00:29,0,27.51,-0.89,31-Jul-2025,30-Jun-2026,7.269645608628659,-71.65430690245294,,,ADANI ENTERPRISES LIMITED,-1.31,2026-07-31 17:15:00
0,BAJAJ-AUTOEQN,87.0,BAJAJ-AUTO,EQ,N,11519.0,214380,11475.0,11590.0,11329.5,11432.0,2469406775.4,11590.0,7858.5,1272196271192.98,2026-07-31 16:00:29,0,43.84,18.56,31-Jul-2025,30-Jun-2026,0.6125970664365833,-46.58013615829993,,,BAJAJ AUTO LIMITED,0.76,2026-07-31 17:15:00
0,COALINDIAEQN,2.7,COALINDIA,EQ,N,414.4,5938134,413.0,415.1,410.15,417.2,2454824595.6,491.25,368.65,989838206030.73,2026-07-31 16:00:29,0,10.11,-5.61,31-Jul-2025,30-Jun-2026,15.643765903307887,-12.41014512410145,,,COAL INDIA LIMITED,0.66,2026-07-31 17:15:00
0,ASIANPAINTEQN,-8.2,ASIANPAINT,EQ,N,2738.0,891738,2773.9,2774.9,2732.4,2746.2,2452136821.92,2985.7,2115.0,1234734079154.01,2026-07-31 16:00:29,0,14.27,3.88,31-Jul-2025,30-Jun-2026,8.296211943597816,-29.45626477541371,,,ASIAN PAINTS LIMITED,-0.3,2026-07-31 17:15:00
0,ONGCEQN,0.71,ONGC,EQ,N,242.3,10070729,241.58,242.96,238.17,241.59,2428657005.64,307.5,227.65,938580915153.36,2026-07-31 16:00:29,0,0.54,3.15,31-Jul-2025,30-Jun-2026,21.203252032520325,-6.4353173731605535,,,OIL & NATURAL GAS CORPORATION LIMITED,0.29,2026-07-31 17:15:00
0,INDIGOEQN,-53.5,INDIGO,EQ,N,5177.0,462900,5260.0,5282.0,5137.5,5230.5,2408445555.0,6232.5,3895.2,1168589020665.79,2026-07-31 16:00:29,0,-12.41,-3.57,31-Jul-2025,30-Jun-2026,16.93541917368632,-32.907167796262065,,,INTERGLOBE AVIATION LIMITED,-1.02,2026-07-31 17:15:00
0,APOLLOHOSPEQN,-47.0,APOLLOHOSP,EQ,N,8941.0,268253,9025.0,9036.5,8931.0,8988.0,2405397825.7,9036.5,6696.5,917545742565.35,2026-07-31 16:00:29,0,19.25,2.98,31-Jul-2025,30-Jun-2026,1.0568250982128036,-33.517509146569104,,,APOLLO HOSPITALS ENTERPRISE LIMITED,-0.52,2026-07-31 17:15:00
0,MAXHEALTHEQN,-23.4,MAXHEALTH,EQ,N,1101.4,2055225,1126.0,1132.0,1091.2,1124.8,2274805239.0,1301.7,903.0,817434239392.71,2026-07-31 16:00:29,0,-11.61,-2.47,31-Jul-2025,30-Jun-2026,15.387570100637628,-21.971207087486157,,,MAX HEALTHCARE INSTITUTE LIMITED,-2.08,2026-07-31 17:15:00
0,POWERGRIDEQN,-1.5,POWERGRID,EQ,N,284.2,7804310,286.3,287.4,283.0,285.7,2217516643.4,324.95,250.0,1283415819519.24,2026-07-31 16:00:29,0,-2.34,-0.73,31-Jul-2025,30-Jun-2026,12.540390829358364,-13.68,,,POWER GRID CORPORATION OF INDIA LIMITED,-0.53,2026-07-31 17:15:00
0,JSWSTEELEQN,0.6,JSWSTEEL,EQ,N,1271.4,1449872,1276.4,1282.2,1262.0,1270.8,1840844483.52,1328.0,1018.0,1189165993877.79,2026-07-31 16:00:29,0,21.28,3.67,31-Jul-2025,30-Jun-2026,4.2620481927710845,-24.891944990176817,,,JSW STEEL LIMITED,0.05,2026-07-31 17:15:00
0,TRENTEQN,1.8,TRENT,EQ,N,3001.0,605222,3008.0,3026.7,2990.9,2999.2,1819714935.18,3782.67,2183.67,995770405603.35,2026-07-31 16:00:29,0,-10.29,-8.58,31-Jul-2025,30-Jun-2026,20.664504172978347,-37.42919030805937,,,TRENT LIMITED,0.06,2026-07-31 17:15:00
0,CIPLAEQN,5.6,CIPLA,EQ,N,1472.0,1223370,1473.4,1478.8,1462.3,1466.4,1801938374.1,1673.0,1165.7,825953873199.26,2026-07-31 16:00:29,0,-5.31,0.45,31-Jul-2025,30-Jun-2026,12.014345487148834,-26.27605730462383,,,CIPLA LIMITED,0.38,2026-07-31 17:15:00
0,TATACONSUMEQN,-12.1,TATACONSUM,EQ,N,1082.1,1479617,1098.9,1098.9,1081.0,1094.2,1605650776.06,1282.7,1007.2,702721860608.4,2026-07-31 16:00:29,0,0.83,0.6,31-Jul-2025,30-Jun-2026,15.638886723318,-7.436457505957109,,,TATA CONSUMER PRODUCTS LIMITED,-1.11,2026-07-31 17:15:00
0,SBILIFEEQN,13.0,SBILIFE,EQ,N,1890.5,723852,1885.0,1898.9,1870.6,1877.5,1362731013.72,2132.0,1700.4,847141635630.89,2026-07-31 16:00:29,0,2.71,7.07,31-Jul-2025,30-Jun-2026,11.327392120075046,-11.179722418254528,,,SBI LIFE INSURANCE COMPANY LIMITED,0.69,2026-07-31 17:15:00
0,DRREDDYEQN,0.7,DRREDDY,EQ,N,1145.5,1085841,1152.0,1154.3,1141.7,1144.8,1247468432.85,1414.9,1101.0,696327720239.81,2026-07-31 16:00:29,0,-9.82,-15.59,31-Jul-2025,30-Jun-2026,19.04021485617358,-4.041780199818347,,,DR. REDDY'S LABORATORIES LIMITED,0.06,2026-07-31 17:15:00
0,GRASIMEQN,-8.8,GRASIM,EQ,N,3096.0,309447,3115.7,3135.9,3092.6,3104.8,962197596.27,3246.0,2502.5,1164892382421.51,2026-07-31 16:00:29,0,12.73,-0.13,31-Jul-2025,30-Jun-2026,4.621072088724584,-23.716283716283716,,,GRASIM INDUSTRIES LIMITED,-0.28,2026-07-31 17:15:00
1,NIFTY 50,66.45,NIFTY 50,,,24383.6,411693361,24361.45,24429.4,24299.7,24317.15,344593107548.07,26373.2,22182.55,,2026-07-31 15:39:59,0,-1.55,2.17,30-Jul-2025,30-Jun-2026,7.54402196168838,-9.92243903428596,,,,0.27,2026-07-31 17:15:30
0,BAJFINANCEEQN,87.7,BAJFINANCE,EQ,N,1141.2,40814590,1095.0,1151.5,1083.6,1053.5,45855191865.0,1151.5,787.9,3050116590196.84,2026-07-31 16:00:29,0,29.51,13.58,31-Jul-2025,30-Jun-2026,0.8944854537559704,-44.840715826881585,,,BAJAJ FINANCE LIMITED,8.32,2026-07-31 17:15:30
0,M&MEQN,109.3,M&M,EQ,N,3393.0,6131873,3379.9,3457.0,3243.3,3283.7,20793058705.54,3839.9,2896.0,3020727107739.42,2026-07-31 16:00:29,0,5.93,10.56,31-Jul-2025,30-Jun-2026,11.638323914685278,-17.16160220994475,,,MAHINDRA & MAHINDRA LIMITED,3.33,2026-07-31 17:15:30
0,HDFCBANKEQN,-5.95,HDFCBANK,EQ,N,748.0,25522483,753.95,757.55,747.2,753.95,19132163706.46,1020.5,726.65,11425469642109.01,2026-07-31 16:00:29,0,-25.87,-6.26,31-Jul-2025,30-Jun-2026,26.702596766291034,-2.938140783045483,,,HDFC BANK LIMITED,-0.79,2026-07-31 17:15:30
0,INFYEQN,-25.2,INFY,EQ,N,1129.9,14367075,1118.9,1139.3,1107.2,1155.1,16207640978.25,1728.0,982.4,3952355998495.22,2026-07-31 16:00:29,0,-25.12,12.94,31-Jul-2025,30-Jun-2026,34.61226851851852,-15.014250814332248,,,INFOSYS LIMITED,-2.18,2026-07-31 17:15:30
0,BHARTIARTLEQN,11.2,BHARTIARTL,EQ,N,1968.0,6529385,1969.0,1976.4,1947.4,1956.8,12840492659.45,2174.5,1740.5,6111414809579.58,2026-07-31 16:00:29,0,2.81,6.26,31-Jul-2025,30-Jun-2026,9.496435962290182,-13.070956621660443,,,BHARTI AIRTEL LIMITED,0.57,2026-07-31 17:15:30
0,ICICIBANKEQN,0.0,ICICIBANK,EQ,N,1433.9,8752440,1434.3,1441.9,1431.4,1433.9,12559226253.6,1494.5,1187.6,10246272727072.93,2026-07-31 16:00:29,0,-3.21,4.27,31-Jul-2025,30-Jun-2026,4.054867848778856,-20.739306163691477,,,ICICI BANK LIMITED,0.0,2026-07-31 17:15:30
0,ETERNALEQN,-8.0,ETERNAL,EQ,N,302.65,36770653,312.5,316.0,301.8,310.65,11248142752.7,368.45,212.6,2181895886225.76,2026-07-31 16:00:29,0,-1.67,14.38,31-Jul-2025,30-Jun-2026,17.858596824535216,-42.35653809971778,,,ETERNAL LIMITED,-2.58,2026-07-31 17:15:30
0,RELIANCEEQN,12.1,RELIANCE,EQ,N,1305.0,8624996,1295.0,1309.7,1293.6,1292.9,11239146037.64,1611.8,1249.8,8791447476768.72,2026-07-31 16:00:29,0,-6.13,0.86,31-Jul-2025,30-Jun-2026,19.034619679861024,-4.416706673067691,,,RELIANCE INDUSTRIES LIMITED,0.94,2026-07-31 17:15:30
0,SBINEQN,2.3,SBIN,EQ,N,1027.6,10921417,1028.1,1034.3,1023.5,1025.3,11223394180.05,1234.7,786.55,4235650187126.72,2026-07-31 16:00:29,0,29.01,0.07,31-Jul-2025,30-Jun-2026,16.773305256337572,-30.64649418345941,,,STATE BANK OF INDIA,0.22,2026-07-31 17:15:30
0,JIOFINEQN,9.15,JIOFIN,EQ,N,256.1,42840807,247.5,257.06,247.0,246.95,10849005964.68,338.6,223.3,837937713842.85,2026-07-31 16:00:29,0,-22.22,8.32,31-Jul-2025,30-Jun-2026,24.365032486709982,-14.688759516345723,,,JIO FINANCIAL SERVICES LIMITED,3.71,2026-07-31 17:15:30
0,TCSEQN,-65.8,TCS,EQ,N,2366.0,4343683,2385.0,2391.0,2326.1,2431.8,10269552532.75,3350.0,1976.8,2408878051229.13,2026-07-31 16:00:29,0,-22.09,16.47,31-Jul-2025,30-Jun-2026,29.37313432835821,-19.688385269121813,,,TATA CONSULTANCY SERVICES LIMITED,-2.71,2026-07-31 17:15:30
0,SUNPHARMAEQN,-14.1,SUNPHARMA,EQ,N,1987.0,4954449,2016.4,2046.9,1965.3,2001.1,9927923084.16,2046.9,1548.0,2098105348208.53,2026-07-31 16:00:29,0,16.42,6.68,31-Jul-2025,30-Jun-2026,2.9263764717377496,-28.359173126614987,,,SUN PHARMACEUTICAL INDUSTRIES LIMITED,-0.7,2026-07-31 17:15:30
0,AXISBANKEQN,-1.8,AXISBANK,EQ,N,1227.1,7487936,1226.2,1239.7,1226.0,1228.9,9208139537.28,1418.3,1042.5,3515355583484.35,2026-07-31 16:00:29,0,14.85,-8.81,31-Jul-2025,30-Jun-2026,13.480927871395332,-17.707434052757794,,,AXIS BANK LIMITED,-0.15,2026-07-31 17:15:30
0,ADANIPORTSEQN,27.8,ADANIPORTS,EQ,N,1691.9,4703646,1674.0,1708.1,1650.0,1664.1,7953300948.48,1891.1,1290.5,1244688322067.03,2026-07-31 16:00:29,0,23.22,-6.54,31-Jul-2025,30-Jun-2026,10.533551901009995,-31.10422316931422,,,ADANI PORTS AND SPECIAL ECONOMIC ZONE LIMITED,1.67,2026-07-31 17:15:30
0,MARUTIEQN,52.0,MARUTI,EQ,N,14240.0,535417,14250.0,14348.0,14124.0,14188.0,7620343869.18,17370.0,12201.0,1852486627346.28,2026-07-31 16:00:29,0,12.94,0.89,31-Jul-2025,30-Jun-2026,18.0195739781232,-16.711744938939432,,,MARUTI SUZUKI INDIA LIMITED,0.37,2026-07-31 17:15:30
0,BAJAJFINSVEQN,121.6,BAJAJFINSV,EQ,N,2031.0,3731886,1932.0,2036.6,1930.0,1909.4,7473176352.72,2195.0,1597.0,1172501123973.76,2026-07-31 16:00:29,0,4.26,14.09,31-Jul-2025,30-Jun-2026,7.471526195899772,-27.175954915466498,,,BAJAJ FINSERV LIMITED,6.37,2026-07-31 17:15:30
0,LTEQN,0.3,LT,EQ,N,3938.0,1753377,3962.9,3973.1,3923.2,3937.7,6910128892.08,4440.0,3288.1,4596293830250.15,2026-07-31 16:00:29,0,8.29,-4.96,31-Jul-2025,30-Jun-2026,11.306306306306306,-19.76521395334692,,,LARSEN & TOUBRO LIMITED,0.01,2026-07-31 17:15:30
0,BELEQN,2.9,BEL,EQ,N,387.8,17114563,385.0,390.6,385.0,384.9,6639937007.11,473.45,361.2,1385098357970.31,2026-07-31 16:00:29,0,1.23,-5.83,31-Jul-2025,30-Jun-2026,18.09061146900412,-7.364341085271318,,,BHARAT ELECTRONICS LIMITED,0.75,2026-07-31 17:15:30
0,SHRIRAMFINEQN,19.0,SHRIRAMFIN,EQ,N,1046.2,6318223,1029.2,1054.6,1029.1,1027.2,6604817595.28,1108.0,566.5,1461159431376.02,2026-07-31 16:00:29,0,65.84,0.39,31-Jul-2025,30-Jun-2026,5.577617328519856,-84.67784642541925,,,SHRIRAM FINANCE LIMITED,1.85,2026-07-31 17:15:30
0,TATASTEELEQN,3.07,TATASTEEL,EQ,N,189.99,34249584,188.25,191.84,186.31,186.92,6482076267.84,224.4,152.51,1566080041779.53,2026-07-31 16:00:29,0,20.29,1.03,31-Jul-2025,30-Jun-2026,15.334224598930481,-24.575437676217952,,,TATA STEEL LIMITED,1.64,2026-07-31 17:15:30
0,HDFCLIFEEQN,5.5,HDFCLIFE,EQ,N,550.9,11438476,548.7,550.9,544.05,545.4,6251470288.28,815.0,543.0,594951827559.66,2026-07-31 16:00:29,0,-27.08,-4.33,31-Jul-2025,30-Jun-2026,32.40490797546012,-1.4548802946593002,,,HDFC LIFE INSURANCE COMPANY LIMITED,1.01,2026-07-31 17:15:30
0,EICHERMOTEQN,4.5,EICHERMOT,EQ,N,7835.0,720608,7899.0,7899.0,7794.0,7912.5,5651288973.12,8230.0,5386.5,1076763527952.38,2026-07-31 16:00:29,0,43.28,10.77,31-Jul-2025,30-Jun-2026,4.79951397326853,-45.45623317553142,,,EICHER MOTORS LIMITED,0.06,2026-07-31 17:15:30
0,TECHMEQN,-15.1,TECHM,EQ,N,1653.9,3355677,1620.0,1661.5,1610.5,1669.0,5533947611.01,1854.0,1304.1,1047462570903.24,2026-07-31 16:00:29,0,12.99,17.74,31-Jul-2025,30-Jun-2026,10.792880258899677,-26.82309638831378,,,TECH MAHINDRA LIMITED,-0.9,2026-07-31 17:15:30
0,HINDALCOEQN,4.1,HINDALCO,EQ,N,974.5,5579336,979.8,988.0,971.05,970.4,5465461752.24,1176.0,657.5,1407031613248.04,2026-07-31 16:00:29,0,42.67,1.87,31-Jul-2025,30-Jun-2026,17.1343537414966,-48.21292775665399,,,HINDALCO INDUSTRIES LIMITED,0.42,2026-07-31 17:15:30
0,TITANEQN,35.0,TITAN,EQ,N,4885.0,1003314,4850.0,4886.0,4820.9,4850.0,4886269610.82,4886.0,3303.1,2011207412854.5,2026-07-31 16:00:29,0,45.94,10.92,31-Jul-2025,30-Jun-2026,0.020466639377814164,-47.89137476915625,,,TITAN COMPANY LIMITED,0.72,2026-07-31 17:15:30
0,ITCEQN,-4.05,ITC,EQ,N,281.0,16833813,285.55,285.8,280.05,285.05,4740738417.06,427.0,275.0,2701171021997.49,2026-07-31 16:00:29,0,-31.79,-2.07,31-Jul-2025,30-Jun-2026,34.19203747072599,-2.1818181818181817,,,ITC LIMITED,-1.42,2026-07-31 17:15:30
0,ULTRACEMCOEQN,37.0,ULTRACEMCO,EQ,N,11884.0,390471,11850.0,12009.0,11799.0,11847.0,4654398701.16,13110.0,10325.0,1402380302372.61,2026-07-31 16:00:29,0,-2.98,5.61,31-Jul-2025,30-Jun-2026,9.35163996948894,-15.099273607748184,,,ULTRATECH CEMENT LIMITED,0.31,2026-07-31 17:15:30
0,HCLTECHEQN,-7.0,HCLTECH,EQ,N,1345.7,3369019,1317.7,1356.5,1294.3,1352.7,4514856052.09,1780.1,1030.0,1414783221886.57,2026-07-31 16:00:29,0,-8.32,25.56,31-Jul-2025,30-Jun-2026,24.403123420032582,-30.650485436893202,,,HCL TECHNOLOGIES LIMITED,-0.52,2026-07-31 17:15:30
0,NESTLEINDEQN,-15.7,NESTLEIND,EQ,N,1505.0,2501825,1529.0,1529.0,1497.5,1520.7,3776880111.25,1532.6,1084.7,1076083204741.92,2026-07-31 16:00:29,0,33.91,7.1,31-Jul-2025,30-Jun-2026,1.800861281482448,-38.74804093297686,,,NESTLE INDIA LIMITED,-1.03,2026-07-31 17:15:30
0,HINDUNILVREQN,-8.5,HINDUNILVR,EQ,N,2099.4,1759019,2119.6,2119.6,2091.1,2107.9,3695910001.28,2750.0,2016.0,1857346204250.55,2026-07-31 16:00:29,0,-16.73,-0.89,31-Jul-2025,30-Jun-2026,23.658181818181816,-4.136904761904762,,,HINDUSTAN UNILEVER LIMITED,-0.4,2026-07-31 17:15:30
0,WIPROEQN,-2.58,WIPRO,EQ,N,183.75,18762810,184.85,185.24,180.83,186.33,3442037494.5,273.1,169.0,496242729074.09,2026-07-31 16:00:29,0,-26.0,7.84,31-Jul-2025,30-Jun-2026,32.716953496887584,-8.727810650887575,,,WIPRO LIMITED,-1.38,2026-07-31 17:15:30
0,NTPCEQN,1.75,NTPC,EQ,N,346.6,8519119,344.1,348.25,343.55,344.85,2949830144.94,414.4,315.55,1638579395627.3,2026-07-31 16:00:29,0,3.69,-2.82,31-Jul-2025,30-Jun-2026,16.361003861003862,-9.839961971161465,,,NTPC LIMITED,0.51,2026-07-31 17:15:30
0,TMPVEQN,5.9,TMPV,EQ,N,340.1,8527463,335.55,341.95,334.5,334.2,2885011282.16,739.7,294.3,708798407947.57,2026-07-31 16:00:29,0,-48.93,-3.44,31-Jul-2025,30-Jun-2026,54.02190077058267,-15.562351342167856,,,TATA MOTORS PASSENGER VEHICLES LIMITED,1.77,2026-07-31 17:15:30
0,KOTAKBANKEQN,-0.55,KOTAKBANK,EQ,N,388.85,7014637,390.2,391.85,388.0,389.4,2736129308.22,453.2,345.5,2855155315262.45,2026-07-31 16:00:29,0,-1.74,-0.87,31-Jul-2025,30-Jun-2026,14.199029126213592,-12.547033285094066,,,KOTAK MAHINDRA BANK LIMITED,-0.14,2026-07-31 17:15:30
0,ADANIENTEQN,-40.0,ADANIENT,EQ,N,3009.1,866401,3051.0,3067.5,3002.4,3049.1,2620282536.33,3245.0,1753.0,900854251871.76,2026-07-31 16:00:29,0,27.51,-0.89,31-Jul-2025,30-Jun-2026,7.269645608628659,-71.65430690245294,,,ADANI ENTERPRISES LIMITED,-1.31,2026-07-31 17:15:30
0,BAJAJ-AUTOEQN,87.0,BAJAJ-AUTO,EQ,N,11519.0,214380,11475.0,11590.0,11329.5,11432.0,2469406775.4,11590.0,7858.5,1272196271192.98,2026-07-31 16:00:29,0,43.84,18.56,31-Jul-2025,30-Jun-2026,0.6125970664365833,-46.58013615829993,,,BAJAJ AUTO LIMITED,0.76,2026-07-31 17:15:30
0,COALINDIAEQN,2.7,COALINDIA,EQ,N,414.4,5938134,413.0,415.1,410.15,417.2,2454824595.6,491.25,368.65,989838206030.73,2026-07-31 16:00:29,0,10.11,-5.61,31-Jul-2025,30-Jun-2026,15.643765903307887,-12.41014512410145,,,COAL INDIA LIMITED,0.66,2026-07-31 17:15:30
0,ASIANPAINTEQN,-8.2,ASIANPAINT,EQ,N,2738.0,891738,2773.9,2774.9,2732.4,2746.2,2452136821.92,2985.7,2115.0,1234734079154.01,2026-07-31 16:00:29,0,14.27,3.88,31-Jul-2025,30-Jun-2026,8.296211943597816,-29.45626477541371,,,ASIAN PAINTS LIMITED,-0.3,2026-07-31 17:15:30
0,ONGCEQN,0.71,ONGC,EQ,N,242.3,10070729,241.58,242.96,238.17,241.59,2428657005.64,307.5,227.65,938580915153.36,2026-07-31 16:00:29,0,0.54,3.15,31-Jul-2025,30-Jun-2026,21.203252032520325,-6.4353173731605535,,,OIL & NATURAL GAS CORPORATION LIMITED,0.29,2026-07-31 17:15:30
0,INDIGOEQN,-53.5,INDIGO,EQ,N,5177.0,462900,5260.0,5282.0,5137.5,5230.5,2408445555.0,6232.5,3895.2,1168589020665.79,2026-07-31 16:00:29,0,-12.41,-3.57,31-Jul-2025,30-Jun-2026,16.93541917368632,-32.907167796262065,,,INTERGLOBE AVIATION LIMITED,-1.02,2026-07-31 17:15:30
0,APOLLOHOSPEQN,-47.0,APOLLOHOSP,EQ,N,8941.0,268253,9025.0,9036.5,8931.0,8988.0,2405397825.7,9036.5,6696.5,917545742565.35,2026-07-31 16:00:29,0,19.25,2.98,31-Jul-2025,30-Jun-2026,1.0568250982128036,-33.517509146569104,,,APOLLO HOSPITALS ENTERPRISE LIMITED,-0.52,2026-07-31 17:15:30
0,MAXHEALTHEQN,-23.4,MAXHEALTH,EQ,N,1101.4,2055225,1126.0,1132.0,1091.2,1124.8,2274805239.0,1301.7,903.0,817434239392.71,2026-07-31 16:00:29,0,-11.61,-2.47,31-Jul-2025,30-Jun-2026,15.387570100637628,-21.971207087486157,,,MAX HEALTHCARE INSTITUTE LIMITED,-2.08,2026-07-31 17:15:30
0,POWERGRIDEQN,-1.5,POWERGRID,EQ,N,284.2,7804310,286.3,287.4,283.0,285.7,2217516643.4,324.95,250.0,1283415819519.24,2026-07-31 16:00:29,0,-2.34,-0.73,31-Jul-2025,30-Jun-2026,12.540390829358364,-13.68,,,POWER GRID CORPORATION OF INDIA LIMITED,-0.53,2026-07-31 17:15:30
0,JSWSTEELEQN,0.6,JSWSTEEL,EQ,N,1271.4,1449872,1276.4,1282.2,1262.0,1270.8,1840844483.52,1328.0,1018.0,1189165993877.79,2026-07-31 16:00:29,0,21.28,3.67,31-Jul-2025,30-Jun-2026,4.2620481927710845,-24.891944990176817,,,JSW STEEL LIMITED,0.05,2026-07-31 17:15:30
0,TRENTEQN,1.8,TRENT,EQ,N,3001.0,605222,3008.0,3026.7,2990.9,2999.2,1819714935.18,3782.67,2183.67,995770405603.35,2026-07-31 16:00:29,0,-10.29,-8.58,31-Jul-2025,30-Jun-2026,20.664504172978347,-37.42919030805937,,,TRENT LIMITED,0.06,2026-07-31 17:15:30
0,CIPLAEQN,5.6,CIPLA,EQ,N,1472.0,1223370,1473.4,1478.8,1462.3,1466.4,1801938374.1,1673.0,1165.7,825953873199.26,2026-07-31 16:00:29,0,-5.31,0.45,31-Jul-2025,30-Jun-2026,12.014345487148834,-26.27605730462383,,,CIPLA LIMITED,0.38,2026-07-31 17:15:30
0,TATACONSUMEQN,-12.1,TATACONSUM,EQ,N,1082.1,1479617,1098.9,1098.9,1081.0,1094.2,1605650776.06,1282.7,1007.2,702721860608.4,2026-07-31 16:00:29,0,0.83,0.6,31-Jul-2025,30-Jun-2026,15.638886723318,-7.436457505957109,,,TATA CONSUMER PRODUCTS LIMITED,-1.11,2026-07-31 17:15:30
0,SBILIFEEQN,13.0,SBILIFE,EQ,N,1890.5,723852,1885.0,1898.9,1870.6,1877.5,1362731013.72,2132.0,1700.4,847141635630.89,2026-07-31 16:00:29,0,2.71,7.07,31-Jul-2025,30-Jun-2026,11.327392120075046,-11.179722418254528,,,SBI LIFE INSURANCE COMPANY LIMITED,0.69,2026-07-31 17:15:30
0,DRREDDYEQN,0.7,DRREDDY,EQ,N,1145.5,1085841,1152.0,1154.3,1141.7,1144.8,1247468432.85,1414.9,1101.0,696327720239.81,2026-07-31 16:00:29,0,-9.82,-15.59,31-Jul-2025,30-Jun-2026,19.04021485617358,-4.041780199818347,,,DR. REDDY'S LABORATORIES LIMITED,0.06,2026-07-31 17:15:30
0,GRASIMEQN,-8.8,GRASIM,EQ,N,3096.0,309447,3115.7,3135.9,3092.6,3104.8,962197596.27,3246.0,2502.5,1164892382421.51,2026-07-31 16:00:29,0,12.73,-0.13,31-Jul-2025,30-Jun-2026,4.621072088724584,-23.716283716283716,,,GRASIM INDUSTRIES LIMITED,-0.28,2026-07-31 17:15:30
1,NIFTY 50,66.45,NIFTY 50,,,24383.6,411693361,24361.45,24429.4,24299.7,24317.15,344593107548.07,26373.2,22182.55,,2026-07-31 15:39:59,0,-1.55,2.17,30-Jul-2025,30-Jun-2026,7.54402196168838,-9.92243903428596,,,,0.27,2026-07-31 17:16:01
0,BAJFINANCEEQN,87.7,BAJFINANCE,EQ,N,1141.2,40814590,1095.0,1151.5,1083.6,1053.5,45855191865.0,1151.5,787.9,3050116590196.84,2026-07-31 16:00:29,0,29.51,13.58,31-Jul-2025,30-Jun-2026,0.8944854537559704,-44.840715826881585,,,BAJAJ FINANCE LIMITED,8.32,2026-07-31 17:16:01
0,M&MEQN,109.3,M&M,EQ,N,3393.0,6131873,3379.9,3457.0,3243.3,3283.7,20793058705.54,3839.9,2896.0,3020727107739.42,2026-07-31 16:00:29,0,5.93,10.56,31-Jul-2025,30-Jun-2026,11.638323914685278,-17.16160220994475,,,MAHINDRA & MAHINDRA LIMITED,3.33,2026-07-31 17:16:01
0,HDFCBANKEQN,-5.95,HDFCBANK,EQ,N,748.0,25522483,753.95,757.55,747.2,753.95,19132163706.46,1020.5,726.65,11425469642109.01,2026-07-31 16:00:29,0,-25.87,-6.26,31-Jul-2025,30-Jun-2026,26.702596766291034,-2.938140783045483,,,HDFC BANK LIMITED,-0.79,2026-07-31 17:16:01
0,INFYEQN,-25.2,INFY,EQ,N,1129.9,14367075,1118.9,1139.3,1107.2,1155.1,16207640978.25,1728.0,982.4,3952355998495.22,2026-07-31 16:00:29,0,-25.12,12.94,31-Jul-2025,30-Jun-2026,34.61226851851852,-15.014250814332248,,,INFOSYS LIMITED,-2.18,2026-07-31 17:16:01
0,BHARTIARTLEQN,11.2,BHARTIARTL,EQ,N,1968.0,6529385,1969.0,1976.4,1947.4,1956.8,12840492659.45,2174.5,1740.5,6111414809579.58,2026-07-31 16:00:29,0,2.81,6.26,31-Jul-2025,30-Jun-2026,9.496435962290182,-13.070956621660443,,,BHARTI AIRTEL LIMITED,0.57,2026-07-31 17:16:01
0,ICICIBANKEQN,0.0,ICICIBANK,EQ,N,1433.9,8752440,1434.3,1441.9,1431.4,1433.9,12559226253.6,1494.5,1187.6,10246272727072.93,2026-07-31 16:00:29,0,-3.21,4.27,31-Jul-2025,30-Jun-2026,4.054867848778856,-20.739306163691477,,,ICICI BANK LIMITED,0.0,2026-07-31 17:16:01
0,ETERNALEQN,-8.0,ETERNAL,EQ,N,302.65,36770653,312.5,316.0,301.8,310.65,11248142752.7,368.45,212.6,2181895886225.76,2026-07-31 16:00:29,0,-1.67,14.38,31-Jul-2025,30-Jun-2026,17.858596824535216,-42.35653809971778,,,ETERNAL LIMITED,-2.58,2026-07-31 17:16:01
0,RELIANCEEQN,12.1,RELIANCE,EQ,N,1305.0,8624996,1295.0,1309.7,1293.6,1292.9,11239146037.64,1611.8,1249.8,8791447476768.72,2026-07-31 16:00:29,0,-6.13,0.86,31-Jul-2025,30-Jun-2026,19.034619679861024,-4.416706673067691,,,RELIANCE INDUSTRIES LIMITED,0.94,2026-07-31 17:16:01
0,SBINEQN,2.3,SBIN,EQ,N,1027.6,10921417,1028.1,1034.3,1023.5,1025.3,11223394180.05,1234.7,786.55,4235650187126.72,2026-07-31 16:00:29,0,29.01,0.07,31-Jul-2025,30-Jun-2026,16.773305256337572,-30.64649418345941,,,STATE BANK OF INDIA,0.22,2026-07-31 17:16:01
0,JIOFINEQN,9.15,JIOFIN,EQ,N,256.1,42840807,247.5,257.06,247.0,246.95,10849005964.68,338.6,223.3,837937713842.85,2026-07-31 16:00:29,0,-22.22,8.32,31-Jul-2025,30-Jun-2026,24.365032486709982,-14.688759516345723,,,JIO FINANCIAL SERVICES LIMITED,3.71,2026-07-31 17:16:01
0,TCSEQN,-65.8,TCS,EQ,N,2366.0,4343683,2385.0,2391.0,2326.1,2431.8,10269552532.75,3350.0,1976.8,2408878051229.13,2026-07-31 16:00:29,0,-22.09,16.47,31-Jul-2025,30-Jun-2026,29.37313432835821,-19.688385269121813,,,TATA CONSULTANCY SERVICES LIMITED,-2.71,2026-07-31 17:16:01
0,SUNPHARMAEQN,-14.1,SUNPHARMA,EQ,N,1987.0,4954449,2016.4,2046.9,1965.3,2001.1,9927923084.16,2046.9,1548.0,2098105348208.53,2026-07-31 16:00:29,0,16.42,6.68,31-Jul-2025,30-Jun-2026,2.9263764717377496,-28.359173126614987,,,SUN PHARMACEUTICAL INDUSTRIES LIMITED,-0.7,2026-07-31 17:16:01
0,AXISBANKEQN,-1.8,AXISBANK,EQ,N,1227.1,7487936,1226.2,1239.7,1226.0,1228.9,9208139537.28,1418.3,1042.5,3515355583484.35,2026-07-31 16:00:29,0,14.85,-8.81,31-Jul-2025,30-Jun-2026,13.480927871395332,-17.707434052757794,,,AXIS BANK LIMITED,-0.15,2026-07-31 17:16:01
0,ADANIPORTSEQN,27.8,ADANIPORTS,EQ,N,1691.9,4703646,1674.0,1708.1,1650.0,1664.1,7953300948.48,1891.1,1290.5,1244688322067.03,2026-07-31 16:00:29,0,23.22,-6.54,31-Jul-2025,30-Jun-2026,10.533551901009995,-31.10422316931422,,,ADANI PORTS AND SPECIAL ECONOMIC ZONE LIMITED,1.67,2026-07-31 17:16:01
0,MARUTIEQN,52.0,MARUTI,EQ,N,14240.0,535417,14250.0,14348.0,14124.0,14188.0,7620343869.18,17370.0,12201.0,1852486627346.28,2026-07-31 16:00:29,0,12.94,0.89,31-Jul-2025,30-Jun-2026,18.0195739781232,-16.711744938939432,,,MARUTI SUZUKI INDIA LIMITED,0.37,2026-07-31 17:16:01
0,BAJAJFINSVEQN,121.6,BAJAJFINSV,EQ,N,2031.0,3731886,1932.0,2036.6,1930.0,1909.4,7473176352.72,2195.0,1597.0,1172501123973.76,2026-07-31 16:00:29,0,4.26,14.09,31-Jul-2025,30-Jun-2026,7.471526195899772,-27.175954915466498,,,BAJAJ FINSERV LIMITED,6.37,2026-07-31 17:16:01
0,LTEQN,0.3,LT,EQ,N,3938.0,1753377,3962.9,3973.1,3923.2,3937.7,6910128892.08,4440.0,3288.1,4596293830250.15,2026-07-31 16:00:29,0,8.29,-4.96,31-Jul-2025,30-Jun-2026,11.306306306306306,-19.76521395334692,,,LARSEN & TOUBRO LIMITED,0.01,2026-07-31 17:16:01
0,BELEQN,2.9,BEL,EQ,N,387.8,17114563,385.0,390.6,385.0,384.9,6639937007.11,473.45,361.2,1385098357970.31,2026-07-31 16:00:29,0,1.23,-5.83,31-Jul-2025,30-Jun-2026,18.09061146900412,-7.364341085271318,,,BHARAT ELECTRONICS LIMITED,0.75,2026-07-31 17:16:01
0,SHRIRAMFINEQN,19.0,SHRIRAMFIN,EQ,N,1046.2,6318223,1029.2,1054.6,1029.1,1027.2,6604817595.28,1108.0,566.5,1461159431376.02,2026-07-31 16:00:29,0,65.84,0.39,31-Jul-2025,30-Jun-2026,5.577617328519856,-84.67784642541925,,,SHRIRAM FINANCE LIMITED,1.85,2026-07-31 17:16:01
0,TATASTEELEQN,3.07,TATASTEEL,EQ,N,189.99,34249584,188.25,191.84,186.31,186.92,6482076267.84,224.4,152.51,1566080041779.53,2026-07-31 16:00:29,0,20.29,1.03,31-Jul-2025,30-Jun-2026,15.334224598930481,-24.575437676217952,,,TATA STEEL LIMITED,1.64,2026-07-31 17:16:01
0,HDFCLIFEEQN,5.5,HDFCLIFE,EQ,N,550.9,11438476,548.7,550.9,544.05,545.4,6251470288.28,815.0,543.0,594951827559.66,2026-07-31 16:00:29,0,-27.08,-4.33,31-Jul-2025,30-Jun-2026,32.40490797546012,-1.4548802946593002,,,HDFC LIFE INSURANCE COMPANY LIMITED,1.01,2026-07-31 17:16:01
0,EICHERMOTEQN,4.5,EICHERMOT,EQ,N,7835.0,720608,7899.0,7899.0,7794.0,7912.5,5651288973.12,8230.0,5386.5,1076763527952.38,2026-07-31 16:00:29,0,43.28,10.77,31-Jul-2025,30-Jun-2026,4.79951397326853,-45.45623317553142,,,EICHER MOTORS LIMITED,0.06,2026-07-31 17:16:01
0,TECHMEQN,-15.1,TECHM,EQ,N,1653.9,3355677,1620.0,1661.5,1610.5,1669.0,5533947611.01,1854.0,1304.1,1047462570903.24,2026-07-31 16:00:29,0,12.99,17.74,31-Jul-2025,30-Jun-2026,10.792880258899677,-26.82309638831378,,,TECH MAHINDRA LIMITED,-0.9,2026-07-31 17:16:01
0,HINDALCOEQN,4.1,HINDALCO,EQ,N,974.5,5579336,979.8,988.0,971.05,970.4,5465461752.24,1176.0,657.5,1407031613248.04,2026-07-31 16:00:29,0,42.67,1.87,31-Jul-2025,30-Jun-2026,17.1343537414966,-48.21292775665399,,,HINDALCO INDUSTRIES LIMITED,0.42,2026-07-31 17:16:01
0,TITANEQN,35.0,TITAN,EQ,N,4885.0,1003314,4850.0,4886.0,4820.9,4850.0,4886269610.82,4886.0,3303.1,2011207412854.5,2026-07-31 16:00:29,0,45.94,10.92,31-Jul-2025,30-Jun-2026,0.020466639377814164,-47.89137476915625,,,TITAN COMPANY LIMITED,0.72,2026-07-31 17:16:01
0,ITCEQN,-4.05,ITC,EQ,N,281.0,16833813,285.55,285.8,280.05,285.05,4740738417.06,427.0,275.0,2701171021997.49,2026-07-31 16:00:29,0,-31.79,-2.07,31-Jul-2025,30-Jun-2026,34.19203747072599,-2.1818181818181817,,,ITC LIMITED,-1.42,2026-07-31 17:16:01
0,ULTRACEMCOEQN,37.0,ULTRACEMCO,EQ,N,11884.0,390471,11850.0,12009.0,11799.0,11847.0,4654398701.16,13110.0,10325.0,1402380302372.61,2026-07-31 16:00:29,0,-2.98,5.61,31-Jul-2025,30-Jun-2026,9.35163996948894,-15.099273607748184,,,ULTRATECH CEMENT LIMITED,0.31,2026-07-31 17:16:01
0,HCLTECHEQN,-7.0,HCLTECH,EQ,N,1345.7,3369019,1317.7,1356.5,1294.3,1352.7,4514856052.09,1780.1,1030.0,1414783221886.57,2026-07-31 16:00:29,0,-8.32,25.56,31-Jul-2025,30-Jun-2026,24.403123420032582,-30.650485436893202,,,HCL TECHNOLOGIES LIMITED,-0.52,2026-07-31 17:16:01
0,NESTLEINDEQN,-15.7,NESTLEIND,EQ,N,1505.0,2501825,1529.0,1529.0,1497.5,1520.7,3776880111.25,1532.6,1084.7,1076083204741.92,2026-07-31 16:00:29,0,33.91,7.1,31-Jul-2025,30-Jun-2026,1.800861281482448,-38.74804093297686,,,NESTLE INDIA LIMITED,-1.03,2026-07-31 17:16:01
0,HINDUNILVREQN,-8.5,HINDUNILVR,EQ,N,2099.4,1759019,2119.6,2119.6,2091.1,2107.9,3695910001.28,2750.0,2016.0,1857346204250.55,2026-07-31 16:00:29,0,-16.73,-0.89,31-Jul-2025,30-Jun-2026,23.658181818181816,-4.136904761904762,,,HINDUSTAN UNILEVER LIMITED,-0.4,2026-07-31 17:16:01
0,WIPROEQN,-2.58,WIPRO,EQ,N,183.75,18762810,184.85,185.24,180.83,186.33,3442037494.5,273.1,169.0,496242729074.09,2026-07-31 16:00:29,0,-26.0,7.84,31-Jul-2025,30-Jun-2026,32.716953496887584,-8.727810650887575,,,WIPRO LIMITED,-1.38,2026-07-31 17:16:01
0,NTPCEQN,1.75,NTPC,EQ,N,346.6,8519119,344.1,348.25,343.55,344.85,2949830144.94,414.4,315.55,1638579395627.3,2026-07-31 16:00:29,0,3.69,-2.82,31-Jul-2025,30-Jun-2026,16.361003861003862,-9.839961971161465,,,NTPC LIMITED,0.51,2026-07-31 17:16:01
0,TMPVEQN,5.9,TMPV,EQ,N,340.1,8527463,335.55,341.95,334.5,334.2,2885011282.16,739.7,294.3,708798407947.57,2026-07-31 16:00:29,0,-48.93,-3.44,31-Jul-2025,30-Jun-2026,54.02190077058267,-15.562351342167856,,,TATA MOTORS PASSENGER VEHICLES LIMITED,1.77,2026-07-31 17:16:01
0,KOTAKBANKEQN,-0.55,KOTAKBANK,EQ,N,388.85,7014637,390.2,391.85,388.0,389.4,2736129308.22,453.2,345.5,2855155315262.45,2026-07-31 16:00:29,0,-1.74,-0.87,31-Jul-2025,30-Jun-2026,14.199029126213592,-12.547033285094066,,,KOTAK MAHINDRA BANK LIMITED,-0.14,2026-07-31 17:16:01
0,ADANIENTEQN,-40.0,ADANIENT,EQ,N,3009.1,866401,3051.0,3067.5,3002.4,3049.1,2620282536.33,3245.0,1753.0,900854251871.76,2026-07-31 16:00:29,0,27.51,-0.89,31-Jul-2025,30-Jun-2026,7.269645608628659,-71.65430690245294,,,ADANI ENTERPRISES LIMITED,-1.31,2026-07-31 17:16:01
0,BAJAJ-AUTOEQN,87.0,BAJAJ-AUTO,EQ,N,11519.0,214380,11475.0,11590.0,11329.5,11432.0,2469406775.4,11590.0,7858.5,1272196271192.98,2026-07-31 16:00:29,0,43.84,18.56,31-Jul-2025,30-Jun-2026,0.6125970664365833,-46.58013615829993,,,BAJAJ AUTO LIMITED,0.76,2026-07-31 17:16:01
0,COALINDIAEQN,2.7,COALINDIA,EQ,N,414.4,5938134,413.0,415.1,410.15,417.2,2454824595.6,491.25,368.65,989838206030.73,2026-07-31 16:00:29,0,10.11,-5.61,31-Jul-2025,30-Jun-2026,15.643765903307887,-12.41014512410145,,,COAL INDIA LIMITED,0.66,2026-07-31 17:16:01
0,ASIANPAINTEQN,-8.2,ASIANPAINT,EQ,N,2738.0,891738,2773.9,2774.9,2732.4,2746.2,2452136821.92,2985.7,2115.0,1234734079154.01,2026-07-31 16:00:29,0,14.27,3.88,31-Jul-2025,30-Jun-2026,8.296211943597816,-29.45626477541371,,,ASIAN PAINTS LIMITED,-0.3,2026-07-31 17:16:01
0,ONGCEQN,0.71,ONGC,EQ,N,242.3,10070729,241.58,242.96,238.17,241.59,2428657005.64,307.5,227.65,938580915153.36,2026-07-31 16:00:29,0,0.54,3.15,31-Jul-2025,30-Jun-2026,21.203252032520325,-6.4353173731605535,,,OIL & NATURAL GAS CORPORATION LIMITED,0.29,2026-07-31 17:16:01
0,INDIGOEQN,-53.5,INDIGO,EQ,N,5177.0,462900,5260.0,5282.0,5137.5,5230.5,2408445555.0,6232.5,3895.2,1168589020665.79,2026-07-31 16:00:29,0,-12.41,-3.57,31-Jul-2025,30-Jun-2026,16.93541917368632,-32.907167796262065,,,INTERGLOBE AVIATION LIMITED,-1.02,2026-07-31 17:16:01
0,APOLLOHOSPEQN,-47.0,APOLLOHOSP,EQ,N,8941.0,268253,9025.0,9036.5,8931.0,8988.0,2405397825.7,9036.5,6696.5,917545742565.35,2026-07-31 16:00:29,0,19.25,2.98,31-Jul-2025,30-Jun-2026,1.0568250982128036,-33.517509146569104,,,APOLLO HOSPITALS ENTERPRISE LIMITED,-0.52,2026-07-31 17:16:01
0,MAXHEALTHEQN,-23.4,MAXHEALTH,EQ,N,1101.4,2055225,1126.0,1132.0,1091.2,1124.8,2274805239.0,1301.7,903.0,817434239392.71,2026-07-31 16:00:29,0,-11.61,-2.47,31-Jul-2025,30-Jun-2026,15.387570100637628,-21.971207087486157,,,MAX HEALTHCARE INSTITUTE LIMITED,-2.08,2026-07-31 17:16:01
0,POWERGRIDEQN,-1.5,POWERGRID,EQ,N,284.2,7804310,286.3,287.4,283.0,285.7,2217516643.4,324.95,250.0,1283415819519.24,2026-07-31 16:00:29,0,-2.34,-0.73,31-Jul-2025,30-Jun-2026,12.540390829358364,-13.68,,,POWER GRID CORPORATION OF INDIA LIMITED,-0.53,2026-07-31 17:16:01
0,JSWSTEELEQN,0.6,JSWSTEEL,EQ,N,1271.4,1449872,1276.4,1282.2,1262.0,1270.8,1840844483.52,1328.0,1018.0,1189165993877.79,2026-07-31 16:00:29,0,21.28,3.67,31-Jul-2025,30-Jun-2026,4.2620481927710845,-24.891944990176817,,,JSW STEEL LIMITED,0.05,2026-07-31 17:16:01
0,TRENTEQN,1.8,TRENT,EQ,N,3001.0,605222,3008.0,3026.7,2990.9,2999.2,1819714935.18,3782.67,2183.67,995770405603.35,2026-07-31 16:00:29,0,-10.29,-8.58,31-Jul-2025,30-Jun-2026,20.664504172978347,-37.42919030805937,,,TRENT LIMITED,0.06,2026-07-31 17:16:01
0,CIPLAEQN,5.6,CIPLA,EQ,N,1472.0,1223370,1473.4,1478.8,1462.3,1466.4,1801938374.1,1673.0,1165.7,825953873199.26,2026-07-31 16:00:29,0,-5.31,0.45,31-Jul-2025,30-Jun-2026,12.014345487148834,-26.27605730462383,,,CIPLA LIMITED,0.38,2026-07-31 17:16:01
0,TATACONSUMEQN,-12.1,TATACONSUM,EQ,N,1082.1,1479617,1098.9,1098.9,1081.0,1094.2,1605650776.06,1282.7,1007.2,702721860608.4,2026-07-31 16:00:29,0,0.83,0.6,31-Jul-2025,30-Jun-2026,15.638886723318,-7.436457505957109,,,TATA CONSUMER PRODUCTS LIMITED,-1.11,2026-07-31 17:16:01
0,SBILIFEEQN,13.0,SBILIFE,EQ,N,1890.5,723852,1885.0,1898.9,1870.6,1877.5,1362731013.72,2132.0,1700.4,847141635630.89,2026-07-31 16:00:29,0,2.71,7.07,31-Jul-2025,30-Jun-2026,11.327392120075046,-11.179722418254528,,,SBI LIFE INSURANCE COMPANY LIMITED,0.69,2026-07-31 17:16:01
0,DRREDDYEQN,0.7,DRREDDY,EQ,N,1145.5,1085841,1152.0,1154.3,1141.7,1144.8,1247468432.85,1414.9,1101.0,696327720239.81,2026-07-31 16:00:29,0,-9.82,-15.59,31-Jul-2025,30-Jun-2026,19.04021485617358,-4.041780199818347,,,DR. REDDY'S LABORATORIES LIMITED,0.06,2026-07-31 17:16:01
0,GRASIMEQN,-8.8,GRASIM,EQ,N,3096.0,309447,3115.7,3135.9,3092.6,3104.8,962197596.27,3246.0,2502.5,1164892382421.51,2026-07-31 16:00:29,0,12.73,-0.13,31-Jul-2025,30-Jun-2026,4.621072088724584,-23.716283716283716,,,GRASIM INDUSTRIES LIMITED,-0.28,2026-07-31 17:16:01
1,NIFTY 50,66.45,NIFTY 50,,,24383.6,411693361,24361.45,24429.4,24299.7,24317.15,344593107548.07,26373.2,22182.55,,2026-07-31 15:39:59,0,-1.55,2.17,30-Jul-2025,30-Jun-2026,7.54402196168838,-9.92243903428596,,,,0.27,2026-07-31 17:16:31
0,BAJFINANCEEQN,87.7,BAJFINANCE,EQ,N,1141.2,40814590,1095.0,1151.5,1083.6,1053.5,45855191865.0,1151.5,787.9,3050116590196.84,2026-07-31 16:00:29,0,29.51,13.58,31-Jul-2025,30-Jun-2026,0.8944854537559704,-44.840715826881585,,,BAJAJ FINANCE LIMITED,8.32,2026-07-31 17:16:31
0,M&MEQN,109.3,M&M,EQ,N,3393.0,6131873,3379.9,3457.0,3243.3,3283.7,20793058705.54,3839.9,2896.0,3020727107739.42,2026-07-31 16:00:29,0,5.93,10.56,31-Jul-2025,30-Jun-2026,11.638323914685278,-17.16160220994475,,,MAHINDRA & MAHINDRA LIMITED,3.33,2026-07-31 17:16:31
0,HDFCBANKEQN,-5.95,HDFCBANK,EQ,N,748.0,25522483,753.95,757.55,747.2,753.95,19132163706.46,1020.5,726.65,11425469642109.01,2026-07-31 16:00:29,0,-25.87,-6.26,31-Jul-2025,30-Jun-2026,26.702596766291034,-2.938140783045483,,,HDFC BANK LIMITED,-0.79,2026-07-31 17:16:31
0,INFYEQN,-25.2,INFY,EQ,N,1129.9,14367075,1118.9,1139.3,1107.2,1155.1,16207640978.25,1728.0,982.4,3952355998495.22,2026-07-31 16:00:29,0,-25.12,12.94,31-Jul-2025,30-Jun-2026,34.61226851851852,-15.014250814332248,,,INFOSYS LIMITED,-2.18,2026-07-31 17:16:31
0,BHARTIARTLEQN,11.2,BHARTIARTL,EQ,N,1968.0,6529385,1969.0,1976.4,1947.4,1956.8,12840492659.45,2174.5,1740.5,6111414809579.58,2026-07-31 16:00:29,0,2.81,6.26,31-Jul-2025,30-Jun-2026,9.496435962290182,-13.070956621660443,,,BHARTI AIRTEL LIMITED,0.57,2026-07-31 17:16:31
0,ICICIBANKEQN,0.0,ICICIBANK,EQ,N,1433.9,8752440,1434.3,1441.9,1431.4,1433.9,12559226253.6,1494.5,1187.6,10246272727072.93,2026-07-31 16:00:29,0,-3.21,4.27,31-Jul-2025,30-Jun-2026,4.054867848778856,-20.739306163691477,,,ICICI BANK LIMITED,0.0,2026-07-31 17:16:31
0,ETERNALEQN,-8.0,ETERNAL,EQ,N,302.65,36770653,312.5,316.0,301.8,310.65,11248142752.7,368.45,212.6,2181895886225.76,2026-07-31 16:00:29,0,-1.67,14.38,31-Jul-2025,30-Jun-2026,17.858596824535216,-42.35653809971778,,,ETERNAL LIMITED,-2.58,2026-07-31 17:16:31
0,RELIANCEEQN,12.1,RELIANCE,EQ,N,1305.0,8624996,1295.0,1309.7,1293.6,1292.9,11239146037.64,1611.8,1249.8,8791447476768.72,2026-07-31 16:00:29,0,-6.13,0.86,31-Jul-2025,30-Jun-2026,19.034619679861024,-4.416706673067691,,,RELIANCE INDUSTRIES LIMITED,0.94,2026-07-31 17:16:31
0,SBINEQN,2.3,SBIN,EQ,N,1027.6,10921417,1028.1,1034.3,1023.5,1025.3,11223394180.05,1234.7,786.55,4235650187126.72,2026-07-31 16:00:29,0,29.01,0.07,31-Jul-2025,30-Jun-2026,16.773305256337572,-30.64649418345941,,,STATE BANK OF INDIA,0.22,2026-07-31 17:16:31
0,JIOFINEQN,9.15,JIOFIN,EQ,N,256.1,42840807,247.5,257.06,247.0,246.95,10849005964.68,338.6,223.3,837937713842.85,2026-07-31 16:00:29,0,-22.22,8.32,31-Jul-2025,30-Jun-2026,24.365032486709982,-14.688759516345723,,,JIO FINANCIAL SERVICES LIMITED,3.71,2026-07-31 17:16:31
0,TCSEQN,-65.8,TCS,EQ,N,2366.0,4343683,2385.0,2391.0,2326.1,2431.8,10269552532.75,3350.0,1976.8,2408878051229.13,2026-07-31 16:00:29,0,-22.09,16.47,31-Jul-2025,30-Jun-2026,29.37313432835821,-19.688385269121813,,,TATA CONSULTANCY SERVICES LIMITED,-2.71,2026-07-31 17:16:31
0,SUNPHARMAEQN,-14.1,SUNPHARMA,EQ,N,1987.0,4954449,2016.4,2046.9,1965.3,2001.1,9927923084.16,2046.9,1548.0,2098105348208.53,2026-07-31 16:00:29,0,16.42,6.68,31-Jul-2025,30-Jun-2026,2.9263764717377496,-28.359173126614987,,,SUN PHARMACEUTICAL INDUSTRIES LIMITED,-0.7,2026-07-31 17:16:31
0,AXISBANKEQN,-1.8,AXISBANK,EQ,N,1227.1,7487936,1226.2,1239.7,1226.0,1228.9,9208139537.28,1418.3,1042.5,3515355583484.35,2026-07-31 16:00:29,0,14.85,-8.81,31-Jul-2025,30-Jun-2026,13.480927871395332,-17.707434052757794,,,AXIS BANK LIMITED,-0.15,2026-07-31 17:16:31
0,ADANIPORTSEQN,27.8,ADANIPORTS,EQ,N,1691.9,4703646,1674.0,1708.1,1650.0,1664.1,7953300948.48,1891.1,1290.5,1244688322067.03,2026-07-31 16:00:29,0,23.22,-6.54,31-Jul-2025,30-Jun-2026,10.533551901009995,-31.10422316931422,,,ADANI PORTS AND SPECIAL ECONOMIC ZONE LIMITED,1.67,2026-07-31 17:16:31
0,MARUTIEQN,52.0,MARUTI,EQ,N,14240.0,535417,14250.0,14348.0,14124.0,14188.0,7620343869.18,17370.0,12201.0,1852486627346.28,2026-07-31 16:00:29,0,12.94,0.89,31-Jul-2025,30-Jun-2026,18.0195739781232,-16.711744938939432,,,MARUTI SUZUKI INDIA LIMITED,0.37,2026-07-31 17:16:31
0,BAJAJFINSVEQN,121.6,BAJAJFINSV,EQ,N,2031.0,3731886,1932.0,2036.6,1930.0,1909.4,7473176352.72,2195.0,1597.0,1172501123973.76,2026-07-31 16:00:29,0,4.26,14.09,31-Jul-2025,30-Jun-2026,7.471526195899772,-27.175954915466498,,,BAJAJ FINSERV LIMITED,6.37,2026-07-31 17:16:31
0,LTEQN,0.3,LT,EQ,N,3938.0,1753377,3962.9,3973.1,3923.2,3937.7,6910128892.08,4440.0,3288.1,4596293830250.15,2026-07-31 16:00:29,0,8.29,-4.96,31-Jul-2025,30-Jun-2026,11.306306306306306,-19.76521395334692,,,LARSEN & TOUBRO LIMITED,0.01,2026-07-31 17:16:31
0,BELEQN,2.9,BEL,EQ,N,387.8,17114563,385.0,390.6,385.0,384.9,6639937007.11,473.45,361.2,1385098357970.31,2026-07-31 16:00:29,0,1.23,-5.83,31-Jul-2025,30-Jun-2026,18.09061146900412,-7.364341085271318,,,BHARAT ELECTRONICS LIMITED,0.75,2026-07-31 17:16:31
0,SHRIRAMFINEQN,19.0,SHRIRAMFIN,EQ,N,1046.2,6318223,1029.2,1054.6,1029.1,1027.2,6604817595.28,1108.0,566.5,1461159431376.02,2026-07-31 16:00:29,0,65.84,0.39,31-Jul-2025,30-Jun-2026,5.577617328519856,-84.67784642541925,,,SHRIRAM FINANCE LIMITED,1.85,2026-07-31 17:16:31
0,TATASTEELEQN,3.07,TATASTEEL,EQ,N,189.99,34249584,188.25,191.84,186.31,186.92,6482076267.84,224.4,152.51,1566080041779.53,2026-07-31 16:00:29,0,20.29,1.03,31-Jul-2025,30-Jun-2026,15.334224598930481,-24.575437676217952,,,TATA STEEL LIMITED,1.64,2026-07-31 17:16:31
0,HDFCLIFEEQN,5.5,HDFCLIFE,EQ,N,550.9,11438476,548.7,550.9,544.05,545.4,6251470288.28,815.0,543.0,594951827559.66,2026-07-31 16:00:29,0,-27.08,-4.33,31-Jul-2025,30-Jun-2026,32.40490797546012,-1.4548802946593002,,,HDFC LIFE INSURANCE COMPANY LIMITED,1.01,2026-07-31 17:16:31
0,EICHERMOTEQN,4.5,EICHERMOT,EQ,N,7835.0,720608,7899.0,7899.0,7794.0,7912.5,5651288973.12,8230.0,5386.5,1076763527952.38,2026-07-31 16:00:29,0,43.28,10.77,31-Jul-2025,30-Jun-2026,4.79951397326853,-45.45623317553142,,,EICHER MOTORS LIMITED,0.06,2026-07-31 17:16:31
0,TECHMEQN,-15.1,TECHM,EQ,N,1653.9,3355677,1620.0,1661.5,1610.5,1669.0,5533947611.01,1854.0,1304.1,1047462570903.24,2026-07-31 16:00:29,0,12.99,17.74,31-Jul-2025,30-Jun-2026,10.792880258899677,-26.82309638831378,,,TECH MAHINDRA LIMITED,-0.9,2026-07-31 17:16:31
0,HINDALCOEQN,4.1,HINDALCO,EQ,N,974.5,5579336,979.8,988.0,971.05,970.4,5465461752.24,1176.0,657.5,1407031613248.04,2026-07-31 16:00:29,0,42.67,1.87,31-Jul-2025,30-Jun-2026,17.1343537414966,-48.21292775665399,,,HINDALCO INDUSTRIES LIMITED,0.42,2026-07-31 17:16:31
0,TITANEQN,35.0,TITAN,EQ,N,4885.0,1003314,4850.0,4886.0,4820.9,4850.0,4886269610.82,4886.0,3303.1,2011207412854.5,2026-07-31 16:00:29,0,45.94,10.92,31-Jul-2025,30-Jun-2026,0.020466639377814164,-47.89137476915625,,,TITAN COMPANY LIMITED,0.72,2026-07-31 17:16:31
0,ITCEQN,-4.05,ITC,EQ,N,281.0,16833813,285.55,285.8,280.05,285.05,4740738417.06,427.0,275.0,2701171021997.49,2026-07-31 16:00:29,0,-31.79,-2.07,31-Jul-2025,30-Jun-2026,34.19203747072599,-2.1818181818181817,,,ITC LIMITED,-1.42,2026-07-31 17:16:31
0,ULTRACEMCOEQN,37.0,ULTRACEMCO,EQ,N,11884.0,390471,11850.0,12009.0,11799.0,11847.0,4654398701.16,13110.0,10325.0,1402380302372.61,2026-07-31 16:00:29,0,-2.98,5.61,31-Jul-2025,30-Jun-2026,9.35163996948894,-15.099273607748184,,,ULTRATECH CEMENT LIMITED,0.31,2026-07-31 17:16:31
0,HCLTECHEQN,-7.0,HCLTECH,EQ,N,1345.7,3369019,1317.7,1356.5,1294.3,1352.7,4514856052.09,1780.1,1030.0,1414783221886.57,2026-07-31 16:00:29,0,-8.32,25.56,31-Jul-2025,30-Jun-2026,24.403123420032582,-30.650485436893202,,,HCL TECHNOLOGIES LIMITED,-0.52,2026-07-31 17:16:31
0,NESTLEINDEQN,-15.7,NESTLEIND,EQ,N,1505.0,2501825,1529.0,1529.0,1497.5,1520.7,3776880111.25,1532.6,1084.7,1076083204741.92,2026-07-31 16:00:29,0,33.91,7.1,31-Jul-2025,30-Jun-2026,1.800861281482448,-38.74804093297686,,,NESTLE INDIA LIMITED,-1.03,2026-07-31 17:16:31
0,HINDUNILVREQN,-8.5,HINDUNILVR,EQ,N,2099.4,1759019,2119.6,2119.6,2091.1,2107.9,3695910001.28,2750.0,2016.0,1857346204250.55,2026-07-31 16:00:29,0,-16.73,-0.89,31-Jul-2025,30-Jun-2026,23.658181818181816,-4.136904761904762,,,HINDUSTAN UNILEVER LIMITED,-0.4,2026-07-31 17:16:31
0,WIPROEQN,-2.58,WIPRO,EQ,N,183.75,18762810,184.85,185.24,180.83,186.33,3442037494.5,273.1,169.0,496242729074.09,2026-07-31 16:00:29,0,-26.0,7.84,31-Jul-2025,30-Jun-2026,32.716953496887584,-8.727810650887575,,,WIPRO LIMITED,-1.38,2026-07-31 17:16:31
0,NTPCEQN,1.75,NTPC,EQ,N,346.6,8519119,344.1,348.25,343.55,344.85,2949830144.94,414.4,315.55,1638579395627.3,2026-07-31 16:00:29,0,3.69,-2.82,31-Jul-2025,30-Jun-2026,16.361003861003862,-9.839961971161465,,,NTPC LIMITED,0.51,2026-07-31 17:16:31
0,TMPVEQN,5.9,TMPV,EQ,N,340.1,8527463,335.55,341.95,334.5,334.2,2885011282.16,739.7,294.3,708798407947.57,2026-07-31 16:00:29,0,-48.93,-3.44,31-Jul-2025,30-Jun-2026,54.02190077058267,-15.562351342167856,,,TATA MOTORS PASSENGER VEHICLES LIMITED,1.77,2026-07-31 17:16:31
0,KOTAKBANKEQN,-0.55,KOTAKBANK,EQ,N,388.85,7014637,390.2,391.85,388.0,389.4,2736129308.22,453.2,345.5,2855155315262.45,2026-07-31 16:00:29,0,-1.74,-0.87,31-Jul-2025,30-Jun-2026,14.199029126213592,-12.547033285094066,,,KOTAK MAHINDRA BANK LIMITED,-0.14,2026-07-31 17:16:31
0,ADANIENTEQN,-40.0,ADANIENT,EQ,N,3009.1,866401,3051.0,3067.5,3002.4,3049.1,2620282536.33,3245.0,1753.0,900854251871.76,2026-07-31 16:00:29,0,27.51,-0.89,31-Jul-2025,30-Jun-2026,7.269645608628659,-71.65430690245294,,,ADANI ENTERPRISES LIMITED,-1.31,2026-07-31 17:16:31
0,BAJAJ-AUTOEQN,87.0,BAJAJ-AUTO,EQ,N,11519.0,214380,11475.0,11590.0,11329.5,11432.0,2469406775.4,11590.0,7858.5,1272196271192.98,2026-07-31 16:00:29,0,43.84,18.56,31-Jul-2025,30-Jun-2026,0.6125970664365833,-46.58013615829993,,,BAJAJ AUTO LIMITED,0.76,2026-07-31 17:16:31
0,COALINDIAEQN,2.7,COALINDIA,EQ,N,414.4,5938134,413.0,415.1,410.15,417.2,2454824595.6,491.25,368.65,989838206030.73,2026-07-31 16:00:29,0,10.11,-5.61,31-Jul-2025,30-Jun-2026,15.643765903307887,-12.41014512410145,,,COAL INDIA LIMITED,0.66,2026-07-31 17:16:31
0,ASIANPAINTEQN,-8.2,ASIANPAINT,EQ,N,2738.0,891738,2773.9,2774.9,2732.4,2746.2,2452136821.92,2985.7,2115.0,1234734079154.01,2026-07-31 16:00:29,0,14.27,3.88,31-Jul-2025,30-Jun-2026,8.296211943597816,-29.45626477541371,,,ASIAN PAINTS LIMITED,-0.3,2026-07-31 17:16:31
0,ONGCEQN,0.71,ONGC,EQ,N,242.3,10070729,241.58,242.96,238.17,241.59,2428657005.64,307.5,227.65,938580915153.36,2026-07-31 16:00:29,0,0.54,3.15,31-Jul-2025,30-Jun-2026,21.203252032520325,-6.4353173731605535,,,OIL & NATURAL GAS CORPORATION LIMITED,0.29,2026-07-31 17:16:31
0,INDIGOEQN,-53.5,INDIGO,EQ,N,5177.0,462900,5260.0,5282.0,5137.5,5230.5,2408445555.0,6232.5,3895.2,1168589020665.79,2026-07-31 16:00:29,0,-12.41,-3.57,31-Jul-2025,30-Jun-2026,16.93541917368632,-32.907167796262065,,,INTERGLOBE AVIATION LIMITED,-1.02,2026-07-31 17:16:31
0,APOLLOHOSPEQN,-47.0,APOLLOHOSP,EQ,N,8941.0,268253,9025.0,9036.5,8931.0,8988.0,2405397825.7,9036.5,6696.5,917545742565.35,2026-07-31 16:00:29,0,19.25,2.98,31-Jul-2025,30-Jun-2026,1.0568250982128036,-33.517509146569104,,,APOLLO HOSPITALS ENTERPRISE LIMITED,-0.52,2026-07-31 17:16:31
0,MAXHEALTHEQN,-23.4,MAXHEALTH,EQ,N,1101.4,2055225,1126.0,1132.0,1091.2,1124.8,2274805239.0,1301.7,903.0,817434239392.71,2026-07-31 16:00:29,0,-11.61,-2.47,31-Jul-2025,30-Jun-2026,15.387570100637628,-21.971207087486157,,,MAX HEALTHCARE INSTITUTE LIMITED,-2.08,2026-07-31 17:16:31
0,POWERGRIDEQN,-1.5,POWERGRID,EQ,N,284.2,7804310,286.3,287.4,283.0,285.7,2217516643.4,324.95,250.0,1283415819519.24,2026-07-31 16:00:29,0,-2.34,-0.73,31-Jul-2025,30-Jun-2026,12.540390829358364,-13.68,,,POWER GRID CORPORATION OF INDIA LIMITED,-0.53,2026-07-31 17:16:31
0,JSWSTEELEQN,0.6,JSWSTEEL,EQ,N,1271.4,1449872,1276.4,1282.2,1262.0,1270.8,1840844483.52,1328.0,1018.0,1189165993877.79,2026-07-31 16:00:29,0,21.28,3.67,31-Jul-2025,30-Jun-2026,4.2620481927710845,-24.891944990176817,,,JSW STEEL LIMITED,0.05,2026-07-31 17:16:31
0,TRENTEQN,1.8,TRENT,EQ,N,3001.0,605222,3008.0,3026.7,2990.9,2999.2,1819714935.18,3782.67,2183.67,995770405603.35,2026-07-31 16:00:29,0,-10.29,-8.58,31-Jul-2025,30-Jun-2026,20.664504172978347,-37.42919030805937,,,TRENT LIMITED,0.06,2026-07-31 17:16:31
0,CIPLAEQN,5.6,CIPLA,EQ,N,1472.0,1223370,1473.4,1478.8,1462.3,1466.4,1801938374.1,1673.0,1165.7,825953873199.26,2026-07-31 16:00:29,0,-5.31,0.45,31-Jul-2025,30-Jun-2026,12.014345487148834,-26.27605730462383,,,CIPLA LIMITED,0.38,2026-07-31 17:16:31
0,TATACONSUMEQN,-12.1,TATACONSUM,EQ,N,1082.1,1479617,1098.9,1098.9,1081.0,1094.2,1605650776.06,1282.7,1007.2,702721860608.4,2026-07-31 16:00:29,0,0.83,0.6,31-Jul-2025,30-Jun-2026,15.638886723318,-7.436457505957109,,,TATA CONSUMER PRODUCTS LIMITED,-1.11,2026-07-31 17:16:31
0,SBILIFEEQN,13.0,SBILIFE,EQ,N,1890.5,723852,1885.0,1898.9,1870.6,1877.5,1362731013.72,2132.0,1700.4,847141635630.89,2026-07-31 16:00:29,0,2.71,7.07,31-Jul-2025,30-Jun-2026,11.327392120075046,-11.179722418254528,,,SBI LIFE INSURANCE COMPANY LIMITED,0.69,2026-07-31 17:16:31
0,DRREDDYEQN,0.7,DRREDDY,EQ,N,1145.5,1085841,1152.0,1154.3,1141.7,1144.8,1247468432.85,1414.9,1101.0,696327720239.81,2026-07-31 16:00:29,0,-9.82,-15.59,31-Jul-2025,30-Jun-2026,19.04021485617358,-4.041780199818347,,,DR. REDDY'S LABORATORIES LIMITED,0.06,2026-07-31 17:16:31
0,GRASIMEQN,-8.8,GRASIM,EQ,N,3096.0,309447,3115.7,3135.9,3092.6,3104.8,962197596.27,3246.0,2502.5,1164892382421.51,2026-07-31 16:00:29,0,12.73,-0.13,31-Jul-2025,30-Jun-2026,4.621072088724584,-23.716283716283716,,,GRASIM INDUSTRIES LIMITED,-0.28,2026-07-31 17:16:31
1,NIFTY 50,66.45,NIFTY 50,,,24383.6,411693361,24361.45,24429.4,24299.7,24317.15,344593107548.07,26373.2,22182.55,,2026-07-31 15:39:59,0,-1.55,2.17,30-Jul-2025,30-Jun-2026,7.54402196168838,-9.92243903428596,,,,0.27,2026-07-31 17:17:01
0,BAJFINANCEEQN,87.7,BAJFINANCE,EQ,N,1141.2,40814590,1095.0,1151.5,1083.6,1053.5,45855191865.0,1151.5,787.9,3050116590196.84,2026-07-31 16:00:29,0,29.51,13.58,31-Jul-2025,30-Jun-2026,0.8944854537559704,-44.840715826881585,,,BAJAJ FINANCE LIMITED,8.32,2026-07-31 17:17:01
0,M&MEQN,109.3,M&M,EQ,N,3393.0,6131873,3379.9,3457.0,3243.3,3283.7,20793058705.54,3839.9,2896.0,3020727107739.42,2026-07-31 16:00:29,0,5.93,10.56,31-Jul-2025,30-Jun-2026,11.638323914685278,-17.16160220994475,,,MAHINDRA & MAHINDRA LIMITED,3.33,2026-07-31 17:17:01
0,HDFCBANKEQN,-5.95,HDFCBANK,EQ,N,748.0,25522483,753.95,757.55,747.2,753.95,19132163706.46,1020.5,726.65,11425469642109.01,2026-07-31 16:00:29,0,-25.87,-6.26,31-Jul-2025,30-Jun-2026,26.702596766291034,-2.938140783045483,,,HDFC BANK LIMITED,-0.79,2026-07-31 17:17:01
0,INFYEQN,-25.2,INFY,EQ,N,1129.9,14367075,1118.9,1139.3,1107.2,1155.1,16207640978.25,1728.0,982.4,3952355998495.22,2026-07-31 16:00:29,0,-25.12,12.94,31-Jul-2025,30-Jun-2026,34.61226851851852,-15.014250814332248,,,INFOSYS LIMITED,-2.18,2026-07-31 17:17:01
0,BHARTIARTLEQN,11.2,BHARTIARTL,EQ,N,1968.0,6529385,1969.0,1976.4,1947.4,1956.8,12840492659.45,2174.5,1740.5,6111414809579.58,2026-07-31 16:00:29,0,2.81,6.26,31-Jul-2025,30-Jun-2026,9.496435962290182,-13.070956621660443,,,BHARTI AIRTEL LIMITED,0.57,2026-07-31 17:17:01
0,ICICIBANKEQN,0.0,ICICIBANK,EQ,N,1433.9,8752440,1434.3,1441.9,1431.4,1433.9,12559226253.6,1494.5,1187.6,10246272727072.93,2026-07-31 16:00:29,0,-3.21,4.27,31-Jul-2025,30-Jun-2026,4.054867848778856,-20.739306163691477,,,ICICI BANK LIMITED,0.0,2026-07-31 17:17:01
0,ETERNALEQN,-8.0,ETERNAL,EQ,N,302.65,36770653,312.5,316.0,301.8,310.65,11248142752.7,368.45,212.6,2181895886225.76,2026-07-31 16:00:29,0,-1.67,14.38,31-Jul-2025,30-Jun-2026,17.858596824535216,-42.35653809971778,,,ETERNAL LIMITED,-2.58,2026-07-31 17:17:01
0,RELIANCEEQN,12.1,RELIANCE,EQ,N,1305.0,8624996,1295.0,1309.7,1293.6,1292.9,11239146037.64,1611.8,1249.8,8791447476768.72,2026-07-31 16:00:29,0,-6.13,0.86,31-Jul-2025,30-Jun-2026,19.034619679861024,-4.416706673067691,,,RELIANCE INDUSTRIES LIMITED,0.94,2026-07-31 17:17:01
0,SBINEQN,2.3,SBIN,EQ,N,1027.6,10921417,1028.1,1034.3,1023.5,1025.3,11223394180.05,1234.7,786.55,4235650187126.72,2026-07-31 16:00:29,0,29.01,0.07,31-Jul-2025,30-Jun-2026,16.773305256337572,-30.64649418345941,,,STATE BANK OF INDIA,0.22,2026-07-31 17:17:01
0,JIOFINEQN,9.15,JIOFIN,EQ,N,256.1,42840807,247.5,257.06,247.0,246.95,10849005964.68,338.6,223.3,837937713842.85,2026-07-31 16:00:29,0,-22.22,8.32,31-Jul-2025,30-Jun-2026,24.365032486709982,-14.688759516345723,,,JIO FINANCIAL SERVICES LIMITED,3.71,2026-07-31 17:17:01
0,TCSEQN,-65.8,TCS,EQ,N,2366.0,4343683,2385.0,2391.0,2326.1,2431.8,10269552532.75,3350.0,1976.8,2408878051229.13,2026-07-31 16:00:29,0,-22.09,16.47,31-Jul-2025,30-Jun-2026,29.37313432835821,-19.688385269121813,,,TATA CONSULTANCY SERVICES LIMITED,-2.71,2026-07-31 17:17:01
0,SUNPHARMAEQN,-14.1,SUNPHARMA,EQ,N,1987.0,4954449,2016.4,2046.9,1965.3,2001.1,9927923084.16,2046.9,1548.0,2098105348208.53,2026-07-31 16:00:29,0,16.42,6.68,31-Jul-2025,30-Jun-2026,2.9263764717377496,-28.359173126614987,,,SUN PHARMACEUTICAL INDUSTRIES LIMITED,-0.7,2026-07-31 17:17:01
0,AXISBANKEQN,-1.8,AXISBANK,EQ,N,1227.1,7487936,1226.2,1239.7,1226.0,1228.9,9208139537.28,1418.3,1042.5,3515355583484.35,2026-07-31 16:00:29,0,14.85,-8.81,31-Jul-2025,30-Jun-2026,13.480927871395332,-17.707434052757794,,,AXIS BANK LIMITED,-0.15,2026-07-31 17:17:01
0,ADANIPORTSEQN,27.8,ADANIPORTS,EQ,N,1691.9,4703646,1674.0,1708.1,1650.0,1664.1,7953300948.48,1891.1,1290.5,1244688322067.03,2026-07-31 16:00:29,0,23.22,-6.54,31-Jul-2025,30-Jun-2026,10.533551901009995,-31.10422316931422,,,ADANI PORTS AND SPECIAL ECONOMIC ZONE LIMITED,1.67,2026-07-31 17:17:01
0,MARUTIEQN,52.0,MARUTI,EQ,N,14240.0,535417,14250.0,14348.0,14124.0,14188.0,7620343869.18,17370.0,12201.0,1852486627346.28,2026-07-31 16:00:29,0,12.94,0.89,31-Jul-2025,30-Jun-2026,18.0195739781232,-16.711744938939432,,,MARUTI SUZUKI INDIA LIMITED,0.37,2026-07-31 17:17:01
0,BAJAJFINSVEQN,121.6,BAJAJFINSV,EQ,N,2031.0,3731886,1932.0,2036.6,1930.0,1909.4,7473176352.72,2195.0,1597.0,1172501123973.76,2026-07-31 16:00:29,0,4.26,14.09,31-Jul-2025,30-Jun-2026,7.471526195899772,-27.175954915466498,,,BAJAJ FINSERV LIMITED,6.37,2026-07-31 17:17:01
0,LTEQN,0.3,LT,EQ,N,3938.0,1753377,3962.9,3973.1,3923.2,3937.7,6910128892.08,4440.0,3288.1,4596293830250.15,2026-07-31 16:00:29,0,8.29,-4.96,31-Jul-2025,30-Jun-2026,11.306306306306306,-19.76521395334692,,,LARSEN & TOUBRO LIMITED,0.01,2026-07-31 17:17:01
0,BELEQN,2.9,BEL,EQ,N,387.8,17114563,385.0,390.6,385.0,384.9,6639937007.11,473.45,361.2,1385098357970.31,2026-07-31 16:00:29,0,1.23,-5.83,31-Jul-2025,30-Jun-2026,18.09061146900412,-7.364341085271318,,,BHARAT ELECTRONICS LIMITED,0.75,2026-07-31 17:17:01
0,SHRIRAMFINEQN,19.0,SHRIRAMFIN,EQ,N,1046.2,6318223,1029.2,1054.6,1029.1,1027.2,6604817595.28,1108.0,566.5,1461159431376.02,2026-07-31 16:00:29,0,65.84,0.39,31-Jul-2025,30-Jun-2026,5.577617328519856,-84.67784642541925,,,SHRIRAM FINANCE LIMITED,1.85,2026-07-31 17:17:01
0,TATASTEELEQN,3.07,TATASTEEL,EQ,N,189.99,34249584,188.25,191.84,186.31,186.92,6482076267.84,224.4,152.51,1566080041779.53,2026-07-31 16:00:29,0,20.29,1.03,31-Jul-2025,30-Jun-2026,15.334224598930481,-24.575437676217952,,,TATA STEEL LIMITED,1.64,2026-07-31 17:17:01
0,HDFCLIFEEQN,5.5,HDFCLIFE,EQ,N,550.9,11438476,548.7,550.9,544.05,545.4,6251470288.28,815.0,543.0,594951827559.66,2026-07-31 16:00:29,0,-27.08,-4.33,31-Jul-2025,30-Jun-2026,32.40490797546012,-1.4548802946593002,,,HDFC LIFE INSURANCE COMPANY LIMITED,1.01,2026-07-31 17:17:01
0,EICHERMOTEQN,4.5,EICHERMOT,EQ,N,7835.0,720608,7899.0,7899.0,7794.0,7912.5,5651288973.12,8230.0,5386.5,1076763527952.38,2026-07-31 16:00:29,0,43.28,10.77,31-Jul-2025,30-Jun-2026,4.79951397326853,-45.45623317553142,,,EICHER MOTORS LIMITED,0.06,2026-07-31 17:17:01
0,TECHMEQN,-15.1,TECHM,EQ,N,1653.9,3355677,1620.0,1661.5,1610.5,1669.0,5533947611.01,1854.0,1304.1,1047462570903.24,2026-07-31 16:00:29,0,12.99,17.74,31-Jul-2025,30-Jun-2026,10.792880258899677,-26.82309638831378,,,TECH MAHINDRA LIMITED,-0.9,2026-07-31 17:17:01
0,HINDALCOEQN,4.1,HINDALCO,EQ,N,974.5,5579336,979.8,988.0,971.05,970.4,5465461752.24,1176.0,657.5,1407031613248.04,2026-07-31 16:00:29,0,42.67,1.87,31-Jul-2025,30-Jun-2026,17.1343537414966,-48.21292775665399,,,HINDALCO INDUSTRIES LIMITED,0.42,2026-07-31 17:17:01
0,TITANEQN,35.0,TITAN,EQ,N,4885.0,1003314,4850.0,4886.0,4820.9,4850.0,4886269610.82,4886.0,3303.1,2011207412854.5,2026-07-31 16:00:29,0,45.94,10.92,31-Jul-2025,30-Jun-2026,0.020466639377814164,-47.89137476915625,,,TITAN COMPANY LIMITED,0.72,2026-07-31 17:17:01
0,ITCEQN,-4.05,ITC,EQ,N,281.0,16833813,285.55,285.8,280.05,285.05,4740738417.06,427.0,275.0,2701171021997.49,2026-07-31 16:00:29,0,-31.79,-2.07,31-Jul-2025,30-Jun-2026,34.19203747072599,-2.1818181818181817,,,ITC LIMITED,-1.42,2026-07-31 17:17:01
0,ULTRACEMCOEQN,37.0,ULTRACEMCO,EQ,N,11884.0,390471,11850.0,12009.0,11799.0,11847.0,4654398701.16,13110.0,10325.0,1402380302372.61,2026-07-31 16:00:29,0,-2.98,5.61,31-Jul-2025,30-Jun-2026,9.35163996948894,-15.099273607748184,,,ULTRATECH CEMENT LIMITED,0.31,2026-07-31 17:17:01
0,HCLTECHEQN,-7.0,HCLTECH,EQ,N,1345.7,3369019,1317.7,1356.5,1294.3,1352.7,4514856052.09,1780.1,1030.0,1414783221886.57,2026-07-31 16:00:29,0,-8.32,25.56,31-Jul-2025,30-Jun-2026,24.403123420032582,-30.650485436893202,,,HCL TECHNOLOGIES LIMITED,-0.52,2026-07-31 17:17:01
0,NESTLEINDEQN,-15.7,NESTLEIND,EQ,N,1505.0,2501825,1529.0,1529.0,1497.5,1520.7,3776880111.25,1532.6,1084.7,1076083204741.92,2026-07-31 16:00:29,0,33.91,7.1,31-Jul-2025,30-Jun-2026,1.800861281482448,-38.74804093297686,,,NESTLE INDIA LIMITED,-1.03,2026-07-31 17:17:01
0,HINDUNILVREQN,-8.5,HINDUNILVR,EQ,N,2099.4,1759019,2119.6,2119.6,2091.1,2107.9,3695910001.28,2750.0,2016.0,1857346204250.55,2026-07-31 16:00:29,0,-16.73,-0.89,31-Jul-2025,30-Jun-2026,23.658181818181816,-4.136904761904762,,,HINDUSTAN UNILEVER LIMITED,-0.4,2026-07-31 17:17:01
0,WIPROEQN,-2.58,WIPRO,EQ,N,183.75,18762810,184.85,185.24,180.83,186.33,3442037494.5,273.1,169.0,496242729074.09,2026-07-31 16:00:29,0,-26.0,7.84,31-Jul-2025,30-Jun-2026,32.716953496887584,-8.727810650887575,,,WIPRO LIMITED,-1.38,2026-07-31 17:17:01
0,NTPCEQN,1.75,NTPC,EQ,N,346.6,8519119,344.1,348.25,343.55,344.85,2949830144.94,414.4,315.55,1638579395627.3,2026-07-31 16:00:29,0,3.69,-2.82,31-Jul-2025,30-Jun-2026,16.361003861003862,-9.839961971161465,,,NTPC LIMITED,0.51,2026-07-31 17:17:01
0,TMPVEQN,5.9,TMPV,EQ,N,340.1,8527463,335.55,341.95,334.5,334.2,2885011282.16,739.7,294.3,708798407947.57,2026-07-31 16:00:29,0,-48.93,-3.44,31-Jul-2025,30-Jun-2026,54.02190077058267,-15.562351342167856,,,TATA MOTORS PASSENGER VEHICLES LIMITED,1.77,2026-07-31 17:17:01
0,KOTAKBANKEQN,-0.55,KOTAKBANK,EQ,N,388.85,7014637,390.2,391.85,388.0,389.4,2736129308.22,453.2,345.5,2855155315262.45,2026-07-31 16:00:29,0,-1.74,-0.87,31-Jul-2025,30-Jun-2026,14.199029126213592,-12.547033285094066,,,KOTAK MAHINDRA BANK LIMITED,-0.14,2026-07-31 17:17:01
0,ADANIENTEQN,-40.0,ADANIENT,EQ,N,3009.1,866401,3051.0,3067.5,3002.4,3049.1,2620282536.33,3245.0,1753.0,900854251871.76,2026-07-31 16:00:29,0,27.51,-0.89,31-Jul-2025,30-Jun-2026,7.269645608628659,-71.65430690245294,,,ADANI ENTERPRISES LIMITED,-1.31,2026-07-31 17:17:01
0,BAJAJ-AUTOEQN,87.0,BAJAJ-AUTO,EQ,N,11519.0,214380,11475.0,11590.0,11329.5,11432.0,2469406775.4,11590.0,7858.5,1272196271192.98,2026-07-31 16:00:29,0,43.84,18.56,31-Jul-2025,30-Jun-2026,0.6125970664365833,-46.58013615829993,,,BAJAJ AUTO LIMITED,0.76,2026-07-31 17:17:01
0,COALINDIAEQN,2.7,COALINDIA,EQ,N,414.4,5938134,413.0,415.1,410.15,417.2,2454824595.6,491.25,368.65,989838206030.73,2026-07-31 16:00:29,0,10.11,-5.61,31-Jul-2025,30-Jun-2026,15.643765903307887,-12.41014512410145,,,COAL INDIA LIMITED,0.66,2026-07-31 17:17:01
0,ASIANPAINTEQN,-8.2,ASIANPAINT,EQ,N,2738.0,891738,2773.9,2774.9,2732.4,2746.2,2452136821.92,2985.7,2115.0,1234734079154.01,2026-07-31 16:00:29,0,14.27,3.88,31-Jul-2025,30-Jun-2026,8.296211943597816,-29.45626477541371,,,ASIAN PAINTS LIMITED,-0.3,2026-07-31 17:17:01
0,ONGCEQN,0.71,ONGC,EQ,N,242.3,10070729,241.58,242.96,238.17,241.59,2428657005.64,307.5,227.65,938580915153.36,2026-07-31 16:00:29,0,0.54,3.15,31-Jul-2025,30-Jun-2026,21.203252032520325,-6.4353173731605535,,,OIL & NATURAL GAS CORPORATION LIMITED,0.29,2026-07-31 17:17:01
0,INDIGOEQN,-53.5,INDIGO,EQ,N,5177.0,462900,5260.0,5282.0,5137.5,5230.5,2408445555.0,6232.5,3895.2,1168589020665.79,2026-07-31 16:00:29,0,-12.41,-3.57,31-Jul-2025,30-Jun-2026,16.93541917368632,-32.907167796262065,,,INTERGLOBE AVIATION LIMITED,-1.02,2026-07-31 17:17:01
0,APOLLOHOSPEQN,-47.0,APOLLOHOSP,EQ,N,8941.0,268253,9025.0,9036.5,8931.0,8988.0,2405397825.7,9036.5,6696.5,917545742565.35,2026-07-31 16:00:29,0,19.25,2.98,31-Jul-2025,30-Jun-2026,1.0568250982128036,-33.517509146569104,,,APOLLO HOSPITALS ENTERPRISE LIMITED,-0.52,2026-07-31 17:17:01
0,MAXHEALTHEQN,-23.4,MAXHEALTH,EQ,N,1101.4,2055225,1126.0,1132.0,1091.2,1124.8,2274805239.0,1301.7,903.0,817434239392.71,2026-07-31 16:00:29,0,-11.61,-2.47,31-Jul-2025,30-Jun-2026,15.387570100637628,-21.971207087486157,,,MAX HEALTHCARE INSTITUTE LIMITED,-2.08,2026-07-31 17:17:01
0,POWERGRIDEQN,-1.5,POWERGRID,EQ,N,284.2,7804310,286.3,287.4,283.0,285.7,2217516643.4,324.95,250.0,1283415819519.24,2026-07-31 16:00:29,0,-2.34,-0.73,31-Jul-2025,30-Jun-2026,12.540390829358364,-13.68,,,POWER GRID CORPORATION OF INDIA LIMITED,-0.53,2026-07-31 17:17:01
0,JSWSTEELEQN,0.6,JSWSTEEL,EQ,N,1271.4,1449872,1276.4,1282.2,1262.0,1270.8,1840844483.52,1328.0,1018.0,1189165993877.79,2026-07-31 16:00:29,0,21.28,3.67,31-Jul-2025,30-Jun-2026,4.2620481927710845,-24.891944990176817,,,JSW STEEL LIMITED,0.05,2026-07-31 17:17:01
0,TRENTEQN,1.8,TRENT,EQ,N,3001.0,605222,3008.0,3026.7,2990.9,2999.2,1819714935.18,3782.67,2183.67,995770405603.35,2026-07-31 16:00:29,0,-10.29,-8.58,31-Jul-2025,30-Jun-2026,20.664504172978347,-37.42919030805937,,,TRENT LIMITED,0.06,2026-07-31 17:17:01
0,CIPLAEQN,5.6,CIPLA,EQ,N,1472.0,1223370,1473.4,1478.8,1462.3,1466.4,1801938374.1,1673.0,1165.7,825953873199.26,2026-07-31 16:00:29,0,-5.31,0.45,31-Jul-2025,30-Jun-2026,12.014345487148834,-26.27605730462383,,,CIPLA LIMITED,0.38,2026-07-31 17:17:01
0,TATACONSUMEQN,-12.1,TATACONSUM,EQ,N,1082.1,1479617,1098.9,1098.9,1081.0,1094.2,1605650776.06,1282.7,1007.2,702721860608.4,2026-07-31 16:00:29,0,0.83,0.6,31-Jul-2025,30-Jun-2026,15.638886723318,-7.436457505957109,,,TATA CONSUMER PRODUCTS LIMITED,-1.11,2026-07-31 17:17:01
0,SBILIFEEQN,13.0,SBILIFE,EQ,N,1890.5,723852,1885.0,1898.9,1870.6,1877.5,1362731013.72,2132.0,1700.4,847141635630.89,2026-07-31 16:00:29,0,2.71,7.07,31-Jul-2025,30-Jun-2026,11.327392120075046,-11.179722418254528,,,SBI LIFE INSURANCE COMPANY LIMITED,0.69,2026-07-31 17:17:01
0,DRREDDYEQN,0.7,DRREDDY,EQ,N,1145.5,1085841,1152.0,1154.3,1141.7,1144.8,1247468432.85,1414.9,1101.0,696327720239.81,2026-07-31 16:00:29,0,-9.82,-15.59,31-Jul-2025,30-Jun-2026,19.04021485617358,-4.041780199818347,,,DR. REDDY'S LABORATORIES LIMITED,0.06,2026-07-31 17:17:01
0,GRASIMEQN,-8.8,GRASIM,EQ,N,3096.0,309447,3115.7,3135.9,3092.6,3104.8,962197596.27,3246.0,2502.5,1164892382421.51,2026-07-31 16:00:29,0,12.73,-0.13,31-Jul-2025,30-Jun-2026,4.621072088724584,-23.716283716283716,,,GRASIM INDUSTRIES LIMITED,-0.28,2026-07-31 17:17:01
1,NIFTY 50,66.45,NIFTY 50,,,24383.6,411693361,24361.45,24429.4,24299.7,24317.15,344593107548.07,26373.2,22182.55,,2026-07-31 15:39:59,0,-1.55,2.17,30-Jul-2025,30-Jun-2026,7.54402196168838,-9.92243903428596,,,,0.27,2026-07-31 17:17:31
0,BAJFINANCEEQN,87.7,BAJFINANCE,EQ,N,1141.2,40814590,1095.0,1151.5,1083.6,1053.5,45855191865.0,1151.5,787.9,3050116590196.84,2026-07-31 16:00:29,0,29.51,13.58,31-Jul-2025,30-Jun-2026,0.8944854537559704,-44.840715826881585,,,BAJAJ FINANCE LIMITED,8.32,2026-07-31 17:17:31
0,M&MEQN,109.3,M&M,EQ,N,3393.0,6131873,3379.9,3457.0,3243.3,3283.7,20793058705.54,3839.9,2896.0,3020727107739.42,2026-07-31 16:00:29,0,5.93,10.56,31-Jul-2025,30-Jun-2026,11.638323914685278,-17.16160220994475,,,MAHINDRA & MAHINDRA LIMITED,3.33,2026-07-31 17:17:31
0,HDFCBANKEQN,-5.95,HDFCBANK,EQ,N,748.0,25522483,753.95,757.55,747.2,753.95,19132163706.46,1020.5,726.65,11425469642109.01,2026-07-31 16:00:29,0,-25.87,-6.26,31-Jul-2025,30-Jun-2026,26.702596766291034,-2.938140783045483,,,HDFC BANK LIMITED,-0.79,2026-07-31 17:17:31
0,INFYEQN,-25.2,INFY,EQ,N,1129.9,14367075,1118.9,1139.3,1107.2,1155.1,16207640978.25,1728.0,982.4,3952355998495.22,2026-07-31 16:00:29,0,-25.12,12.94,31-Jul-2025,30-Jun-2026,34.61226851851852,-15.014250814332248,,,INFOSYS LIMITED,-2.18,2026-07-31 17:17:31
0,BHARTIARTLEQN,11.2,BHARTIARTL,EQ,N,1968.0,6529385,1969.0,1976.4,1947.4,1956.8,12840492659.45,2174.5,1740.5,6111414809579.58,2026-07-31 16:00:29,0,2.81,6.26,31-Jul-2025,30-Jun-2026,9.496435962290182,-13.070956621660443,,,BHARTI AIRTEL LIMITED,0.57,2026-07-31 17:17:31
0,ICICIBANKEQN,0.0,ICICIBANK,EQ,N,1433.9,8752440,1434.3,1441.9,1431.4,1433.9,12559226253.6,1494.5,1187.6,10246272727072.93,2026-07-31 16:00:29,0,-3.21,4.27,31-Jul-2025,30-Jun-2026,4.054867848778856,-20.739306163691477,,,ICICI BANK LIMITED,0.0,2026-07-31 17:17:31
0,ETERNALEQN,-8.0,ETERNAL,EQ,N,302.65,36770653,312.5,316.0,301.8,310.65,11248142752.7,368.45,212.6,2181895886225.76,2026-07-31 16:00:29,0,-1.67,14.38,31-Jul-2025,30-Jun-2026,17.858596824535216,-42.35653809971778,,,ETERNAL LIMITED,-2.58,2026-07-31 17:17:31
0,RELIANCEEQN,12.1,RELIANCE,EQ,N,1305.0,8624996,1295.0,1309.7,1293.6,1292.9,11239146037.64,1611.8,1249.8,8791447476768.72,2026-07-31 16:00:29,0,-6.13,0.86,31-Jul-2025,30-Jun-2026,19.034619679861024,-4.416706673067691,,,RELIANCE INDUSTRIES LIMITED,0.94,2026-07-31 17:17:31
0,SBINEQN,2.3,SBIN,EQ,N,1027.6,10921417,1028.1,1034.3,1023.5,1025.3,11223394180.05,1234.7,786.55,4235650187126.72,2026-07-31 16:00:29,0,29.01,0.07,31-Jul-2025,30-Jun-2026,16.773305256337572,-30.64649418345941,,,STATE BANK OF INDIA,0.22,2026-07-31 17:17:31
0,JIOFINEQN,9.15,JIOFIN,EQ,N,256.1,42840807,247.5,257.06,247.0,246.95,10849005964.68,338.6,223.3,837937713842.85,2026-07-31 16:00:29,0,-22.22,8.32,31-Jul-2025,30-Jun-2026,24.365032486709982,-14.688759516345723,,,JIO FINANCIAL SERVICES LIMITED,3.71,2026-07-31 17:17:31
0,TCSEQN,-65.8,TCS,EQ,N,2366.0,4343683,2385.0,2391.0,2326.1,2431.8,10269552532.75,3350.0,1976.8,2408878051229.13,2026-07-31 16:00:29,0,-22.09,16.47,31-Jul-2025,30-Jun-2026,29.37313432835821,-19.688385269121813,,,TATA CONSULTANCY SERVICES LIMITED,-2.71,2026-07-31 17:17:31
0,SUNPHARMAEQN,-14.1,SUNPHARMA,EQ,N,1987.0,4954449,2016.4,2046.9,1965.3,2001.1,9927923084.16,2046.9,1548.0,2098105348208.53,2026-07-31 16:00:29,0,16.42,6.68,31-Jul-2025,30-Jun-2026,2.9263764717377496,-28.359173126614987,,,SUN PHARMACEUTICAL INDUSTRIES LIMITED,-0.7,2026-07-31 17:17:31
0,AXISBANKEQN,-1.8,AXISBANK,EQ,N,1227.1,7487936,1226.2,1239.7,1226.0,1228.9,9208139537.28,1418.3,1042.5,3515355583484.35,2026-07-31 16:00:29,0,14.85,-8.81,31-Jul-2025,30-Jun-2026,13.480927871395332,-17.707434052757794,,,AXIS BANK LIMITED,-0.15,2026-07-31 17:17:31
0,ADANIPORTSEQN,27.8,ADANIPORTS,EQ,N,1691.9,4703646,1674.0,1708.1,1650.0,1664.1,7953300948.48,1891.1,1290.5,1244688322067.03,2026-07-31 16:00:29,0,23.22,-6.54,31-Jul-2025,30-Jun-2026,10.533551901009995,-31.10422316931422,,,ADANI PORTS AND SPECIAL ECONOMIC ZONE LIMITED,1.67,2026-07-31 17:17:31
0,MARUTIEQN,52.0,MARUTI,EQ,N,14240.0,535417,14250.0,14348.0,14124.0,14188.0,7620343869.18,17370.0,12201.0,1852486627346.28,2026-07-31 16:00:29,0,12.94,0.89,31-Jul-2025,30-Jun-2026,18.0195739781232,-16.711744938939432,,,MARUTI SUZUKI INDIA LIMITED,0.37,2026-07-31 17:17:31
0,BAJAJFINSVEQN,121.6,BAJAJFINSV,EQ,N,2031.0,3731886,1932.0,2036.6,1930.0,1909.4,7473176352.72,2195.0,1597.0,1172501123973.76,2026-07-31 16:00:29,0,4.26,14.09,31-Jul-2025,30-Jun-2026,7.471526195899772,-27.175954915466498,,,BAJAJ FINSERV LIMITED,6.37,2026-07-31 17:17:31
0,LTEQN,0.3,LT,EQ,N,3938.0,1753377,3962.9,3973.1,3923.2,3937.7,6910128892.08,4440.0,3288.1,4596293830250.15,2026-07-31 16:00:29,0,8.29,-4.96,31-Jul-2025,30-Jun-2026,11.306306306306306,-19.76521395334692,,,LARSEN & TOUBRO LIMITED,0.01,2026-07-31 17:17:31
0,BELEQN,2.9,BEL,EQ,N,387.8,17114563,385.0,390.6,385.0,384.9,6639937007.11,473.45,361.2,1385098357970.31,2026-07-31 16:00:29,0,1.23,-5.83,31-Jul-2025,30-Jun-2026,18.09061146900412,-7.364341085271318,,,BHARAT ELECTRONICS LIMITED,0.75,2026-07-31 17:17:31
0,SHRIRAMFINEQN,19.0,SHRIRAMFIN,EQ,N,1046.2,6318223,1029.2,1054.6,1029.1,1027.2,6604817595.28,1108.0,566.5,1461159431376.02,2026-07-31 16:00:29,0,65.84,0.39,31-Jul-2025,30-Jun-2026,5.577617328519856,-84.67784642541925,,,SHRIRAM FINANCE LIMITED,1.85,2026-07-31 17:17:31
0,TATASTEELEQN,3.07,TATASTEEL,EQ,N,189.99,34249584,188.25,191.84,186.31,186.92,6482076267.84,224.4,152.51,1566080041779.53,2026-07-31 16:00:29,0,20.29,1.03,31-Jul-2025,30-Jun-2026,15.334224598930481,-24.575437676217952,,,TATA STEEL LIMITED,1.64,2026-07-31 17:17:31
0,HDFCLIFEEQN,5.5,HDFCLIFE,EQ,N,550.9,11438476,548.7,550.9,544.05,545.4,6251470288.28,815.0,543.0,594951827559.66,2026-07-31 16:00:29,0,-27.08,-4.33,31-Jul-2025,30-Jun-2026,32.40490797546012,-1.4548802946593002,,,HDFC LIFE INSURANCE COMPANY LIMITED,1.01,2026-07-31 17:17:31
0,EICHERMOTEQN,4.5,EICHERMOT,EQ,N,7835.0,720608,7899.0,7899.0,7794.0,7912.5,5651288973.12,8230.0,5386.5,1076763527952.38,2026-07-31 16:00:29,0,43.28,10.77,31-Jul-2025,30-Jun-2026,4.79951397326853,-45.45623317553142,,,EICHER MOTORS LIMITED,0.06,2026-07-31 17:17:31
0,TECHMEQN,-15.1,TECHM,EQ,N,1653.9,3355677,1620.0,1661.5,1610.5,1669.0,5533947611.01,1854.0,1304.1,1047462570903.24,2026-07-31 16:00:29,0,12.99,17.74,31-Jul-2025,30-Jun-2026,10.792880258899677,-26.82309638831378,,,TECH MAHINDRA LIMITED,-0.9,2026-07-31 17:17:31
0,HINDALCOEQN,4.1,HINDALCO,EQ,N,974.5,5579336,979.8,988.0,971.05,970.4,5465461752.24,1176.0,657.5,1407031613248.04,2026-07-31 16:00:29,0,42.67,1.87,31-Jul-2025,30-Jun-2026,17.1343537414966,-48.21292775665399,,,HINDALCO INDUSTRIES LIMITED,0.42,2026-07-31 17:17:31
0,TITANEQN,35.0,TITAN,EQ,N,4885.0,1003314,4850.0,4886.0,4820.9,4850.0,4886269610.82,4886.0,3303.1,2011207412854.5,2026-07-31 16:00:29,0,45.94,10.92,31-Jul-2025,30-Jun-2026,0.020466639377814164,-47.89137476915625,,,TITAN COMPANY LIMITED,0.72,2026-07-31 17:17:31
0,ITCEQN,-4.05,ITC,EQ,N,281.0,16833813,285.55,285.8,280.05,285.05,4740738417.06,427.0,275.0,2701171021997.49,2026-07-31 16:00:29,0,-31.79,-2.07,31-Jul-2025,30-Jun-2026,34.19203747072599,-2.1818181818181817,,,ITC LIMITED,-1.42,2026-07-31 17:17:31
0,ULTRACEMCOEQN,37.0,ULTRACEMCO,EQ,N,11884.0,390471,11850.0,12009.0,11799.0,11847.0,4654398701.16,13110.0,10325.0,1402380302372.61,2026-07-31 16:00:29,0,-2.98,5.61,31-Jul-2025,30-Jun-2026,9.35163996948894,-15.099273607748184,,,ULTRATECH CEMENT LIMITED,0.31,2026-07-31 17:17:31
0,HCLTECHEQN,-7.0,HCLTECH,EQ,N,1345.7,3369019,1317.7,1356.5,1294.3,1352.7,4514856052.09,1780.1,1030.0,1414783221886.57,2026-07-31 16:00:29,0,-8.32,25.56,31-Jul-2025,30-Jun-2026,24.403123420032582,-30.650485436893202,,,HCL TECHNOLOGIES LIMITED,-0.52,2026-07-31 17:17:31
0,NESTLEINDEQN,-15.7,NESTLEIND,EQ,N,1505.0,2501825,1529.0,1529.0,1497.5,1520.7,3776880111.25,1532.6,1084.7,1076083204741.92,2026-07-31 16:00:29,0,33.91,7.1,31-Jul-2025,30-Jun-2026,1.800861281482448,-38.74804093297686,,,NESTLE INDIA LIMITED,-1.03,2026-07-31 17:17:31
0,HINDUNILVREQN,-8.5,HINDUNILVR,EQ,N,2099.4,1759019,2119.6,2119.6,2091.1,2107.9,3695910001.28,2750.0,2016.0,1857346204250.55,2026-07-31 16:00:29,0,-16.73,-0.89,31-Jul-2025,30-Jun-2026,23.658181818181816,-4.136904761904762,,,HINDUSTAN UNILEVER LIMITED,-0.4,2026-07-31 17:17:31
0,WIPROEQN,-2.58,WIPRO,EQ,N,183.75,18762810,184.85,185.24,180.83,186.33,3442037494.5,273.1,169.0,496242729074.09,2026-07-31 16:00:29,0,-26.0,7.84,31-Jul-2025,30-Jun-2026,32.716953496887584,-8.727810650887575,,,WIPRO LIMITED,-1.38,2026-07-31 17:17:31
0,NTPCEQN,1.75,NTPC,EQ,N,346.6,8519119,344.1,348.25,343.55,344.85,2949830144.94,414.4,315.55,1638579395627.3,2026-07-31 16:00:29,0,3.69,-2.82,31-Jul-2025,30-Jun-2026,16.361003861003862,-9.839961971161465,,,NTPC LIMITED,0.51,2026-07-31 17:17:31
0,TMPVEQN,5.9,TMPV,EQ,N,340.1,8527463,335.55,341.95,334.5,334.2,2885011282.16,739.7,294.3,708798407947.57,2026-07-31 16:00:29,0,-48.93,-3.44,31-Jul-2025,30-Jun-2026,54.02190077058267,-15.562351342167856,,,TATA MOTORS PASSENGER VEHICLES LIMITED,1.77,2026-07-31 17:17:31
0,KOTAKBANKEQN,-0.55,KOTAKBANK,EQ,N,388.85,7014637,390.2,391.85,388.0,389.4,2736129308.22,453.2,345.5,2855155315262.45,2026-07-31 16:00:29,0,-1.74,-0.87,31-Jul-2025,30-Jun-2026,14.199029126213592,-12.547033285094066,,,KOTAK MAHINDRA BANK LIMITED,-0.14,2026-07-31 17:17:31
0,ADANIENTEQN,-40.0,ADANIENT,EQ,N,3009.1,866401,3051.0,3067.5,3002.4,3049.1,2620282536.33,3245.0,1753.0,900854251871.76,2026-07-31 16:00:29,0,27.51,-0.89,31-Jul-2025,30-Jun-2026,7.269645608628659,-71.65430690245294,,,ADANI ENTERPRISES LIMITED,-1.31,2026-07-31 17:17:31
0,BAJAJ-AUTOEQN,87.0,BAJAJ-AUTO,EQ,N,11519.0,214380,11475.0,11590.0,11329.5,11432.0,2469406775.4,11590.0,7858.5,1272196271192.98,2026-07-31 16:00:29,0,43.84,18.56,31-Jul-2025,30-Jun-2026,0.6125970664365833,-46.58013615829993,,,BAJAJ AUTO LIMITED,0.76,2026-07-31 17:17:31
0,COALINDIAEQN,2.7,COALINDIA,EQ,N,414.4,5938134,413.0,415.1,410.15,417.2,2454824595.6,491.25,368.65,989838206030.73,2026-07-31 16:00:29,0,10.11,-5.61,31-Jul-2025,30-Jun-2026,15.643765903307887,-12.41014512410145,,,COAL INDIA LIMITED,0.66,2026-07-31 17:17:31
0,ASIANPAINTEQN,-8.2,ASIANPAINT,EQ,N,2738.0,891738,2773.9,2774.9,2732.4,2746.2,2452136821.92,2985.7,2115.0,1234734079154.01,2026-07-31 16:00:29,0,14.27,3.88,31-Jul-2025,30-Jun-2026,8.296211943597816,-29.45626477541371,,,ASIAN PAINTS LIMITED,-0.3,2026-07-31 17:17:31
0,ONGCEQN,0.71,ONGC,EQ,N,242.3,10070729,241.58,242.96,238.17,241.59,2428657005.64,307.5,227.65,938580915153.36,2026-07-31 16:00:29,0,0.54,3.15,31-Jul-2025,30-Jun-2026,21.203252032520325,-6.4353173731605535,,,OIL & NATURAL GAS CORPORATION LIMITED,0.29,2026-07-31 17:17:31
0,INDIGOEQN,-53.5,INDIGO,EQ,N,5177.0,462900,5260.0,5282.0,5137.5,5230.5,2408445555.0,6232.5,3895.2,1168589020665.79,2026-07-31 16:00:29,0,-12.41,-3.57,31-Jul-2025,30-Jun-2026,16.93541917368632,-32.907167796262065,,,INTERGLOBE AVIATION LIMITED,-1.02,2026-07-31 17:17:31
0,APOLLOHOSPEQN,-47.0,APOLLOHOSP,EQ,N,8941.0,268253,9025.0,9036.5,8931.0,8988.0,2405397825.7,9036.5,6696.5,917545742565.35,2026-07-31 16:00:29,0,19.25,2.98,31-Jul-2025,30-Jun-2026,1.0568250982128036,-33.517509146569104,,,APOLLO HOSPITALS ENTERPRISE LIMITED,-0.52,2026-07-31 17:17:31
0,MAXHEALTHEQN,-23.4,MAXHEALTH,EQ,N,1101.4,2055225,1126.0,1132.0,1091.2,1124.8,2274805239.0,1301.7,903.0,817434239392.71,2026-07-31 16:00:29,0,-11.61,-2.47,31-Jul-2025,30-Jun-2026,15.387570100637628,-21.971207087486157,,,MAX HEALTHCARE INSTITUTE LIMITED,-2.08,2026-07-31 17:17:31
0,POWERGRIDEQN,-1.5,POWERGRID,EQ,N,284.2,7804310,286.3,287.4,283.0,285.7,2217516643.4,324.95,250.0,1283415819519.24,2026-07-31 16:00:29,0,-2.34,-0.73,31-Jul-2025,30-Jun-2026,12.540390829358364,-13.68,,,POWER GRID CORPORATION OF INDIA LIMITED,-0.53,2026-07-31 17:17:31
0,JSWSTEELEQN,0.6,JSWSTEEL,EQ,N,1271.4,1449872,1276.4,1282.2,1262.0,1270.8,1840844483.52,1328.0,1018.0,1189165993877.79,2026-07-31 16:00:29,0,21.28,3.67,31-Jul-2025,30-Jun-2026,4.2620481927710845,-24.891944990176817,,,JSW STEEL LIMITED,0.05,2026-07-31 17:17:31
0,TRENTEQN,1.8,TRENT,EQ,N,3001.0,605222,3008.0,3026.7,2990.9,2999.2,1819714935.18,3782.67,2183.67,995770405603.35,2026-07-31 16:00:29,0,-10.29,-8.58,31-Jul-2025,30-Jun-2026,20.664504172978347,-37.42919030805937,,,TRENT LIMITED,0.06,2026-07-31 17:17:31
0,CIPLAEQN,5.6,CIPLA,EQ,N,1472.0,1223370,1473.4,1478.8,1462.3,1466.4,1801938374.1,1673.0,1165.7,825953873199.26,2026-07-31 16:00:29,0,-5.31,0.45,31-Jul-2025,30-Jun-2026,12.014345487148834,-26.27605730462383,,,CIPLA LIMITED,0.38,2026-07-31 17:17:31
0,TATACONSUMEQN,-12.1,TATACONSUM,EQ,N,1082.1,1479617,1098.9,1098.9,1081.0,1094.2,1605650776.06,1282.7,1007.2,702721860608.4,2026-07-31 16:00:29,0,0.83,0.6,31-Jul-2025,30-Jun-2026,15.638886723318,-7.436457505957109,,,TATA CONSUMER PRODUCTS LIMITED,-1.11,2026-07-31 17:17:31
0,SBILIFEEQN,13.0,SBILIFE,EQ,N,1890.5,723852,1885.0,1898.9,1870.6,1877.5,1362731013.72,2132.0,1700.4,847141635630.89,2026-07-31 16:00:29,0,2.71,7.07,31-Jul-2025,30-Jun-2026,11.327392120075046,-11.179722418254528,,,SBI LIFE INSURANCE COMPANY LIMITED,0.69,2026-07-31 17:17:31
0,DRREDDYEQN,0.7,DRREDDY,EQ,N,1145.5,1085841,1152.0,1154.3,1141.7,1144.8,1247468432.85,1414.9,1101.0,696327720239.81,2026-07-31 16:00:29,0,-9.82,-15.59,31-Jul-2025,30-Jun-2026,19.04021485617358,-4.041780199818347,,,DR. REDDY'S LABORATORIES LIMITED,0.06,2026-07-31 17:17:31
0,GRASIMEQN,-8.8,GRASIM,EQ,N,3096.0,309447,3115.7,3135.9,3092.6,3104.8,962197596.27,3246.0,2502.5,1164892382421.51,2026-07-31 16:00:29,0,12.73,-0.13,31-Jul-2025,30-Jun-2026,4.621072088724584,-23.716283716283716,,,GRASIM INDUSTRIES LIMITED,-0.28,2026-07-31 17:17:31
1,NIFTY 50,66.45,NIFTY 50,,,24383.6,411693361,24361.45,24429.4,24299.7,24317.15,344593107548.07,26373.2,22182.55,,2026-07-31 15:39:59,0,-1.55,2.17,30-Jul-2025,30-Jun-2026,7.54402196168838,-9.92243903428596,,,,0.27,2026-07-31 17:18:01
0,BAJFINANCEEQN,87.7,BAJFINANCE,EQ,N,1141.2,40814590,1095.0,1151.5,1083.6,1053.5,45855191865.0,1151.5,787.9,3050116590196.84,2026-07-31 16:00:29,0,29.51,13.58,31-Jul-2025,30-Jun-2026,0.8944854537559704,-44.840715826881585,,,BAJAJ FINANCE LIMITED,8.32,2026-07-31 17:18:01
0,M&MEQN,109.3,M&M,EQ,N,3393.0,6131873,3379.9,3457.0,3243.3,3283.7,20793058705.54,3839.9,2896.0,3020727107739.42,2026-07-31 16:00:29,0,5.93,10.56,31-Jul-2025,30-Jun-2026,11.638323914685278,-17.16160220994475,,,MAHINDRA & MAHINDRA LIMITED,3.33,2026-07-31 17:18:01
0,HDFCBANKEQN,-5.95,HDFCBANK,EQ,N,748.0,25522483,753.95,757.55,747.2,753.95,19132163706.46,1020.5,726.65,11425469642109.01,2026-07-31 16:00:29,0,-25.87,-6.26,31-Jul-2025,30-Jun-2026,26.702596766291034,-2.938140783045483,,,HDFC BANK LIMITED,-0.79,2026-07-31 17:18:01
0,INFYEQN,-25.2,INFY,EQ,N,1129.9,14367075,1118.9,1139.3,1107.2,1155.1,16207640978.25,1728.0,982.4,3952355998495.22,2026-07-31 16:00:29,0,-25.12,12.94,31-Jul-2025,30-Jun-2026,34.61226851851852,-15.014250814332248,,,INFOSYS LIMITED,-2.18,2026-07-31 17:18:01
0,BHARTIARTLEQN,11.2,BHARTIARTL,EQ,N,1968.0,6529385,1969.0,1976.4,1947.4,1956.8,12840492659.45,2174.5,1740.5,6111414809579.58,2026-07-31 16:00:29,0,2.81,6.26,31-Jul-2025,30-Jun-2026,9.496435962290182,-13.070956621660443,,,BHARTI AIRTEL LIMITED,0.57,2026-07-31 17:18:01
0,ICICIBANKEQN,0.0,ICICIBANK,EQ,N,1433.9,8752440,1434.3,1441.9,1431.4,1433.9,12559226253.6,1494.5,1187.6,10246272727072.93,2026-07-31 16:00:29,0,-3.21,4.27,31-Jul-2025,30-Jun-2026,4.054867848778856,-20.739306163691477,,,ICICI BANK LIMITED,0.0,2026-07-31 17:18:01
0,ETERNALEQN,-8.0,ETERNAL,EQ,N,302.65,36770653,312.5,316.0,301.8,310.65,11248142752.7,368.45,212.6,2181895886225.76,2026-07-31 16:00:29,0,-1.67,14.38,31-Jul-2025,30-Jun-2026,17.858596824535216,-42.35653809971778,,,ETERNAL LIMITED,-2.58,2026-07-31 17:18:01
0,RELIANCEEQN,12.1,RELIANCE,EQ,N,1305.0,8624996,1295.0,1309.7,1293.6,1292.9,11239146037.64,1611.8,1249.8,8791447476768.72,2026-07-31 16:00:29,0,-6.13,0.86,31-Jul-2025,30-Jun-2026,19.034619679861024,-4.416706673067691,,,RELIANCE INDUSTRIES LIMITED,0.94,2026-07-31 17:18:01
0,SBINEQN,2.3,SBIN,EQ,N,1027.6,10921417,1028.1,1034.3,1023.5,1025.3,11223394180.05,1234.7,786.55,4235650187126.72,2026-07-31 16:00:29,0,29.01,0.07,31-Jul-2025,30-Jun-2026,16.773305256337572,-30.64649418345941,,,STATE BANK OF INDIA,0.22,2026-07-31 17:18:01
0,JIOFINEQN,9.15,JIOFIN,EQ,N,256.1,42840807,247.5,257.06,247.0,246.95,10849005964.68,338.6,223.3,837937713842.85,2026-07-31 16:00:29,0,-22.22,8.32,31-Jul-2025,30-Jun-2026,24.365032486709982,-14.688759516345723,,,JIO FINANCIAL SERVICES LIMITED,3.71,2026-07-31 17:18:01
0,TCSEQN,-65.8,TCS,EQ,N,2366.0,4343683,2385.0,2391.0,2326.1,2431.8,10269552532.75,3350.0,1976.8,2408878051229.13,2026-07-31 16:00:29,0,-22.09,16.47,31-Jul-2025,30-Jun-2026,29.37313432835821,-19.688385269121813,,,TATA CONSULTANCY SERVICES LIMITED,-2.71,2026-07-31 17:18:01
0,SUNPHARMAEQN,-14.1,SUNPHARMA,EQ,N,1987.0,4954449,2016.4,2046.9,1965.3,2001.1,9927923084.16,2046.9,1548.0,2098105348208.53,2026-07-31 16:00:29,0,16.42,6.68,31-Jul-2025,30-Jun-2026,2.9263764717377496,-28.359173126614987,,,SUN PHARMACEUTICAL INDUSTRIES LIMITED,-0.7,2026-07-31 17:18:01
0,AXISBANKEQN,-1.8,AXISBANK,EQ,N,1227.1,7487936,1226.2,1239.7,1226.0,1228.9,9208139537.28,1418.3,1042.5,3515355583484.35,2026-07-31 16:00:29,0,14.85,-8.81,31-Jul-2025,30-Jun-2026,13.480927871395332,-17.707434052757794,,,AXIS BANK LIMITED,-0.15,2026-07-31 17:18:01
0,ADANIPORTSEQN,27.8,ADANIPORTS,EQ,N,1691.9,4703646,1674.0,1708.1,1650.0,1664.1,7953300948.48,1891.1,1290.5,1244688322067.03,2026-07-31 16:00:29,0,23.22,-6.54,31-Jul-2025,30-Jun-2026,10.533551901009995,-31.10422316931422,,,ADANI PORTS AND SPECIAL ECONOMIC ZONE LIMITED,1.67,2026-07-31 17:18:01
0,MARUTIEQN,52.0,MARUTI,EQ,N,14240.0,535417,14250.0,14348.0,14124.0,14188.0,7620343869.18,17370.0,12201.0,1852486627346.28,2026-07-31 16:00:29,0,12.94,0.89,31-Jul-2025,30-Jun-2026,18.0195739781232,-16.711744938939432,,,MARUTI SUZUKI INDIA LIMITED,0.37,2026-07-31 17:18:01
0,BAJAJFINSVEQN,121.6,BAJAJFINSV,EQ,N,2031.0,3731886,1932.0,2036.6,1930.0,1909.4,7473176352.72,2195.0,1597.0,1172501123973.76,2026-07-31 16:00:29,0,4.26,14.09,31-Jul-2025,30-Jun-2026,7.471526195899772,-27.175954915466498,,,BAJAJ FINSERV LIMITED,6.37,2026-07-31 17:18:01
0,LTEQN,0.3,LT,EQ,N,3938.0,1753377,3962.9,3973.1,3923.2,3937.7,6910128892.08,4440.0,3288.1,4596293830250.15,2026-07-31 16:00:29,0,8.29,-4.96,31-Jul-2025,30-Jun-2026,11.306306306306306,-19.76521395334692,,,LARSEN & TOUBRO LIMITED,0.01,2026-07-31 17:18:01
0,BELEQN,2.9,BEL,EQ,N,387.8,17114563,385.0,390.6,385.0,384.9,6639937007.11,473.45,361.2,1385098357970.31,2026-07-31 16:00:29,0,1.23,-5.83,31-Jul-2025,30-Jun-2026,18.09061146900412,-7.364341085271318,,,BHARAT ELECTRONICS LIMITED,0.75,2026-07-31 17:18:01
0,SHRIRAMFINEQN,19.0,SHRIRAMFIN,EQ,N,1046.2,6318223,1029.2,1054.6,1029.1,1027.2,6604817595.28,1108.0,566.5,1461159431376.02,2026-07-31 16:00:29,0,65.84,0.39,31-Jul-2025,30-Jun-2026,5.577617328519856,-84.67784642541925,,,SHRIRAM FINANCE LIMITED,1.85,2026-07-31 17:18:01
0,TATASTEELEQN,3.07,TATASTEEL,EQ,N,189.99,34249584,188.25,191.84,186.31,186.92,6482076267.84,224.4,152.51,1566080041779.53,2026-07-31 16:00:29,0,20.29,1.03,31-Jul-2025,30-Jun-2026,15.334224598930481,-24.575437676217952,,,TATA STEEL LIMITED,1.64,2026-07-31 17:18:01
0,HDFCLIFEEQN,5.5,HDFCLIFE,EQ,N,550.9,11438476,548.7,550.9,544.05,545.4,6251470288.28,815.0,543.0,594951827559.66,2026-07-31 16:00:29,0,-27.08,-4.33,31-Jul-2025,30-Jun-2026,32.40490797546012,-1.4548802946593002,,,HDFC LIFE INSURANCE COMPANY LIMITED,1.01,2026-07-31 17:18:01
0,EICHERMOTEQN,4.5,EICHERMOT,EQ,N,7835.0,720608,7899.0,7899.0,7794.0,7912.5,5651288973.12,8230.0,5386.5,1076763527952.38,2026-07-31 16:00:29,0,43.28,10.77,31-Jul-2025,30-Jun-2026,4.79951397326853,-45.45623317553142,,,EICHER MOTORS LIMITED,0.06,2026-07-31 17:18:01
0,TECHMEQN,-15.1,TECHM,EQ,N,1653.9,3355677,1620.0,1661.5,1610.5,1669.0,5533947611.01,1854.0,1304.1,1047462570903.24,2026-07-31 16:00:29,0,12.99,17.74,31-Jul-2025,30-Jun-2026,10.792880258899677,-26.82309638831378,,,TECH MAHINDRA LIMITED,-0.9,2026-07-31 17:18:01
0,HINDALCOEQN,4.1,HINDALCO,EQ,N,974.5,5579336,979.8,988.0,971.05,970.4,5465461752.24,1176.0,657.5,1407031613248.04,2026-07-31 16:00:29,0,42.67,1.87,31-Jul-2025,30-Jun-2026,17.1343537414966,-48.21292775665399,,,HINDALCO INDUSTRIES LIMITED,0.42,2026-07-31 17:18:01
0,TITANEQN,35.0,TITAN,EQ,N,4885.0,1003314,4850.0,4886.0,4820.9,4850.0,4886269610.82,4886.0,3303.1,2011207412854.5,2026-07-31 16:00:29,0,45.94,10.92,31-Jul-2025,30-Jun-2026,0.020466639377814164,-47.89137476915625,,,TITAN COMPANY LIMITED,0.72,2026-07-31 17:18:01
0,ITCEQN,-4.05,ITC,EQ,N,281.0,16833813,285.55,285.8,280.05,285.05,4740738417.06,427.0,275.0,2701171021997.49,2026-07-31 16:00:29,0,-31.79,-2.07,31-Jul-2025,30-Jun-2026,34.19203747072599,-2.1818181818181817,,,ITC LIMITED,-1.42,2026-07-31 17:18:01
0,ULTRACEMCOEQN,37.0,ULTRACEMCO,EQ,N,11884.0,390471,11850.0,12009.0,11799.0,11847.0,4654398701.16,13110.0,10325.0,1402380302372.61,2026-07-31 16:00:29,0,-2.98,5.61,31-Jul-2025,30-Jun-2026,9.35163996948894,-15.099273607748184,,,ULTRATECH CEMENT LIMITED,0.31,2026-07-31 17:18:01
0,HCLTECHEQN,-7.0,HCLTECH,EQ,N,1345.7,3369019,1317.7,1356.5,1294.3,1352.7,4514856052.09,1780.1,1030.0,1414783221886.57,2026-07-31 16:00:29,0,-8.32,25.56,31-Jul-2025,30-Jun-2026,24.403123420032582,-30.650485436893202,,,HCL TECHNOLOGIES LIMITED,-0.52,2026-07-31 17:18:01
0,NESTLEINDEQN,-15.7,NESTLEIND,EQ,N,1505.0,2501825,1529.0,1529.0,1497.5,1520.7,3776880111.25,1532.6,1084.7,1076083204741.92,2026-07-31 16:00:29,0,33.91,7.1,31-Jul-2025,30-Jun-2026,1.800861281482448,-38.74804093297686,,,NESTLE INDIA LIMITED,-1.03,2026-07-31 17:18:01
0,HINDUNILVREQN,-8.5,HINDUNILVR,EQ,N,2099.4,1759019,2119.6,2119.6,2091.1,2107.9,3695910001.28,2750.0,2016.0,1857346204250.55,2026-07-31 16:00:29,0,-16.73,-0.89,31-Jul-2025,30-Jun-2026,23.658181818181816,-4.136904761904762,,,HINDUSTAN UNILEVER LIMITED,-0.4,2026-07-31 17:18:01
0,WIPROEQN,-2.58,WIPRO,EQ,N,183.75,18762810,184.85,185.24,180.83,186.33,3442037494.5,273.1,169.0,496242729074.09,2026-07-31 16:00:29,0,-26.0,7.84,31-Jul-2025,30-Jun-2026,32.716953496887584,-8.727810650887575,,,WIPRO LIMITED,-1.38,2026-07-31 17:18:01
0,NTPCEQN,1.75,NTPC,EQ,N,346.6,8519119,344.1,348.25,343.55,344.85,2949830144.94,414.4,315.55,1638579395627.3,2026-07-31 16:00:29,0,3.69,-2.82,31-Jul-2025,30-Jun-2026,16.361003861003862,-9.839961971161465,,,NTPC LIMITED,0.51,2026-07-31 17:18:01
0,TMPVEQN,5.9,TMPV,EQ,N,340.1,8527463,335.55,341.95,334.5,334.2,2885011282.16,739.7,294.3,708798407947.57,2026-07-31 16:00:29,0,-48.93,-3.44,31-Jul-2025,30-Jun-2026,54.02190077058267,-15.562351342167856,,,TATA MOTORS PASSENGER VEHICLES LIMITED,1.77,2026-07-31 17:18:01
0,KOTAKBANKEQN,-0.55,KOTAKBANK,EQ,N,388.85,7014637,390.2,391.85,388.0,389.4,2736129308.22,453.2,345.5,2855155315262.45,2026-07-31 16:00:29,0,-1.74,-0.87,31-Jul-2025,30-Jun-2026,14.199029126213592,-12.547033285094066,,,KOTAK MAHINDRA BANK LIMITED,-0.14,2026-07-31 17:18:01
0,ADANIENTEQN,-40.0,ADANIENT,EQ,N,3009.1,866401,3051.0,3067.5,3002.4,3049.1,2620282536.33,3245.0,1753.0,900854251871.76,2026-07-31 16:00:29,0,27.51,-0.89,31-Jul-2025,30-Jun-2026,7.269645608628659,-71.65430690245294,,,ADANI ENTERPRISES LIMITED,-1.31,2026-07-31 17:18:01
0,BAJAJ-AUTOEQN,87.0,BAJAJ-AUTO,EQ,N,11519.0,214380,11475.0,11590.0,11329.5,11432.0,2469406775.4,11590.0,7858.5,1272196271192.98,2026-07-31 16:00:29,0,43.84,18.56,31-Jul-2025,30-Jun-2026,0.6125970664365833,-46.58013615829993,,,BAJAJ AUTO LIMITED,0.76,2026-07-31 17:18:01
0,COALINDIAEQN,2.7,COALINDIA,EQ,N,414.4,5938134,413.0,415.1,410.15,417.2,2454824595.6,491.25,368.65,989838206030.73,2026-07-31 16:00:29,0,10.11,-5.61,31-Jul-2025,30-Jun-2026,15.643765903307887,-12.41014512410145,,,COAL INDIA LIMITED,0.66,2026-07-31 17:18:01
0,ASIANPAINTEQN,-8.2,ASIANPAINT,EQ,N,2738.0,891738,2773.9,2774.9,2732.4,2746.2,2452136821.92,2985.7,2115.0,1234734079154.01,2026-07-31 16:00:29,0,14.27,3.88,31-Jul-2025,30-Jun-2026,8.296211943597816,-29.45626477541371,,,ASIAN PAINTS LIMITED,-0.3,2026-07-31 17:18:01
0,ONGCEQN,0.71,ONGC,EQ,N,242.3,10070729,241.58,242.96,238.17,241.59,2428657005.64,307.5,227.65,938580915153.36,2026-07-31 16:00:29,0,0.54,3.15,31-Jul-2025,30-Jun-2026,21.203252032520325,-6.4353173731605535,,,OIL & NATURAL GAS CORPORATION LIMITED,0.29,2026-07-31 17:18:01
0,INDIGOEQN,-53.5,INDIGO,EQ,N,5177.0,462900,5260.0,5282.0,5137.5,5230.5,2408445555.0,6232.5,3895.2,1168589020665.79,2026-07-31 16:00:29,0,-12.41,-3.57,31-Jul-2025,30-Jun-2026,16.93541917368632,-32.907167796262065,,,INTERGLOBE AVIATION LIMITED,-1.02,2026-07-31 17:18:01
0,APOLLOHOSPEQN,-47.0,APOLLOHOSP,EQ,N,8941.0,268253,9025.0,9036.5,8931.0,8988.0,2405397825.7,9036.5,6696.5,917545742565.35,2026-07-31 16:00:29,0,19.25,2.98,31-Jul-2025,30-Jun-2026,1.0568250982128036,-33.517509146569104,,,APOLLO HOSPITALS ENTERPRISE LIMITED,-0.52,2026-07-31 17:18:01
0,MAXHEALTHEQN,-23.4,MAXHEALTH,EQ,N,1101.4,2055225,1126.0,1132.0,1091.2,1124.8,2274805239.0,1301.7,903.0,817434239392.71,2026-07-31 16:00:29,0,-11.61,-2.47,31-Jul-2025,30-Jun-2026,15.387570100637628,-21.971207087486157,,,MAX HEALTHCARE INSTITUTE LIMITED,-2.08,2026-07-31 17:18:01
0,POWERGRIDEQN,-1.5,POWERGRID,EQ,N,284.2,7804310,286.3,287.4,283.0,285.7,2217516643.4,324.95,250.0,1283415819519.24,2026-07-31 16:00:29,0,-2.34,-0.73,31-Jul-2025,30-Jun-2026,12.540390829358364,-13.68,,,POWER GRID CORPORATION OF INDIA LIMITED,-0.53,2026-07-31 17:18:01
0,JSWSTEELEQN,0.6,JSWSTEEL,EQ,N,1271.4,1449872,1276.4,1282.2,1262.0,1270.8,1840844483.52,1328.0,1018.0,1189165993877.79,2026-07-31 16:00:29,0,21.28,3.67,31-Jul-2025,30-Jun-2026,4.2620481927710845,-24.891944990176817,,,JSW STEEL LIMITED,0.05,2026-07-31 17:18:01
0,TRENTEQN,1.8,TRENT,EQ,N,3001.0,605222,3008.0,3026.7,2990.9,2999.2,1819714935.18,3782.67,2183.67,995770405603.35,2026-07-31 16:00:29,0,-10.29,-8.58,31-Jul-2025,30-Jun-2026,20.664504172978347,-37.42919030805937,,,TRENT LIMITED,0.06,2026-07-31 17:18:01
0,CIPLAEQN,5.6,CIPLA,EQ,N,1472.0,1223370,1473.4,1478.8,1462.3,1466.4,1801938374.1,1673.0,1165.7,825953873199.26,2026-07-31 16:00:29,0,-5.31,0.45,31-Jul-2025,30-Jun-2026,12.014345487148834,-26.27605730462383,,,CIPLA LIMITED,0.38,2026-07-31 17:18:01
0,TATACONSUMEQN,-12.1,TATACONSUM,EQ,N,1082.1,1479617,1098.9,1098.9,1081.0,1094.2,1605650776.06,1282.7,1007.2,702721860608.4,2026-07-31 16:00:29,0,0.83,0.6,31-Jul-2025,30-Jun-2026,15.638886723318,-7.436457505957109,,,TATA CONSUMER PRODUCTS LIMITED,-1.11,2026-07-31 17:18:01
0,SBILIFEEQN,13.0,SBILIFE,EQ,N,1890.5,723852,1885.0,1898.9,1870.6,1877.5,1362731013.72,2132.0,1700.4,847141635630.89,2026-07-31 16:00:29,0,2.71,7.07,31-Jul-2025,30-Jun-2026,11.327392120075046,-11.179722418254528,,,SBI LIFE INSURANCE COMPANY LIMITED,0.69,2026-07-31 17:18:01
0,DRREDDYEQN,0.7,DRREDDY,EQ,N,1145.5,1085841,1152.0,1154.3,1141.7,1144.8,1247468432.85,1414.9,1101.0,696327720239.81,2026-07-31 16:00:29,0,-9.82,-15.59,31-Jul-2025,30-Jun-2026,19.04021485617358,-4.041780199818347,,,DR. REDDY'S LABORATORIES LIMITED,0.06,2026-07-31 17:18:01
0,GRASIMEQN,-8.8,GRASIM,EQ,N,3096.0,309447,3115.7,3135.9,3092.6,3104.8,962197596.27,3246.0,2502.5,1164892382421.51,2026-07-31 16:00:29,0,12.73,-0.13,31-Jul-2025,30-Jun-2026,4.621072088724584,-23.716283716283716,,,GRASIM INDUSTRIES LIMITED,-0.28,2026-07-31 17:18:01
1,NIFTY 50,66.45,NIFTY 50,,,24383.6,411693361,24361.45,24429.4,24299.7,24317.15,344593107548.07,26373.2,22182.55,,2026-07-31 15:39:59,0,-1.55,2.17,30-Jul-2025,30-Jun-2026,7.54402196168838,-9.92243903428596,,,,0.27,2026-07-31 17:18:31
0,BAJFINANCEEQN,87.7,BAJFINANCE,EQ,N,1141.2,40814590,1095.0,1151.5,1083.6,1053.5,45855191865.0,1151.5,787.9,3050116590196.84,2026-07-31 16:00:29,0,29.51,13.58,31-Jul-2025,30-Jun-2026,0.8944854537559704,-44.840715826881585,,,BAJAJ FINANCE LIMITED,8.32,2026-07-31 17:18:31
0,M&MEQN,109.3,M&M,EQ,N,3393.0,6131873,3379.9,3457.0,3243.3,3283.7,20793058705.54,3839.9,2896.0,3020727107739.42,2026-07-31 16:00:29,0,5.93,10.56,31-Jul-2025,30-Jun-2026,11.638323914685278,-17.16160220994475,,,MAHINDRA & MAHINDRA LIMITED,3.33,2026-07-31 17:18:31
0,HDFCBANKEQN,-5.95,HDFCBANK,EQ,N,748.0,25522483,753.95,757.55,747.2,753.95,19132163706.46,1020.5,726.65,11425469642109.01,2026-07-31 16:00:29,0,-25.87,-6.26,31-Jul-2025,30-Jun-2026,26.702596766291034,-2.938140783045483,,,HDFC BANK LIMITED,-0.79,2026-07-31 17:18:31
0,INFYEQN,-25.2,INFY,EQ,N,1129.9,14367075,1118.9,1139.3,1107.2,1155.1,16207640978.25,1728.0,982.4,3952355998495.22,2026-07-31 16:00:29,0,-25.12,12.94,31-Jul-2025,30-Jun-2026,34.61226851851852,-15.014250814332248,,,INFOSYS LIMITED,-2.18,2026-07-31 17:18:31
0,BHARTIARTLEQN,11.2,BHARTIARTL,EQ,N,1968.0,6529385,1969.0,1976.4,1947.4,1956.8,12840492659.45,2174.5,1740.5,6111414809579.58,2026-07-31 16:00:29,0,2.81,6.26,31-Jul-2025,30-Jun-2026,9.496435962290182,-13.070956621660443,,,BHARTI AIRTEL LIMITED,0.57,2026-07-31 17:18:31
0,ICICIBANKEQN,0.0,ICICIBANK,EQ,N,1433.9,8752440,1434.3,1441.9,1431.4,1433.9,12559226253.6,1494.5,1187.6,10246272727072.93,2026-07-31 16:00:29,0,-3.21,4.27,31-Jul-2025,30-Jun-2026,4.054867848778856,-20.739306163691477,,,ICICI BANK LIMITED,0.0,2026-07-31 17:18:31
0,ETERNALEQN,-8.0,ETERNAL,EQ,N,302.65,36770653,312.5,316.0,301.8,310.65,11248142752.7,368.45,212.6,2181895886225.76,2026-07-31 16:00:29,0,-1.67,14.38,31-Jul-2025,30-Jun-2026,17.858596824535216,-42.35653809971778,,,ETERNAL LIMITED,-2.58,2026-07-31 17:18:31
0,RELIANCEEQN,12.1,RELIANCE,EQ,N,1305.0,8624996,1295.0,1309.7,1293.6,1292.9,11239146037.64,1611.8,1249.8,8791447476768.72,2026-07-31 16:00:29,0,-6.13,0.86,31-Jul-2025,30-Jun-2026,19.034619679861024,-4.416706673067691,,,RELIANCE INDUSTRIES LIMITED,0.94,2026-07-31 17:18:31
0,SBINEQN,2.3,SBIN,EQ,N,1027.6,10921417,1028.1,1034.3,1023.5,1025.3,11223394180.05,1234.7,786.55,4235650187126.72,2026-07-31 16:00:29,0,29.01,0.07,31-Jul-2025,30-Jun-2026,16.773305256337572,-30.64649418345941,,,STATE BANK OF INDIA,0.22,2026-07-31 17:18:31
0,JIOFINEQN,9.15,JIOFIN,EQ,N,256.1,42840807,247.5,257.06,247.0,246.95,10849005964.68,338.6,223.3,837937713842.85,2026-07-31 16:00:29,0,-22.22,8.32,31-Jul-2025,30-Jun-2026,24.365032486709982,-14.688759516345723,,,JIO FINANCIAL SERVICES LIMITED,3.71,2026-07-31 17:18:31
0,TCSEQN,-65.8,TCS,EQ,N,2366.0,4343683,2385.0,2391.0,2326.1,2431.8,10269552532.75,3350.0,1976.8,2408878051229.13,2026-07-31 16:00:29,0,-22.09,16.47,31-Jul-2025,30-Jun-2026,29.37313432835821,-19.688385269121813,,,TATA CONSULTANCY SERVICES LIMITED,-2.71,2026-07-31 17:18:31
0,SUNPHARMAEQN,-14.1,SUNPHARMA,EQ,N,1987.0,4954449,2016.4,2046.9,1965.3,2001.1,9927923084.16,2046.9,1548.0,2098105348208.53,2026-07-31 16:00:29,0,16.42,6.68,31-Jul-2025,30-Jun-2026,2.9263764717377496,-28.359173126614987,,,SUN PHARMACEUTICAL INDUSTRIES LIMITED,-0.7,2026-07-31 17:18:31
0,AXISBANKEQN,-1.8,AXISBANK,EQ,N,1227.1,7487936,1226.2,1239.7,1226.0,1228.9,9208139537.28,1418.3,1042.5,3515355583484.35,2026-07-31 16:00:29,0,14.85,-8.81,31-Jul-2025,30-Jun-2026,13.480927871395332,-17.707434052757794,,,AXIS BANK LIMITED,-0.15,2026-07-31 17:18:31
0,ADANIPORTSEQN,27.8,ADANIPORTS,EQ,N,1691.9,4703646,1674.0,1708.1,1650.0,1664.1,7953300948.48,1891.1,1290.5,1244688322067.03,2026-07-31 16:00:29,0,23.22,-6.54,31-Jul-2025,30-Jun-2026,10.533551901009995,-31.10422316931422,,,ADANI PORTS AND SPECIAL ECONOMIC ZONE LIMITED,1.67,2026-07-31 17:18:31
0,MARUTIEQN,52.0,MARUTI,EQ,N,14240.0,535417,14250.0,14348.0,14124.0,14188.0,7620343869.18,17370.0,12201.0,1852486627346.28,2026-07-31 16:00:29,0,12.94,0.89,31-Jul-2025,30-Jun-2026,18.0195739781232,-16.711744938939432,,,MARUTI SUZUKI INDIA LIMITED,0.37,2026-07-31 17:18:31
0,BAJAJFINSVEQN,121.6,BAJAJFINSV,EQ,N,2031.0,3731886,1932.0,2036.6,1930.0,1909.4,7473176352.72,2195.0,1597.0,1172501123973.76,2026-07-31 16:00:29,0,4.26,14.09,31-Jul-2025,30-Jun-2026,7.471526195899772,-27.175954915466498,,,BAJAJ FINSERV LIMITED,6.37,2026-07-31 17:18:31
0,LTEQN,0.3,LT,EQ,N,3938.0,1753377,3962.9,3973.1,3923.2,3937.7,6910128892.08,4440.0,3288.1,4596293830250.15,2026-07-31 16:00:29,0,8.29,-4.96,31-Jul-2025,30-Jun-2026,11.306306306306306,-19.76521395334692,,,LARSEN & TOUBRO LIMITED,0.01,2026-07-31 17:18:31
0,BELEQN,2.9,BEL,EQ,N,387.8,17114563,385.0,390.6,385.0,384.9,6639937007.11,473.45,361.2,1385098357970.31,2026-07-31 16:00:29,0,1.23,-5.83,31-Jul-2025,30-Jun-2026,18.09061146900412,-7.364341085271318,,,BHARAT ELECTRONICS LIMITED,0.75,2026-07-31 17:18:31
0,SHRIRAMFINEQN,19.0,SHRIRAMFIN,EQ,N,1046.2,6318223,1029.2,1054.6,1029.1,1027.2,6604817595.28,1108.0,566.5,1461159431376.02,2026-07-31 16:00:29,0,65.84,0.39,31-Jul-2025,30-Jun-2026,5.577617328519856,-84.67784642541925,,,SHRIRAM FINANCE LIMITED,1.85,2026-07-31 17:18:31
0,TATASTEELEQN,3.07,TATASTEEL,EQ,N,189.99,34249584,188.25,191.84,186.31,186.92,6482076267.84,224.4,152.51,1566080041779.53,2026-07-31 16:00:29,0,20.29,1.03,31-Jul-2025,30-Jun-2026,15.334224598930481,-24.575437676217952,,,TATA STEEL LIMITED,1.64,2026-07-31 17:18:31
0,HDFCLIFEEQN,5.5,HDFCLIFE,EQ,N,550.9,11438476,548.7,550.9,544.05,545.4,6251470288.28,815.0,543.0,594951827559.66,2026-07-31 16:00:29,0,-27.08,-4.33,31-Jul-2025,30-Jun-2026,32.40490797546012,-1.4548802946593002,,,HDFC LIFE INSURANCE COMPANY LIMITED,1.01,2026-07-31 17:18:31
0,EICHERMOTEQN,4.5,EICHERMOT,EQ,N,7835.0,720608,7899.0,7899.0,7794.0,7912.5,5651288973.12,8230.0,5386.5,1076763527952.38,2026-07-31 16:00:29,0,43.28,10.77,31-Jul-2025,30-Jun-2026,4.79951397326853,-45.45623317553142,,,EICHER MOTORS LIMITED,0.06,2026-07-31 17:18:31
0,TECHMEQN,-15.1,TECHM,EQ,N,1653.9,3355677,1620.0,1661.5,1610.5,1669.0,5533947611.01,1854.0,1304.1,1047462570903.24,2026-07-31 16:00:29,0,12.99,17.74,31-Jul-2025,30-Jun-2026,10.792880258899677,-26.82309638831378,,,TECH MAHINDRA LIMITED,-0.9,2026-07-31 17:18:31
0,HINDALCOEQN,4.1,HINDALCO,EQ,N,974.5,5579336,979.8,988.0,971.05,970.4,5465461752.24,1176.0,657.5,1407031613248.04,2026-07-31 16:00:29,0,42.67,1.87,31-Jul-2025,30-Jun-2026,17.1343537414966,-48.21292775665399,,,HINDALCO INDUSTRIES LIMITED,0.42,2026-07-31 17:18:31
0,TITANEQN,35.0,TITAN,EQ,N,4885.0,1003314,4850.0,4886.0,4820.9,4850.0,4886269610.82,4886.0,3303.1,2011207412854.5,2026-07-31 16:00:29,0,45.94,10.92,31-Jul-2025,30-Jun-2026,0.020466639377814164,-47.89137476915625,,,TITAN COMPANY LIMITED,0.72,2026-07-31 17:18:31
0,ITCEQN,-4.05,ITC,EQ,N,281.0,16833813,285.55,285.8,280.05,285.05,4740738417.06,427.0,275.0,2701171021997.49,2026-07-31 16:00:29,0,-31.79,-2.07,31-Jul-2025,30-Jun-2026,34.19203747072599,-2.1818181818181817,,,ITC LIMITED,-1.42,2026-07-31 17:18:31
0,ULTRACEMCOEQN,37.0,ULTRACEMCO,EQ,N,11884.0,390471,11850.0,12009.0,11799.0,11847.0,4654398701.16,13110.0,10325.0,1402380302372.61,2026-07-31 16:00:29,0,-2.98,5.61,31-Jul-2025,30-Jun-2026,9.35163996948894,-15.099273607748184,,,ULTRATECH CEMENT LIMITED,0.31,2026-07-31 17:18:31
0,HCLTECHEQN,-7.0,HCLTECH,EQ,N,1345.7,3369019,1317.7,1356.5,1294.3,1352.7,4514856052.09,1780.1,1030.0,1414783221886.57,2026-07-31 16:00:29,0,-8.32,25.56,31-Jul-2025,30-Jun-2026,24.403123420032582,-30.650485436893202,,,HCL TECHNOLOGIES LIMITED,-0.52,2026-07-31 17:18:31
0,NESTLEINDEQN,-15.7,NESTLEIND,EQ,N,1505.0,2501825,1529.0,1529.0,1497.5,1520.7,3776880111.25,1532.6,1084.7,1076083204741.92,2026-07-31 16:00:29,0,33.91,7.1,31-Jul-2025,30-Jun-2026,1.800861281482448,-38.74804093297686,,,NESTLE INDIA LIMITED,-1.03,2026-07-31 17:18:31
0,HINDUNILVREQN,-8.5,HINDUNILVR,EQ,N,2099.4,1759019,2119.6,2119.6,2091.1,2107.9,3695910001.28,2750.0,2016.0,1857346204250.55,2026-07-31 16:00:29,0,-16.73,-0.89,31-Jul-2025,30-Jun-2026,23.658181818181816,-4.136904761904762,,,HINDUSTAN UNILEVER LIMITED,-0.4,2026-07-31 17:18:31
0,WIPROEQN,-2.58,WIPRO,EQ,N,183.75,18762810,184.85,185.24,180.83,186.33,3442037494.5,273.1,169.0,496242729074.09,2026-07-31 16:00:29,0,-26.0,7.84,31-Jul-2025,30-Jun-2026,32.716953496887584,-8.727810650887575,,,WIPRO LIMITED,-1.38,2026-07-31 17:18:31
0,NTPCEQN,1.75,NTPC,EQ,N,346.6,8519119,344.1,348.25,343.55,344.85,2949830144.94,414.4,315.55,1638579395627.3,2026-07-31 16:00:29,0,3.69,-2.82,31-Jul-2025,30-Jun-2026,16.361003861003862,-9.839961971161465,,,NTPC LIMITED,0.51,2026-07-31 17:18:31
0,TMPVEQN,5.9,TMPV,EQ,N,340.1,8527463,335.55,341.95,334.5,334.2,2885011282.16,739.7,294.3,708798407947.57,2026-07-31 16:00:29,0,-48.93,-3.44,31-Jul-2025,30-Jun-2026,54.02190077058267,-15.562351342167856,,,TATA MOTORS PASSENGER VEHICLES LIMITED,1.77,2026-07-31 17:18:31
0,KOTAKBANKEQN,-0.55,KOTAKBANK,EQ,N,388.85,7014637,390.2,391.85,388.0,389.4,2736129308.22,453.2,345.5,2855155315262.45,2026-07-31 16:00:29,0,-1.74,-0.87,31-Jul-2025,30-Jun-2026,14.199029126213592,-12.547033285094066,,,KOTAK MAHINDRA BANK LIMITED,-0.14,2026-07-31 17:18:31
0,ADANIENTEQN,-40.0,ADANIENT,EQ,N,3009.1,866401,3051.0,3067.5,3002.4,3049.1,2620282536.33,3245.0,1753.0,900854251871.76,2026-07-31 16:00:29,0,27.51,-0.89,31-Jul-2025,30-Jun-2026,7.269645608628659,-71.65430690245294,,,ADANI ENTERPRISES LIMITED,-1.31,2026-07-31 17:18:31
0,BAJAJ-AUTOEQN,87.0,BAJAJ-AUTO,EQ,N,11519.0,214380,11475.0,11590.0,11329.5,11432.0,2469406775.4,11590.0,7858.5,1272196271192.98,2026-07-31 16:00:29,0,43.84,18.56,31-Jul-2025,30-Jun-2026,0.6125970664365833,-46.58013615829993,,,BAJAJ AUTO LIMITED,0.76,2026-07-31 17:18:31
0,COALINDIAEQN,2.7,COALINDIA,EQ,N,414.4,5938134,413.0,415.1,410.15,417.2,2454824595.6,491.25,368.65,989838206030.73,2026-07-31 16:00:29,0,10.11,-5.61,31-Jul-2025,30-Jun-2026,15.643765903307887,-12.41014512410145,,,COAL INDIA LIMITED,0.66,2026-07-31 17:18:31
0,ASIANPAINTEQN,-8.2,ASIANPAINT,EQ,N,2738.0,891738,2773.9,2774.9,2732.4,2746.2,2452136821.92,2985.7,2115.0,1234734079154.01,2026-07-31 16:00:29,0,14.27,3.88,31-Jul-2025,30-Jun-2026,8.296211943597816,-29.45626477541371,,,ASIAN PAINTS LIMITED,-0.3,2026-07-31 17:18:31
0,ONGCEQN,0.71,ONGC,EQ,N,242.3,10070729,241.58,242.96,238.17,241.59,2428657005.64,307.5,227.65,938580915153.36,2026-07-31 16:00:29,0,0.54,3.15,31-Jul-2025,30-Jun-2026,21.203252032520325,-6.4353173731605535,,,OIL & NATURAL GAS CORPORATION LIMITED,0.29,2026-07-31 17:18:31
0,INDIGOEQN,-53.5,INDIGO,EQ,N,5177.0,462900,5260.0,5282.0,5137.5,5230.5,2408445555.0,6232.5,3895.2,1168589020665.79,2026-07-31 16:00:29,0,-12.41,-3.57,31-Jul-2025,30-Jun-2026,16.93541917368632,-32.907167796262065,,,INTERGLOBE AVIATION LIMITED,-1.02,2026-07-31 17:18:31
0,APOLLOHOSPEQN,-47.0,APOLLOHOSP,EQ,N,8941.0,268253,9025.0,9036.5,8931.0,8988.0,2405397825.7,9036.5,6696.5,917545742565.35,2026-07-31 16:00:29,0,19.25,2.98,31-Jul-2025,30-Jun-2026,1.0568250982128036,-33.517509146569104,,,APOLLO HOSPITALS ENTERPRISE LIMITED,-0.52,2026-07-31 17:18:31
0,MAXHEALTHEQN,-23.4,MAXHEALTH,EQ,N,1101.4,2055225,1126.0,1132.0,1091.2,1124.8,2274805239.0,1301.7,903.0,817434239392.71,2026-07-31 16:00:29,0,-11.61,-2.47,31-Jul-2025,30-Jun-2026,15.387570100637628,-21.971207087486157,,,MAX HEALTHCARE INSTITUTE LIMITED,-2.08,2026-07-31 17:18:31
0,POWERGRIDEQN,-1.5,POWERGRID,EQ,N,284.2,7804310,286.3,287.4,283.0,285.7,2217516643.4,324.95,250.0,1283415819519.24,2026-07-31 16:00:29,0,-2.34,-0.73,31-Jul-2025,30-Jun-2026,12.540390829358364,-13.68,,,POWER GRID CORPORATION OF INDIA LIMITED,-0.53,2026-07-31 17:18:31
0,JSWSTEELEQN,0.6,JSWSTEEL,EQ,N,1271.4,1449872,1276.4,1282.2,1262.0,1270.8,1840844483.52,1328.0,1018.0,1189165993877.79,2026-07-31 16:00:29,0,21.28,3.67,31-Jul-2025,30-Jun-2026,4.2620481927710845,-24.891944990176817,,,JSW STEEL LIMITED,0.05,2026-07-31 17:18:31
0,TRENTEQN,1.8,TRENT,EQ,N,3001.0,605222,3008.0,3026.7,2990.9,2999.2,1819714935.18,3782.67,2183.67,995770405603.35,2026-07-31 16:00:29,0,-10.29,-8.58,31-Jul-2025,30-Jun-2026,20.664504172978347,-37.42919030805937,,,TRENT LIMITED,0.06,2026-07-31 17:18:31
0,CIPLAEQN,5.6,CIPLA,EQ,N,1472.0,1223370,1473.4,1478.8,1462.3,1466.4,1801938374.1,1673.0,1165.7,825953873199.26,2026-07-31 16:00:29,0,-5.31,0.45,31-Jul-2025,30-Jun-2026,12.014345487148834,-26.27605730462383,,,CIPLA LIMITED,0.38,2026-07-31 17:18:31
0,TATACONSUMEQN,-12.1,TATACONSUM,EQ,N,1082.1,1479617,1098.9,1098.9,1081.0,1094.2,1605650776.06,1282.7,1007.2,702721860608.4,2026-07-31 16:00:29,0,0.83,0.6,31-Jul-2025,30-Jun-2026,15.638886723318,-7.436457505957109,,,TATA CONSUMER PRODUCTS LIMITED,-1.11,2026-07-31 17:18:31
0,SBILIFEEQN,13.0,SBILIFE,EQ,N,1890.5,723852,1885.0,1898.9,1870.6,1877.5,1362731013.72,2132.0,1700.4,847141635630.89,2026-07-31 16:00:29,0,2.71,7.07,31-Jul-2025,30-Jun-2026,11.327392120075046,-11.179722418254528,,,SBI LIFE INSURANCE COMPANY LIMITED,0.69,2026-07-31 17:18:31
0,DRREDDYEQN,0.7,DRREDDY,EQ,N,1145.5,1085841,1152.0,1154.3,1141.7,1144.8,1247468432.85,1414.9,1101.0,696327720239.81,2026-07-31 16:00:29,0,-9.82,-15.59,31-Jul-2025,30-Jun-2026,19.04021485617358,-4.041780199818347,,,DR. REDDY'S LABORATORIES LIMITED,0.06,2026-07-31 17:18:31
0,GRASIMEQN,-8.8,GRASIM,EQ,N,3096.0,309447,3115.7,3135.9,3092.6,3104.8,962197596.27,3246.0,2502.5,1164892382421.51,2026-07-31 16:00:29,0,12.73,-0.13,31-Jul-2025,30-Jun-2026,4.621072088724584,-23.716283716283716,,,GRASIM INDUSTRIES LIMITED,-0.28,2026-07-31 17:18:31
1,NIFTY 50,66.45,NIFTY 50,,,24383.6,411693361,24361.45,24429.4,24299.7,24317.15,344593107548.07,26373.2,22182.55,,2026-07-31 15:39:59,0,-1.55,2.17,30-Jul-2025,30-Jun-2026,7.54402196168838,-9.92243903428596,,,,0.27,2026-07-31 17:19:01
0,BAJFINANCEEQN,87.7,BAJFINANCE,EQ,N,1141.2,40814590,1095.0,1151.5,1083.6,1053.5,45855191865.0,1151.5,787.9,3050116590196.84,2026-07-31 16:00:29,0,29.51,13.58,31-Jul-2025,30-Jun-2026,0.8944854537559704,-44.840715826881585,,,BAJAJ FINANCE LIMITED,8.32,2026-07-31 17:19:01
0,M&MEQN,109.3,M&M,EQ,N,3393.0,6131873,3379.9,3457.0,3243.3,3283.7,20793058705.54,3839.9,2896.0,3020727107739.42,2026-07-31 16:00:29,0,5.93,10.56,31-Jul-2025,30-Jun-2026,11.638323914685278,-17.16160220994475,,,MAHINDRA & MAHINDRA LIMITED,3.33,2026-07-31 17:19:01
0,HDFCBANKEQN,-5.95,HDFCBANK,EQ,N,748.0,25522483,753.95,757.55,747.2,753.95,19132163706.46,1020.5,726.65,11425469642109.01,2026-07-31 16:00:29,0,-25.87,-6.26,31-Jul-2025,30-Jun-2026,26.702596766291034,-2.938140783045483,,,HDFC BANK LIMITED,-0.79,2026-07-31 17:19:01
0,INFYEQN,-25.2,INFY,EQ,N,1129.9,14367075,1118.9,1139.3,1107.2,1155.1,16207640978.25,1728.0,982.4,3952355998495.22,2026-07-31 16:00:29,0,-25.12,12.94,31-Jul-2025,30-Jun-2026,34.61226851851852,-15.014250814332248,,,INFOSYS LIMITED,-2.18,2026-07-31 17:19:01
0,BHARTIARTLEQN,11.2,BHARTIARTL,EQ,N,1968.0,6529385,1969.0,1976.4,1947.4,1956.8,12840492659.45,2174.5,1740.5,6111414809579.58,2026-07-31 16:00:29,0,2.81,6.26,31-Jul-2025,30-Jun-2026,9.496435962290182,-13.070956621660443,,,BHARTI AIRTEL LIMITED,0.57,2026-07-31 17:19:01
0,ICICIBANKEQN,0.0,ICICIBANK,EQ,N,1433.9,8752440,1434.3,1441.9,1431.4,1433.9,12559226253.6,1494.5,1187.6,10246272727072.93,2026-07-31 16:00:29,0,-3.21,4.27,31-Jul-2025,30-Jun-2026,4.054867848778856,-20.739306163691477,,,ICICI BANK LIMITED,0.0,2026-07-31 17:19:01
0,ETERNALEQN,-8.0,ETERNAL,EQ,N,302.65,36770653,312.5,316.0,301.8,310.65,11248142752.7,368.45,212.6,2181895886225.76,2026-07-31 16:00:29,0,-1.67,14.38,31-Jul-2025,30-Jun-2026,17.858596824535216,-42.35653809971778,,,ETERNAL LIMITED,-2.58,2026-07-31 17:19:01
0,RELIANCEEQN,12.1,RELIANCE,EQ,N,1305.0,8624996,1295.0,1309.7,1293.6,1292.9,11239146037.64,1611.8,1249.8,8791447476768.72,2026-07-31 16:00:29,0,-6.13,0.86,31-Jul-2025,30-Jun-2026,19.034619679861024,-4.416706673067691,,,RELIANCE INDUSTRIES LIMITED,0.94,2026-07-31 17:19:01
0,SBINEQN,2.3,SBIN,EQ,N,1027.6,10921417,1028.1,1034.3,1023.5,1025.3,11223394180.05,1234.7,786.55,4235650187126.72,2026-07-31 16:00:29,0,29.01,0.07,31-Jul-2025,30-Jun-2026,16.773305256337572,-30.64649418345941,,,STATE BANK OF INDIA,0.22,2026-07-31 17:19:01
0,JIOFINEQN,9.15,JIOFIN,EQ,N,256.1,42840807,247.5,257.06,247.0,246.95,10849005964.68,338.6,223.3,837937713842.85,2026-07-31 16:00:29,0,-22.22,8.32,31-Jul-2025,30-Jun-2026,24.365032486709982,-14.688759516345723,,,JIO FINANCIAL SERVICES LIMITED,3.71,2026-07-31 17:19:01
0,TCSEQN,-65.8,TCS,EQ,N,2366.0,4343683,2385.0,2391.0,2326.1,2431.8,10269552532.75,3350.0,1976.8,2408878051229.13,2026-07-31 16:00:29,0,-22.09,16.47,31-Jul-2025,30-Jun-2026,29.37313432835821,-19.688385269121813,,,TATA CONSULTANCY SERVICES LIMITED,-2.71,2026-07-31 17:19:01
0,SUNPHARMAEQN,-14.1,SUNPHARMA,EQ,N,1987.0,4954449,2016.4,2046.9,1965.3,2001.1,9927923084.16,2046.9,1548.0,2098105348208.53,2026-07-31 16:00:29,0,16.42,6.68,31-Jul-2025,30-Jun-2026,2.9263764717377496,-28.359173126614987,,,SUN PHARMACEUTICAL INDUSTRIES LIMITED,-0.7,2026-07-31 17:19:01
0,AXISBANKEQN,-1.8,AXISBANK,EQ,N,1227.1,7487936,1226.2,1239.7,1226.0,1228.9,9208139537.28,1418.3,1042.5,3515355583484.35,2026-07-31 16:00:29,0,14.85,-8.81,31-Jul-2025,30-Jun-2026,13.480927871395332,-17.707434052757794,,,AXIS BANK LIMITED,-0.15,2026-07-31 17:19:01
0,ADANIPORTSEQN,27.8,ADANIPORTS,EQ,N,1691.9,4703646,1674.0,1708.1,1650.0,1664.1,7953300948.48,1891.1,1290.5,1244688322067.03,2026-07-31 16:00:29,0,23.22,-6.54,31-Jul-2025,30-Jun-2026,10.533551901009995,-31.10422316931422,,,ADANI PORTS AND SPECIAL ECONOMIC ZONE LIMITED,1.67,2026-07-31 17:19:01
0,MARUTIEQN,52.0,MARUTI,EQ,N,14240.0,535417,14250.0,14348.0,14124.0,14188.0,7620343869.18,17370.0,12201.0,1852486627346.28,2026-07-31 16:00:29,0,12.94,0.89,31-Jul-2025,30-Jun-2026,18.0195739781232,-16.711744938939432,,,MARUTI SUZUKI INDIA LIMITED,0.37,2026-07-31 17:19:01
0,BAJAJFINSVEQN,121.6,BAJAJFINSV,EQ,N,2031.0,3731886,1932.0,2036.6,1930.0,1909.4,7473176352.72,2195.0,1597.0,1172501123973.76,2026-07-31 16:00:29,0,4.26,14.09,31-Jul-2025,30-Jun-2026,7.471526195899772,-27.175954915466498,,,BAJAJ FINSERV LIMITED,6.37,2026-07-31 17:19:01
0,LTEQN,0.3,LT,EQ,N,3938.0,1753377,3962.9,3973.1,3923.2,3937.7,6910128892.08,4440.0,3288.1,4596293830250.15,2026-07-31 16:00:29,0,8.29,-4.96,31-Jul-2025,30-Jun-2026,11.306306306306306,-19.76521395334692,,,LARSEN & TOUBRO LIMITED,0.01,2026-07-31 17:19:01
0,BELEQN,2.9,BEL,EQ,N,387.8,17114563,385.0,390.6,385.0,384.9,6639937007.11,473.45,361.2,1385098357970.31,2026-07-31 16:00:29,0,1.23,-5.83,31-Jul-2025,30-Jun-2026,18.09061146900412,-7.364341085271318,,,BHARAT ELECTRONICS LIMITED,0.75,2026-07-31 17:19:01
0,SHRIRAMFINEQN,19.0,SHRIRAMFIN,EQ,N,1046.2,6318223,1029.2,1054.6,1029.1,1027.2,6604817595.28,1108.0,566.5,1461159431376.02,2026-07-31 16:00:29,0,65.84,0.39,31-Jul-2025,30-Jun-2026,5.577617328519856,-84.67784642541925,,,SHRIRAM FINANCE LIMITED,1.85,2026-07-31 17:19:01
0,TATASTEELEQN,3.07,TATASTEEL,EQ,N,189.99,34249584,188.25,191.84,186.31,186.92,6482076267.84,224.4,152.51,1566080041779.53,2026-07-31 16:00:29,0,20.29,1.03,31-Jul-2025,30-Jun-2026,15.334224598930481,-24.575437676217952,,,TATA STEEL LIMITED,1.64,2026-07-31 17:19:01
0,HDFCLIFEEQN,5.5,HDFCLIFE,EQ,N,550.9,11438476,548.7,550.9,544.05,545.4,6251470288.28,815.0,543.0,594951827559.66,2026-07-31 16:00:29,0,-27.08,-4.33,31-Jul-2025,30-Jun-2026,32.40490797546012,-1.4548802946593002,,,HDFC LIFE INSURANCE COMPANY LIMITED,1.01,2026-07-31 17:19:01
0,EICHERMOTEQN,4.5,EICHERMOT,EQ,N,7835.0,720608,7899.0,7899.0,7794.0,7912.5,5651288973.12,8230.0,5386.5,1076763527952.38,2026-07-31 16:00:29,0,43.28,10.77,31-Jul-2025,30-Jun-2026,4.79951397326853,-45.45623317553142,,,EICHER MOTORS LIMITED,0.06,2026-07-31 17:19:01
0,TECHMEQN,-15.1,TECHM,EQ,N,1653.9,3355677,1620.0,1661.5,1610.5,1669.0,5533947611.01,1854.0,1304.1,1047462570903.24,2026-07-31 16:00:29,0,12.99,17.74,31-Jul-2025,30-Jun-2026,10.792880258899677,-26.82309638831378,,,TECH MAHINDRA LIMITED,-0.9,2026-07-31 17:19:01
0,HINDALCOEQN,4.1,HINDALCO,EQ,N,974.5,5579336,979.8,988.0,971.05,970.4,5465461752.24,1176.0,657.5,1407031613248.04,2026-07-31 16:00:29,0,42.67,1.87,31-Jul-2025,30-Jun-2026,17.1343537414966,-48.21292775665399,,,HINDALCO INDUSTRIES LIMITED,0.42,2026-07-31 17:19:01
0,TITANEQN,35.0,TITAN,EQ,N,4885.0,1003314,4850.0,4886.0,4820.9,4850.0,4886269610.82,4886.0,3303.1,2011207412854.5,2026-07-31 16:00:29,0,45.94,10.92,31-Jul-2025,30-Jun-2026,0.020466639377814164,-47.89137476915625,,,TITAN COMPANY LIMITED,0.72,2026-07-31 17:19:01
0,ITCEQN,-4.05,ITC,EQ,N,281.0,16833813,285.55,285.8,280.05,285.05,4740738417.06,427.0,275.0,2701171021997.49,2026-07-31 16:00:29,0,-31.79,-2.07,31-Jul-2025,30-Jun-2026,34.19203747072599,-2.1818181818181817,,,ITC LIMITED,-1.42,2026-07-31 17:19:01
0,ULTRACEMCOEQN,37.0,ULTRACEMCO,EQ,N,11884.0,390471,11850.0,12009.0,11799.0,11847.0,4654398701.16,13110.0,10325.0,1402380302372.61,2026-07-31 16:00:29,0,-2.98,5.61,31-Jul-2025,30-Jun-2026,9.35163996948894,-15.099273607748184,,,ULTRATECH CEMENT LIMITED,0.31,2026-07-31 17:19:01
0,HCLTECHEQN,-7.0,HCLTECH,EQ,N,1345.7,3369019,1317.7,1356.5,1294.3,1352.7,4514856052.09,1780.1,1030.0,1414783221886.57,2026-07-31 16:00:29,0,-8.32,25.56,31-Jul-2025,30-Jun-2026,24.403123420032582,-30.650485436893202,,,HCL TECHNOLOGIES LIMITED,-0.52,2026-07-31 17:19:01
0,NESTLEINDEQN,-15.7,NESTLEIND,EQ,N,1505.0,2501825,1529.0,1529.0,1497.5,1520.7,3776880111.25,1532.6,1084.7,1076083204741.92,2026-07-31 16:00:29,0,33.91,7.1,31-Jul-2025,30-Jun-2026,1.800861281482448,-38.74804093297686,,,NESTLE INDIA LIMITED,-1.03,2026-07-31 17:19:01
0,HINDUNILVREQN,-8.5,HINDUNILVR,EQ,N,2099.4,1759019,2119.6,2119.6,2091.1,2107.9,3695910001.28,2750.0,2016.0,1857346204250.55,2026-07-31 16:00:29,0,-16.73,-0.89,31-Jul-2025,30-Jun-2026,23.658181818181816,-4.136904761904762,,,HINDUSTAN UNILEVER LIMITED,-0.4,2026-07-31 17:19:01
0,WIPROEQN,-2.58,WIPRO,EQ,N,183.75,18762810,184.85,185.24,180.83,186.33,3442037494.5,273.1,169.0,496242729074.09,2026-07-31 16:00:29,0,-26.0,7.84,31-Jul-2025,30-Jun-2026,32.716953496887584,-8.727810650887575,,,WIPRO LIMITED,-1.38,2026-07-31 17:19:01
0,NTPCEQN,1.75,NTPC,EQ,N,346.6,8519119,344.1,348.25,343.55,344.85,2949830144.94,414.4,315.55,1638579395627.3,2026-07-31 16:00:29,0,3.69,-2.82,31-Jul-2025,30-Jun-2026,16.361003861003862,-9.839961971161465,,,NTPC LIMITED,0.51,2026-07-31 17:19:01
0,TMPVEQN,5.9,TMPV,EQ,N,340.1,8527463,335.55,341.95,334.5,334.2,2885011282.16,739.7,294.3,708798407947.57,2026-07-31 16:00:29,0,-48.93,-3.44,31-Jul-2025,30-Jun-2026,54.02190077058267,-15.562351342167856,,,TATA MOTORS PASSENGER VEHICLES LIMITED,1.77,2026-07-31 17:19:01
0,KOTAKBANKEQN,-0.55,KOTAKBANK,EQ,N,388.85,7014637,390.2,391.85,388.0,389.4,2736129308.22,453.2,345.5,2855155315262.45,2026-07-31 16:00:29,0,-1.74,-0.87,31-Jul-2025,30-Jun-2026,14.199029126213592,-12.547033285094066,,,KOTAK MAHINDRA BANK LIMITED,-0.14,2026-07-31 17:19:01
0,ADANIENTEQN,-40.0,ADANIENT,EQ,N,3009.1,866401,3051.0,3067.5,3002.4,3049.1,2620282536.33,3245.0,1753.0,900854251871.76,2026-07-31 16:00:29,0,27.51,-0.89,31-Jul-2025,30-Jun-2026,7.269645608628659,-71.65430690245294,,,ADANI ENTERPRISES LIMITED,-1.31,2026-07-31 17:19:01
0,BAJAJ-AUTOEQN,87.0,BAJAJ-AUTO,EQ,N,11519.0,214380,11475.0,11590.0,11329.5,11432.0,2469406775.4,11590.0,7858.5,1272196271192.98,2026-07-31 16:00:29,0,43.84,18.56,31-Jul-2025,30-Jun-2026,0.6125970664365833,-46.58013615829993,,,BAJAJ AUTO LIMITED,0.76,2026-07-31 17:19:01
0,COALINDIAEQN,2.7,COALINDIA,EQ,N,414.4,5938134,413.0,415.1,410.15,417.2,2454824595.6,491.25,368.65,989838206030.73,2026-07-31 16:00:29,0,10.11,-5.61,31-Jul-2025,30-Jun-2026,15.643765903307887,-12.41014512410145,,,COAL INDIA LIMITED,0.66,2026-07-31 17:19:01
0,ASIANPAINTEQN,-8.2,ASIANPAINT,EQ,N,2738.0,891738,2773.9,2774.9,2732.4,2746.2,2452136821.92,2985.7,2115.0,1234734079154.01,2026-07-31 16:00:29,0,14.27,3.88,31-Jul-2025,30-Jun-2026,8.296211943597816,-29.45626477541371,,,ASIAN PAINTS LIMITED,-0.3,2026-07-31 17:19:01
0,ONGCEQN,0.71,ONGC,EQ,N,242.3,10070729,241.58,242.96,238.17,241.59,2428657005.64,307.5,227.65,938580915153.36,2026-07-31 16:00:29,0,0.54,3.15,31-Jul-2025,30-Jun-2026,21.203252032520325,-6.4353173731605535,,,OIL & NATURAL GAS CORPORATION LIMITED,0.29,2026-07-31 17:19:01
0,INDIGOEQN,-53.5,INDIGO,EQ,N,5177.0,462900,5260.0,5282.0,5137.5,5230.5,2408445555.0,6232.5,3895.2,1168589020665.79,2026-07-31 16:00:29,0,-12.41,-3.57,31-Jul-2025,30-Jun-2026,16.93541917368632,-32.907167796262065,,,INTERGLOBE AVIATION LIMITED,-1.02,2026-07-31 17:19:01
0,APOLLOHOSPEQN,-47.0,APOLLOHOSP,EQ,N,8941.0,268253,9025.0,9036.5,8931.0,8988.0,2405397825.7,9036.5,6696.5,917545742565.35,2026-07-31 16:00:29,0,19.25,2.98,31-Jul-2025,30-Jun-2026,1.0568250982128036,-33.517509146569104,,,APOLLO HOSPITALS ENTERPRISE LIMITED,-0.52,2026-07-31 17:19:01
0,MAXHEALTHEQN,-23.4,MAXHEALTH,EQ,N,1101.4,2055225,1126.0,1132.0,1091.2,1124.8,2274805239.0,1301.7,903.0,817434239392.71,2026-07-31 16:00:29,0,-11.61,-2.47,31-Jul-2025,30-Jun-2026,15.387570100637628,-21.971207087486157,,,MAX HEALTHCARE INSTITUTE LIMITED,-2.08,2026-07-31 17:19:01
0,POWERGRIDEQN,-1.5,POWERGRID,EQ,N,284.2,7804310,286.3,287.4,283.0,285.7,2217516643.4,324.95,250.0,1283415819519.24,2026-07-31 16:00:29,0,-2.34,-0.73,31-Jul-2025,30-Jun-2026,12.540390829358364,-13.68,,,POWER GRID CORPORATION OF INDIA LIMITED,-0.53,2026-07-31 17:19:01
0,JSWSTEELEQN,0.6,JSWSTEEL,EQ,N,1271.4,1449872,1276.4,1282.2,1262.0,1270.8,1840844483.52,1328.0,1018.0,1189165993877.79,2026-07-31 16:00:29,0,21.28,3.67,31-Jul-2025,30-Jun-2026,4.2620481927710845,-24.891944990176817,,,JSW STEEL LIMITED,0.05,2026-07-31 17:19:01
0,TRENTEQN,1.8,TRENT,EQ,N,3001.0,605222,3008.0,3026.7,2990.9,2999.2,1819714935.18,3782.67,2183.67,995770405603.35,2026-07-31 16:00:29,0,-10.29,-8.58,31-Jul-2025,30-Jun-2026,20.664504172978347,-37.42919030805937,,,TRENT LIMITED,0.06,2026-07-31 17:19:01
0,CIPLAEQN,5.6,CIPLA,EQ,N,1472.0,1223370,1473.4,1478.8,1462.3,1466.4,1801938374.1,1673.0,1165.7,825953873199.26,2026-07-31 16:00:29,0,-5.31,0.45,31-Jul-2025,30-Jun-2026,12.014345487148834,-26.27605730462383,,,CIPLA LIMITED,0.38,2026-07-31 17:19:01
0,TATACONSUMEQN,-12.1,TATACONSUM,EQ,N,1082.1,1479617,1098.9,1098.9,1081.0,1094.2,1605650776.06,1282.7,1007.2,702721860608.4,2026-07-31 16:00:29,0,0.83,0.6,31-Jul-2025,30-Jun-2026,15.638886723318,-7.436457505957109,,,TATA CONSUMER PRODUCTS LIMITED,-1.11,2026-07-31 17:19:01
0,SBILIFEEQN,13.0,SBILIFE,EQ,N,1890.5,723852,1885.0,1898.9,1870.6,1877.5,1362731013.72,2132.0,1700.4,847141635630.89,2026-07-31 16:00:29,0,2.71,7.07,31-Jul-2025,30-Jun-2026,11.327392120075046,-11.179722418254528,,,SBI LIFE INSURANCE COMPANY LIMITED,0.69,2026-07-31 17:19:01
0,DRREDDYEQN,0.7,DRREDDY,EQ,N,1145.5,1085841,1152.0,1154.3,1141.7,1144.8,1247468432.85,1414.9,1101.0,696327720239.81,2026-07-31 16:00:29,0,-9.82,-15.59,31-Jul-2025,30-Jun-2026,19.04021485617358,-4.041780199818347,,,DR. REDDY'S LABORATORIES LIMITED,0.06,2026-07-31 17:19:01
0,GRASIMEQN,-8.8,GRASIM,EQ,N,3096.0,309447,3115.7,3135.9,3092.6,3104.8,962197596.27,3246.0,2502.5,1164892382421.51,2026-07-31 16:00:29,0,12.73,-0.13,31-Jul-2025,30-Jun-2026,4.621072088724584,-23.716283716283716,,,GRASIM INDUSTRIES LIMITED,-0.28,2026-07-31 17:19:01
1,NIFTY 50,-12.7,NIFTY 50,,,24557.95,63651616,24581.25,24620.95,24511.1,24570.65,60100989568.63,26373.2,22182.55,,2026-08-10 10:16:14,0,0.8,1.45,08-Aug-2025,10-Jul-2026,6.882934190769418,-10.70841720180953,,,,-0.05,2026-08-10 10:16:53
0,TITANEQN,125.0,TITAN,EQ,N,5066.0,1382337,4932.0,5083.8,4886.2,4941.0,6933539747.97,5083.8,3303.1,2086426981806.09,2026-08-10 10:15:46,0,46.44,10.53,08-Aug-2025,10-Jul-2026,0.3501317911798261,-53.37107565620175,,,TITAN COMPANY LIMITED,2.53,2026-08-10 10:16:53
0,SBINEQN,-8.0,SBIN,EQ,N,1089.2,5841411,1108.0,1113.3,1078.5,1097.2,6388517554.26,1234.7,790.0,4488321806892.07,2026-08-10 10:15:46,0,35.42,5.14,08-Aug-2025,10-Jul-2026,11.784239086417752,-37.87341772151899,,,STATE BANK OF INDIA,-0.73,2026-08-10 10:16:53
0,ICICIBANKEQN,-3.1,ICICIBANK,EQ,N,1417.9,4094458,1428.1,1441.9,1415.5,1421.0,5845575797.44,1480.0,1187.6,10130145228269.55,2026-08-10 10:15:46,0,-1.27,1.18,08-Aug-2025,10-Jul-2026,4.195945945945946,-19.392051195688783,,,ICICI BANK LIMITED,-0.22,2026-08-10 10:16:53
0,HDFCBANKEQN,3.9,HDFCBANK,EQ,N,734.9,6788033,731.5,735.0,728.5,731.0,4965581900.16,1020.5,726.65,11229231198296.31,2026-08-10 10:15:44,0,-25.53,-10.9,08-Aug-2025,10-Jul-2026,27.986281234688878,-1.1353471409894722,,,HDFC BANK LIMITED,0.53,2026-08-10 10:16:53
0,INFYEQN,13.4,INFY,EQ,N,1188.5,2694505,1178.1,1190.9,1175.2,1175.1,3183800162.95,1728.0,982.4,4155027832628.53,2026-08-10 10:15:45,0,-16.46,11.31,08-Aug-2025,10-Jul-2026,31.221064814814813,-20.979234527687296,,,INFOSYS LIMITED,1.14,2026-08-10 10:16:53
0,HINDALCOEQN,-4.35,HINDALCO,EQ,N,1055.25,2952492,1065.0,1068.35,1045.6,1059.6,3114199986.84,1176.0,657.5,1524200023114.72,2026-08-10 10:15:45,0,56.74,8.99,08-Aug-2025,10-Jul-2026,10.267857142857142,-60.49429657794677,,,HINDALCO INDUSTRIES LIMITED,-0.41,2026-08-10 10:16:53
0,RELIANCEEQN,-10.8,RELIANCE,EQ,N,1324.0,1472714,1330.1,1332.1,1321.3,1334.8,1951832045.62,1611.8,1249.8,8912035147139.72,2026-08-10 10:15:45,0,-3.17,1.27,08-Aug-2025,10-Jul-2026,17.855813376349424,-5.936949911985918,,,RELIANCE INDUSTRIES LIMITED,-0.81,2026-08-10 10:16:53
0,M&MEQN,12.5,M&M,EQ,N,3514.5,546476,3509.0,3532.0,3491.1,3502.0,1921409616.0,3839.9,2896.0,3128006098745.2,2026-08-10 10:15:43,0,11.8,12.33,08-Aug-2025,10-Jul-2026,8.474179015078517,-21.35704419889503,,,MAHINDRA & MAHINDRA LIMITED,0.36,2026-08-10 10:16:53
0,KOTAKBANKEQN,-2.75,KOTAKBANK,EQ,N,388.0,4720373,388.0,393.0,386.5,390.75,1835375429.86,453.2,345.5,2848179881163.19,2026-08-10 10:15:45,0,-0.66,2.74,08-Aug-2025,10-Jul-2026,14.386584289496911,-12.301013024602026,,,KOTAK MAHINDRA BANK LIMITED,-0.7,2026-08-10 10:16:53
0,TCSEQN,5.7,TCS,EQ,N,2458.4,666836,2452.7,2468.4,2443.8,2452.7,1637142395.24,3350.0,1976.8,2502748954155.3,2026-08-10 10:15:45,0,-19.03,18.83,08-Aug-2025,10-Jul-2026,26.61492537313433,-24.362606232294617,,,TATA CONSULTANCY SERVICES LIMITED,0.23,2026-08-10 10:16:53
0,BAJFINANCEEQN,-0.5,BAJFINANCE,EQ,N,1077.5,1330399,1078.0,1084.1,1070.8,1078.0,1434449505.79,1176.4,787.9,2881200214013.49,2026-08-10 10:15:43,0,22.96,5.68,08-Aug-2025,10-Jul-2026,8.407004420265215,-36.75593349409824,,,BAJAJ FINANCE LIMITED,-0.05,2026-08-10 10:16:53
0,TECHMEQN,22.5,TECHM,EQ,N,1657.5,745915,1644.0,1663.4,1643.3,1635.0,1236331735.05,1854.0,1304.1,1049299224543.5,2026-08-10 10:15:45,0,11.95,13.92,08-Aug-2025,10-Jul-2026,10.598705501618124,-27.099148838279273,,,TECH MAHINDRA LIMITED,1.38,2026-08-10 10:16:53
0,TATASTEELEQN,3.29,TATASTEEL,EQ,N,190.84,6068889,187.56,191.48,187.55,187.55,1152724776.66,224.4,153.05,1572921698891.36,2026-08-10 10:15:47,0,20.7,-0.28,08-Aug-2025,10-Jul-2026,14.955436720142602,-24.691277360339758,,,TATA STEEL LIMITED,1.75,2026-08-10 10:16:53
0,GRASIMEQN,33.8,GRASIM,EQ,N,3356.8,332173,3324.0,3379.0,3290.2,3323.0,1114231146.01,3379.0,2502.5,1267247517796.42,2026-08-10 10:15:46,0,24.81,4.54,08-Aug-2025,10-Jul-2026,0.6569991121633619,-34.137862137862136,,,GRASIM INDUSTRIES LIMITED,1.02,2026-08-10 10:16:53
0,BHARTIARTLEQN,-16.4,BHARTIARTL,EQ,N,1943.5,550713,1955.0,1959.0,1938.5,1959.9,1071235913.34,2174.5,1740.5,6031916730755.78,2026-08-10 10:15:44,0,4.59,1.23,08-Aug-2025,10-Jul-2026,10.623131754426305,-11.663315139327779,,,BHARTI AIRTEL LIMITED,-0.84,2026-08-10 10:16:53
0,AXISBANKEQN,3.2,AXISBANK,EQ,N,1241.2,854716,1235.0,1248.6,1235.0,1238.0,1061557272.0,1418.3,1042.5,3555215139910.06,2026-08-10 10:15:43,0,17.31,-6.22,08-Aug-2025,10-Jul-2026,12.48677994782486,-19.059952038369303,,,AXIS BANK LIMITED,0.26,2026-08-10 10:16:53
0,MARUTIEQN,8.0,MARUTI,EQ,N,14045.0,65589,14039.0,14107.0,13954.0,14037.0,921695325.51,17370.0,12201.0,1826858827796.61,2026-08-10 10:15:44,0,11.58,1.4,08-Aug-2025,10-Jul-2026,19.142199194012665,-15.113515285632324,,,MARUTI SUZUKI INDIA LIMITED,0.06,2026-08-10 10:16:53
0,SHRIRAMFINEQN,3.2,SHRIRAMFIN,EQ,N,1118.2,770568,1115.0,1119.8,1106.1,1115.0,859630249.44,1153.7,566.5,1561717144106.92,2026-08-10 10:15:45,0,83.43,7.11,08-Aug-2025,10-Jul-2026,3.0770564271474385,-97.38746690203001,,,SHRIRAM FINANCE LIMITED,0.29,2026-08-10 10:16:53
0,ADANIENTEQN,-34.6,ADANIENT,EQ,N,2985.4,278057,3020.0,3021.8,2969.9,3020.0,832227381.57,3245.0,1753.0,893649245115.41,2026-08-10 10:15:44,0,41.35,-5.33,08-Aug-2025,10-Jul-2026,8.0,-70.30233884768967,,,ADANI ENTERPRISES LIMITED,-1.15,2026-08-10 10:16:53
0,ETERNALEQN,-1.15,ETERNAL,EQ,N,313.85,2610666,315.45,315.9,311.0,315.0,817242884.64,368.45,212.6,2262279626954.05,2026-08-10 10:15:41,0,4.35,8.41,08-Aug-2025,10-Jul-2026,14.8188356629122,-47.62464722483537,,,ETERNAL LIMITED,-0.37,2026-08-10 10:16:53
0,JIOFINEQN,0.25,JIOFIN,EQ,N,256.45,3110778,256.8,257.7,254.85,256.8,796856892.48,333.7,223.3,839082884478.72,2026-08-10 10:15:47,0,-20.1,6.05,08-Aug-2025,10-Jul-2026,23.14953551093797,-14.845499328257949,,,JIO FINANCIAL SERVICES LIMITED,0.1,2026-08-10 10:16:53
0,TMPVEQN,1.9,TMPV,EQ,N,348.9,1931311,347.0,351.4,344.6,347.0,673564024.36,739.7,294.3,727242588807.13,2026-08-10 10:15:45,0,-44.88,3.36,08-Aug-2025,10-Jul-2026,52.832229282141405,-18.55249745158002,,,TATA MOTORS PASSENGER VEHICLES LIMITED,0.55,2026-08-10 10:16:53
0,LTEQN,-9.0,LT,EQ,N,4047.0,165175,4055.7,4055.7,4025.8,4056.0,666740449.75,4440.0,3288.1,4721413865446.39,2026-08-10 10:15:44,0,12.19,2.58,08-Aug-2025,10-Jul-2026,8.85135135135135,-23.08019829080624,,,LARSEN & TOUBRO LIMITED,-0.22,2026-08-10 10:16:53
0,EICHERMOTEQN,-40.5,EICHERMOT,EQ,N,7979.5,75494,8000.0,8005.0,7938.0,8020.0,602451934.22,8230.0,5588.0,1096787457861.16,2026-08-10 10:15:47,0,40.88,8.32,08-Aug-2025,10-Jul-2026,3.0437424058323206,-42.797065139584824,,,EICHER MOTORS LIMITED,-0.5,2026-08-10 10:16:53
0,ONGCEQN,0.05,ONGC,EQ,N,238.9,2271337,240.0,241.3,238.52,238.85,544530332.38,307.5,227.65,925333095385.2,2026-08-10 10:15:44,0,2.36,-2.45,08-Aug-2025,10-Jul-2026,22.308943089430894,-4.941796617614759,,,OIL & NATURAL GAS CORPORATION LIMITED,0.02,2026-08-10 10:16:53
0,POWERGRIDEQN,-1.85,POWERGRID,EQ,N,269.75,2005735,271.5,271.55,268.8,271.6,540986844.2,324.95,250.0,1218161215043.33,2026-08-10 10:15:44,0,-5.3,-4.72,08-Aug-2025,10-Jul-2026,16.98722880443145,-7.9,,,POWER GRID CORPORATION OF INDIA LIMITED,-0.68,2026-08-10 10:16:53
0,ITCEQN,-2.1,ITC,EQ,N,284.0,1868819,286.1,286.1,283.6,286.1,531361306.27,427.0,275.0,2729047875961.16,2026-08-10 10:15:45,0,-31.47,0.82,08-Aug-2025,10-Jul-2026,33.48946135831382,-3.272727272727273,,,ITC LIMITED,-0.73,2026-08-10 10:16:53
0,BELEQN,-0.5,BEL,EQ,N,400.5,1217081,402.0,402.2,399.25,401.0,487574819.41,473.45,361.2,1430458721936.84,2026-08-10 10:15:43,0,4.17,-3.42,08-Aug-2025,10-Jul-2026,15.408174041609463,-10.880398671096346,,,BHARAT ELECTRONICS LIMITED,-0.12,2026-08-10 10:16:53
0,SUNPHARMAEQN,1.9,SUNPHARMA,EQ,N,1946.9,249068,1949.9,1965.0,1945.0,1945.0,486629058.4,2046.9,1548.0,2055868703050.83,2026-08-10 10:15:45,0,22.7,0.6,08-Aug-2025,10-Jul-2026,4.885436513752504,-25.7687338501292,,,SUN PHARMACEUTICAL INDUSTRIES LIMITED,0.1,2026-08-10 10:16:53
0,TRENTEQN,13.0,TRENT,EQ,N,3010.0,158838,3010.0,3032.4,2981.0,2997.0,478583659.14,3782.67,2183.67,999188078105.08,2026-08-10 10:15:44,0,-14.99,3.81,08-Aug-2025,10-Jul-2026,20.426576994556754,-37.8413404955877,,,TRENT LIMITED,0.43,2026-08-10 10:16:53
0,ULTRACEMCOEQN,-85.0,ULTRACEMCO,EQ,N,12020.0,37132,12040.0,12049.0,11921.0,12105.0,445635613.48,13110.0,10325.0,1417839055285.0,2026-08-10 10:15:45,0,-1.12,2.65,08-Aug-2025,10-Jul-2026,8.314263920671243,-16.416464891041162,,,ULTRATECH CEMENT LIMITED,-0.7,2026-08-10 10:16:53
0,BAJAJFINSVEQN,-10.6,BAJAJFINSV,EQ,N,1998.3,215322,2009.0,2009.5,1992.6,2008.9,430353315.3,2195.0,1597.0,1153046033930.48,2026-08-10 10:15:44,0,4.13,4.3,08-Aug-2025,10-Jul-2026,8.96127562642369,-25.128365685660615,,,BAJAJ FINSERV LIMITED,-0.53,2026-08-10 10:16:53
0,ADANIPORTSEQN,-14.2,ADANIPORTS,EQ,N,1679.3,248703,1690.0,1690.0,1673.1,1693.5,417828501.09,1891.1,1290.5,1235345251146.62,2026-08-10 10:15:43,0,26.84,-8.07,08-Aug-2025,10-Jul-2026,11.199830786314843,-30.127857419604805,,,ADANI PORTS AND SPECIAL ECONOMIC ZONE LIMITED,-0.84,2026-08-10 10:16:53
0,COALINDIAEQN,-2.4,COALINDIA,EQ,N,412.85,988001,415.0,415.15,412.25,415.25,408004892.96,491.25,368.65,986135867180.95,2026-08-10 10:15:43,0,8.72,-3.84,08-Aug-2025,10-Jul-2026,15.959287531806616,-11.98969211989692,,,COAL INDIA LIMITED,-0.58,2026-08-10 10:16:53
0,HCLTECHEQN,3.0,HCLTECH,EQ,N,1359.6,282408,1356.6,1364.4,1353.2,1356.6,383668212.48,1780.1,1030.0,1429291662446.9,2026-08-10 10:15:46,0,-7.91,16.73,08-Aug-2025,10-Jul-2026,23.622268411886974,-32.0,,,HCL TECHNOLOGIES LIMITED,0.22,2026-08-10 10:16:53
0,INDIGOEQN,9.0,INDIGO,EQ,N,5342.0,70115,5305.0,5355.0,5297.0,5333.0,373154834.6,6232.5,3895.2,1205382532423.28,2026-08-10 10:15:41,0,-7.38,0.59,08-Aug-2025,10-Jul-2026,14.288006417970317,-37.143150544259605,,,INTERGLOBE AVIATION LIMITED,0.17,2026-08-10 10:16:53
0,BAJAJ-AUTOEQN,25.0,BAJAJ-AUTO,EQ,N,11687.0,29405,11662.0,11750.0,11615.0,11662.0,343965281.55,11856.0,7858.5,1269507706691.75,2026-08-10 10:15:43,0,42.16,15.11,08-Aug-2025,10-Jul-2026,1.4254385964912282,-48.717948717948715,,,BAJAJ AUTO LIMITED,0.21,2026-08-10 10:16:53
0,JSWSTEELEQN,12.0,JSWSTEEL,EQ,N,1311.5,260775,1299.5,1312.0,1295.0,1299.5,340376568.75,1335.0,1022.3,1226204670421.41,2026-08-10 10:15:46,0,24.6,4.97,08-Aug-2025,10-Jul-2026,1.7602996254681649,-28.289151912354495,,,JSW STEEL LIMITED,0.92,2026-08-10 10:16:53
0,MAXHEALTHEQN,-5.9,MAXHEALTH,EQ,N,1064.1,278669,1070.2,1074.7,1062.5,1070.0,297072300.76,1301.7,903.0,789751020644.44,2026-08-10 10:15:47,0,-14.55,-3.97,08-Aug-2025,10-Jul-2026,18.253053699008987,-17.840531561461795,,,MAX HEALTHCARE INSTITUTE LIMITED,-0.55,2026-08-10 10:16:53
0,APOLLOHOSPEQN,-48.5,APOLLOHOSP,EQ,N,8896.5,31707,8945.0,8971.0,8884.0,8945.0,282890805.21,9050.0,6696.5,913030362554.96,2026-08-10 10:15:44,0,25.61,0.65,08-Aug-2025,10-Jul-2026,1.6961325966850829,-32.852982901515716,,,APOLLO HOSPITALS ENTERPRISE LIMITED,-0.54,2026-08-10 10:16:53
0,HINDUNILVREQN,-13.6,HINDUNILVR,EQ,N,2082.4,129522,2096.0,2096.0,2078.6,2096.0,270050779.56,2750.0,2016.0,1842483188040.49,2026-08-10 10:15:46,0,-16.62,-3.13,08-Aug-2025,10-Jul-2026,24.276363636363637,-3.2936507936507935,,,HINDUSTAN UNILEVER LIMITED,-0.65,2026-08-10 10:16:53
0,HDFCLIFEEQN,-6.4,HDFCLIFE,EQ,N,533.6,488160,540.0,541.0,531.05,540.0,260496820.8,815.0,530.5,575890473854.04,2026-08-10 10:15:46,0,-29.91,-5.97,08-Aug-2025,10-Jul-2026,34.52760736196319,-0.58435438265787,,,HDFC LIFE INSURANCE COMPANY LIMITED,-1.19,2026-08-10 10:16:53
0,SBILIFEEQN,-10.7,SBILIFE,EQ,N,1844.8,133893,1855.5,1862.1,1836.0,1855.5,247694016.42,2132.0,1700.4,825946290819.81,2026-08-10 10:15:45,0,0.61,-0.98,08-Aug-2025,10-Jul-2026,13.470919324577862,-8.492119501293812,,,SBI LIFE INSURANCE COMPANY LIMITED,-0.58,2026-08-10 10:16:53
0,NESTLEINDEQN,-4.5,NESTLEIND,EQ,N,1535.5,158520,1534.1,1547.5,1532.1,1540.0,244117629.6,1553.0,1084.7,1098033872107.75,2026-08-10 10:15:43,0,40.08,5.55,08-Aug-2025,10-Jul-2026,1.1268512556342563,-41.55987830736609,,,NESTLE INDIA LIMITED,-0.29,2026-08-10 10:16:53
0,CIPLAEQN,8.2,CIPLA,EQ,N,1472.0,159559,1463.8,1483.7,1463.8,1463.8,235210708.67,1673.0,1165.7,825392763231.05,2026-08-10 10:15:43,0,-0.9,2.3,08-Aug-2025,10-Jul-2026,12.014345487148834,-26.27605730462383,,,CIPLA LIMITED,0.56,2026-08-10 10:16:53
0,NTPCEQN,-1.1,NTPC,EQ,N,341.4,683417,342.5,343.7,341.1,342.5,233851629.06,414.4,315.55,1613759598088.23,2026-08-10 10:15:43,0,2.11,-0.8,08-Aug-2025,10-Jul-2026,17.615830115830114,-8.192045634606243,,,NTPC LIMITED,-0.32,2026-08-10 10:16:53
0,WIPROEQN,-0.84,WIPRO,EQ,N,186.69,1249605,187.53,187.89,186.1,187.53,233613654.75,273.1,169.0,504350674461.27,2026-08-10 10:15:44,0,-21.93,6.37,08-Aug-2025,10-Jul-2026,31.640424752837788,-10.467455621301776,,,WIPRO LIMITED,-0.45,2026-08-10 10:16:53
0,DRREDDYEQN,-5.1,DRREDDY,EQ,N,1166.9,191238,1172.0,1178.8,1165.9,1172.0,224134760.76,1414.9,1101.0,709214798082.74,2026-08-10 10:15:41,0,-3.67,-6.21,08-Aug-2025,10-Jul-2026,17.527740476358755,-5.985467756584923,,,DR. REDDY'S LABORATORIES LIMITED,-0.44,2026-08-10 10:16:53
0,ASIANPAINTEQN,-12.0,ASIANPAINT,EQ,N,2723.0,79358,2724.7,2735.0,2713.5,2735.0,216353715.4,2985.7,2115.0,1227518686434.34,2026-08-10 10:15:45,0,9.99,1.69,08-Aug-2025,10-Jul-2026,8.798606691898048,-28.747044917257682,,,ASIAN PAINTS LIMITED,-0.44,2026-08-10 10:16:53
0,TATACONSUMEQN,3.8,TATACONSUM,EQ,N,1086.1,115151,1085.6,1088.7,1082.3,1082.3,124935380.47,1282.7,1007.2,705606376359.74,2026-08-10 10:15:46,0,3.37,-2.29,08-Aug-2025,10-Jul-2026,15.327044515475169,-7.833598093725179,,,TATA CONSUMER PRODUCTS LIMITED,0.35,2026-08-10 10:16:53
1,NIFTY 50,-9.35,NIFTY 50,,,24561.3,64829756,24581.25,24620.95,24511.1,24570.65,61077609120.68,26373.2,22182.55,,2026-08-10 10:17:05,0,0.81,1.46,08-Aug-2025,10-Jul-2026,6.870231902082417,-10.723519162585005,,,,-0.04,2026-08-10 10:17:23
0,TITANEQN,124.0,TITAN,EQ,N,5065.0,1390801,4932.0,5083.8,4886.2,4941.0,6976424712.12,5083.8,3303.1,2086138784223.9,2026-08-10 10:17:01,0,46.42,10.51,08-Aug-2025,10-Jul-2026,0.36980211652700734,-53.34080106566559,,,TITAN COMPANY LIMITED,2.51,2026-08-10 10:17:23
0,SBINEQN,-7.2,SBIN,EQ,N,1090.0,6133740,1108.0,1113.3,1078.5,1097.2,6707122015.2,1234.7,790.0,4493268070248.0,2026-08-10 10:17:01,0,35.52,5.21,08-Aug-2025,10-Jul-2026,11.719446019275937,-37.9746835443038,,,STATE BANK OF INDIA,-0.66,2026-08-10 10:17:23
0,ICICIBANKEQN,-3.3,ICICIBANK,EQ,N,1417.7,4108616,1428.1,1441.9,1415.5,1421.0,5865624546.24,1480.0,1187.6,10130859826550.32,2026-08-10 10:17:02,0,-1.3,1.15,08-Aug-2025,10-Jul-2026,4.20945945945946,-19.37521050858875,,,ICICI BANK LIMITED,-0.23,2026-08-10 10:17:23
0,HDFCBANKEQN,4.05,HDFCBANK,EQ,N,735.05,6892788,731.5,735.25,728.5,731.0,5042556917.16,1020.5,726.65,11233050924535.61,2026-08-10 10:17:01,0,-25.52,-10.89,08-Aug-2025,10-Jul-2026,27.971582557569818,-1.1559898162801898,,,HDFC BANK LIMITED,0.55,2026-08-10 10:17:23
0,INFYEQN,13.7,INFY,EQ,N,1188.8,2752234,1178.1,1190.9,1175.2,1175.1,3252425007.16,1728.0,982.4,4159925566875.97,2026-08-10 10:17:01,0,-16.46,11.32,08-Aug-2025,10-Jul-2026,31.203703703703702,-21.009771986970684,,,INFOSYS LIMITED,1.17,2026-08-10 10:17:23
0,HINDALCOEQN,-5.7,HINDALCO,EQ,N,1053.9,2964717,1065.0,1068.35,1045.6,1059.6,3127094550.09,1176.0,657.5,1521889863462.39,2026-08-10 10:16:56,0,56.71,8.98,08-Aug-2025,10-Jul-2026,10.38265306122449,-60.28897338403042,,,HINDALCO INDUSTRIES LIMITED,-0.54,2026-08-10 10:17:23
0,RELIANCEEQN,-10.5,RELIANCE,EQ,N,1324.3,1493842,1330.1,1332.1,1321.3,1334.8,1979803741.02,1611.8,1249.8,8921466585045.83,2026-08-10 10:16:56,0,-3.03,1.41,08-Aug-2025,10-Jul-2026,17.837200645241346,-5.960953752600416,,,RELIANCE INDUSTRIES LIMITED,-0.79,2026-08-10 10:17:23
0,M&MEQN,14.9,M&M,EQ,N,3516.9,551035,3509.0,3532.0,3491.1,3502.0,1937433549.65,3839.9,2896.0,3130053747536.18,2026-08-10 10:17:01,0,11.79,12.32,08-Aug-2025,10-Jul-2026,8.411677387431965,-21.439917127071823,,,MAHINDRA & MAHINDRA LIMITED,0.43,2026-08-10 10:17:23
0,KOTAKBANKEQN,-2.75,KOTAKBANK,EQ,N,388.0,4789825,388.0,393.0,386.5,390.75,1862331858.25,453.2,345.5,2848547009273.67,2026-08-10 10:16:56,0,-0.65,2.75,08-Aug-2025,10-Jul-2026,14.386584289496911,-12.301013024602026,,,KOTAK MAHINDRA BANK LIMITED,-0.7,2026-08-10 10:17:23
0,TCSEQN,6.8,TCS,EQ,N,2459.5,669658,2452.7,2468.4,2443.8,2452.7,1644084052.38,3350.0,1976.8,2502952578673.58,2026-08-10 10:16:56,0,-19.01,18.85,08-Aug-2025,10-Jul-2026,26.582089552238806,-24.418251719951435,,,TATA CONSULTANCY SERVICES LIMITED,0.28,2026-08-10 10:17:23
0,BAJFINANCEEQN,0.6,BAJFINANCE,EQ,N,1078.6,1341779,1078.0,1084.1,1070.8,1078.0,1446719535.59,1176.4,787.9,2882803850496.24,2026-08-10 10:17:01,0,22.97,5.69,08-Aug-2025,10-Jul-2026,8.313498809928596,-36.89554511993908,,,BAJAJ FINANCE LIMITED,0.06,2026-08-10 10:17:23
0,TECHMEQN,21.7,TECHM,EQ,N,1656.7,750444,1644.0,1663.4,1643.3,1635.0,1243838416.68,1854.0,1304.1,1049679221848.38,2026-08-10 10:16:56,0,11.89,13.86,08-Aug-2025,10-Jul-2026,10.64185544768069,-27.037803849398053,,,TECH MAHINDRA LIMITED,1.33,2026-08-10 10:17:23
0,TATASTEELEQN,3.17,TATASTEEL,EQ,N,190.72,6175521,187.56,191.48,187.55,187.55,1173040213.95,224.4,153.05,1571355536419.98,2026-08-10 10:17:02,0,20.72,-0.27,08-Aug-2025,10-Jul-2026,15.00891265597148,-24.612871610584776,,,TATA STEEL LIMITED,1.69,2026-08-10 10:17:23
0,GRASIMEQN,37.0,GRASIM,EQ,N,3360.0,340285,3324.0,3379.0,3290.2,3323.0,1141475823.95,3379.0,2502.5,1263409654173.64,2026-08-10 10:17:01,0,24.62,4.38,08-Aug-2025,10-Jul-2026,0.5622965374371116,-34.26573426573427,,,GRASIM INDUSTRIES LIMITED,1.11,2026-08-10 10:17:23
0,BHARTIARTLEQN,-15.6,BHARTIARTL,EQ,N,1944.3,555641,1955.0,1959.0,1938.5,1959.9,1080816203.97,2174.5,1740.5,6036885360682.27,2026-08-10 10:17:01,0,4.61,1.24,08-Aug-2025,10-Jul-2026,10.586341687744309,-11.709278942832519,,,BHARTI AIRTEL LIMITED,-0.8,2026-08-10 10:17:23
0,AXISBANKEQN,3.4,AXISBANK,EQ,N,1241.4,858381,1235.0,1248.6,1235.0,1238.0,1066109202.0,1418.3,1042.5,3557507163531.57,2026-08-10 10:17:01,0,17.31,-6.22,08-Aug-2025,10-Jul-2026,12.472678558838046,-19.07913669064748,,,AXIS BANK LIMITED,0.27,2026-08-10 10:17:23
0,MARUTIEQN,9.0,MARUTI,EQ,N,14046.0,65852,14039.0,14107.0,13954.0,14037.0,925389839.64,17370.0,12201.0,1827379189208.79,2026-08-10 10:17:02,0,11.56,1.38,08-Aug-2025,10-Jul-2026,19.13644214162349,-15.121711335136464,,,MARUTI SUZUKI INDIA LIMITED,0.06,2026-08-10 10:17:23
0,SHRIRAMFINEQN,3.7,SHRIRAMFIN,EQ,N,1118.7,776197,1115.0,1119.8,1106.1,1115.0,865925373.2,1153.7,566.5,1561717144106.92,2026-08-10 10:16:56,0,83.37,7.07,08-Aug-2025,10-Jul-2026,3.033717604229869,-97.47572815533981,,,SHRIRAM FINANCE LIMITED,0.33,2026-08-10 10:17:23
0,ADANIENTEQN,-31.0,ADANIENT,EQ,N,2989.0,282183,3020.0,3021.8,2969.9,3020.0,844556788.02,3245.0,1753.0,894996455032.67,2026-08-10 10:17:01,0,41.44,-5.27,08-Aug-2025,10-Jul-2026,7.889060092449923,-70.50770108385625,,,ADANI ENTERPRISES LIMITED,-1.03,2026-08-10 10:17:23
0,JIOFINEQN,0.8,JIOFIN,EQ,N,257.0,3234375,256.8,257.7,254.85,256.8,828614531.25,333.7,223.3,839900863504.33,2026-08-10 10:16:57,0,-19.88,6.34,08-Aug-2025,10-Jul-2026,22.984716811507344,-15.09180474697716,,,JIO FINANCIAL SERVICES LIMITED,0.31,2026-08-10 10:17:23
0,ETERNALEQN,-1.0,ETERNAL,EQ,N,314.0,2623054,315.45,315.9,311.0,315.0,821120824.16,368.45,212.6,2263361022569.23,2026-08-10 10:16:58,0,4.35,8.41,08-Aug-2025,10-Jul-2026,14.778124575926178,-47.69520225776105,,,ETERNAL LIMITED,-0.32,2026-08-10 10:17:23
0,TMPVEQN,2.25,TMPV,EQ,N,349.25,1945843,347.0,351.4,344.6,347.0,678632204.68,739.7,294.3,728076224100.22,2026-08-10 10:16:56,0,-44.91,3.3,08-Aug-2025,10-Jul-2026,52.7849128024875,-18.671423717295276,,,TATA MOTORS PASSENGER VEHICLES LIMITED,0.65,2026-08-10 10:17:23
0,LTEQN,-8.1,LT,EQ,N,4047.9,166954,4055.7,4055.7,4025.8,4056.0,673939872.72,4440.0,3288.1,4724681926067.19,2026-08-10 10:17:01,0,12.19,2.58,08-Aug-2025,10-Jul-2026,8.83108108108108,-23.10756972111554,,,LARSEN & TOUBRO LIMITED,-0.2,2026-08-10 10:17:23
0,EICHERMOTEQN,-40.0,EICHERMOT,EQ,N,7980.0,77380,8000.0,8005.0,7938.0,8020.0,617495495.2,8230.0,5588.0,1096375131749.18,2026-08-10 10:16:58,0,40.9,8.33,08-Aug-2025,10-Jul-2026,3.0376670716889427,-42.806012884753045,,,EICHER MOTORS LIMITED,-0.5,2026-08-10 10:17:23
0,ONGCEQN,0.1,ONGC,EQ,N,238.95,2337235,240.0,241.3,238.52,238.85,560281974.2,307.5,227.65,925604249590.98,2026-08-10 10:17:01,0,2.36,-2.45,08-Aug-2025,10-Jul-2026,22.29268292682927,-4.963760158137492,,,OIL & NATURAL GAS CORPORATION LIMITED,0.04,2026-08-10 10:17:23
0,POWERGRIDEQN,-1.75,POWERGRID,EQ,N,269.85,2064891,271.5,271.55,268.8,271.6,556942400.52,324.95,250.0,1218161215043.33,2026-08-10 10:17:01,0,-5.27,-4.68,08-Aug-2025,10-Jul-2026,16.95645483920603,-7.94,,,POWER GRID CORPORATION OF INDIA LIMITED,-0.64,2026-08-10 10:17:23
0,ITCEQN,-2.05,ITC,EQ,N,284.05,1890729,286.1,286.1,283.6,286.1,537572069.28,427.0,275.0,2729047875961.16,2026-08-10 10:16:56,0,-31.48,0.8,08-Aug-2025,10-Jul-2026,33.477751756440284,-3.290909090909091,,,ITC LIMITED,-0.72,2026-08-10 10:17:23
0,BELEQN,-0.25,BEL,EQ,N,400.75,1231578,402.0,402.2,399.25,401.0,493382462.58,473.45,361.2,1430994474267.16,2026-08-10 10:17:01,0,4.17,-3.42,08-Aug-2025,10-Jul-2026,15.355370155243426,-10.949612403100776,,,BHARAT ELECTRONICS LIMITED,-0.06,2026-08-10 10:17:23
0,SUNPHARMAEQN,3.8,SUNPHARMA,EQ,N,1948.8,251850,1949.9,1965.0,1945.0,1945.0,492049419.0,2046.9,1548.0,2058297310147.4,2026-08-10 10:16:56,0,22.81,0.69,08-Aug-2025,10-Jul-2026,4.792613219991206,-25.891472868217054,,,SUN PHARMACEUTICAL INDUSTRIES LIMITED,0.2,2026-08-10 10:17:23
0,TRENTEQN,16.0,TRENT,EQ,N,3013.0,161353,3010.0,3032.4,2981.0,2997.0,486159816.06,3782.67,2183.67,999022171672.96,2026-08-10 10:17:02,0,-14.95,3.86,08-Aug-2025,10-Jul-2026,20.34726793508289,-37.978723891430484,,,TRENT LIMITED,0.53,2026-08-10 10:17:23
0,ULTRACEMCOEQN,-85.0,ULTRACEMCO,EQ,N,12020.0,37218,12040.0,12049.0,11921.0,12105.0,446669593.92,13110.0,10325.0,1419019112759.23,2026-08-10 10:16:56,0,-1.13,2.64,08-Aug-2025,10-Jul-2026,8.314263920671243,-16.416464891041162,,,ULTRATECH CEMENT LIMITED,-0.7,2026-08-10 10:17:23
0,BAJAJFINSVEQN,-9.3,BAJAJFINSV,EQ,N,1999.6,216014,2009.0,2009.5,1992.6,2008.9,431738541.24,2195.0,1597.0,1154085178205.79,2026-08-10 10:17:01,0,4.16,4.33,08-Aug-2025,10-Jul-2026,8.902050113895216,-25.209768315591734,,,BAJAJ FINSERV LIMITED,-0.46,2026-08-10 10:17:23
0,HCLTECHEQN,2.8,HCLTECH,EQ,N,1359.4,314245,1356.6,1364.4,1353.2,1356.6,426930114.55,1780.1,1030.0,1428871127937.91,2026-08-10 10:16:58,0,-7.85,16.81,08-Aug-2025,10-Jul-2026,23.633503735745183,-31.980582524271846,,,HCL TECHNOLOGIES LIMITED,0.21,2026-08-10 10:17:23
0,ADANIPORTSEQN,-12.4,ADANIPORTS,EQ,N,1681.1,251449,1690.0,1690.0,1673.1,1693.5,422441863.47,1891.1,1290.5,1236595898435.17,2026-08-10 10:17:01,0,26.86,-8.05,08-Aug-2025,10-Jul-2026,11.10464808841415,-30.267338240991865,,,ADANI PORTS AND SPECIAL ECONOMIC ZONE LIMITED,-0.73,2026-08-10 10:17:23
0,COALINDIAEQN,-2.25,COALINDIA,EQ,N,413.0,992178,415.0,415.15,412.25,415.25,409729826.88,491.25,368.65,986255297466.42,2026-08-10 10:17:01,0,8.76,-3.81,08-Aug-2025,10-Jul-2026,15.928753180661577,-12.030381120303812,,,COAL INDIA LIMITED,-0.54,2026-08-10 10:17:23
0,INDIGOEQN,11.0,INDIGO,EQ,N,5344.0,70493,5305.0,5355.0,5297.0,5333.0,375174319.95,6232.5,3895.2,1206398304220.27,2026-08-10 10:16:59,0,-7.37,0.61,08-Aug-2025,10-Jul-2026,14.255916566385881,-37.194495789689874,,,INTERGLOBE AVIATION LIMITED,0.21,2026-08-10 10:17:23
0,JSWSTEELEQN,7.0,JSWSTEEL,EQ,N,1306.5,272764,1299.5,1312.0,1295.0,1299.5,356060670.32,1335.0,1022.3,1222369857950.99,2026-08-10 10:17:02,0,24.48,4.87,08-Aug-2025,10-Jul-2026,2.134831460674157,-27.80005869118654,,,JSW STEEL LIMITED,0.54,2026-08-10 10:17:23
0,BAJAJ-AUTOEQN,35.0,BAJAJ-AUTO,EQ,N,11697.0,29625,11662.0,11750.0,11615.0,11662.0,346537845.0,11856.0,7858.5,1269616295153.53,2026-08-10 10:17:01,0,42.23,15.17,08-Aug-2025,10-Jul-2026,1.341093117408907,-48.84519946554686,,,BAJAJ AUTO LIMITED,0.3,2026-08-10 10:17:23
0,MAXHEALTHEQN,-5.5,MAXHEALTH,EQ,N,1064.5,279051,1070.2,1074.7,1062.5,1070.0,297476737.53,1301.7,903.0,790047891622.97,2026-08-10 10:16:56,0,-14.52,-3.93,08-Aug-2025,10-Jul-2026,18.22232465237766,-17.88482834994463,,,MAX HEALTHCARE INSTITUTE LIMITED,-0.51,2026-08-10 10:17:23
0,APOLLOHOSPEQN,-45.5,APOLLOHOSP,EQ,N,8899.5,32238,8945.0,8971.0,8884.0,8945.0,287616475.08,9050.0,6696.5,913235607100.89,2026-08-10 10:17:01,0,25.63,0.67,08-Aug-2025,10-Jul-2026,1.6629834254143647,-32.89778242365415,,,APOLLO HOSPITALS ENTERPRISE LIMITED,-0.51,2026-08-10 10:17:23
0,HINDUNILVREQN,-12.0,HINDUNILVR,EQ,N,2084.0,130732,2096.0,2096.0,2078.6,2096.0,272570990.72,2750.0,2016.0,1843102480382.58,2026-08-10 10:16:57,0,-16.6,-3.1,08-Aug-2025,10-Jul-2026,24.21818181818182,-3.373015873015873,,,HINDUSTAN UNILEVER LIMITED,-0.57,2026-08-10 10:17:23
0,HDFCLIFEEQN,-6.15,HDFCLIFE,EQ,N,533.85,490856,540.0,541.0,531.05,540.0,261935487.28,815.0,530.5,576592450052.83,2026-08-10 10:16:57,0,-29.91,-5.97,08-Aug-2025,10-Jul-2026,34.49693251533742,-0.6314797360980208,,,HDFC LIFE INSURANCE COMPANY LIMITED,-1.14,2026-08-10 10:17:23
0,SBILIFEEQN,-10.5,SBILIFE,EQ,N,1845.0,134561,1855.5,1862.1,1836.0,1855.5,248927085.12,2132.0,1700.4,826752878994.44,2026-08-10 10:16:56,0,0.66,-0.92,08-Aug-2025,10-Jul-2026,13.461538461538462,-8.503881439661257,,,SBI LIFE INSURANCE COMPANY LIMITED,-0.57,2026-08-10 10:17:23
0,NESTLEINDEQN,-3.4,NESTLEIND,EQ,N,1536.6,161498,1534.1,1547.5,1532.1,1540.0,248690770.2,1553.0,1084.7,1098462875378.74,2026-08-10 10:17:01,0,40.16,5.61,08-Aug-2025,10-Jul-2026,1.056020605280103,-41.661288835622756,,,NESTLE INDIA LIMITED,-0.22,2026-08-10 10:17:23
0,NTPCEQN,-0.7,NTPC,EQ,N,341.8,709382,342.5,343.7,341.1,342.5,242722145.12,414.4,315.55,1615650630281.68,2026-08-10 10:17:01,0,2.12,-0.78,08-Aug-2025,10-Jul-2026,17.51930501930502,-8.318808429725875,,,NTPC LIMITED,-0.2,2026-08-10 10:17:23
0,ASIANPAINTEQN,-5.5,ASIANPAINT,EQ,N,2729.5,88925,2724.7,2735.0,2713.5,2735.0,242437116.75,2985.7,2115.0,1228736283955.78,2026-08-10 10:17:01,0,10.24,1.92,08-Aug-2025,10-Jul-2026,8.580902300967947,-29.05437352245863,,,ASIAN PAINTS LIMITED,-0.2,2026-08-10 10:17:23
0,CIPLAEQN,9.4,CIPLA,EQ,N,1473.2,163579,1463.8,1483.7,1463.8,1463.8,241130168.11,1673.0,1165.7,826290539180.18,2026-08-10 10:17:01,0,-0.83,2.36,08-Aug-2025,10-Jul-2026,11.942618051404663,-26.378999742643906,,,CIPLA LIMITED,0.64,2026-08-10 10:17:23
0,WIPROEQN,-0.78,WIPRO,EQ,N,186.75,1266216,187.53,187.89,186.1,187.53,236706419.04,273.1,169.0,504242647543.04,2026-08-10 10:17:02,0,-21.9,6.41,08-Aug-2025,10-Jul-2026,31.618454778469424,-10.502958579881657,,,WIPRO LIMITED,-0.42,2026-08-10 10:17:23
0,DRREDDYEQN,-4.4,DRREDDY,EQ,N,1167.6,193825,1172.0,1178.8,1165.9,1172.0,227155147.0,1414.9,1101.0,709701102907.01,2026-08-10 10:16:58,0,-3.64,-6.19,08-Aug-2025,10-Jul-2026,17.478267015336773,-6.049046321525886,,,DR. REDDY'S LABORATORIES LIMITED,-0.38,2026-08-10 10:17:23
0,TATACONSUMEQN,4.1,TATACONSUM,EQ,N,1086.4,116126,1085.6,1088.7,1082.3,1082.3,125994387.48,1282.7,1007.2,705346604108.9,2026-08-10 10:16:57,0,3.37,-2.29,08-Aug-2025,10-Jul-2026,15.303656349886957,-7.863383637807784,,,TATA CONSUMER PRODUCTS LIMITED,0.38,2026-08-10 10:17:23
1,NIFTY 50,-9.35,NIFTY 50,,,24561.3,64829756,24581.25,24620.95,24511.1,24570.65,61077609120.68,26373.2,22182.55,,2026-08-10 10:17:05,0,0.81,1.46,08-Aug-2025,10-Jul-2026,6.870231902082417,-10.723519162585005,,,,-0.04,2026-08-10 10:17:53
0,TITANEQN,124.0,TITAN,EQ,N,5065.0,1390801,4932.0,5083.8,4886.2,4941.0,6976424712.12,5083.8,3303.1,2086138784223.9,2026-08-10 10:17:01,0,46.42,10.51,08-Aug-2025,10-Jul-2026,0.36980211652700734,-53.34080106566559,,,TITAN COMPANY LIMITED,2.51,2026-08-10 10:17:53
0,SBINEQN,-7.2,SBIN,EQ,N,1090.0,6133740,1108.0,1113.3,1078.5,1097.2,6707122015.2,1234.7,790.0,4493268070248.0,2026-08-10 10:17:01,0,35.52,5.21,08-Aug-2025,10-Jul-2026,11.719446019275937,-37.9746835443038,,,STATE BANK OF INDIA,-0.66,2026-08-10 10:17:53
0,ICICIBANKEQN,-3.3,ICICIBANK,EQ,N,1417.7,4108616,1428.1,1441.9,1415.5,1421.0,5865624546.24,1480.0,1187.6,10130859826550.32,2026-08-10 10:17:02,0,-1.3,1.15,08-Aug-2025,10-Jul-2026,4.20945945945946,-19.37521050858875,,,ICICI BANK LIMITED,-0.23,2026-08-10 10:17:53
0,HDFCBANKEQN,4.05,HDFCBANK,EQ,N,735.05,6892788,731.5,735.25,728.5,731.0,5042556917.16,1020.5,726.65,11233050924535.61,2026-08-10 10:17:01,0,-25.52,-10.89,08-Aug-2025,10-Jul-2026,27.971582557569818,-1.1559898162801898,,,HDFC BANK LIMITED,0.55,2026-08-10 10:17:53
0,INFYEQN,13.7,INFY,EQ,N,1188.8,2752234,1178.1,1190.9,1175.2,1175.1,3252425007.16,1728.0,982.4,4159925566875.97,2026-08-10 10:17:01,0,-16.46,11.32,08-Aug-2025,10-Jul-2026,31.203703703703702,-21.009771986970684,,,INFOSYS LIMITED,1.17,2026-08-10 10:17:53
0,HINDALCOEQN,-5.7,HINDALCO,EQ,N,1053.9,2964717,1065.0,1068.35,1045.6,1059.6,3127094550.09,1176.0,657.5,1521889863462.39,2026-08-10 10:16:56,0,56.71,8.98,08-Aug-2025,10-Jul-2026,10.38265306122449,-60.28897338403042,,,HINDALCO INDUSTRIES LIMITED,-0.54,2026-08-10 10:17:53
0,RELIANCEEQN,-10.5,RELIANCE,EQ,N,1324.3,1493842,1330.1,1332.1,1321.3,1334.8,1979803741.02,1611.8,1249.8,8921466585045.83,2026-08-10 10:16:56,0,-3.03,1.41,08-Aug-2025,10-Jul-2026,17.837200645241346,-5.960953752600416,,,RELIANCE INDUSTRIES LIMITED,-0.79,2026-08-10 10:17:53
0,M&MEQN,14.9,M&M,EQ,N,3516.9,551035,3509.0,3532.0,3491.1,3502.0,1937433549.65,3839.9,2896.0,3130053747536.18,2026-08-10 10:17:01,0,11.79,12.32,08-Aug-2025,10-Jul-2026,8.411677387431965,-21.439917127071823,,,MAHINDRA & MAHINDRA LIMITED,0.43,2026-08-10 10:17:53
0,KOTAKBANKEQN,-2.75,KOTAKBANK,EQ,N,388.0,4789825,388.0,393.0,386.5,390.75,1862331858.25,453.2,345.5,2848547009273.67,2026-08-10 10:16:56,0,-0.65,2.75,08-Aug-2025,10-Jul-2026,14.386584289496911,-12.301013024602026,,,KOTAK MAHINDRA BANK LIMITED,-0.7,2026-08-10 10:17:53
0,TCSEQN,6.8,TCS,EQ,N,2459.5,669658,2452.7,2468.4,2443.8,2452.7,1644084052.38,3350.0,1976.8,2502952578673.58,2026-08-10 10:16:56,0,-19.01,18.85,08-Aug-2025,10-Jul-2026,26.582089552238806,-24.418251719951435,,,TATA CONSULTANCY SERVICES LIMITED,0.28,2026-08-10 10:17:53
0,BAJFINANCEEQN,0.6,BAJFINANCE,EQ,N,1078.6,1341779,1078.0,1084.1,1070.8,1078.0,1446719535.59,1176.4,787.9,2882803850496.24,2026-08-10 10:17:01,0,22.97,5.69,08-Aug-2025,10-Jul-2026,8.313498809928596,-36.89554511993908,,,BAJAJ FINANCE LIMITED,0.06,2026-08-10 10:17:53
0,TECHMEQN,21.7,TECHM,EQ,N,1656.7,750444,1644.0,1663.4,1643.3,1635.0,1243838416.68,1854.0,1304.1,1049679221848.38,2026-08-10 10:16:56,0,11.89,13.86,08-Aug-2025,10-Jul-2026,10.64185544768069,-27.037803849398053,,,TECH MAHINDRA LIMITED,1.33,2026-08-10 10:17:53
0,TATASTEELEQN,3.17,TATASTEEL,EQ,N,190.72,6175521,187.56,191.48,187.55,187.55,1173040213.95,224.4,153.05,1571355536419.98,2026-08-10 10:17:02,0,20.72,-0.27,08-Aug-2025,10-Jul-2026,15.00891265597148,-24.612871610584776,,,TATA STEEL LIMITED,1.69,2026-08-10 10:17:53
0,GRASIMEQN,37.0,GRASIM,EQ,N,3360.0,340285,3324.0,3379.0,3290.2,3323.0,1141475823.95,3379.0,2502.5,1263409654173.64,2026-08-10 10:17:01,0,24.62,4.38,08-Aug-2025,10-Jul-2026,0.5622965374371116,-34.26573426573427,,,GRASIM INDUSTRIES LIMITED,1.11,2026-08-10 10:17:53
0,BHARTIARTLEQN,-15.6,BHARTIARTL,EQ,N,1944.3,555641,1955.0,1959.0,1938.5,1959.9,1080816203.97,2174.5,1740.5,6036885360682.27,2026-08-10 10:17:01,0,4.61,1.24,08-Aug-2025,10-Jul-2026,10.586341687744309,-11.709278942832519,,,BHARTI AIRTEL LIMITED,-0.8,2026-08-10 10:17:53
0,AXISBANKEQN,3.4,AXISBANK,EQ,N,1241.4,858381,1235.0,1248.6,1235.0,1238.0,1066109202.0,1418.3,1042.5,3557507163531.57,2026-08-10 10:17:01,0,17.31,-6.22,08-Aug-2025,10-Jul-2026,12.472678558838046,-19.07913669064748,,,AXIS BANK LIMITED,0.27,2026-08-10 10:17:53
0,MARUTIEQN,9.0,MARUTI,EQ,N,14046.0,65852,14039.0,14107.0,13954.0,14037.0,925389839.64,17370.0,12201.0,1827379189208.79,2026-08-10 10:17:02,0,11.56,1.38,08-Aug-2025,10-Jul-2026,19.13644214162349,-15.121711335136464,,,MARUTI SUZUKI INDIA LIMITED,0.06,2026-08-10 10:17:53
0,SHRIRAMFINEQN,3.7,SHRIRAMFIN,EQ,N,1118.7,776197,1115.0,1119.8,1106.1,1115.0,865925373.2,1153.7,566.5,1561717144106.92,2026-08-10 10:16:56,0,83.37,7.07,08-Aug-2025,10-Jul-2026,3.033717604229869,-97.47572815533981,,,SHRIRAM FINANCE LIMITED,0.33,2026-08-10 10:17:53
0,ADANIENTEQN,-31.0,ADANIENT,EQ,N,2989.0,282183,3020.0,3021.8,2969.9,3020.0,844556788.02,3245.0,1753.0,894996455032.67,2026-08-10 10:17:01,0,41.44,-5.27,08-Aug-2025,10-Jul-2026,7.889060092449923,-70.50770108385625,,,ADANI ENTERPRISES LIMITED,-1.03,2026-08-10 10:17:53
0,JIOFINEQN,0.8,JIOFIN,EQ,N,257.0,3234375,256.8,257.7,254.85,256.8,828614531.25,333.7,223.3,839900863504.33,2026-08-10 10:16:57,0,-19.88,6.34,08-Aug-2025,10-Jul-2026,22.984716811507344,-15.09180474697716,,,JIO FINANCIAL SERVICES LIMITED,0.31,2026-08-10 10:17:53
0,ETERNALEQN,-1.0,ETERNAL,EQ,N,314.0,2623054,315.45,315.9,311.0,315.0,821120824.16,368.45,212.6,2263361022569.23,2026-08-10 10:16:58,0,4.35,8.41,08-Aug-2025,10-Jul-2026,14.778124575926178,-47.69520225776105,,,ETERNAL LIMITED,-0.32,2026-08-10 10:17:53
0,TMPVEQN,2.25,TMPV,EQ,N,349.25,1945843,347.0,351.4,344.6,347.0,678632204.68,739.7,294.3,728076224100.22,2026-08-10 10:16:56,0,-44.91,3.3,08-Aug-2025,10-Jul-2026,52.7849128024875,-18.671423717295276,,,TATA MOTORS PASSENGER VEHICLES LIMITED,0.65,2026-08-10 10:17:53
0,LTEQN,-8.1,LT,EQ,N,4047.9,166954,4055.7,4055.7,4025.8,4056.0,673939872.72,4440.0,3288.1,4724681926067.19,2026-08-10 10:17:01,0,12.19,2.58,08-Aug-2025,10-Jul-2026,8.83108108108108,-23.10756972111554,,,LARSEN & TOUBRO LIMITED,-0.2,2026-08-10 10:17:53
0,EICHERMOTEQN,-40.0,EICHERMOT,EQ,N,7980.0,77380,8000.0,8005.0,7938.0,8020.0,617495495.2,8230.0,5588.0,1096375131749.18,2026-08-10 10:16:58,0,40.9,8.33,08-Aug-2025,10-Jul-2026,3.0376670716889427,-42.806012884753045,,,EICHER MOTORS LIMITED,-0.5,2026-08-10 10:17:53
0,ONGCEQN,0.1,ONGC,EQ,N,238.95,2337235,240.0,241.3,238.52,238.85,560281974.2,307.5,227.65,925604249590.98,2026-08-10 10:17:01,0,2.36,-2.45,08-Aug-2025,10-Jul-2026,22.29268292682927,-4.963760158137492,,,OIL & NATURAL GAS CORPORATION LIMITED,0.04,2026-08-10 10:17:53
0,POWERGRIDEQN,-1.75,POWERGRID,EQ,N,269.85,2064891,271.5,271.55,268.8,271.6,556942400.52,324.95,250.0,1218161215043.33,2026-08-10 10:17:01,0,-5.27,-4.68,08-Aug-2025,10-Jul-2026,16.95645483920603,-7.94,,,POWER GRID CORPORATION OF INDIA LIMITED,-0.64,2026-08-10 10:17:53
0,ITCEQN,-2.05,ITC,EQ,N,284.05,1890729,286.1,286.1,283.6,286.1,537572069.28,427.0,275.0,2729047875961.16,2026-08-10 10:16:56,0,-31.48,0.8,08-Aug-2025,10-Jul-2026,33.477751756440284,-3.290909090909091,,,ITC LIMITED,-0.72,2026-08-10 10:17:53
0,BELEQN,-0.25,BEL,EQ,N,400.75,1231578,402.0,402.2,399.25,401.0,493382462.58,473.45,361.2,1430994474267.16,2026-08-10 10:17:01,0,4.17,-3.42,08-Aug-2025,10-Jul-2026,15.355370155243426,-10.949612403100776,,,BHARAT ELECTRONICS LIMITED,-0.06,2026-08-10 10:17:53
0,SUNPHARMAEQN,3.8,SUNPHARMA,EQ,N,1948.8,251850,1949.9,1965.0,1945.0,1945.0,492049419.0,2046.9,1548.0,2058297310147.4,2026-08-10 10:16:56,0,22.81,0.69,08-Aug-2025,10-Jul-2026,4.792613219991206,-25.891472868217054,,,SUN PHARMACEUTICAL INDUSTRIES LIMITED,0.2,2026-08-10 10:17:53
0,TRENTEQN,16.0,TRENT,EQ,N,3013.0,161353,3010.0,3032.4,2981.0,2997.0,486159816.06,3782.67,2183.67,999022171672.96,2026-08-10 10:17:02,0,-14.95,3.86,08-Aug-2025,10-Jul-2026,20.34726793508289,-37.978723891430484,,,TRENT LIMITED,0.53,2026-08-10 10:17:53
0,ULTRACEMCOEQN,-85.0,ULTRACEMCO,EQ,N,12020.0,37218,12040.0,12049.0,11921.0,12105.0,446669593.92,13110.0,10325.0,1419019112759.23,2026-08-10 10:16:56,0,-1.13,2.64,08-Aug-2025,10-Jul-2026,8.314263920671243,-16.416464891041162,,,ULTRATECH CEMENT LIMITED,-0.7,2026-08-10 10:17:53
0,BAJAJFINSVEQN,-9.3,BAJAJFINSV,EQ,N,1999.6,216014,2009.0,2009.5,1992.6,2008.9,431738541.24,2195.0,1597.0,1154085178205.79,2026-08-10 10:17:01,0,4.16,4.33,08-Aug-2025,10-Jul-2026,8.902050113895216,-25.209768315591734,,,BAJAJ FINSERV LIMITED,-0.46,2026-08-10 10:17:53
0,HCLTECHEQN,2.8,HCLTECH,EQ,N,1359.4,314245,1356.6,1364.4,1353.2,1356.6,426930114.55,1780.1,1030.0,1428871127937.91,2026-08-10 10:16:58,0,-7.85,16.81,08-Aug-2025,10-Jul-2026,23.633503735745183,-31.980582524271846,,,HCL TECHNOLOGIES LIMITED,0.21,2026-08-10 10:17:53
0,ADANIPORTSEQN,-12.4,ADANIPORTS,EQ,N,1681.1,251449,1690.0,1690.0,1673.1,1693.5,422441863.47,1891.1,1290.5,1236595898435.17,2026-08-10 10:17:01,0,26.86,-8.05,08-Aug-2025,10-Jul-2026,11.10464808841415,-30.267338240991865,,,ADANI PORTS AND SPECIAL ECONOMIC ZONE LIMITED,-0.73,2026-08-10 10:17:53
0,COALINDIAEQN,-2.25,COALINDIA,EQ,N,413.0,992178,415.0,415.15,412.25,415.25,409729826.88,491.25,368.65,986255297466.42,2026-08-10 10:17:01,0,8.76,-3.81,08-Aug-2025,10-Jul-2026,15.928753180661577,-12.030381120303812,,,COAL INDIA LIMITED,-0.54,2026-08-10 10:17:53
0,INDIGOEQN,11.0,INDIGO,EQ,N,5344.0,70493,5305.0,5355.0,5297.0,5333.0,375174319.95,6232.5,3895.2,1206398304220.27,2026-08-10 10:16:59,0,-7.37,0.61,08-Aug-2025,10-Jul-2026,14.255916566385881,-37.194495789689874,,,INTERGLOBE AVIATION LIMITED,0.21,2026-08-10 10:17:53
0,JSWSTEELEQN,7.0,JSWSTEEL,EQ,N,1306.5,272764,1299.5,1312.0,1295.0,1299.5,356060670.32,1335.0,1022.3,1222369857950.99,2026-08-10 10:17:02,0,24.48,4.87,08-Aug-2025,10-Jul-2026,2.134831460674157,-27.80005869118654,,,JSW STEEL LIMITED,0.54,2026-08-10 10:17:53
0,BAJAJ-AUTOEQN,35.0,BAJAJ-AUTO,EQ,N,11697.0,29625,11662.0,11750.0,11615.0,11662.0,346537845.0,11856.0,7858.5,1269616295153.53,2026-08-10 10:17:01,0,42.23,15.17,08-Aug-2025,10-Jul-2026,1.341093117408907,-48.84519946554686,,,BAJAJ AUTO LIMITED,0.3,2026-08-10 10:17:53
0,MAXHEALTHEQN,-5.5,MAXHEALTH,EQ,N,1064.5,279051,1070.2,1074.7,1062.5,1070.0,297476737.53,1301.7,903.0,790047891622.97,2026-08-10 10:16:56,0,-14.52,-3.93,08-Aug-2025,10-Jul-2026,18.22232465237766,-17.88482834994463,,,MAX HEALTHCARE INSTITUTE LIMITED,-0.51,2026-08-10 10:17:53
0,APOLLOHOSPEQN,-45.5,APOLLOHOSP,EQ,N,8899.5,32238,8945.0,8971.0,8884.0,8945.0,287616475.08,9050.0,6696.5,913235607100.89,2026-08-10 10:17:01,0,25.63,0.67,08-Aug-2025,10-Jul-2026,1.6629834254143647,-32.89778242365415,,,APOLLO HOSPITALS ENTERPRISE LIMITED,-0.51,2026-08-10 10:17:53
0,HINDUNILVREQN,-12.0,HINDUNILVR,EQ,N,2084.0,130732,2096.0,2096.0,2078.6,2096.0,272570990.72,2750.0,2016.0,1843102480382.58,2026-08-10 10:16:57,0,-16.6,-3.1,08-Aug-2025,10-Jul-2026,24.21818181818182,-3.373015873015873,,,HINDUSTAN UNILEVER LIMITED,-0.57,2026-08-10 10:17:53
0,HDFCLIFEEQN,-6.15,HDFCLIFE,EQ,N,533.85,490856,540.0,541.0,531.05,540.0,261935487.28,815.0,530.5,576592450052.83,2026-08-10 10:16:57,0,-29.91,-5.97,08-Aug-2025,10-Jul-2026,34.49693251533742,-0.6314797360980208,,,HDFC LIFE INSURANCE COMPANY LIMITED,-1.14,2026-08-10 10:17:53
0,SBILIFEEQN,-10.5,SBILIFE,EQ,N,1845.0,134561,1855.5,1862.1,1836.0,1855.5,248927085.12,2132.0,1700.4,826752878994.44,2026-08-10 10:16:56,0,0.66,-0.92,08-Aug-2025,10-Jul-2026,13.461538461538462,-8.503881439661257,,,SBI LIFE INSURANCE COMPANY LIMITED,-0.57,2026-08-10 10:17:53
0,NESTLEINDEQN,-3.4,NESTLEIND,EQ,N,1536.6,161498,1534.1,1547.5,1532.1,1540.0,248690770.2,1553.0,1084.7,1098462875378.74,2026-08-10 10:17:01,0,40.16,5.61,08-Aug-2025,10-Jul-2026,1.056020605280103,-41.661288835622756,,,NESTLE INDIA LIMITED,-0.22,2026-08-10 10:17:53
0,NTPCEQN,-0.7,NTPC,EQ,N,341.8,709382,342.5,343.7,341.1,342.5,242722145.12,414.4,315.55,1615650630281.68,2026-08-10 10:17:01,0,2.12,-0.78,08-Aug-2025,10-Jul-2026,17.51930501930502,-8.318808429725875,,,NTPC LIMITED,-0.2,2026-08-10 10:17:53
0,ASIANPAINTEQN,-5.5,ASIANPAINT,EQ,N,2729.5,88925,2724.7,2735.0,2713.5,2735.0,242437116.75,2985.7,2115.0,1228736283955.78,2026-08-10 10:17:01,0,10.24,1.92,08-Aug-2025,10-Jul-2026,8.580902300967947,-29.05437352245863,,,ASIAN PAINTS LIMITED,-0.2,2026-08-10 10:17:53
0,CIPLAEQN,9.4,CIPLA,EQ,N,1473.2,163579,1463.8,1483.7,1463.8,1463.8,241130168.11,1673.0,1165.7,826290539180.18,2026-08-10 10:17:01,0,-0.83,2.36,08-Aug-2025,10-Jul-2026,11.942618051404663,-26.378999742643906,,,CIPLA LIMITED,0.64,2026-08-10 10:17:53
0,WIPROEQN,-0.78,WIPRO,EQ,N,186.75,1266216,187.53,187.89,186.1,187.53,236706419.04,273.1,169.0,504242647543.04,2026-08-10 10:17:02,0,-21.9,6.41,08-Aug-2025,10-Jul-2026,31.618454778469424,-10.502958579881657,,,WIPRO LIMITED,-0.42,2026-08-10 10:17:53
0,DRREDDYEQN,-4.4,DRREDDY,EQ,N,1167.6,193825,1172.0,1178.8,1165.9,1172.0,227155147.0,1414.9,1101.0,709701102907.01,2026-08-10 10:16:58,0,-3.64,-6.19,08-Aug-2025,10-Jul-2026,17.478267015336773,-6.049046321525886,,,DR. REDDY'S LABORATORIES LIMITED,-0.38,2026-08-10 10:17:53
0,TATACONSUMEQN,4.1,TATACONSUM,EQ,N,1086.4,116126,1085.6,1088.7,1082.3,1082.3,125994387.48,1282.7,1007.2,705346604108.9,2026-08-10 10:16:57,0,3.37,-2.29,08-Aug-2025,10-Jul-2026,15.303656349886957,-7.863383637807784,,,TATA CONSUMER PRODUCTS LIMITED,0.38,2026-08-10 10:17:53
1,NIFTY 50,-7.0,NIFTY 50,,,24563.65,65478768,24581.25,24620.95,24511.1,24570.65,61633001823.229996,26373.2,22182.55,,2026-08-10 10:18:04,0,0.82,1.47,08-Aug-2025,10-Jul-2026,6.861321341361685,-10.7341130753678,,,,-0.03,2026-08-10 10:18:23
0,TITANEQN,122.5,TITAN,EQ,N,5063.5,1399021,4932.0,5083.8,4886.2,4941.0,7018020963.98,5083.8,3303.1,2085809415558.54,2026-08-10 10:17:47,0,46.41,10.51,08-Aug-2025,10-Jul-2026,0.3993076045477792,-53.295389179861345,,,TITAN COMPANY LIMITED,2.48,2026-08-10 10:18:23
0,SBINEQN,-7.2,SBIN,EQ,N,1090.0,6191102,1108.0,1113.3,1078.5,1097.2,6769660481.9,1234.7,790.0,4493268070248.0,2026-08-10 10:17:46,0,35.53,5.22,08-Aug-2025,10-Jul-2026,11.719446019275937,-37.9746835443038,,,STATE BANK OF INDIA,-0.66,2026-08-10 10:18:23
0,ICICIBANKEQN,-3.5,ICICIBANK,EQ,N,1417.5,4117710,1428.1,1441.9,1415.5,1421.0,5878525150.2,1480.0,1187.6,10130859826550.32,2026-08-10 10:17:47,0,-1.28,1.16,08-Aug-2025,10-Jul-2026,4.222972972972973,-19.358369821488715,,,ICICI BANK LIMITED,-0.25,2026-08-10 10:18:23
0,HDFCBANKEQN,4.3,HDFCBANK,EQ,N,735.3,6932087,731.5,735.3,728.5,731.0,5071445528.33,1020.5,726.65,11233050924535.61,2026-08-10 10:17:47,0,-25.46,-10.82,08-Aug-2025,10-Jul-2026,27.947084762371386,-1.1903942750980527,,,HDFC BANK LIMITED,0.59,2026-08-10 10:18:23
0,INFYEQN,13.0,INFY,EQ,N,1188.1,2758252,1178.1,1190.9,1175.2,1175.1,3259564301.0,1728.0,982.4,4159925566875.97,2026-08-10 10:17:46,0,-16.47,11.3,08-Aug-2025,10-Jul-2026,31.244212962962962,-20.938517915309447,,,INFOSYS LIMITED,1.11,2026-08-10 10:18:23
0,HINDALCOEQN,-5.2,HINDALCO,EQ,N,1054.4,2970543,1065.0,1068.35,1045.6,1059.6,3133239640.11,1176.0,657.5,1522034248440.66,2026-08-10 10:17:47,0,56.67,8.95,08-Aug-2025,10-Jul-2026,10.34013605442177,-60.365019011406844,,,HINDALCO INDUSTRIES LIMITED,-0.49,2026-08-10 10:18:23
0,RELIANCEEQN,-8.4,RELIANCE,EQ,N,1326.4,1548067,1330.1,1332.1,1321.3,1334.8,2051715117.78,1611.8,1249.8,8924834955726.59,2026-08-10 10:17:46,0,-3.06,1.39,08-Aug-2025,10-Jul-2026,17.7069115274848,-6.128980636901904,,,RELIANCE INDUSTRIES LIMITED,-0.63,2026-08-10 10:18:23
0,M&MEQN,12.3,M&M,EQ,N,3514.3,552500,3509.0,3532.0,3491.1,3502.0,1942584475.0,3839.9,2896.0,3130498888577.7,2026-08-10 10:17:45,0,11.74,12.27,08-Aug-2025,10-Jul-2026,8.479387484049063,-21.350138121546962,,,MAHINDRA & MAHINDRA LIMITED,0.35,2026-08-10 10:18:23
0,KOTAKBANKEQN,-2.75,KOTAKBANK,EQ,N,388.0,4802289,388.0,393.0,386.5,390.75,1867129963.2,453.2,345.5,2848547009273.67,2026-08-10 10:17:46,0,-0.68,2.73,08-Aug-2025,10-Jul-2026,14.386584289496911,-12.301013024602026,,,KOTAK MAHINDRA BANK LIMITED,-0.7,2026-08-10 10:18:23
0,TCSEQN,5.9,TCS,EQ,N,2458.6,671875,2452.7,2468.4,2443.8,2452.7,1649533750.0,3350.0,1976.8,2503461639969.27,2026-08-10 10:17:46,0,-19.02,18.84,08-Aug-2025,10-Jul-2026,26.608955223880596,-24.372723593686768,,,TATA CONSULTANCY SERVICES LIMITED,0.24,2026-08-10 10:18:23
0,BAJFINANCEEQN,0.7,BAJFINANCE,EQ,N,1078.7,1349544,1078.0,1084.1,1070.8,1078.0,1455091836.24,1176.4,787.9,2882803850496.24,2026-08-10 10:17:45,0,23.0,5.72,08-Aug-2025,10-Jul-2026,8.304998299897994,-36.90823708592461,,,BAJAJ FINANCE LIMITED,0.06,2026-08-10 10:18:23
0,TECHMEQN,22.0,TECHM,EQ,N,1657.0,757134,1644.0,1663.4,1643.3,1635.0,1254919319.64,1854.0,1304.1,1048475897049.59,2026-08-10 10:17:46,0,11.96,13.93,08-Aug-2025,10-Jul-2026,10.625674217907228,-27.06080822022851,,,TECH MAHINDRA LIMITED,1.35,2026-08-10 10:18:23
0,GRASIMEQN,30.5,GRASIM,EQ,N,3353.5,366245,3324.0,3379.0,3290.2,3323.0,1228506590.85,3379.0,2502.5,1267247517796.42,2026-08-10 10:17:47,0,24.57,4.33,08-Aug-2025,10-Jul-2026,0.7546611423498076,-34.005994005994005,,,GRASIM INDUSTRIES LIMITED,0.92,2026-08-10 10:18:23
0,TATASTEELEQN,2.9,TATASTEEL,EQ,N,190.45,6279828,187.56,191.48,187.55,187.55,1192916126.88,224.4,153.05,1572344691665.06,2026-08-10 10:17:47,0,20.67,-0.31,08-Aug-2025,10-Jul-2026,15.129233511586452,-24.436458673636068,,,TATA STEEL LIMITED,1.55,2026-08-10 10:18:23
0,BHARTIARTLEQN,-15.8,BHARTIARTL,EQ,N,1944.1,558132,1955.0,1959.0,1938.5,1959.9,1085661622.44,2174.5,1740.5,6037195900052.67,2026-08-10 10:17:45,0,4.6,1.23,08-Aug-2025,10-Jul-2026,10.595539204414807,-11.697787991956334,,,BHARTI AIRTEL LIMITED,-0.81,2026-08-10 10:18:23
0,AXISBANKEQN,3.6,AXISBANK,EQ,N,1241.6,860331,1235.0,1248.6,1235.0,1238.0,1068531102.0,1418.3,1042.5,3556647654673.5,2026-08-10 10:17:45,0,17.26,-6.27,08-Aug-2025,10-Jul-2026,12.45857716985123,-19.098321342925658,,,AXIS BANK LIMITED,0.29,2026-08-10 10:18:23
0,MARUTIEQN,10.0,MARUTI,EQ,N,14047.0,66337,14039.0,14107.0,13954.0,14037.0,932201355.87,17370.0,12201.0,1827249098855.74,2026-08-10 10:17:46,0,11.56,1.38,08-Aug-2025,10-Jul-2026,19.130685089234312,-15.129907384640603,,,MARUTI SUZUKI INDIA LIMITED,0.07,2026-08-10 10:18:23
0,SHRIRAMFINEQN,3.1,SHRIRAMFIN,EQ,N,1118.1,803465,1115.0,1119.8,1106.1,1115.0,896401796.55,1153.7,566.5,1561717144106.92,2026-08-10 10:17:46,0,83.4,7.09,08-Aug-2025,10-Jul-2026,3.085724191730953,-97.36981465136805,,,SHRIRAM FINANCE LIMITED,0.28,2026-08-10 10:18:23
0,JIOFINEQN,0.7,JIOFIN,EQ,N,256.9,3364496,256.8,257.7,254.85,256.8,862051165.12,333.7,223.3,842354800581.19,2026-08-10 10:17:41,0,-20.13,6.01,08-Aug-2025,10-Jul-2026,23.014683847767454,-15.047021943573668,,,JIO FINANCIAL SERVICES LIMITED,0.27,2026-08-10 10:18:23
0,ADANIENTEQN,-28.2,ADANIENT,EQ,N,2991.8,284700,3020.0,3021.8,2969.9,3020.0,852084324.0,3245.0,1753.0,895146145023.48,2026-08-10 10:17:45,0,41.54,-5.2,08-Aug-2025,10-Jul-2026,7.802773497688752,-70.66742726754136,,,ADANI ENTERPRISES LIMITED,-0.93,2026-08-10 10:18:23
0,ETERNALEQN,-0.85,ETERNAL,EQ,N,314.15,2645578,315.45,315.9,311.0,315.0,828198192.9,368.45,212.6,2263721487774.29,2026-08-10 10:17:42,0,4.37,8.42,08-Aug-2025,10-Jul-2026,14.737413488940154,-47.765757290686736,,,ETERNAL LIMITED,-0.27,2026-08-10 10:18:23
0,LTEQN,-3.1,LT,EQ,N,4052.9,172167,4055.7,4055.7,4025.8,4056.0,695053674.03,4440.0,3288.1,4724565209616.45,2026-08-10 10:17:45,0,12.33,2.7,08-Aug-2025,10-Jul-2026,8.718468468468469,-23.259633222833855,,,LARSEN & TOUBRO LIMITED,-0.08,2026-08-10 10:18:23
0,TMPVEQN,2.3,TMPV,EQ,N,349.3,1949735,347.0,351.4,344.6,347.0,679989578.6,739.7,294.3,728180428511.85,2026-08-10 10:17:46,0,-44.89,3.34,08-Aug-2025,10-Jul-2026,52.77815330539408,-18.68841318382603,,,TATA MOTORS PASSENGER VEHICLES LIMITED,0.66,2026-08-10 10:18:23
0,EICHERMOTEQN,-40.0,EICHERMOT,EQ,N,7980.0,77623,8000.0,8005.0,7938.0,8020.0,619433868.69,8230.0,5588.0,1096787457861.16,2026-08-10 10:17:42,0,40.91,8.34,08-Aug-2025,10-Jul-2026,3.0376670716889427,-42.806012884753045,,,EICHER MOTORS LIMITED,-0.5,2026-08-10 10:18:23
0,ONGCEQN,0.07,ONGC,EQ,N,238.92,2380206,240.0,241.3,238.52,238.85,570559180.26,307.5,227.65,925604249590.98,2026-08-10 10:17:45,0,2.38,-2.44,08-Aug-2025,10-Jul-2026,22.302439024390242,-4.950582033823852,,,OIL & NATURAL GAS CORPORATION LIMITED,0.03,2026-08-10 10:18:23
0,POWERGRIDEQN,-1.75,POWERGRID,EQ,N,269.85,2066575,271.5,271.55,268.8,271.6,557396609.0,324.95,250.0,1218612804001.64,2026-08-10 10:17:45,0,-5.25,-4.66,08-Aug-2025,10-Jul-2026,16.95645483920603,-7.94,,,POWER GRID CORPORATION OF INDIA LIMITED,-0.64,2026-08-10 10:18:23
0,ITCEQN,-1.9,ITC,EQ,N,284.2,1900312,286.1,286.1,283.6,286.1,540296707.84,427.0,275.0,2730489782200.66,2026-08-10 10:17:47,0,-31.44,0.87,08-Aug-2025,10-Jul-2026,33.442622950819676,-3.3454545454545452,,,ITC LIMITED,-0.66,2026-08-10 10:18:23
0,SUNPHARMAEQN,3.0,SUNPHARMA,EQ,N,1948.0,254386,1949.9,1965.0,1945.0,1945.0,496991384.34,2046.9,1548.0,2055974294663.73,2026-08-10 10:17:46,0,22.8,0.68,08-Aug-2025,10-Jul-2026,4.831696712101226,-25.839793281653748,,,SUN PHARMACEUTICAL INDUSTRIES LIMITED,0.15,2026-08-10 10:18:23
0,BELEQN,-0.2,BEL,EQ,N,400.8,1236579,402.0,402.2,399.25,401.0,495385913.19,473.45,361.2,1430994474267.16,2026-08-10 10:17:45,0,4.21,-3.39,08-Aug-2025,10-Jul-2026,15.344809377970218,-10.96345514950166,,,BHARAT ELECTRONICS LIMITED,-0.05,2026-08-10 10:18:23
0,TRENTEQN,17.9,TRENT,EQ,N,3014.9,161725,3010.0,3032.4,2981.0,2997.0,487280659.5,3782.67,2183.67,1000150335411.4,2026-08-10 10:17:46,0,-14.91,3.9,08-Aug-2025,10-Jul-2026,20.29703886408278,-38.06573337546424,,,TRENT LIMITED,0.6,2026-08-10 10:18:23
0,ULTRACEMCOEQN,-84.0,ULTRACEMCO,EQ,N,12021.0,37312,12040.0,12049.0,11921.0,12105.0,447799221.76,13110.0,10325.0,1418901107011.81,2026-08-10 10:17:47,0,-1.12,2.65,08-Aug-2025,10-Jul-2026,8.306636155606407,-16.426150121065376,,,ULTRATECH CEMENT LIMITED,-0.69,2026-08-10 10:18:23
0,BAJAJFINSVEQN,-9.5,BAJAJFINSV,EQ,N,1999.4,216255,2009.0,2009.5,1992.6,2008.9,432220218.3,2195.0,1597.0,1154373829393.37,2026-08-10 10:17:45,0,4.2,4.37,08-Aug-2025,10-Jul-2026,8.91116173120729,-25.19724483406387,,,BAJAJ FINSERV LIMITED,-0.47,2026-08-10 10:18:23
0,HCLTECHEQN,3.2,HCLTECH,EQ,N,1359.8,316409,1356.6,1364.4,1353.2,1356.6,429870103.31,1780.1,1030.0,1429186528819.65,2026-08-10 10:17:42,0,-7.85,16.81,08-Aug-2025,10-Jul-2026,23.611033088028762,-32.019417475728154,,,HCL TECHNOLOGIES LIMITED,0.24,2026-08-10 10:18:23
0,ADANIPORTSEQN,-12.6,ADANIPORTS,EQ,N,1680.9,253873,1690.0,1690.0,1673.1,1693.5,426516794.92,1891.1,1290.5,1236743033410.3,2026-08-10 10:17:45,0,26.86,-8.05,08-Aug-2025,10-Jul-2026,11.11522394373645,-30.251840371948855,,,ADANI PORTS AND SPECIAL ECONOMIC ZONE LIMITED,-0.74,2026-08-10 10:18:23
0,COALINDIAEQN,-2.3,COALINDIA,EQ,N,412.95,992879,415.0,415.15,412.25,415.25,410019311.84,491.25,368.65,986374727751.9,2026-08-10 10:17:45,0,8.76,-3.81,08-Aug-2025,10-Jul-2026,15.938931297709924,-12.016818120168182,,,COAL INDIA LIMITED,-0.55,2026-08-10 10:18:23
0,INDIGOEQN,12.0,INDIGO,EQ,N,5345.0,70750,5305.0,5355.0,5297.0,5333.0,376547772.5,6232.5,3895.2,1206285440687.27,2026-08-10 10:17:43,0,-7.37,0.6,08-Aug-2025,10-Jul-2026,14.239871640593663,-37.22016841240501,,,INTERGLOBE AVIATION LIMITED,0.23,2026-08-10 10:18:23
0,JSWSTEELEQN,6.4,JSWSTEEL,EQ,N,1305.9,273661,1299.5,1312.0,1295.0,1299.5,357231596.18,1335.0,1022.3,1223305178065.72,2026-08-10 10:17:45,0,24.51,4.9,08-Aug-2025,10-Jul-2026,2.1797752808988764,-27.741367504646387,,,JSW STEEL LIMITED,0.49,2026-08-10 10:18:23
0,BAJAJ-AUTOEQN,37.0,BAJAJ-AUTO,EQ,N,11699.0,29736,11662.0,11750.0,11615.0,11662.0,347836265.28,11856.0,7858.5,1270159237462.44,2026-08-10 10:17:45,0,42.21,15.15,08-Aug-2025,10-Jul-2026,1.3242240215924426,-48.87064961506649,,,BAJAJ AUTO LIMITED,0.32,2026-08-10 10:18:23
0,MAXHEALTHEQN,-5.6,MAXHEALTH,EQ,N,1064.4,279358,1070.2,1074.7,1062.5,1070.0,297804008.74,1301.7,903.0,790047891622.97,2026-08-10 10:17:46,0,-14.53,-3.95,08-Aug-2025,10-Jul-2026,18.230006914035492,-17.87375415282392,,,MAX HEALTHCARE INSTITUTE LIMITED,-0.52,2026-08-10 10:18:23
0,APOLLOHOSPEQN,-45.0,APOLLOHOSP,EQ,N,8900.0,32555,8945.0,8971.0,8884.0,8945.0,290437804.75,9050.0,6696.5,913338229373.85,2026-08-10 10:17:45,0,25.65,0.68,08-Aug-2025,10-Jul-2026,1.6574585635359116,-32.90524901067722,,,APOLLO HOSPITALS ENTERPRISE LIMITED,-0.5,2026-08-10 10:18:23
0,HINDUNILVREQN,-13.0,HINDUNILVR,EQ,N,2083.0,131348,2096.0,2096.0,2078.6,2096.0,273855326.08,2750.0,2016.0,1843721772724.66,2026-08-10 10:17:41,0,-16.63,-3.14,08-Aug-2025,10-Jul-2026,24.254545454545454,-3.3234126984126986,,,HINDUSTAN UNILEVER LIMITED,-0.62,2026-08-10 10:18:23
0,HDFCLIFEEQN,-6.05,HDFCLIFE,EQ,N,533.95,499959,540.0,541.0,531.05,540.0,266798120.76,815.0,530.5,576538451883.69,2026-08-10 10:17:41,0,-29.88,-5.94,08-Aug-2025,10-Jul-2026,34.484662576687114,-0.6503298774740811,,,HDFC LIFE INSURANCE COMPANY LIMITED,-1.12,2026-08-10 10:18:23
0,SBILIFEEQN,-10.1,SBILIFE,EQ,N,1845.4,136794,1855.5,1862.1,1836.0,1855.5,253047012.96,2132.0,1700.4,826618447632.0,2026-08-10 10:17:46,0,0.66,-0.92,08-Aug-2025,10-Jul-2026,13.442776735459661,-8.527405316396143,,,SBI LIFE INSURANCE COMPANY LIMITED,-0.54,2026-08-10 10:18:23
0,NTPCEQN,-0.6,NTPC,EQ,N,341.9,730263,342.5,343.7,341.1,342.5,249859485.45,414.4,315.55,1615650630281.68,2026-08-10 10:17:45,0,2.11,-0.8,08-Aug-2025,10-Jul-2026,17.495173745173744,-8.350499128505783,,,NTPC LIMITED,-0.18,2026-08-10 10:18:23
0,NESTLEINDEQN,-3.2,NESTLEIND,EQ,N,1536.8,162111,1534.1,1547.5,1532.1,1540.0,249633107.79,1553.0,1084.7,1098462875378.74,2026-08-10 10:17:46,0,40.13,5.59,08-Aug-2025,10-Jul-2026,1.0431423052157116,-41.6797271134876,,,NESTLE INDIA LIMITED,-0.21,2026-08-10 10:18:23
0,ASIANPAINTEQN,-9.0,ASIANPAINT,EQ,N,2726.0,90071,2724.7,2735.0,2713.5,2735.0,245564170.14,2985.7,2115.0,1230314651113.21,2026-08-10 10:17:47,0,10.14,1.82,08-Aug-2025,10-Jul-2026,8.698127742238,-28.88888888888889,,,ASIAN PAINTS LIMITED,-0.33,2026-08-10 10:18:23
0,CIPLAEQN,9.5,CIPLA,EQ,N,1473.3,165368,1463.8,1483.7,1463.8,1463.8,243765661.44,1673.0,1165.7,826683316157.92,2026-08-10 10:17:45,0,-0.87,2.33,08-Aug-2025,10-Jul-2026,11.936640765092648,-26.38757827914558,,,CIPLA LIMITED,0.65,2026-08-10 10:18:23
0,WIPROEQN,-0.76,WIPRO,EQ,N,186.77,1268463,187.53,187.89,186.1,187.53,237126473.22,273.1,169.0,504350674461.27,2026-08-10 10:17:46,0,-21.86,6.46,08-Aug-2025,10-Jul-2026,31.61113145367997,-10.514792899408285,,,WIPRO LIMITED,-0.41,2026-08-10 10:18:23
0,DRREDDYEQN,-4.5,DRREDDY,EQ,N,1167.5,195963,1172.0,1178.8,1165.9,1172.0,229650999.33,1414.9,1101.0,709761891010.04,2026-08-10 10:17:43,0,-3.63,-6.18,08-Aug-2025,10-Jul-2026,17.485334652625628,-6.0399636693914625,,,DR. REDDY'S LABORATORIES LIMITED,-0.38,2026-08-10 10:18:23
0,TATACONSUMEQN,3.9,TATACONSUM,EQ,N,1086.2,117096,1085.6,1088.7,1082.3,1082.3,127047989.04,1282.7,1007.2,705541433297.03,2026-08-10 10:17:41,0,3.29,-2.37,08-Aug-2025,10-Jul-2026,15.319248460279098,-7.84352660841938,,,TATA CONSUMER PRODUCTS LIMITED,0.36,2026-08-10 10:18:23
1,NIFTY 50,-7.0,NIFTY 50,,,24563.65,65478768,24581.25,24620.95,24511.1,24570.65,61633001823.229996,26373.2,22182.55,,2026-08-10 10:18:04,0,0.82,1.47,08-Aug-2025,10-Jul-2026,6.861321341361685,-10.7341130753678,,,,-0.03,2026-08-10 10:18:53
0,TITANEQN,122.5,TITAN,EQ,N,5063.5,1399021,4932.0,5083.8,4886.2,4941.0,7018020963.98,5083.8,3303.1,2085809415558.54,2026-08-10 10:17:47,0,46.41,10.51,08-Aug-2025,10-Jul-2026,0.3993076045477792,-53.295389179861345,,,TITAN COMPANY LIMITED,2.48,2026-08-10 10:18:53
0,SBINEQN,-7.2,SBIN,EQ,N,1090.0,6191102,1108.0,1113.3,1078.5,1097.2,6769660481.9,1234.7,790.0,4493268070248.0,2026-08-10 10:17:46,0,35.53,5.22,08-Aug-2025,10-Jul-2026,11.719446019275937,-37.9746835443038,,,STATE BANK OF INDIA,-0.66,2026-08-10 10:18:53
0,ICICIBANKEQN,-3.5,ICICIBANK,EQ,N,1417.5,4117710,1428.1,1441.9,1415.5,1421.0,5878525150.2,1480.0,1187.6,10130859826550.32,2026-08-10 10:17:47,0,-1.28,1.16,08-Aug-2025,10-Jul-2026,4.222972972972973,-19.358369821488715,,,ICICI BANK LIMITED,-0.25,2026-08-10 10:18:53
0,HDFCBANKEQN,4.3,HDFCBANK,EQ,N,735.3,6932087,731.5,735.3,728.5,731.0,5071445528.33,1020.5,726.65,11233050924535.61,2026-08-10 10:17:47,0,-25.46,-10.82,08-Aug-2025,10-Jul-2026,27.947084762371386,-1.1903942750980527,,,HDFC BANK LIMITED,0.59,2026-08-10 10:18:53
0,INFYEQN,13.0,INFY,EQ,N,1188.1,2758252,1178.1,1190.9,1175.2,1175.1,3259564301.0,1728.0,982.4,4159925566875.97,2026-08-10 10:17:46,0,-16.47,11.3,08-Aug-2025,10-Jul-2026,31.244212962962962,-20.938517915309447,,,INFOSYS LIMITED,1.11,2026-08-10 10:18:53
0,HINDALCOEQN,-5.2,HINDALCO,EQ,N,1054.4,2970543,1065.0,1068.35,1045.6,1059.6,3133239640.11,1176.0,657.5,1522034248440.66,2026-08-10 10:17:47,0,56.67,8.95,08-Aug-2025,10-Jul-2026,10.34013605442177,-60.365019011406844,,,HINDALCO INDUSTRIES LIMITED,-0.49,2026-08-10 10:18:53
0,RELIANCEEQN,-8.4,RELIANCE,EQ,N,1326.4,1548067,1330.1,1332.1,1321.3,1334.8,2051715117.78,1611.8,1249.8,8924834955726.59,2026-08-10 10:17:46,0,-3.06,1.39,08-Aug-2025,10-Jul-2026,17.7069115274848,-6.128980636901904,,,RELIANCE INDUSTRIES LIMITED,-0.63,2026-08-10 10:18:53
0,M&MEQN,12.3,M&M,EQ,N,3514.3,552500,3509.0,3532.0,3491.1,3502.0,1942584475.0,3839.9,2896.0,3130498888577.7,2026-08-10 10:17:45,0,11.74,12.27,08-Aug-2025,10-Jul-2026,8.479387484049063,-21.350138121546962,,,MAHINDRA & MAHINDRA LIMITED,0.35,2026-08-10 10:18:53
0,KOTAKBANKEQN,-2.75,KOTAKBANK,EQ,N,388.0,4802289,388.0,393.0,386.5,390.75,1867129963.2,453.2,345.5,2848547009273.67,2026-08-10 10:17:46,0,-0.68,2.73,08-Aug-2025,10-Jul-2026,14.386584289496911,-12.301013024602026,,,KOTAK MAHINDRA BANK LIMITED,-0.7,2026-08-10 10:18:53
0,TCSEQN,5.9,TCS,EQ,N,2458.6,671875,2452.7,2468.4,2443.8,2452.7,1649533750.0,3350.0,1976.8,2503461639969.27,2026-08-10 10:17:46,0,-19.02,18.84,08-Aug-2025,10-Jul-2026,26.608955223880596,-24.372723593686768,,,TATA CONSULTANCY SERVICES LIMITED,0.24,2026-08-10 10:18:53
0,BAJFINANCEEQN,0.7,BAJFINANCE,EQ,N,1078.7,1349544,1078.0,1084.1,1070.8,1078.0,1455091836.24,1176.4,787.9,2882803850496.24,2026-08-10 10:17:45,0,23.0,5.72,08-Aug-2025,10-Jul-2026,8.304998299897994,-36.90823708592461,,,BAJAJ FINANCE LIMITED,0.06,2026-08-10 10:18:53
0,TECHMEQN,22.0,TECHM,EQ,N,1657.0,757134,1644.0,1663.4,1643.3,1635.0,1254919319.64,1854.0,1304.1,1048475897049.59,2026-08-10 10:17:46,0,11.96,13.93,08-Aug-2025,10-Jul-2026,10.625674217907228,-27.06080822022851,,,TECH MAHINDRA LIMITED,1.35,2026-08-10 10:18:53
0,GRASIMEQN,30.5,GRASIM,EQ,N,3353.5,366245,3324.0,3379.0,3290.2,3323.0,1228506590.85,3379.0,2502.5,1267247517796.42,2026-08-10 10:17:47,0,24.57,4.33,08-Aug-2025,10-Jul-2026,0.7546611423498076,-34.005994005994005,,,GRASIM INDUSTRIES LIMITED,0.92,2026-08-10 10:18:53
0,TATASTEELEQN,2.9,TATASTEEL,EQ,N,190.45,6279828,187.56,191.48,187.55,187.55,1192916126.88,224.4,153.05,1572344691665.06,2026-08-10 10:17:47,0,20.67,-0.31,08-Aug-2025,10-Jul-2026,15.129233511586452,-24.436458673636068,,,TATA STEEL LIMITED,1.55,2026-08-10 10:18:53
0,BHARTIARTLEQN,-15.8,BHARTIARTL,EQ,N,1944.1,558132,1955.0,1959.0,1938.5,1959.9,1085661622.44,2174.5,1740.5,6037195900052.67,2026-08-10 10:17:45,0,4.6,1.23,08-Aug-2025,10-Jul-2026,10.595539204414807,-11.697787991956334,,,BHARTI AIRTEL LIMITED,-0.81,2026-08-10 10:18:53
0,AXISBANKEQN,3.6,AXISBANK,EQ,N,1241.6,860331,1235.0,1248.6,1235.0,1238.0,1068531102.0,1418.3,1042.5,3556647654673.5,2026-08-10 10:17:45,0,17.26,-6.27,08-Aug-2025,10-Jul-2026,12.45857716985123,-19.098321342925658,,,AXIS BANK LIMITED,0.29,2026-08-10 10:18:53
0,MARUTIEQN,10.0,MARUTI,EQ,N,14047.0,66337,14039.0,14107.0,13954.0,14037.0,932201355.87,17370.0,12201.0,1827249098855.74,2026-08-10 10:17:46,0,11.56,1.38,08-Aug-2025,10-Jul-2026,19.130685089234312,-15.129907384640603,,,MARUTI SUZUKI INDIA LIMITED,0.07,2026-08-10 10:18:53
0,SHRIRAMFINEQN,3.1,SHRIRAMFIN,EQ,N,1118.1,803465,1115.0,1119.8,1106.1,1115.0,896401796.55,1153.7,566.5,1561717144106.92,2026-08-10 10:17:46,0,83.4,7.09,08-Aug-2025,10-Jul-2026,3.085724191730953,-97.36981465136805,,,SHRIRAM FINANCE LIMITED,0.28,2026-08-10 10:18:53
0,JIOFINEQN,0.7,JIOFIN,EQ,N,256.9,3364496,256.8,257.7,254.85,256.8,862051165.12,333.7,223.3,842354800581.19,2026-08-10 10:17:41,0,-20.13,6.01,08-Aug-2025,10-Jul-2026,23.014683847767454,-15.047021943573668,,,JIO FINANCIAL SERVICES LIMITED,0.27,2026-08-10 10:18:53
0,ADANIENTEQN,-28.2,ADANIENT,EQ,N,2991.8,284700,3020.0,3021.8,2969.9,3020.0,852084324.0,3245.0,1753.0,895146145023.48,2026-08-10 10:17:45,0,41.54,-5.2,08-Aug-2025,10-Jul-2026,7.802773497688752,-70.66742726754136,,,ADANI ENTERPRISES LIMITED,-0.93,2026-08-10 10:18:53
0,ETERNALEQN,-0.85,ETERNAL,EQ,N,314.15,2645578,315.45,315.9,311.0,315.0,828198192.9,368.45,212.6,2263721487774.29,2026-08-10 10:17:42,0,4.37,8.42,08-Aug-2025,10-Jul-2026,14.737413488940154,-47.765757290686736,,,ETERNAL LIMITED,-0.27,2026-08-10 10:18:53
0,LTEQN,-3.1,LT,EQ,N,4052.9,172167,4055.7,4055.7,4025.8,4056.0,695053674.03,4440.0,3288.1,4724565209616.45,2026-08-10 10:17:45,0,12.33,2.7,08-Aug-2025,10-Jul-2026,8.718468468468469,-23.259633222833855,,,LARSEN & TOUBRO LIMITED,-0.08,2026-08-10 10:18:53
0,TMPVEQN,2.3,TMPV,EQ,N,349.3,1949735,347.0,351.4,344.6,347.0,679989578.6,739.7,294.3,728180428511.85,2026-08-10 10:17:46,0,-44.89,3.34,08-Aug-2025,10-Jul-2026,52.77815330539408,-18.68841318382603,,,TATA MOTORS PASSENGER VEHICLES LIMITED,0.66,2026-08-10 10:18:53
0,EICHERMOTEQN,-40.0,EICHERMOT,EQ,N,7980.0,77623,8000.0,8005.0,7938.0,8020.0,619433868.69,8230.0,5588.0,1096787457861.16,2026-08-10 10:17:42,0,40.91,8.34,08-Aug-2025,10-Jul-2026,3.0376670716889427,-42.806012884753045,,,EICHER MOTORS LIMITED,-0.5,2026-08-10 10:18:53
0,ONGCEQN,0.07,ONGC,EQ,N,238.92,2380206,240.0,241.3,238.52,238.85,570559180.26,307.5,227.65,925604249590.98,2026-08-10 10:17:45,0,2.38,-2.44,08-Aug-2025,10-Jul-2026,22.302439024390242,-4.950582033823852,,,OIL & NATURAL GAS CORPORATION LIMITED,0.03,2026-08-10 10:18:53
0,POWERGRIDEQN,-1.75,POWERGRID,EQ,N,269.85,2066575,271.5,271.55,268.8,271.6,557396609.0,324.95,250.0,1218612804001.64,2026-08-10 10:17:45,0,-5.25,-4.66,08-Aug-2025,10-Jul-2026,16.95645483920603,-7.94,,,POWER GRID CORPORATION OF INDIA LIMITED,-0.64,2026-08-10 10:18:53
0,ITCEQN,-1.9,ITC,EQ,N,284.2,1900312,286.1,286.1,283.6,286.1,540296707.84,427.0,275.0,2730489782200.66,2026-08-10 10:17:47,0,-31.44,0.87,08-Aug-2025,10-Jul-2026,33.442622950819676,-3.3454545454545452,,,ITC LIMITED,-0.66,2026-08-10 10:18:53
0,SUNPHARMAEQN,3.0,SUNPHARMA,EQ,N,1948.0,254386,1949.9,1965.0,1945.0,1945.0,496991384.34,2046.9,1548.0,2055974294663.73,2026-08-10 10:17:46,0,22.8,0.68,08-Aug-2025,10-Jul-2026,4.831696712101226,-25.839793281653748,,,SUN PHARMACEUTICAL INDUSTRIES LIMITED,0.15,2026-08-10 10:18:53
0,BELEQN,-0.2,BEL,EQ,N,400.8,1236579,402.0,402.2,399.25,401.0,495385913.19,473.45,361.2,1430994474267.16,2026-08-10 10:17:45,0,4.21,-3.39,08-Aug-2025,10-Jul-2026,15.344809377970218,-10.96345514950166,,,BHARAT ELECTRONICS LIMITED,-0.05,2026-08-10 10:18:53
0,TRENTEQN,17.9,TRENT,EQ,N,3014.9,161725,3010.0,3032.4,2981.0,2997.0,487280659.5,3782.67,2183.67,1000150335411.4,2026-08-10 10:17:46,0,-14.91,3.9,08-Aug-2025,10-Jul-2026,20.29703886408278,-38.06573337546424,,,TRENT LIMITED,0.6,2026-08-10 10:18:53
0,ULTRACEMCOEQN,-84.0,ULTRACEMCO,EQ,N,12021.0,37312,12040.0,12049.0,11921.0,12105.0,447799221.76,13110.0,10325.0,1418901107011.81,2026-08-10 10:17:47,0,-1.12,2.65,08-Aug-2025,10-Jul-2026,8.306636155606407,-16.426150121065376,,,ULTRATECH CEMENT LIMITED,-0.69,2026-08-10 10:18:53
0,BAJAJFINSVEQN,-9.5,BAJAJFINSV,EQ,N,1999.4,216255,2009.0,2009.5,1992.6,2008.9,432220218.3,2195.0,1597.0,1154373829393.37,2026-08-10 10:17:45,0,4.2,4.37,08-Aug-2025,10-Jul-2026,8.91116173120729,-25.19724483406387,,,BAJAJ FINSERV LIMITED,-0.47,2026-08-10 10:18:53
0,HCLTECHEQN,3.2,HCLTECH,EQ,N,1359.8,316409,1356.6,1364.4,1353.2,1356.6,429870103.31,1780.1,1030.0,1429186528819.65,2026-08-10 10:17:42,0,-7.85,16.81,08-Aug-2025,10-Jul-2026,23.611033088028762,-32.019417475728154,,,HCL TECHNOLOGIES LIMITED,0.24,2026-08-10 10:18:53
0,ADANIPORTSEQN,-12.6,ADANIPORTS,EQ,N,1680.9,253873,1690.0,1690.0,1673.1,1693.5,426516794.92,1891.1,1290.5,1236743033410.3,2026-08-10 10:17:45,0,26.86,-8.05,08-Aug-2025,10-Jul-2026,11.11522394373645,-30.251840371948855,,,ADANI PORTS AND SPECIAL ECONOMIC ZONE LIMITED,-0.74,2026-08-10 10:18:53
0,COALINDIAEQN,-2.3,COALINDIA,EQ,N,412.95,992879,415.0,415.15,412.25,415.25,410019311.84,491.25,368.65,986374727751.9,2026-08-10 10:17:45,0,8.76,-3.81,08-Aug-2025,10-Jul-2026,15.938931297709924,-12.016818120168182,,,COAL INDIA LIMITED,-0.55,2026-08-10 10:18:53
0,INDIGOEQN,12.0,INDIGO,EQ,N,5345.0,70750,5305.0,5355.0,5297.0,5333.0,376547772.5,6232.5,3895.2,1206285440687.27,2026-08-10 10:17:43,0,-7.37,0.6,08-Aug-2025,10-Jul-2026,14.239871640593663,-37.22016841240501,,,INTERGLOBE AVIATION LIMITED,0.23,2026-08-10 10:18:53
0,JSWSTEELEQN,6.4,JSWSTEEL,EQ,N,1305.9,273661,1299.5,1312.0,1295.0,1299.5,357231596.18,1335.0,1022.3,1223305178065.72,2026-08-10 10:17:45,0,24.51,4.9,08-Aug-2025,10-Jul-2026,2.1797752808988764,-27.741367504646387,,,JSW STEEL LIMITED,0.49,2026-08-10 10:18:53
0,BAJAJ-AUTOEQN,37.0,BAJAJ-AUTO,EQ,N,11699.0,29736,11662.0,11750.0,11615.0,11662.0,347836265.28,11856.0,7858.5,1270159237462.44,2026-08-10 10:17:45,0,42.21,15.15,08-Aug-2025,10-Jul-2026,1.3242240215924426,-48.87064961506649,,,BAJAJ AUTO LIMITED,0.32,2026-08-10 10:18:53
0,MAXHEALTHEQN,-5.6,MAXHEALTH,EQ,N,1064.4,279358,1070.2,1074.7,1062.5,1070.0,297804008.74,1301.7,903.0,790047891622.97,2026-08-10 10:17:46,0,-14.53,-3.95,08-Aug-2025,10-Jul-2026,18.230006914035492,-17.87375415282392,,,MAX HEALTHCARE INSTITUTE LIMITED,-0.52,2026-08-10 10:18:53
0,APOLLOHOSPEQN,-45.0,APOLLOHOSP,EQ,N,8900.0,32555,8945.0,8971.0,8884.0,8945.0,290437804.75,9050.0,6696.5,913338229373.85,2026-08-10 10:17:45,0,25.65,0.68,08-Aug-2025,10-Jul-2026,1.6574585635359116,-32.90524901067722,,,APOLLO HOSPITALS ENTERPRISE LIMITED,-0.5,2026-08-10 10:18:53
0,HINDUNILVREQN,-13.0,HINDUNILVR,EQ,N,2083.0,131348,2096.0,2096.0,2078.6,2096.0,273855326.08,2750.0,2016.0,1843721772724.66,2026-08-10 10:17:41,0,-16.63,-3.14,08-Aug-2025,10-Jul-2026,24.254545454545454,-3.3234126984126986,,,HINDUSTAN UNILEVER LIMITED,-0.62,2026-08-10 10:18:53
0,HDFCLIFEEQN,-6.05,HDFCLIFE,EQ,N,533.95,499959,540.0,541.0,531.05,540.0,266798120.76,815.0,530.5,576538451883.69,2026-08-10 10:17:41,0,-29.88,-5.94,08-Aug-2025,10-Jul-2026,34.484662576687114,-0.6503298774740811,,,HDFC LIFE INSURANCE COMPANY LIMITED,-1.12,2026-08-10 10:18:53
0,SBILIFEEQN,-10.1,SBILIFE,EQ,N,1845.4,136794,1855.5,1862.1,1836.0,1855.5,253047012.96,2132.0,1700.4,826618447632.0,2026-08-10 10:17:46,0,0.66,-0.92,08-Aug-2025,10-Jul-2026,13.442776735459661,-8.527405316396143,,,SBI LIFE INSURANCE COMPANY LIMITED,-0.54,2026-08-10 10:18:53
0,NTPCEQN,-0.6,NTPC,EQ,N,341.9,730263,342.5,343.7,341.1,342.5,249859485.45,414.4,315.55,1615650630281.68,2026-08-10 10:17:45,0,2.11,-0.8,08-Aug-2025,10-Jul-2026,17.495173745173744,-8.350499128505783,,,NTPC LIMITED,-0.18,2026-08-10 10:18:53
0,NESTLEINDEQN,-3.2,NESTLEIND,EQ,N,1536.8,162111,1534.1,1547.5,1532.1,1540.0,249633107.79,1553.0,1084.7,1098462875378.74,2026-08-10 10:17:46,0,40.13,5.59,08-Aug-2025,10-Jul-2026,1.0431423052157116,-41.6797271134876,,,NESTLE INDIA LIMITED,-0.21,2026-08-10 10:18:53
0,ASIANPAINTEQN,-9.0,ASIANPAINT,EQ,N,2726.0,90071,2724.7,2735.0,2713.5,2735.0,245564170.14,2985.7,2115.0,1230314651113.21,2026-08-10 10:17:47,0,10.14,1.82,08-Aug-2025,10-Jul-2026,8.698127742238,-28.88888888888889,,,ASIAN PAINTS LIMITED,-0.33,2026-08-10 10:18:53
0,CIPLAEQN,9.5,CIPLA,EQ,N,1473.3,165368,1463.8,1483.7,1463.8,1463.8,243765661.44,1673.0,1165.7,826683316157.92,2026-08-10 10:17:45,0,-0.87,2.33,08-Aug-2025,10-Jul-2026,11.936640765092648,-26.38757827914558,,,CIPLA LIMITED,0.65,2026-08-10 10:18:53
0,WIPROEQN,-0.76,WIPRO,EQ,N,186.77,1268463,187.53,187.89,186.1,187.53,237126473.22,273.1,169.0,504350674461.27,2026-08-10 10:17:46,0,-21.86,6.46,08-Aug-2025,10-Jul-2026,31.61113145367997,-10.514792899408285,,,WIPRO LIMITED,-0.41,2026-08-10 10:18:53
0,DRREDDYEQN,-4.5,DRREDDY,EQ,N,1167.5,195963,1172.0,1178.8,1165.9,1172.0,229650999.33,1414.9,1101.0,709761891010.04,2026-08-10 10:17:43,0,-3.63,-6.18,08-Aug-2025,10-Jul-2026,17.485334652625628,-6.0399636693914625,,,DR. REDDY'S LABORATORIES LIMITED,-0.38,2026-08-10 10:18:53
0,TATACONSUMEQN,3.9,TATACONSUM,EQ,N,1086.2,117096,1085.6,1088.7,1082.3,1082.3,127047989.04,1282.7,1007.2,705541433297.03,2026-08-10 10:17:41,0,3.29,-2.37,08-Aug-2025,10-Jul-2026,15.319248460279098,-7.84352660841938,,,TATA CONSUMER PRODUCTS LIMITED,0.36,2026-08-10 10:18:53
1,NIFTY 50,18.2,NIFTY 50,,,24588.85,76194832,24581.25,24620.95,24511.1,24570.65,71957978133.38,26373.2,22182.55,,2026-08-10 10:34:03,0,0.93,1.58,08-Aug-2025,10-Jul-2026,6.765769796611712,-10.847715884783309,,,,0.07,2026-08-10 10:35:00
0,TITANEQN,149.0,TITAN,EQ,N,5090.0,1569475,4932.0,5098.0,4886.2,4941.0,7883896683.25,5098.0,3303.1,2094455343024.24,2026-08-10 10:33:47,0,47.17,11.08,08-Aug-2025,10-Jul-2026,0.1569242840329541,-54.09766582906966,,,TITAN COMPANY LIMITED,3.02,2026-08-10 10:35:00
0,SBINEQN,-9.1,SBIN,EQ,N,1088.1,6848519,1108.0,1113.3,1078.5,1097.2,7485294296.62,1234.7,790.0,4485024297988.12,2026-08-10 10:33:46,0,35.21,4.97,08-Aug-2025,10-Jul-2026,11.87332955373775,-37.734177215189874,,,STATE BANK OF INDIA,-0.83,2026-08-10 10:35:00
0,ICICIBANKEQN,-1.0,ICICIBANK,EQ,N,1420.0,4428619,1428.1,1441.9,1415.5,1421.0,6319683599.19,1480.0,1187.6,10147295587008.15,2026-08-10 10:33:45,0,-1.13,1.32,08-Aug-2025,10-Jul-2026,4.054054054054054,-19.568878410239137,,,ICICI BANK LIMITED,-0.07,2026-08-10 10:35:00
0,HDFCBANKEQN,5.3,HDFCBANK,EQ,N,736.3,8367844,731.5,737.35,728.5,731.0,6128692624.04,1020.5,726.65,11255205336723.55,2026-08-10 10:33:46,0,-25.39,-10.74,08-Aug-2025,10-Jul-2026,27.84909358157766,-1.328012110369504,,,HDFC BANK LIMITED,0.73,2026-08-10 10:35:00
0,INFYEQN,16.2,INFY,EQ,N,1191.3,3955478,1178.1,1195.0,1175.2,1175.1,4687320539.56,1728.0,982.4,4167971844568.18,2026-08-10 10:33:43,0,-16.19,11.68,08-Aug-2025,10-Jul-2026,31.05902777777778,-21.264250814332247,,,INFOSYS LIMITED,1.38,2026-08-10 10:35:00
0,HINDALCOEQN,-7.1,HINDALCO,EQ,N,1052.5,3126659,1065.0,1068.35,1045.6,1059.6,3297499647.76,1176.0,657.5,1519074356386.11,2026-08-10 10:33:44,0,56.49,8.82,08-Aug-2025,10-Jul-2026,10.501700680272108,-60.07604562737642,,,HINDALCO INDUSTRIES LIMITED,-0.67,2026-08-10 10:35:00
0,RELIANCEEQN,-7.6,RELIANCE,EQ,N,1327.2,1862974,1330.1,1332.1,1321.3,1334.8,2469614223.62,1611.8,1249.8,8941003134994.21,2026-08-10 10:33:46,0,-2.98,1.48,08-Aug-2025,10-Jul-2026,17.65727757786326,-6.1929908785405665,,,RELIANCE INDUSTRIES LIMITED,-0.57,2026-08-10 10:35:00
0,KOTAKBANKEQN,-1.3,KOTAKBANK,EQ,N,389.45,5706932,388.0,393.0,386.5,390.75,2218683953.64,453.2,345.5,2861029365030.25,2026-08-10 10:33:43,0,-0.29,3.13,08-Aug-2025,10-Jul-2026,14.066637246248897,-12.72069464544139,,,KOTAK MAHINDRA BANK LIMITED,-0.33,2026-08-10 10:35:00
0,M&MEQN,13.9,M&M,EQ,N,3515.9,620569,3509.0,3532.0,3491.1,3502.0,2181833724.34,3839.9,2896.0,3130142775744.49,2026-08-10 10:33:42,0,11.82,12.35,08-Aug-2025,10-Jul-2026,8.437719732284695,-21.40538674033149,,,MAHINDRA & MAHINDRA LIMITED,0.4,2026-08-10 10:35:00
0,TCSEQN,15.7,TCS,EQ,N,2468.4,839499,2452.7,2472.9,2443.8,2452.7,2063110767.45,3350.0,1976.8,2512319306514.37,2026-08-10 10:33:43,0,-18.69,19.33,08-Aug-2025,10-Jul-2026,26.31641791044776,-24.868474301902065,,,TATA CONSULTANCY SERVICES LIMITED,0.64,2026-08-10 10:35:00
0,BAJFINANCEEQN,0.2,BAJFINANCE,EQ,N,1078.2,1521536,1078.0,1084.1,1070.8,1078.0,1640809207.04,1176.4,787.9,2882536577749.11,2026-08-10 10:33:42,0,22.91,5.64,08-Aug-2025,10-Jul-2026,8.347500850051002,-36.84477725599695,,,BAJAJ FINANCE LIMITED,0.02,2026-08-10 10:35:00
0,TECHMEQN,29.6,TECHM,EQ,N,1664.6,932509,1644.0,1665.9,1643.3,1635.0,1546426300.15,1854.0,1304.1,1053225863360.6,2026-08-10 10:33:46,0,12.38,14.35,08-Aug-2025,10-Jul-2026,10.215749730312837,-27.643585614600106,,,TECH MAHINDRA LIMITED,1.81,2026-08-10 10:35:00
0,GRASIMEQN,46.3,GRASIM,EQ,N,3369.3,438297,3324.0,3379.0,3290.2,3323.0,1470473286.09,3379.0,2502.5,1267962413961.45,2026-08-10 10:33:46,0,25.13,4.8,08-Aug-2025,10-Jul-2026,0.28706717963894646,-34.637362637362635,,,GRASIM INDUSTRIES LIMITED,1.39,2026-08-10 10:35:00
0,TATASTEELEQN,3.35,TATASTEEL,EQ,N,190.9,7295898,187.56,191.48,187.55,187.55,1386877250.82,224.4,153.05,1573581135721.42,2026-08-10 10:33:46,0,20.77,-0.23,08-Aug-2025,10-Jul-2026,14.928698752228163,-24.73048023521725,,,TATA STEEL LIMITED,1.79,2026-08-10 10:35:00
0,BHARTIARTLEQN,-15.9,BHARTIARTL,EQ,N,1944.0,648908,1955.0,1959.0,1938.5,1959.9,1262223396.2,2174.5,1740.5,6038127518163.89,2026-08-10 10:33:42,0,4.56,1.19,08-Aug-2025,10-Jul-2026,10.600137962750058,-11.692042516518242,,,BHARTI AIRTEL LIMITED,-0.81,2026-08-10 10:35:00
0,SHRIRAMFINEQN,2.5,SHRIRAMFIN,EQ,N,1117.5,1078646,1115.0,1123.3,1106.1,1115.0,1204567134.04,1153.7,566.5,1560599836187.69,2026-08-10 10:33:43,0,83.35,7.06,08-Aug-2025,10-Jul-2026,3.137730779232036,-97.2639011473963,,,SHRIRAM FINANCE LIMITED,0.22,2026-08-10 10:35:00
0,AXISBANKEQN,2.4,AXISBANK,EQ,N,1240.4,940881,1235.0,1248.6,1235.0,1238.0,1168498931.52,1418.3,1042.5,3554069128099.31,2026-08-10 10:33:42,0,17.2,-6.32,08-Aug-2025,10-Jul-2026,12.543185503772122,-18.983213429256594,,,AXIS BANK LIMITED,0.19,2026-08-10 10:35:00
0,MARUTIEQN,47.0,MARUTI,EQ,N,14084.0,77892,14039.0,14107.0,13954.0,14037.0,1094922391.56,17370.0,12201.0,1834143887567.07,2026-08-10 10:33:46,0,11.83,1.62,08-Aug-2025,10-Jul-2026,18.917674150834774,-15.433161216293746,,,MARUTI SUZUKI INDIA LIMITED,0.33,2026-08-10 10:35:00
0,JIOFINEQN,1.0,JIOFIN,EQ,N,257.2,4029389,256.8,257.7,254.85,256.8,1033014457.93,333.7,223.3,841536821555.57,2026-08-10 10:33:46,0,-19.94,6.26,08-Aug-2025,10-Jul-2026,22.924782738987115,-15.181370353784146,,,JIO FINANCIAL SERVICES LIMITED,0.39,2026-08-10 10:35:00
0,ADANIENTEQN,-23.4,ADANIENT,EQ,N,2996.6,317559,3020.0,3021.8,2969.9,3020.0,950520774.39,3245.0,1753.0,897062176905.8,2026-08-10 10:33:46,0,41.7,-5.09,08-Aug-2025,10-Jul-2026,7.654853620955316,-70.94124358243012,,,ADANI ENTERPRISES LIMITED,-0.77,2026-08-10 10:35:00
0,ETERNALEQN,-0.9,ETERNAL,EQ,N,314.1,2887824,315.45,315.9,311.0,315.0,904350963.84,368.45,212.6,2264081952979.35,2026-08-10 10:33:45,0,4.39,8.44,08-Aug-2025,10-Jul-2026,14.75098385126883,-47.74223894637817,,,ETERNAL LIMITED,-0.29,2026-08-10 10:35:00
0,LTEQN,4.3,LT,EQ,N,4060.3,213976,4055.7,4064.0,4025.8,4056.0,864664177.44,4440.0,3288.1,4740555363368.21,2026-08-10 10:33:42,0,12.5,2.86,08-Aug-2025,10-Jul-2026,8.551801801801801,-23.484687205376964,,,LARSEN & TOUBRO LIMITED,0.11,2026-08-10 10:35:00
0,TMPVEQN,2.1,TMPV,EQ,N,349.1,2088240,347.0,351.4,344.6,347.0,728398994.4,739.7,294.3,727555202042.04,2026-08-10 10:33:43,0,-44.97,3.2,08-Aug-2025,10-Jul-2026,52.80519129376774,-18.620455317703023,,,TATA MOTORS PASSENGER VEHICLES LIMITED,0.61,2026-08-10 10:35:00
0,APOLLOHOSPEQN,-45.5,APOLLOHOSP,EQ,N,8899.5,80640,8945.0,8971.0,8884.0,8945.0,718009689.6,9050.0,6696.5,913286918237.37,2026-08-10 10:33:42,0,25.51,0.57,08-Aug-2025,10-Jul-2026,1.6629834254143647,-32.89778242365415,,,APOLLO HOSPITALS ENTERPRISE LIMITED,-0.51,2026-08-10 10:35:00
0,EICHERMOTEQN,-38.5,EICHERMOT,EQ,N,7981.5,88131,8000.0,8005.0,7938.0,8020.0,703237789.26,8230.0,5588.0,1096993620917.15,2026-08-10 10:33:45,0,40.83,8.28,08-Aug-2025,10-Jul-2026,3.0194410692588094,-42.832856120257695,,,EICHER MOTORS LIMITED,-0.48,2026-08-10 10:35:00
0,ITCEQN,-1.9,ITC,EQ,N,284.2,2282971,286.1,286.1,283.6,286.1,648957336.46,427.0,275.0,2731931688440.16,2026-08-10 10:33:44,0,-31.41,0.91,08-Aug-2025,10-Jul-2026,33.442622950819676,-3.3454545454545452,,,ITC LIMITED,-0.66,2026-08-10 10:35:00
0,ONGCEQN,0.03,ONGC,EQ,N,238.88,2646488,240.0,241.3,238.52,238.85,634151454.56,307.5,227.65,925178150124.76,2026-08-10 10:33:42,0,2.31,-2.5,08-Aug-2025,10-Jul-2026,22.315447154471546,-4.933011201405667,,,OIL & NATURAL GAS CORPORATION LIMITED,0.01,2026-08-10 10:35:00
0,POWERGRIDEQN,-1.55,POWERGRID,EQ,N,270.05,2271479,271.5,271.55,268.8,271.6,612731460.25,324.95,250.0,1219515981918.26,2026-08-10 10:33:42,0,-5.2,-4.61,08-Aug-2025,10-Jul-2026,16.894906908755193,-8.02,,,POWER GRID CORPORATION OF INDIA LIMITED,-0.57,2026-08-10 10:35:00
0,SUNPHARMAEQN,5.6,SUNPHARMA,EQ,N,1950.6,306491,1949.9,1965.0,1945.0,1945.0,598619831.74,2046.9,1548.0,2058825268211.87,2026-08-10 10:33:43,0,22.96,0.81,08-Aug-2025,10-Jul-2026,4.704675362743661,-26.007751937984494,,,SUN PHARMACEUTICAL INDUSTRIES LIMITED,0.29,2026-08-10 10:35:00
0,TRENTEQN,27.3,TRENT,EQ,N,3024.3,197573,3010.0,3032.4,2981.0,2997.0,595571954.12,3782.67,2183.67,1003236195048.89,2026-08-10 10:33:43,0,-14.7,4.16,08-Aug-2025,10-Jul-2026,20.048537144398004,-38.49620134910495,,,TRENT LIMITED,0.91,2026-08-10 10:35:00
0,BELEQN,-0.35,BEL,EQ,N,400.65,1425948,402.0,402.2,399.25,401.0,571306066.2,473.45,361.2,1430994474267.16,2026-08-10 10:33:42,0,4.11,-3.48,08-Aug-2025,10-Jul-2026,15.37649170978984,-10.921926910299003,,,BHARAT ELECTRONICS LIMITED,-0.09,2026-08-10 10:35:00
0,HCLTECHEQN,9.4,HCLTECH,EQ,N,1366.0,399022,1356.6,1367.5,1353.2,1356.6,542610066.7,1780.1,1030.0,1436125348218.07,2026-08-10 10:33:45,0,-7.43,17.34,08-Aug-2025,10-Jul-2026,23.262738048424247,-32.62135922330097,,,HCL TECHNOLOGIES LIMITED,0.69,2026-08-10 10:35:00
0,BAJAJFINSVEQN,-2.8,BAJAJFINSV,EQ,N,2006.1,268628,2009.0,2011.3,1992.6,2008.9,537199588.12,2195.0,1597.0,1158414946019.57,2026-08-10 10:33:46,0,4.54,4.71,08-Aug-2025,10-Jul-2026,8.605922551252847,-25.61678146524734,,,BAJAJ FINSERV LIMITED,-0.14,2026-08-10 10:35:00
0,ULTRACEMCOEQN,-66.0,ULTRACEMCO,EQ,N,12039.0,41677,12040.0,12050.0,11921.0,12105.0,500354890.58,13110.0,10325.0,1421261221960.26,2026-08-10 10:33:44,0,-1.0,2.77,08-Aug-2025,10-Jul-2026,8.16933638443936,-16.60048426150121,,,ULTRATECH CEMENT LIMITED,-0.55,2026-08-10 10:35:00
0,ADANIPORTSEQN,-12.6,ADANIPORTS,EQ,N,1680.9,287393,1690.0,1690.0,1673.1,1693.5,482866222.88,1891.1,1290.5,1236228060997.36,2026-08-10 10:33:42,0,26.86,-8.05,08-Aug-2025,10-Jul-2026,11.11522394373645,-30.251840371948855,,,ADANI PORTS AND SPECIAL ECONOMIC ZONE LIMITED,-0.74,2026-08-10 10:35:00
0,COALINDIAEQN,-2.25,COALINDIA,EQ,N,413.0,1132419,415.0,415.15,412.25,415.25,467609777.67,491.25,368.65,986255297466.42,2026-08-10 10:33:42,0,8.72,-3.84,08-Aug-2025,10-Jul-2026,15.928753180661577,-12.030381120303812,,,COAL INDIA LIMITED,-0.54,2026-08-10 10:35:00
0,INDIGOEQN,5.0,INDIGO,EQ,N,5338.0,85672,5305.0,5355.0,5297.0,5333.0,456233385.2,6232.5,3895.2,1204592487692.29,2026-08-10 10:33:46,0,-7.44,0.53,08-Aug-2025,10-Jul-2026,14.352186121139189,-37.04046005339905,,,INTERGLOBE AVIATION LIMITED,0.09,2026-08-10 10:35:00
0,BAJAJ-AUTOEQN,43.0,BAJAJ-AUTO,EQ,N,11705.0,36421,11662.0,11750.0,11615.0,11662.0,426075803.23,11856.0,7858.5,1271245122080.26,2026-08-10 10:33:42,0,42.25,15.19,08-Aug-2025,10-Jul-2026,1.27361673414305,-48.947000063625374,,,BAJAJ AUTO LIMITED,0.37,2026-08-10 10:35:00
0,JSWSTEELEQN,6.1,JSWSTEEL,EQ,N,1305.6,297379,1299.5,1312.0,1295.0,1299.5,388231258.29,1335.0,1022.3,1221153941801.83,2026-08-10 10:33:44,0,24.39,4.79,08-Aug-2025,10-Jul-2026,2.202247191011236,-27.712021911376308,,,JSW STEEL LIMITED,0.47,2026-08-10 10:35:00
0,MAXHEALTHEQN,-3.1,MAXHEALTH,EQ,N,1066.9,298163,1070.2,1074.7,1062.5,1070.0,317874555.93,1301.7,903.0,792422859451.24,2026-08-10 10:33:43,0,-14.37,-3.76,08-Aug-2025,10-Jul-2026,18.03795037258969,-18.15060908084164,,,MAX HEALTHCARE INSTITUTE LIMITED,-0.29,2026-08-10 10:35:00
0,NTPCEQN,-1.0,NTPC,EQ,N,341.5,926895,342.5,343.7,341.1,342.5,317044434.75,414.4,315.55,1614468735160.77,2026-08-10 10:33:42,0,1.99,-0.91,08-Aug-2025,10-Jul-2026,17.591698841698843,-8.223736333386151,,,NTPC LIMITED,-0.29,2026-08-10 10:35:00
0,HDFCLIFEEQN,-5.85,HDFCLIFE,EQ,N,534.15,590418,540.0,541.0,531.05,540.0,315082469.88,815.0,530.5,576862440898.51,2026-08-10 10:33:44,0,-29.86,-5.91,08-Aug-2025,10-Jul-2026,34.4601226993865,-0.6880301602262017,,,HDFC LIFE INSURANCE COMPANY LIMITED,-1.08,2026-08-10 10:35:00
0,HINDUNILVREQN,-11.0,HINDUNILVR,EQ,N,2085.0,147540,2096.0,2096.0,2078.6,2096.0,307606146.0,2750.0,2016.0,1844606476070.5,2026-08-10 10:33:45,0,-16.55,-3.05,08-Aug-2025,10-Jul-2026,24.181818181818183,-3.4226190476190474,,,HINDUSTAN UNILEVER LIMITED,-0.52,2026-08-10 10:35:00
0,WIPROEQN,-0.19,WIPRO,EQ,N,187.34,1599961,187.53,187.89,186.1,187.53,299192707.0,273.1,169.0,505836044586.86,2026-08-10 10:33:43,0,-21.59,6.82,08-Aug-2025,10-Jul-2026,31.40241669718052,-10.85207100591716,,,WIPRO LIMITED,-0.1,2026-08-10 10:35:00
0,NESTLEINDEQN,-2.5,NESTLEIND,EQ,N,1537.5,185518,1534.1,1547.5,1532.1,1540.0,285586409.2,1553.0,1084.7,1099463883011.06,2026-08-10 10:33:42,0,40.23,5.66,08-Aug-2025,10-Jul-2026,0.9980682549903412,-41.74426108601457,,,NESTLE INDIA LIMITED,-0.16,2026-08-10 10:35:00
0,SBILIFEEQN,-5.6,SBILIFE,EQ,N,1849.9,154098,1855.5,1862.1,1836.0,1855.5,285025824.72,2132.0,1700.4,828993401701.74,2026-08-10 10:33:43,0,0.89,-0.7,08-Aug-2025,10-Jul-2026,13.231707317073171,-8.792048929663608,,,SBI LIFE INSURANCE COMPANY LIMITED,-0.3,2026-08-10 10:35:00
0,ASIANPAINTEQN,-3.9,ASIANPAINT,EQ,N,2731.1,101500,2724.7,2735.0,2713.5,2735.0,276753960.0,2985.7,2115.0,1231983210679.63,2026-08-10 10:33:44,0,10.26,1.93,08-Aug-2025,10-Jul-2026,8.527313527815922,-29.13002364066194,,,ASIAN PAINTS LIMITED,-0.14,2026-08-10 10:35:00
0,DRREDDYEQN,-2.7,DRREDDY,EQ,N,1169.3,224732,1172.0,1178.8,1165.9,1172.0,263257806.76,1414.9,1101.0,711038441173.73,2026-08-10 10:33:46,0,-3.48,-6.03,08-Aug-2025,10-Jul-2026,17.35811718142625,-6.203451407811081,,,DR. REDDY'S LABORATORIES LIMITED,-0.23,2026-08-10 10:35:00
0,CIPLAEQN,7.9,CIPLA,EQ,N,1471.7,176449,1463.8,1483.7,1463.8,1463.8,260078768.04,1673.0,1165.7,825953873199.26,2026-08-10 10:33:42,0,-0.96,2.24,08-Aug-2025,10-Jul-2026,12.032277346084877,-26.250321695118814,,,CIPLA LIMITED,0.54,2026-08-10 10:35:00
0,TATACONSUMEQN,6.8,TATACONSUM,EQ,N,1089.1,143103,1085.6,1089.9,1082.3,1082.3,155331151.35,1282.7,1007.2,707294895990.24,2026-08-10 10:33:44,0,3.63,-2.05,08-Aug-2025,10-Jul-2026,15.093162859593045,-8.13145353455123,,,TATA CONSUMER PRODUCTS LIMITED,0.63,2026-08-10 10:35:00
1,NIFTY 50,14.7,NIFTY 50,,,24585.35,76710403,24581.25,24620.95,24511.1,24570.65,72425235910.37,26373.2,22182.55,,2026-08-10 10:34:54,0,0.91,1.56,08-Aug-2025,10-Jul-2026,6.779040844493653,-10.831937716808934,,,,0.06,2026-08-10 10:35:30
0,TITANEQN,147.8,TITAN,EQ,N,5088.8,1579705,4932.0,5098.0,4886.2,4941.0,7935964008.5,5098.0,3303.1,2095525791186.66,2026-08-10 10:34:47,0,47.18,11.09,08-Aug-2025,10-Jul-2026,0.1804629266378972,-54.061336320426264,,,TITAN COMPANY LIMITED,2.99,2026-08-10 10:35:30
0,SBINEQN,-8.9,SBIN,EQ,N,1088.3,6891681,1108.0,1113.3,1078.5,1097.2,7532262748.95,1234.7,790.0,4482551166310.15,2026-08-10 10:34:43,0,35.29,5.03,08-Aug-2025,10-Jul-2026,11.857131286952296,-37.75949367088607,,,STATE BANK OF INDIA,-0.81,2026-08-10 10:35:30
0,ICICIBANKEQN,-1.0,ICICIBANK,EQ,N,1420.0,4433378,1428.1,1441.9,1415.5,1421.0,6326474739.78,1480.0,1187.6,10147295587008.15,2026-08-10 10:34:45,0,-1.11,1.34,08-Aug-2025,10-Jul-2026,4.054054054054054,-19.568878410239137,,,ICICI BANK LIMITED,-0.07,2026-08-10 10:35:30
0,HDFCBANKEQN,5.45,HDFCBANK,EQ,N,736.45,8417435,731.5,737.35,728.5,731.0,6165266091.4,1020.5,726.65,11251385610484.25,2026-08-10 10:34:46,0,-25.39,-10.73,08-Aug-2025,10-Jul-2026,27.8343949044586,-1.3486547856602216,,,HDFC BANK LIMITED,0.75,2026-08-10 10:35:30
0,INFYEQN,16.9,INFY,EQ,N,1192.0,4006027,1178.1,1195.0,1175.2,1175.1,4747542597.7,1728.0,982.4,4171820064334.02,2026-08-10 10:34:46,0,-16.27,11.56,08-Aug-2025,10-Jul-2026,31.01851851851852,-21.335504885993487,,,INFOSYS LIMITED,1.44,2026-08-10 10:35:30
0,HINDALCOEQN,-7.8,HINDALCO,EQ,N,1051.8,3138639,1065.0,1068.35,1045.6,1059.6,3310102848.57,1176.0,657.5,1519074356386.11,2026-08-10 10:34:44,0,56.4,8.75,08-Aug-2025,10-Jul-2026,10.561224489795919,-59.96958174904943,,,HINDALCO INDUSTRIES LIMITED,-0.74,2026-08-10 10:35:30
0,RELIANCEEQN,-8.1,RELIANCE,EQ,N,1326.7,1872355,1330.1,1332.1,1321.3,1334.8,2482049958.65,1611.8,1249.8,8940329460858.06,2026-08-10 10:34:44,0,-2.98,1.48,08-Aug-2025,10-Jul-2026,17.68829879637672,-6.152984477516402,,,RELIANCE INDUSTRIES LIMITED,-0.61,2026-08-10 10:35:30
0,KOTAKBANKEQN,-1.3,KOTAKBANK,EQ,N,389.45,5719478,388.0,393.0,386.5,390.75,2223561462.06,453.2,345.5,2859193724477.82,2026-08-10 10:34:44,0,-0.27,3.15,08-Aug-2025,10-Jul-2026,14.066637246248897,-12.72069464544139,,,KOTAK MAHINDRA BANK LIMITED,-0.33,2026-08-10 10:35:30
0,M&MEQN,13.0,M&M,EQ,N,3515.0,623060,3509.0,3532.0,3491.1,3502.0,2190591731.6,3839.9,2896.0,3130053747536.18,2026-08-10 10:34:42,0,11.82,12.35,08-Aug-2025,10-Jul-2026,8.461157842652153,-21.374309392265193,,,MAHINDRA & MAHINDRA LIMITED,0.37,2026-08-10 10:35:30
0,TCSEQN,16.8,TCS,EQ,N,2469.5,842737,2452.7,2472.9,2443.8,2452.7,2071102023.83,3350.0,1976.8,2513744678142.31,2026-08-10 10:34:43,0,-18.71,19.3,08-Aug-2025,10-Jul-2026,26.28358208955224,-24.924119789558883,,,TATA CONSULTANCY SERVICES LIMITED,0.68,2026-08-10 10:35:30
0,BAJFINANCEEQN,-0.2,BAJFINANCE,EQ,N,1077.8,1532771,1078.0,1084.1,1070.8,1078.0,1652924918.69,1176.4,787.9,2881467486760.61,2026-08-10 10:34:42,0,22.88,5.61,08-Aug-2025,10-Jul-2026,8.38150289017341,-36.79400939205483,,,BAJAJ FINANCE LIMITED,-0.02,2026-08-10 10:35:30
0,TECHMEQN,28.6,TECHM,EQ,N,1663.6,954237,1644.0,1665.9,1643.3,1635.0,1582582979.76,1854.0,1304.1,1053605860665.48,2026-08-10 10:34:44,0,12.29,14.26,08-Aug-2025,10-Jul-2026,10.269687162891046,-27.56690437849858,,,TECH MAHINDRA LIMITED,1.75,2026-08-10 10:35:30
0,GRASIMEQN,43.3,GRASIM,EQ,N,3366.3,441650,3324.0,3379.0,3290.2,3323.0,1481757832.5,3379.0,2502.5,1267548526708.01,2026-08-10 10:34:47,0,25.09,4.77,08-Aug-2025,10-Jul-2026,0.3758508434448062,-34.51748251748252,,,GRASIM INDUSTRIES LIMITED,1.3,2026-08-10 10:35:30
0,TATASTEELEQN,3.07,TATASTEEL,EQ,N,190.62,7340654,187.56,191.48,187.55,187.55,1395384918.86,224.4,153.05,1572344691665.06,2026-08-10 10:34:42,0,20.77,-0.22,08-Aug-2025,10-Jul-2026,15.053475935828876,-24.547533485788957,,,TATA STEEL LIMITED,1.64,2026-08-10 10:35:30
0,BHARTIARTLEQN,-16.7,BHARTIARTL,EQ,N,1943.2,654318,1955.0,1959.0,1938.5,1959.9,1272740114.52,2174.5,1740.5,6034711585089.43,2026-08-10 10:34:43,0,4.54,1.18,08-Aug-2025,10-Jul-2026,10.636928029432053,-11.646078713013502,,,BHARTI AIRTEL LIMITED,-0.85,2026-08-10 10:35:30
0,SHRIRAMFINEQN,3.5,SHRIRAMFIN,EQ,N,1118.5,1083027,1115.0,1123.3,1106.1,1115.0,1209470402.25,1153.7,566.5,1561577480617.02,2026-08-10 10:34:47,0,83.52,7.15,08-Aug-2025,10-Jul-2026,3.051053133396897,-97.44042365401589,,,SHRIRAM FINANCE LIMITED,0.31,2026-08-10 10:35:30
0,AXISBANKEQN,2.9,AXISBANK,EQ,N,1240.9,950618,1235.0,1248.6,1235.0,1238.0,1180582000.38,1418.3,1042.5,3552923116288.55,2026-08-10 10:34:42,0,17.23,-6.29,08-Aug-2025,10-Jul-2026,12.507932031305083,-19.031175059952037,,,AXIS BANK LIMITED,0.23,2026-08-10 10:35:30
0,MARUTIEQN,42.0,MARUTI,EQ,N,14079.0,77994,14039.0,14107.0,13954.0,14037.0,1096358538.24,17370.0,12201.0,1831542080506.19,2026-08-10 10:34:43,0,11.83,1.62,08-Aug-2025,10-Jul-2026,18.946459412780655,-15.39218096877305,,,MARUTI SUZUKI INDIA LIMITED,0.3,2026-08-10 10:35:30
0,JIOFINEQN,1.0,JIOFIN,EQ,N,257.2,4042064,256.8,257.7,254.85,256.8,1036263947.68,333.7,223.3,840882438335.07,2026-08-10 10:34:46,0,-19.91,6.3,08-Aug-2025,10-Jul-2026,22.924782738987115,-15.181370353784146,,,JIO FINANCIAL SERVICES LIMITED,0.39,2026-08-10 10:35:30
0,ADANIENTEQN,-22.7,ADANIENT,EQ,N,2997.3,317824,3020.0,3021.8,2969.9,3020.0,951317153.28,3245.0,1753.0,897092114903.96,2026-08-10 10:34:43,0,41.72,-5.08,08-Aug-2025,10-Jul-2026,7.633281972265023,-70.9811751283514,,,ADANI ENTERPRISES LIMITED,-0.75,2026-08-10 10:35:30
0,ETERNALEQN,-0.75,ETERNAL,EQ,N,314.25,2896930,315.45,315.9,311.0,315.0,907202598.8,368.45,212.6,2264442418184.41,2026-08-10 10:34:46,0,4.4,8.46,08-Aug-2025,10-Jul-2026,14.710272764282806,-47.812793979303855,,,ETERNAL LIMITED,-0.24,2026-08-10 10:35:30
0,LTEQN,2.2,LT,EQ,N,4058.2,216840,4055.7,4064.0,4025.8,4056.0,876289471.2,4440.0,3288.1,4737170586296.67,2026-08-10 10:34:42,0,12.51,2.87,08-Aug-2025,10-Jul-2026,8.5990990990991,-23.420820534655274,,,LARSEN & TOUBRO LIMITED,0.05,2026-08-10 10:35:30
0,TMPVEQN,1.75,TMPV,EQ,N,348.75,2099645,347.0,351.4,344.6,347.0,732377172.45,739.7,294.3,726825771160.58,2026-08-10 10:34:44,0,-44.96,3.21,08-Aug-2025,10-Jul-2026,52.85250777342166,-18.501529051987767,,,TATA MOTORS PASSENGER VEHICLES LIMITED,0.5,2026-08-10 10:35:30
0,APOLLOHOSPEQN,-53.5,APOLLOHOSP,EQ,N,8891.5,81125,8945.0,8971.0,8884.0,8945.0,722323208.75,9050.0,6696.5,912465940053.66,2026-08-10 10:34:43,0,25.49,0.55,08-Aug-2025,10-Jul-2026,1.7513812154696133,-32.778317031285,,,APOLLO HOSPITALS ENTERPRISE LIMITED,-0.6,2026-08-10 10:35:30
0,EICHERMOTEQN,-47.5,EICHERMOT,EQ,N,7972.5,88310,8000.0,8005.0,7938.0,8020.0,704665229.5,8230.0,5588.0,1095825363599.88,2026-08-10 10:34:46,0,40.83,8.28,08-Aug-2025,10-Jul-2026,3.1287970838396113,-42.67179670722978,,,EICHER MOTORS LIMITED,-0.59,2026-08-10 10:35:30
0,ONGCEQN,-0.11,ONGC,EQ,N,238.74,2717289,240.0,241.3,238.52,238.85,651062444.4,307.5,227.65,925139413809.64,2026-08-10 10:34:43,0,2.3,-2.51,08-Aug-2025,10-Jul-2026,22.360975609756096,-4.871513287942016,,,OIL & NATURAL GAS CORPORATION LIMITED,-0.05,2026-08-10 10:35:30
0,ITCEQN,-1.85,ITC,EQ,N,284.25,2289477,286.1,286.1,283.6,286.1,650806732.02,427.0,275.0,2732892959266.5,2026-08-10 10:34:44,0,-31.42,0.89,08-Aug-2025,10-Jul-2026,33.430913348946135,-3.3636363636363638,,,ITC LIMITED,-0.65,2026-08-10 10:35:30
0,POWERGRIDEQN,-1.55,POWERGRID,EQ,N,270.05,2276287,271.5,271.55,268.8,271.6,614028418.25,324.95,250.0,1219515981918.26,2026-08-10 10:34:43,0,-5.2,-4.61,08-Aug-2025,10-Jul-2026,16.894906908755193,-8.02,,,POWER GRID CORPORATION OF INDIA LIMITED,-0.57,2026-08-10 10:35:30
0,SUNPHARMAEQN,4.4,SUNPHARMA,EQ,N,1949.4,309391,1949.9,1965.0,1945.0,1945.0,604277749.92,2046.9,1548.0,2060303550792.39,2026-08-10 10:34:44,0,22.85,0.72,08-Aug-2025,10-Jul-2026,4.763300600908691,-25.930232558139537,,,SUN PHARMACEUTICAL INDUSTRIES LIMITED,0.23,2026-08-10 10:35:30
0,TRENTEQN,26.0,TRENT,EQ,N,3023.0,197996,3010.0,3032.4,2981.0,2997.0,596851022.16,3782.67,2183.67,1003302557621.74,2026-08-10 10:34:43,0,-14.67,4.19,08-Aug-2025,10-Jul-2026,20.082904403503345,-38.436668544239744,,,TRENT LIMITED,0.87,2026-08-10 10:35:30
0,BELEQN,-0.55,BEL,EQ,N,400.45,1439149,402.0,402.2,399.25,401.0,576595046.85,473.45,361.2,1430101553716.63,2026-08-10 10:34:42,0,4.16,-3.43,08-Aug-2025,10-Jul-2026,15.418734818882669,-10.86655592469546,,,BHARAT ELECTRONICS LIMITED,-0.14,2026-08-10 10:35:30
0,HCLTECHEQN,9.7,HCLTECH,EQ,N,1366.3,400891,1356.6,1367.5,1353.2,1356.6,545163653.08,1780.1,1030.0,1436020214590.82,2026-08-10 10:34:45,0,-7.47,17.3,08-Aug-2025,10-Jul-2026,23.24588506263693,-32.650485436893206,,,HCL TECHNOLOGIES LIMITED,0.72,2026-08-10 10:35:30
0,BAJAJFINSVEQN,-3.0,BAJAJFINSV,EQ,N,2005.9,272297,2009.0,2011.3,1992.6,2008.9,544558601.39,2195.0,1597.0,1158241755307.02,2026-08-10 10:34:43,0,4.45,4.62,08-Aug-2025,10-Jul-2026,8.61503416856492,-25.604257983719474,,,BAJAJ FINSERV LIMITED,-0.15,2026-08-10 10:35:30
0,ULTRACEMCOEQN,-80.0,ULTRACEMCO,EQ,N,12025.0,41780,12040.0,12050.0,11921.0,12105.0,501594385.8,13110.0,10325.0,1420199170233.46,2026-08-10 10:34:44,0,-1.02,2.75,08-Aug-2025,10-Jul-2026,8.276125095347064,-16.46489104116223,,,ULTRATECH CEMENT LIMITED,-0.66,2026-08-10 10:35:30
0,ADANIPORTSEQN,-12.6,ADANIPORTS,EQ,N,1680.9,287934,1690.0,1690.0,1673.1,1693.5,483775189.44,1891.1,1290.5,1236595898435.17,2026-08-10 10:34:42,0,26.87,-8.05,08-Aug-2025,10-Jul-2026,11.11522394373645,-30.251840371948855,,,ADANI PORTS AND SPECIAL ECONOMIC ZONE LIMITED,-0.74,2026-08-10 10:35:30
0,COALINDIAEQN,-2.45,COALINDIA,EQ,N,412.8,1134307,415.0,415.15,412.25,415.25,468389389.51,491.25,368.65,986016436895.47,2026-08-10 10:34:42,0,8.77,-3.8,08-Aug-2025,10-Jul-2026,15.969465648854962,-11.976129119761291,,,COAL INDIA LIMITED,-0.59,2026-08-10 10:35:30
0,INDIGOEQN,5.5,INDIGO,EQ,N,5338.5,85952,5305.0,5355.0,5297.0,5333.0,457727921.28,6232.5,3895.2,1205382532423.28,2026-08-10 10:34:46,0,-7.44,0.54,08-Aug-2025,10-Jul-2026,14.344163658243081,-37.053296364756626,,,INTERGLOBE AVIATION LIMITED,0.1,2026-08-10 10:35:30
0,BAJAJ-AUTOEQN,40.0,BAJAJ-AUTO,EQ,N,11702.0,36542,11662.0,11750.0,11615.0,11662.0,427491702.88,11856.0,7858.5,1270376414386.0,2026-08-10 10:34:42,0,42.25,15.19,08-Aug-2025,10-Jul-2026,1.2989203778677463,-48.90882483934593,,,BAJAJ AUTO LIMITED,0.34,2026-08-10 10:35:30
0,JSWSTEELEQN,4.8,JSWSTEEL,EQ,N,1304.3,301761,1299.5,1312.0,1295.0,1299.5,393945967.89,1335.0,1022.3,1220873345767.4,2026-08-10 10:34:45,0,24.33,4.75,08-Aug-2025,10-Jul-2026,2.299625468164794,-27.58485767387264,,,JSW STEEL LIMITED,0.37,2026-08-10 10:35:30
0,NTPCEQN,-1.3,NTPC,EQ,N,341.2,940927,342.5,343.7,341.1,342.5,321834671.08,414.4,315.55,1613995977112.41,2026-08-10 10:34:42,0,1.94,-0.96,08-Aug-2025,10-Jul-2026,17.664092664092664,-8.128664237046427,,,NTPC LIMITED,-0.38,2026-08-10 10:35:30
0,MAXHEALTHEQN,-2.3,MAXHEALTH,EQ,N,1067.7,299538,1070.2,1074.7,1062.5,1070.0,319340457.18,1301.7,903.0,791458028771.01,2026-08-10 10:34:44,0,-14.28,-3.66,08-Aug-2025,10-Jul-2026,17.976492279327033,-18.239202657807308,,,MAX HEALTHCARE INSTITUTE LIMITED,-0.21,2026-08-10 10:35:30
0,HDFCLIFEEQN,-6.0,HDFCLIFE,EQ,N,534.0,597647,540.0,541.0,531.05,540.0,318946274.49,815.0,530.5,576916439067.65,2026-08-10 10:34:45,0,-29.91,-5.97,08-Aug-2025,10-Jul-2026,34.47852760736196,-0.6597549481621112,,,HDFC LIFE INSURANCE COMPANY LIMITED,-1.11,2026-08-10 10:35:30
0,HINDUNILVREQN,-11.2,HINDUNILVR,EQ,N,2084.8,148261,2096.0,2096.0,2078.6,2096.0,309109358.9,2750.0,2016.0,1844429535401.33,2026-08-10 10:34:45,0,-16.57,-3.06,08-Aug-2025,10-Jul-2026,24.189090909090908,-3.4126984126984126,,,HINDUSTAN UNILEVER LIMITED,-0.53,2026-08-10 10:35:30
0,WIPROEQN,0.03,WIPRO,EQ,N,187.56,1631730,187.53,187.89,186.1,187.53,305133510.0,273.1,169.0,506187132071.09,2026-08-10 10:34:43,0,-21.61,6.8,08-Aug-2025,10-Jul-2026,31.32186012449652,-10.982248520710058,,,WIPRO LIMITED,0.02,2026-08-10 10:35:30
0,NESTLEINDEQN,-2.5,NESTLEIND,EQ,N,1537.5,187577,1534.1,1547.5,1532.1,1540.0,288752282.26,1553.0,1084.7,1099392382465.9,2026-08-10 10:34:42,0,40.17,5.62,08-Aug-2025,10-Jul-2026,0.9980682549903412,-41.74426108601457,,,NESTLE INDIA LIMITED,-0.16,2026-08-10 10:35:30
0,SBILIFEEQN,-5.9,SBILIFE,EQ,N,1849.6,155570,1855.5,1862.1,1836.0,1855.5,287750050.5,2132.0,1700.4,828948591247.59,2026-08-10 10:34:44,0,0.83,-0.76,08-Aug-2025,10-Jul-2026,13.24577861163227,-8.774406022112444,,,SBI LIFE INSURANCE COMPANY LIMITED,-0.32,2026-08-10 10:35:30
0,ASIANPAINTEQN,-8.0,ASIANPAINT,EQ,N,2727.0,103357,2724.7,2735.0,2713.5,2735.0,281822498.33,2985.7,2115.0,1231983210679.63,2026-08-10 10:34:44,0,10.13,1.81,08-Aug-2025,10-Jul-2026,8.664634759017986,-28.93617021276596,,,ASIAN PAINTS LIMITED,-0.29,2026-08-10 10:35:30
0,DRREDDYEQN,-3.5,DRREDDY,EQ,N,1168.5,227857,1172.0,1178.8,1165.9,1172.0,266911689.8,1414.9,1101.0,710795288761.59,2026-08-10 10:34:46,0,-3.54,-6.09,08-Aug-2025,10-Jul-2026,17.414658279737083,-6.130790190735695,,,DR. REDDY'S LABORATORIES LIMITED,-0.3,2026-08-10 10:35:30
0,CIPLAEQN,3.5,CIPLA,EQ,N,1467.3,180491,1463.8,1483.7,1463.8,1463.8,266016660.35,1673.0,1165.7,825729429211.97,2026-08-10 10:34:42,0,-1.25,1.94,08-Aug-2025,10-Jul-2026,12.295277943813508,-25.87286608904521,,,CIPLA LIMITED,0.24,2026-08-10 10:35:30
0,TATACONSUMEQN,6.7,TATACONSUM,EQ,N,1089.0,143893,1085.6,1089.9,1082.3,1082.3,156191534.71,1282.7,1007.2,707229952927.53,2026-08-10 10:34:45,0,3.63,-2.05,08-Aug-2025,10-Jul-2026,15.100958914789116,-8.12152501985703,,,TATA CONSUMER PRODUCTS LIMITED,0.62,2026-08-10 10:35:30
1,NIFTY 50,14.7,NIFTY 50,,,24585.35,76710403,24581.25,24620.95,24511.1,24570.65,72425235910.37,26373.2,22182.55,,2026-08-10 10:34:54,0,0.91,1.56,08-Aug-2025,10-Jul-2026,6.779040844493653,-10.831937716808934,,,,0.06,2026-08-10 10:36:00
0,TITANEQN,147.8,TITAN,EQ,N,5088.8,1579705,4932.0,5098.0,4886.2,4941.0,7935964008.5,5098.0,3303.1,2095525791186.66,2026-08-10 10:34:47,0,47.18,11.09,08-Aug-2025,10-Jul-2026,0.1804629266378972,-54.061336320426264,,,TITAN COMPANY LIMITED,2.99,2026-08-10 10:36:00
0,SBINEQN,-8.9,SBIN,EQ,N,1088.3,6891681,1108.0,1113.3,1078.5,1097.2,7532262748.95,1234.7,790.0,4482551166310.15,2026-08-10 10:34:43,0,35.29,5.03,08-Aug-2025,10-Jul-2026,11.857131286952296,-37.75949367088607,,,STATE BANK OF INDIA,-0.81,2026-08-10 10:36:00
0,ICICIBANKEQN,-1.0,ICICIBANK,EQ,N,1420.0,4433378,1428.1,1441.9,1415.5,1421.0,6326474739.78,1480.0,1187.6,10147295587008.15,2026-08-10 10:34:45,0,-1.11,1.34,08-Aug-2025,10-Jul-2026,4.054054054054054,-19.568878410239137,,,ICICI BANK LIMITED,-0.07,2026-08-10 10:36:00
0,HDFCBANKEQN,5.45,HDFCBANK,EQ,N,736.45,8417435,731.5,737.35,728.5,731.0,6165266091.4,1020.5,726.65,11251385610484.25,2026-08-10 10:34:46,0,-25.39,-10.73,08-Aug-2025,10-Jul-2026,27.8343949044586,-1.3486547856602216,,,HDFC BANK LIMITED,0.75,2026-08-10 10:36:00
0,INFYEQN,16.9,INFY,EQ,N,1192.0,4006027,1178.1,1195.0,1175.2,1175.1,4747542597.7,1728.0,982.4,4171820064334.02,2026-08-10 10:34:46,0,-16.27,11.56,08-Aug-2025,10-Jul-2026,31.01851851851852,-21.335504885993487,,,INFOSYS LIMITED,1.44,2026-08-10 10:36:00
0,HINDALCOEQN,-7.8,HINDALCO,EQ,N,1051.8,3138639,1065.0,1068.35,1045.6,1059.6,3310102848.57,1176.0,657.5,1519074356386.11,2026-08-10 10:34:44,0,56.4,8.75,08-Aug-2025,10-Jul-2026,10.561224489795919,-59.96958174904943,,,HINDALCO INDUSTRIES LIMITED,-0.74,2026-08-10 10:36:00
0,RELIANCEEQN,-8.1,RELIANCE,EQ,N,1326.7,1872355,1330.1,1332.1,1321.3,1334.8,2482049958.65,1611.8,1249.8,8940329460858.06,2026-08-10 10:34:44,0,-2.98,1.48,08-Aug-2025,10-Jul-2026,17.68829879637672,-6.152984477516402,,,RELIANCE INDUSTRIES LIMITED,-0.61,2026-08-10 10:36:00
0,KOTAKBANKEQN,-1.3,KOTAKBANK,EQ,N,389.45,5719478,388.0,393.0,386.5,390.75,2223561462.06,453.2,345.5,2859193724477.82,2026-08-10 10:34:44,0,-0.27,3.15,08-Aug-2025,10-Jul-2026,14.066637246248897,-12.72069464544139,,,KOTAK MAHINDRA BANK LIMITED,-0.33,2026-08-10 10:36:00
0,M&MEQN,13.0,M&M,EQ,N,3515.0,623060,3509.0,3532.0,3491.1,3502.0,2190591731.6,3839.9,2896.0,3130053747536.18,2026-08-10 10:34:42,0,11.82,12.35,08-Aug-2025,10-Jul-2026,8.461157842652153,-21.374309392265193,,,MAHINDRA & MAHINDRA LIMITED,0.37,2026-08-10 10:36:00
0,TCSEQN,16.8,TCS,EQ,N,2469.5,842737,2452.7,2472.9,2443.8,2452.7,2071102023.83,3350.0,1976.8,2513744678142.31,2026-08-10 10:34:43,0,-18.71,19.3,08-Aug-2025,10-Jul-2026,26.28358208955224,-24.924119789558883,,,TATA CONSULTANCY SERVICES LIMITED,0.68,2026-08-10 10:36:00
0,BAJFINANCEEQN,-0.2,BAJFINANCE,EQ,N,1077.8,1532771,1078.0,1084.1,1070.8,1078.0,1652924918.69,1176.4,787.9,2881467486760.61,2026-08-10 10:34:42,0,22.88,5.61,08-Aug-2025,10-Jul-2026,8.38150289017341,-36.79400939205483,,,BAJAJ FINANCE LIMITED,-0.02,2026-08-10 10:36:00
0,TECHMEQN,28.6,TECHM,EQ,N,1663.6,954237,1644.0,1665.9,1643.3,1635.0,1582582979.76,1854.0,1304.1,1053605860665.48,2026-08-10 10:34:44,0,12.29,14.26,08-Aug-2025,10-Jul-2026,10.269687162891046,-27.56690437849858,,,TECH MAHINDRA LIMITED,1.75,2026-08-10 10:36:00
0,GRASIMEQN,43.3,GRASIM,EQ,N,3366.3,441650,3324.0,3379.0,3290.2,3323.0,1481757832.5,3379.0,2502.5,1267548526708.01,2026-08-10 10:34:47,0,25.09,4.77,08-Aug-2025,10-Jul-2026,0.3758508434448062,-34.51748251748252,,,GRASIM INDUSTRIES LIMITED,1.3,2026-08-10 10:36:00
0,TATASTEELEQN,3.07,TATASTEEL,EQ,N,190.62,7340654,187.56,191.48,187.55,187.55,1395384918.86,224.4,153.05,1572344691665.06,2026-08-10 10:34:42,0,20.77,-0.22,08-Aug-2025,10-Jul-2026,15.053475935828876,-24.547533485788957,,,TATA STEEL LIMITED,1.64,2026-08-10 10:36:00
0,BHARTIARTLEQN,-16.7,BHARTIARTL,EQ,N,1943.2,654318,1955.0,1959.0,1938.5,1959.9,1272740114.52,2174.5,1740.5,6034711585089.43,2026-08-10 10:34:43,0,4.54,1.18,08-Aug-2025,10-Jul-2026,10.636928029432053,-11.646078713013502,,,BHARTI AIRTEL LIMITED,-0.85,2026-08-10 10:36:00
0,SHRIRAMFINEQN,3.5,SHRIRAMFIN,EQ,N,1118.5,1083027,1115.0,1123.3,1106.1,1115.0,1209470402.25,1153.7,566.5,1561577480617.02,2026-08-10 10:34:47,0,83.52,7.15,08-Aug-2025,10-Jul-2026,3.051053133396897,-97.44042365401589,,,SHRIRAM FINANCE LIMITED,0.31,2026-08-10 10:36:00
0,AXISBANKEQN,2.9,AXISBANK,EQ,N,1240.9,950618,1235.0,1248.6,1235.0,1238.0,1180582000.38,1418.3,1042.5,3552923116288.55,2026-08-10 10:34:42,0,17.23,-6.29,08-Aug-2025,10-Jul-2026,12.507932031305083,-19.031175059952037,,,AXIS BANK LIMITED,0.23,2026-08-10 10:36:00
0,MARUTIEQN,42.0,MARUTI,EQ,N,14079.0,77994,14039.0,14107.0,13954.0,14037.0,1096358538.24,17370.0,12201.0,1831542080506.19,2026-08-10 10:34:43,0,11.83,1.62,08-Aug-2025,10-Jul-2026,18.946459412780655,-15.39218096877305,,,MARUTI SUZUKI INDIA LIMITED,0.3,2026-08-10 10:36:00
0,JIOFINEQN,1.0,JIOFIN,EQ,N,257.2,4042064,256.8,257.7,254.85,256.8,1036263947.68,333.7,223.3,840882438335.07,2026-08-10 10:34:46,0,-19.91,6.3,08-Aug-2025,10-Jul-2026,22.924782738987115,-15.181370353784146,,,JIO FINANCIAL SERVICES LIMITED,0.39,2026-08-10 10:36:00
0,ADANIENTEQN,-22.7,ADANIENT,EQ,N,2997.3,317824,3020.0,3021.8,2969.9,3020.0,951317153.28,3245.0,1753.0,897092114903.96,2026-08-10 10:34:43,0,41.72,-5.08,08-Aug-2025,10-Jul-2026,7.633281972265023,-70.9811751283514,,,ADANI ENTERPRISES LIMITED,-0.75,2026-08-10 10:36:00
0,ETERNALEQN,-0.75,ETERNAL,EQ,N,314.25,2896930,315.45,315.9,311.0,315.0,907202598.8,368.45,212.6,2264442418184.41,2026-08-10 10:34:46,0,4.4,8.46,08-Aug-2025,10-Jul-2026,14.710272764282806,-47.812793979303855,,,ETERNAL LIMITED,-0.24,2026-08-10 10:36:00
0,LTEQN,2.2,LT,EQ,N,4058.2,216840,4055.7,4064.0,4025.8,4056.0,876289471.2,4440.0,3288.1,4737170586296.67,2026-08-10 10:34:42,0,12.51,2.87,08-Aug-2025,10-Jul-2026,8.5990990990991,-23.420820534655274,,,LARSEN & TOUBRO LIMITED,0.05,2026-08-10 10:36:00
0,TMPVEQN,1.75,TMPV,EQ,N,348.75,2099645,347.0,351.4,344.6,347.0,732377172.45,739.7,294.3,726825771160.58,2026-08-10 10:34:44,0,-44.96,3.21,08-Aug-2025,10-Jul-2026,52.85250777342166,-18.501529051987767,,,TATA MOTORS PASSENGER VEHICLES LIMITED,0.5,2026-08-10 10:36:00
0,APOLLOHOSPEQN,-53.5,APOLLOHOSP,EQ,N,8891.5,81125,8945.0,8971.0,8884.0,8945.0,722323208.75,9050.0,6696.5,912465940053.66,2026-08-10 10:34:43,0,25.49,0.55,08-Aug-2025,10-Jul-2026,1.7513812154696133,-32.778317031285,,,APOLLO HOSPITALS ENTERPRISE LIMITED,-0.6,2026-08-10 10:36:00
0,EICHERMOTEQN,-47.5,EICHERMOT,EQ,N,7972.5,88310,8000.0,8005.0,7938.0,8020.0,704665229.5,8230.0,5588.0,1095825363599.88,2026-08-10 10:34:46,0,40.83,8.28,08-Aug-2025,10-Jul-2026,3.1287970838396113,-42.67179670722978,,,EICHER MOTORS LIMITED,-0.59,2026-08-10 10:36:00
0,ONGCEQN,-0.11,ONGC,EQ,N,238.74,2717289,240.0,241.3,238.52,238.85,651062444.4,307.5,227.65,925139413809.64,2026-08-10 10:34:43,0,2.3,-2.51,08-Aug-2025,10-Jul-2026,22.360975609756096,-4.871513287942016,,,OIL & NATURAL GAS CORPORATION LIMITED,-0.05,2026-08-10 10:36:00
0,ITCEQN,-1.85,ITC,EQ,N,284.25,2289477,286.1,286.1,283.6,286.1,650806732.02,427.0,275.0,2732892959266.5,2026-08-10 10:34:44,0,-31.42,0.89,08-Aug-2025,10-Jul-2026,33.430913348946135,-3.3636363636363638,,,ITC LIMITED,-0.65,2026-08-10 10:36:00
0,POWERGRIDEQN,-1.55,POWERGRID,EQ,N,270.05,2276287,271.5,271.55,268.8,271.6,614028418.25,324.95,250.0,1219515981918.26,2026-08-10 10:34:43,0,-5.2,-4.61,08-Aug-2025,10-Jul-2026,16.894906908755193,-8.02,,,POWER GRID CORPORATION OF INDIA LIMITED,-0.57,2026-08-10 10:36:00
0,SUNPHARMAEQN,4.4,SUNPHARMA,EQ,N,1949.4,309391,1949.9,1965.0,1945.0,1945.0,604277749.92,2046.9,1548.0,2060303550792.39,2026-08-10 10:34:44,0,22.85,0.72,08-Aug-2025,10-Jul-2026,4.763300600908691,-25.930232558139537,,,SUN PHARMACEUTICAL INDUSTRIES LIMITED,0.23,2026-08-10 10:36:00
0,TRENTEQN,26.0,TRENT,EQ,N,3023.0,197996,3010.0,3032.4,2981.0,2997.0,596851022.16,3782.67,2183.67,1003302557621.74,2026-08-10 10:34:43,0,-14.67,4.19,08-Aug-2025,10-Jul-2026,20.082904403503345,-38.436668544239744,,,TRENT LIMITED,0.87,2026-08-10 10:36:00
0,BELEQN,-0.55,BEL,EQ,N,400.45,1439149,402.0,402.2,399.25,401.0,576595046.85,473.45,361.2,1430101553716.63,2026-08-10 10:34:42,0,4.16,-3.43,08-Aug-2025,10-Jul-2026,15.418734818882669,-10.86655592469546,,,BHARAT ELECTRONICS LIMITED,-0.14,2026-08-10 10:36:00
0,HCLTECHEQN,9.7,HCLTECH,EQ,N,1366.3,400891,1356.6,1367.5,1353.2,1356.6,545163653.08,1780.1,1030.0,1436020214590.82,2026-08-10 10:34:45,0,-7.47,17.3,08-Aug-2025,10-Jul-2026,23.24588506263693,-32.650485436893206,,,HCL TECHNOLOGIES LIMITED,0.72,2026-08-10 10:36:00
0,BAJAJFINSVEQN,-3.0,BAJAJFINSV,EQ,N,2005.9,272297,2009.0,2011.3,1992.6,2008.9,544558601.39,2195.0,1597.0,1158241755307.02,2026-08-10 10:34:43,0,4.45,4.62,08-Aug-2025,10-Jul-2026,8.61503416856492,-25.604257983719474,,,BAJAJ FINSERV LIMITED,-0.15,2026-08-10 10:36:00
0,ULTRACEMCOEQN,-80.0,ULTRACEMCO,EQ,N,12025.0,41780,12040.0,12050.0,11921.0,12105.0,501594385.8,13110.0,10325.0,1420199170233.46,2026-08-10 10:34:44,0,-1.02,2.75,08-Aug-2025,10-Jul-2026,8.276125095347064,-16.46489104116223,,,ULTRATECH CEMENT LIMITED,-0.66,2026-08-10 10:36:00
0,ADANIPORTSEQN,-12.6,ADANIPORTS,EQ,N,1680.9,287934,1690.0,1690.0,1673.1,1693.5,483775189.44,1891.1,1290.5,1236595898435.17,2026-08-10 10:34:42,0,26.87,-8.05,08-Aug-2025,10-Jul-2026,11.11522394373645,-30.251840371948855,,,ADANI PORTS AND SPECIAL ECONOMIC ZONE LIMITED,-0.74,2026-08-10 10:36:00
0,COALINDIAEQN,-2.45,COALINDIA,EQ,N,412.8,1134307,415.0,415.15,412.25,415.25,468389389.51,491.25,368.65,986016436895.47,2026-08-10 10:34:42,0,8.77,-3.8,08-Aug-2025,10-Jul-2026,15.969465648854962,-11.976129119761291,,,COAL INDIA LIMITED,-0.59,2026-08-10 10:36:00
0,INDIGOEQN,5.5,INDIGO,EQ,N,5338.5,85952,5305.0,5355.0,5297.0,5333.0,457727921.28,6232.5,3895.2,1205382532423.28,2026-08-10 10:34:46,0,-7.44,0.54,08-Aug-2025,10-Jul-2026,14.344163658243081,-37.053296364756626,,,INTERGLOBE AVIATION LIMITED,0.1,2026-08-10 10:36:00
0,BAJAJ-AUTOEQN,40.0,BAJAJ-AUTO,EQ,N,11702.0,36542,11662.0,11750.0,11615.0,11662.0,427491702.88,11856.0,7858.5,1270376414386.0,2026-08-10 10:34:42,0,42.25,15.19,08-Aug-2025,10-Jul-2026,1.2989203778677463,-48.90882483934593,,,BAJAJ AUTO LIMITED,0.34,2026-08-10 10:36:00
0,JSWSTEELEQN,4.8,JSWSTEEL,EQ,N,1304.3,301761,1299.5,1312.0,1295.0,1299.5,393945967.89,1335.0,1022.3,1220873345767.4,2026-08-10 10:34:45,0,24.33,4.75,08-Aug-2025,10-Jul-2026,2.299625468164794,-27.58485767387264,,,JSW STEEL LIMITED,0.37,2026-08-10 10:36:00
0,NTPCEQN,-1.3,NTPC,EQ,N,341.2,940927,342.5,343.7,341.1,342.5,321834671.08,414.4,315.55,1613995977112.41,2026-08-10 10:34:42,0,1.94,-0.96,08-Aug-2025,10-Jul-2026,17.664092664092664,-8.128664237046427,,,NTPC LIMITED,-0.38,2026-08-10 10:36:00
0,MAXHEALTHEQN,-2.3,MAXHEALTH,EQ,N,1067.7,299538,1070.2,1074.7,1062.5,1070.0,319340457.18,1301.7,903.0,791458028771.01,2026-08-10 10:34:44,0,-14.28,-3.66,08-Aug-2025,10-Jul-2026,17.976492279327033,-18.239202657807308,,,MAX HEALTHCARE INSTITUTE LIMITED,-0.21,2026-08-10 10:36:00
0,HDFCLIFEEQN,-6.0,HDFCLIFE,EQ,N,534.0,597647,540.0,541.0,531.05,540.0,318946274.49,815.0,530.5,576916439067.65,2026-08-10 10:34:45,0,-29.91,-5.97,08-Aug-2025,10-Jul-2026,34.47852760736196,-0.6597549481621112,,,HDFC LIFE INSURANCE COMPANY LIMITED,-1.11,2026-08-10 10:36:00
0,HINDUNILVREQN,-11.2,HINDUNILVR,EQ,N,2084.8,148261,2096.0,2096.0,2078.6,2096.0,309109358.9,2750.0,2016.0,1844429535401.33,2026-08-10 10:34:45,0,-16.57,-3.06,08-Aug-2025,10-Jul-2026,24.189090909090908,-3.4126984126984126,,,HINDUSTAN UNILEVER LIMITED,-0.53,2026-08-10 10:36:00
0,WIPROEQN,0.03,WIPRO,EQ,N,187.56,1631730,187.53,187.89,186.1,187.53,305133510.0,273.1,169.0,506187132071.09,2026-08-10 10:34:43,0,-21.61,6.8,08-Aug-2025,10-Jul-2026,31.32186012449652,-10.982248520710058,,,WIPRO LIMITED,0.02,2026-08-10 10:36:00
0,NESTLEINDEQN,-2.5,NESTLEIND,EQ,N,1537.5,187577,1534.1,1547.5,1532.1,1540.0,288752282.26,1553.0,1084.7,1099392382465.9,2026-08-10 10:34:42,0,40.17,5.62,08-Aug-2025,10-Jul-2026,0.9980682549903412,-41.74426108601457,,,NESTLE INDIA LIMITED,-0.16,2026-08-10 10:36:00
0,SBILIFEEQN,-5.9,SBILIFE,EQ,N,1849.6,155570,1855.5,1862.1,1836.0,1855.5,287750050.5,2132.0,1700.4,828948591247.59,2026-08-10 10:34:44,0,0.83,-0.76,08-Aug-2025,10-Jul-2026,13.24577861163227,-8.774406022112444,,,SBI LIFE INSURANCE COMPANY LIMITED,-0.32,2026-08-10 10:36:00
0,ASIANPAINTEQN,-8.0,ASIANPAINT,EQ,N,2727.0,103357,2724.7,2735.0,2713.5,2735.0,281822498.33,2985.7,2115.0,1231983210679.63,2026-08-10 10:34:44,0,10.13,1.81,08-Aug-2025,10-Jul-2026,8.664634759017986,-28.93617021276596,,,ASIAN PAINTS LIMITED,-0.29,2026-08-10 10:36:00
0,DRREDDYEQN,-3.5,DRREDDY,EQ,N,1168.5,227857,1172.0,1178.8,1165.9,1172.0,266911689.8,1414.9,1101.0,710795288761.59,2026-08-10 10:34:46,0,-3.54,-6.09,08-Aug-2025,10-Jul-2026,17.414658279737083,-6.130790190735695,,,DR. REDDY'S LABORATORIES LIMITED,-0.3,2026-08-10 10:36:00
0,CIPLAEQN,3.5,CIPLA,EQ,N,1467.3,180491,1463.8,1483.7,1463.8,1463.8,266016660.35,1673.0,1165.7,825729429211.97,2026-08-10 10:34:42,0,-1.25,1.94,08-Aug-2025,10-Jul-2026,12.295277943813508,-25.87286608904521,,,CIPLA LIMITED,0.24,2026-08-10 10:36:00
0,TATACONSUMEQN,6.7,TATACONSUM,EQ,N,1089.0,143893,1085.6,1089.9,1082.3,1082.3,156191534.71,1282.7,1007.2,707229952927.53,2026-08-10 10:34:45,0,3.63,-2.05,08-Aug-2025,10-Jul-2026,15.100958914789116,-8.12152501985703,,,TATA CONSUMER PRODUCTS LIMITED,0.62,2026-08-10 10:36:00
1,NIFTY 50,17.45,NIFTY 50,,,24588.1,77064222,24581.25,24620.95,24511.1,24570.65,72793308968.89,26373.2,22182.55,,2026-08-10 10:35:54,0,0.92,1.57,08-Aug-2025,10-Jul-2026,6.768613592586413,-10.844334848788801,,,,0.07,2026-08-10 10:36:30
0,TITANEQN,155.0,TITAN,EQ,N,5096.0,1591432,4932.0,5098.7,4886.2,4941.0,7995704483.04,5098.7,3303.1,2096802094764.93,2026-08-10 10:35:47,0,47.27,11.15,08-Aug-2025,10-Jul-2026,0.05295467472100732,-54.27931337228664,,,TITAN COMPANY LIMITED,3.14,2026-08-10 10:36:30
0,SBINEQN,-8.9,SBIN,EQ,N,1088.3,6899583,1108.0,1113.3,1078.5,1097.2,7540830244.02,1234.7,790.0,4484612109375.12,2026-08-10 10:35:46,0,35.32,5.06,08-Aug-2025,10-Jul-2026,11.857131286952296,-37.75949367088607,,,STATE BANK OF INDIA,-0.81,2026-08-10 10:36:30
0,ICICIBANKEQN,-1.0,ICICIBANK,EQ,N,1420.0,4444281,1428.1,1441.9,1415.5,1421.0,6341944544.19,1480.0,1187.6,10147295587008.15,2026-08-10 10:35:44,0,-1.11,1.34,08-Aug-2025,10-Jul-2026,4.054054054054054,-19.568878410239137,,,ICICI BANK LIMITED,-0.07,2026-08-10 10:36:30
0,HDFCBANKEQN,5.5,HDFCBANK,EQ,N,736.5,8456950,731.5,737.35,728.5,731.0,6194293027.5,1020.5,726.65,11251385610484.25,2026-08-10 10:35:46,0,-25.36,-10.7,08-Aug-2025,10-Jul-2026,27.829495345418913,-1.355535677423794,,,HDFC BANK LIMITED,0.75,2026-08-10 10:36:30
0,INFYEQN,15.3,INFY,EQ,N,1190.4,4038402,1178.1,1195.0,1175.2,1175.1,4786112130.3,1728.0,982.4,4167272168247.12,2026-08-10 10:35:47,0,-16.38,11.42,08-Aug-2025,10-Jul-2026,31.11111111111111,-21.172638436482085,,,INFOSYS LIMITED,1.3,2026-08-10 10:36:30
0,HINDALCOEQN,-7.35,HINDALCO,EQ,N,1052.25,3145929,1065.0,1068.35,1045.6,1059.6,3317791101.27,1176.0,657.5,1519146548875.24,2026-08-10 10:35:46,0,56.43,8.78,08-Aug-2025,10-Jul-2026,10.52295918367347,-60.038022813688215,,,HINDALCO INDUSTRIES LIMITED,-0.69,2026-08-10 10:36:30
0,RELIANCEEQN,-7.8,RELIANCE,EQ,N,1327.0,1881368,1330.1,1332.1,1321.3,1334.8,2494016675.52,1611.8,1249.8,8940329460858.06,2026-08-10 10:35:42,0,-2.98,1.47,08-Aug-2025,10-Jul-2026,17.669686065268642,-6.176988318130901,,,RELIANCE INDUSTRIES LIMITED,-0.58,2026-08-10 10:36:30
0,KOTAKBANKEQN,-1.3,KOTAKBANK,EQ,N,389.45,5738829,388.0,393.0,386.5,390.75,2231084550.33,453.2,345.5,2859560852588.3,2026-08-10 10:35:42,0,-0.27,3.15,08-Aug-2025,10-Jul-2026,14.066637246248897,-12.72069464544139,,,KOTAK MAHINDRA BANK LIMITED,-0.33,2026-08-10 10:36:30
0,M&MEQN,14.1,M&M,EQ,N,3516.1,625833,3509.0,3532.0,3491.1,3502.0,2200341211.38,3839.9,2896.0,3129875691119.58,2026-08-10 10:35:46,0,11.83,12.36,08-Aug-2025,10-Jul-2026,8.432511263314149,-21.412292817679557,,,MAHINDRA & MAHINDRA LIMITED,0.4,2026-08-10 10:36:30
0,TCSEQN,14.7,TCS,EQ,N,2467.4,852238,2452.7,2472.9,2443.8,2452.7,2094545332.6,3350.0,1976.8,2513541053624.04,2026-08-10 10:35:46,0,-18.74,19.25,08-Aug-2025,10-Jul-2026,26.34626865671642,-24.81788749494132,,,TATA CONSULTANCY SERVICES LIMITED,0.6,2026-08-10 10:36:30
0,BAJFINANCEEQN,-0.1,BAJFINANCE,EQ,N,1077.9,1536884,1078.0,1084.1,1070.8,1078.0,1657360336.76,1176.4,787.9,2880398395772.11,2026-08-10 10:35:46,0,22.89,5.62,08-Aug-2025,10-Jul-2026,8.37300238014281,-36.806701358040364,,,BAJAJ FINANCE LIMITED,-0.01,2026-08-10 10:36:30
0,TECHMEQN,25.4,TECHM,EQ,N,1660.4,974023,1644.0,1665.9,1643.3,1635.0,1615456106.42,1854.0,1304.1,1052719200287.42,2026-08-10 10:35:46,0,12.19,14.16,08-Aug-2025,10-Jul-2026,10.442286947141316,-27.3215244229737,,,TECH MAHINDRA LIMITED,1.55,2026-08-10 10:36:30
0,GRASIMEQN,45.0,GRASIM,EQ,N,3368.0,443528,3324.0,3379.0,3290.2,3323.0,1488080792.8,3379.0,2502.5,1266833630542.98,2026-08-10 10:35:47,0,25.13,4.8,08-Aug-2025,10-Jul-2026,0.32554010062148564,-34.58541458541458,,,GRASIM INDUSTRIES LIMITED,1.35,2026-08-10 10:36:30
0,TATASTEELEQN,3.17,TATASTEEL,EQ,N,190.72,7381932,187.56,191.48,187.55,187.55,1403231453.88,224.4,153.05,1572921698891.36,2026-08-10 10:35:46,0,20.92,-0.1,08-Aug-2025,10-Jul-2026,15.00891265597148,-24.612871610584776,,,TATA STEEL LIMITED,1.69,2026-08-10 10:36:30
0,BHARTIARTLEQN,-16.1,BHARTIARTL,EQ,N,1943.8,664107,1955.0,1959.0,1938.5,1959.9,1291761166.77,2174.5,1740.5,6030985112644.56,2026-08-10 10:35:46,0,4.52,1.16,08-Aug-2025,10-Jul-2026,10.609335479420556,-11.680551565642057,,,BHARTI AIRTEL LIMITED,-0.82,2026-08-10 10:36:30
0,SHRIRAMFINEQN,4.4,SHRIRAMFIN,EQ,N,1119.4,1085679,1115.0,1123.3,1106.1,1115.0,1212442880.04,1153.7,566.5,1563113779005.96,2026-08-10 10:35:42,0,83.7,7.26,08-Aug-2025,10-Jul-2026,2.973043252145272,-97.59929390997353,,,SHRIRAM FINANCE LIMITED,0.39,2026-08-10 10:36:30
0,AXISBANKEQN,2.0,AXISBANK,EQ,N,1240.0,955449,1235.0,1248.6,1235.0,1238.0,1186572113.1,1418.3,1042.5,3553782625146.62,2026-08-10 10:35:46,0,17.2,-6.32,08-Aug-2025,10-Jul-2026,12.571388281745753,-18.94484412470024,,,AXIS BANK LIMITED,0.16,2026-08-10 10:36:30
0,MARUTIEQN,44.0,MARUTI,EQ,N,14081.0,78130,14039.0,14107.0,13954.0,14037.0,1098273410.0,17370.0,12201.0,1831672170859.24,2026-08-10 10:35:42,0,11.87,1.67,08-Aug-2025,10-Jul-2026,18.934945308002302,-15.40857306778133,,,MARUTI SUZUKI INDIA LIMITED,0.31,2026-08-10 10:36:30
0,JIOFINEQN,0.95,JIOFIN,EQ,N,257.15,4054803,256.8,257.7,254.85,256.8,1039529845.11,333.7,223.3,841536821555.57,2026-08-10 10:35:46,0,-19.93,6.28,08-Aug-2025,10-Jul-2026,22.93976625711717,-15.1589789520824,,,JIO FINANCIAL SERVICES LIMITED,0.37,2026-08-10 10:36:30
0,ADANIENTEQN,-22.9,ADANIENT,EQ,N,2997.1,318977,3020.0,3021.8,2969.9,3020.0,954771525.71,3245.0,1753.0,897331618889.25,2026-08-10 10:35:41,0,41.79,-5.03,08-Aug-2025,10-Jul-2026,7.63944530046225,-70.96976611523104,,,ADANI ENTERPRISES LIMITED,-0.76,2026-08-10 10:36:30
0,ETERNALEQN,-0.9,ETERNAL,EQ,N,314.1,2902378,315.45,315.9,311.0,315.0,908908694.48,368.45,212.6,2264802883389.47,2026-08-10 10:35:44,0,4.42,8.48,08-Aug-2025,10-Jul-2026,14.75098385126883,-47.74223894637817,,,ETERNAL LIMITED,-0.29,2026-08-10 10:36:30
0,LTEQN,5.1,LT,EQ,N,4061.1,219213,4055.7,4064.0,4025.8,4056.0,885923033.94,4440.0,3288.1,4738571183705.58,2026-08-10 10:35:47,0,12.54,2.9,08-Aug-2025,10-Jul-2026,8.533783783783784,-23.509017365651896,,,LARSEN & TOUBRO LIMITED,0.13,2026-08-10 10:36:30
0,TMPVEQN,1.9,TMPV,EQ,N,348.9,2103159,347.0,351.4,344.6,347.0,733602890.79,739.7,294.3,726929975572.22,2026-08-10 10:35:42,0,-44.93,3.27,08-Aug-2025,10-Jul-2026,52.832229282141405,-18.55249745158002,,,TATA MOTORS PASSENGER VEHICLES LIMITED,0.55,2026-08-10 10:36:30
0,APOLLOHOSPEQN,-54.5,APOLLOHOSP,EQ,N,8890.5,81344,8945.0,8971.0,8884.0,8945.0,724269893.76,9050.0,6696.5,912414628917.18,2026-08-10 10:35:41,0,25.49,0.56,08-Aug-2025,10-Jul-2026,1.7624309392265194,-32.76338385723886,,,APOLLO HOSPITALS ENTERPRISE LIMITED,-0.61,2026-08-10 10:36:30
0,EICHERMOTEQN,-45.0,EICHERMOT,EQ,N,7975.0,88469,8000.0,8005.0,7938.0,8020.0,705933077.36,8230.0,5588.0,1096100247674.53,2026-08-10 10:35:44,0,40.83,8.28,08-Aug-2025,10-Jul-2026,3.0984204131227218,-42.71653543307087,,,EICHER MOTORS LIMITED,-0.56,2026-08-10 10:36:30
0,ITCEQN,-1.8,ITC,EQ,N,284.3,2294582,286.1,286.1,283.6,286.1,652257879.32,427.0,275.0,2732412323853.33,2026-08-10 10:35:43,0,-31.41,0.91,08-Aug-2025,10-Jul-2026,33.4192037470726,-3.381818181818182,,,ITC LIMITED,-0.63,2026-08-10 10:36:30
0,ONGCEQN,-0.02,ONGC,EQ,N,238.83,2722184,240.0,241.3,238.52,238.85,652235286.4,307.5,227.65,925023204864.31,2026-08-10 10:35:41,0,2.37,-2.45,08-Aug-2025,10-Jul-2026,22.33170731707317,-4.911047660882934,,,OIL & NATURAL GAS CORPORATION LIMITED,-0.01,2026-08-10 10:36:30
0,POWERGRIDEQN,-1.55,POWERGRID,EQ,N,270.05,2307665,271.5,271.55,268.8,271.6,622492633.75,324.95,250.0,1219515981918.26,2026-08-10 10:35:47,0,-5.2,-4.61,08-Aug-2025,10-Jul-2026,16.894906908755193,-8.02,,,POWER GRID CORPORATION OF INDIA LIMITED,-0.57,2026-08-10 10:36:30
0,SUNPHARMAEQN,4.8,SUNPHARMA,EQ,N,1949.8,310117,1949.9,1965.0,1945.0,1945.0,605692613.87,2046.9,1548.0,2058402901760.3,2026-08-10 10:35:42,0,22.86,0.73,08-Aug-2025,10-Jul-2026,4.743758854853681,-25.956072351421188,,,SUN PHARMACEUTICAL INDUSTRIES LIMITED,0.25,2026-08-10 10:36:30
0,TRENTEQN,26.5,TRENT,EQ,N,3023.5,199420,3010.0,3032.4,2981.0,2997.0,601157572.6,3782.67,2183.67,1003568007913.14,2026-08-10 10:35:42,0,-14.71,4.15,08-Aug-2025,10-Jul-2026,20.069686226924368,-38.459565776880204,,,TRENT LIMITED,0.88,2026-08-10 10:36:30
0,BELEQN,-0.35,BEL,EQ,N,400.65,1443952,402.0,402.2,399.25,401.0,578519368.8,473.45,361.2,1430637306046.95,2026-08-10 10:35:46,0,4.17,-3.42,08-Aug-2025,10-Jul-2026,15.37649170978984,-10.921926910299003,,,BHARAT ELECTRONICS LIMITED,-0.09,2026-08-10 10:36:30
0,HCLTECHEQN,8.5,HCLTECH,EQ,N,1365.1,402924,1356.6,1367.5,1353.2,1356.6,547940376.84,1780.1,1030.0,1435599680081.83,2026-08-10 10:35:44,0,-7.47,17.29,08-Aug-2025,10-Jul-2026,23.313297005786193,-32.53398058252427,,,HCL TECHNOLOGIES LIMITED,0.63,2026-08-10 10:36:30
0,BAJAJFINSVEQN,-3.7,BAJAJFINSV,EQ,N,2005.2,273508,2009.0,2011.3,1992.6,2008.9,546985914.12,2195.0,1597.0,1157664452931.85,2026-08-10 10:35:41,0,4.47,4.65,08-Aug-2025,10-Jul-2026,8.646924829157175,-25.56042579837195,,,BAJAJ FINSERV LIMITED,-0.18,2026-08-10 10:36:30
0,ULTRACEMCOEQN,-74.0,ULTRACEMCO,EQ,N,12031.0,41834,12040.0,12050.0,11921.0,12105.0,502243943.76,13110.0,10325.0,1420081164486.04,2026-08-10 10:35:43,0,-1.0,2.77,08-Aug-2025,10-Jul-2026,8.230358504958048,-16.523002421307506,,,ULTRATECH CEMENT LIMITED,-0.61,2026-08-10 10:36:30
0,ADANIPORTSEQN,-12.6,ADANIPORTS,EQ,N,1680.9,289142,1690.0,1690.0,1673.1,1693.5,485807714.14,1891.1,1290.5,1236669465922.74,2026-08-10 10:35:46,0,26.86,-8.05,08-Aug-2025,10-Jul-2026,11.11522394373645,-30.251840371948855,,,ADANI PORTS AND SPECIAL ECONOMIC ZONE LIMITED,-0.74,2026-08-10 10:36:30
0,COALINDIAEQN,-2.25,COALINDIA,EQ,N,413.0,1135685,415.0,415.15,412.25,415.25,468958407.05,491.25,368.65,986494158037.38,2026-08-10 10:35:46,0,8.76,-3.81,08-Aug-2025,10-Jul-2026,15.928753180661577,-12.030381120303812,,,COAL INDIA LIMITED,-0.54,2026-08-10 10:36:30
0,INDIGOEQN,5.5,INDIGO,EQ,N,5338.5,86056,5305.0,5355.0,5297.0,5333.0,458283482.96,6232.5,3895.2,1205495395956.28,2026-08-10 10:35:45,0,-7.44,0.53,08-Aug-2025,10-Jul-2026,14.344163658243081,-37.053296364756626,,,INTERGLOBE AVIATION LIMITED,0.1,2026-08-10 10:36:30
0,BAJAJ-AUTOEQN,37.0,BAJAJ-AUTO,EQ,N,11699.0,36651,11662.0,11750.0,11615.0,11662.0,428766854.64,11856.0,7858.5,1270485002847.79,2026-08-10 10:35:47,0,42.27,15.2,08-Aug-2025,10-Jul-2026,1.3242240215924426,-48.87064961506649,,,BAJAJ AUTO LIMITED,0.32,2026-08-10 10:36:30
0,JSWSTEELEQN,5.4,JSWSTEEL,EQ,N,1304.9,302594,1299.5,1312.0,1295.0,1299.5,395033441.06,1335.0,1022.3,1220873345767.4,2026-08-10 10:35:43,0,24.44,4.83,08-Aug-2025,10-Jul-2026,2.254681647940075,-27.643548860412796,,,JSW STEEL LIMITED,0.42,2026-08-10 10:36:30
0,NTPCEQN,-1.2,NTPC,EQ,N,341.3,965425,342.5,343.7,341.1,342.5,330185004.25,414.4,315.55,1613050461015.68,2026-08-10 10:35:47,0,1.9,-1.0,08-Aug-2025,10-Jul-2026,17.63996138996139,-8.160354935826335,,,NTPC LIMITED,-0.35,2026-08-10 10:36:30
0,HDFCLIFEEQN,-6.0,HDFCLIFE,EQ,N,534.0,599357,540.0,541.0,531.05,540.0,319858850.19,815.0,530.5,576484453714.55,2026-08-10 10:35:43,0,-29.86,-5.91,08-Aug-2025,10-Jul-2026,34.47852760736196,-0.6597549481621112,,,HDFC LIFE INSURANCE COMPANY LIMITED,-1.11,2026-08-10 10:36:30
0,MAXHEALTHEQN,-2.5,MAXHEALTH,EQ,N,1067.5,299749,1070.2,1074.7,1062.5,1070.0,319565406.39,1301.7,903.0,792274423961.98,2026-08-10 10:35:42,0,-14.28,-3.66,08-Aug-2025,10-Jul-2026,17.991856802642697,-18.217054263565892,,,MAX HEALTHCARE INSTITUTE LIMITED,-0.23,2026-08-10 10:36:30
0,HINDUNILVREQN,-11.2,HINDUNILVR,EQ,N,2084.8,148614,2096.0,2096.0,2078.6,2096.0,309843842.46,2750.0,2016.0,1844341065066.75,2026-08-10 10:35:43,0,-16.57,-3.07,08-Aug-2025,10-Jul-2026,24.189090909090908,-3.4126984126984126,,,HINDUSTAN UNILEVER LIMITED,-0.53,2026-08-10 10:36:30
0,WIPROEQN,-0.28,WIPRO,EQ,N,187.25,1636629,187.53,187.89,186.1,187.53,306065989.29,273.1,169.0,506079105152.86,2026-08-10 10:35:42,0,-21.69,6.69,08-Aug-2025,10-Jul-2026,31.435371658733064,-10.798816568047338,,,WIPRO LIMITED,-0.15,2026-08-10 10:36:30
0,NESTLEINDEQN,-2.8,NESTLEIND,EQ,N,1537.2,188348,1534.1,1547.5,1532.1,1540.0,289937260.76,1553.0,1084.7,1098891878649.74,2026-08-10 10:35:47,0,40.17,5.62,08-Aug-2025,10-Jul-2026,1.0173857050869286,-41.71660366921729,,,NESTLE INDIA LIMITED,-0.18,2026-08-10 10:36:30
0,SBILIFEEQN,-6.5,SBILIFE,EQ,N,1849.0,156075,1855.5,1862.1,1836.0,1855.5,288684123.75,2132.0,1700.4,828590107614.43,2026-08-10 10:35:42,0,0.87,-0.71,08-Aug-2025,10-Jul-2026,13.273921200750468,-8.739120207010115,,,SBI LIFE INSURANCE COMPANY LIMITED,-0.35,2026-08-10 10:36:30
0,ASIANPAINTEQN,-10.1,ASIANPAINT,EQ,N,2724.9,104897,2724.7,2735.0,2713.5,2735.0,286020551.96,2985.7,2115.0,1229593111841.24,2026-08-10 10:35:46,0,10.05,1.74,08-Aug-2025,10-Jul-2026,8.734970023780019,-28.836879432624112,,,ASIAN PAINTS LIMITED,-0.37,2026-08-10 10:36:30
0,CIPLAEQN,3.1,CIPLA,EQ,N,1466.9,182725,1463.8,1483.7,1463.8,1463.8,269294623.25,1673.0,1165.7,822979990367.76,2026-08-10 10:35:47,0,-1.27,1.91,08-Aug-2025,10-Jul-2026,12.319187089061566,-25.838551943038517,,,CIPLA LIMITED,0.21,2026-08-10 10:36:30
0,DRREDDYEQN,-3.2,DRREDDY,EQ,N,1168.8,228476,1172.0,1178.8,1165.9,1172.0,267634501.64,1414.9,1101.0,710308983937.33,2026-08-10 10:35:44,0,-3.52,-6.07,08-Aug-2025,10-Jul-2026,17.39345536787052,-6.1580381471389645,,,DR. REDDY'S LABORATORIES LIMITED,-0.27,2026-08-10 10:36:30
0,TATACONSUMEQN,6.6,TATACONSUM,EQ,N,1088.9,144693,1085.6,1089.9,1082.3,1082.3,157062804.57,1282.7,1007.2,707229952927.53,2026-08-10 10:35:43,0,3.62,-2.06,08-Aug-2025,10-Jul-2026,15.108754969985187,-8.111596505162828,,,TATA CONSUMER PRODUCTS LIMITED,0.61,2026-08-10 10:36:30
1,NIFTY 50,21.85,NIFTY 50,,,24592.5,78440962,24581.25,24620.95,24511.1,24570.65,73480522965.34,26373.2,22182.55,,2026-08-10 10:36:43,0,0.94,1.59,08-Aug-2025,10-Jul-2026,6.751929989534831,-10.864170259956587,,,,0.09,2026-08-10 10:37:00
0,TITANEQN,154.2,TITAN,EQ,N,5095.2,1604719,4932.0,5098.7,4886.2,4941.0,8063408078.39,5098.7,3303.1,2097254976679.8,2026-08-10 10:36:47,0,47.25,11.14,08-Aug-2025,10-Jul-2026,0.06864494871241689,-54.25509369985771,,,TITAN COMPANY LIMITED,3.12,2026-08-10 10:37:00
0,SBINEQN,-8.0,SBIN,EQ,N,1089.2,6923161,1108.0,1113.3,1078.5,1097.2,7566530351.73,1234.7,790.0,4486673052440.09,2026-08-10 10:36:44,0,35.4,5.12,08-Aug-2025,10-Jul-2026,11.784239086417752,-37.87341772151899,,,STATE BANK OF INDIA,-0.73,2026-08-10 10:37:00
0,ICICIBANKEQN,-1.1,ICICIBANK,EQ,N,1419.9,4537692,1428.1,1441.9,1415.5,1421.0,6474605830.2,1480.0,1187.6,10147295587008.15,2026-08-10 10:36:46,0,-1.11,1.33,08-Aug-2025,10-Jul-2026,4.0608108108108105,-19.560458066689122,,,ICICI BANK LIMITED,-0.08,2026-08-10 10:37:00
0,HDFCBANKEQN,5.7,HDFCBANK,EQ,N,736.7,8513722,731.5,737.35,728.5,731.0,6236131090.56,1020.5,726.65,11255969281971.41,2026-08-10 10:36:47,0,-25.36,-10.7,08-Aug-2025,10-Jul-2026,27.809897109260167,-1.3830592444780843,,,HDFC BANK LIMITED,0.78,2026-08-10 10:37:00
0,INFYEQN,14.7,INFY,EQ,N,1189.8,4057889,1178.1,1195.0,1175.2,1175.1,4809328885.02,1728.0,982.4,4163074110320.75,2026-08-10 10:36:47,0,-16.39,11.4,08-Aug-2025,10-Jul-2026,31.145833333333332,-21.11156351791531,,,INFOSYS LIMITED,1.25,2026-08-10 10:37:00
0,HINDALCOEQN,-6.7,HINDALCO,EQ,N,1052.9,3153186,1065.0,1068.35,1045.6,1059.6,3325413019.32,1176.0,657.5,1519507511320.92,2026-08-10 10:36:45,0,56.43,8.78,08-Aug-2025,10-Jul-2026,10.467687074829932,-60.136882129277566,,,HINDALCO INDUSTRIES LIMITED,-0.63,2026-08-10 10:37:00
0,RELIANCEEQN,-7.1,RELIANCE,EQ,N,1327.7,1892710,1330.1,1332.1,1321.3,1334.8,2509071011.5,1611.8,1249.8,8939655786721.91,2026-08-10 10:36:45,0,-2.93,1.52,08-Aug-2025,10-Jul-2026,17.626256359349796,-6.232997279564731,,,RELIANCE INDUSTRIES LIMITED,-0.53,2026-08-10 10:37:00
0,KOTAKBANKEQN,-0.85,KOTAKBANK,EQ,N,389.9,5770541,388.0,393.0,386.5,390.75,2243413224.57,453.2,345.5,2859193724477.82,2026-08-10 10:36:44,0,-0.18,3.24,08-Aug-2025,10-Jul-2026,13.967343336275375,-12.85094066570188,,,KOTAK MAHINDRA BANK LIMITED,-0.22,2026-08-10 10:37:00
0,M&MEQN,14.2,M&M,EQ,N,3516.2,627773,3509.0,3532.0,3491.1,3502.0,2207161979.78,3839.9,2896.0,3130320832161.09,2026-08-10 10:36:43,0,11.83,12.36,08-Aug-2025,10-Jul-2026,8.429907028828875,-21.415745856353592,,,MAHINDRA & MAHINDRA LIMITED,0.41,2026-08-10 10:37:00
0,TCSEQN,14.5,TCS,EQ,N,2467.2,854739,2452.7,2472.9,2443.8,2452.7,2100717682.47,3350.0,1976.8,2511810245218.67,2026-08-10 10:36:46,0,-18.74,19.26,08-Aug-2025,10-Jul-2026,26.35223880597015,-24.80777013354917,,,TATA CONSULTANCY SERVICES LIMITED,0.59,2026-08-10 10:37:00
0,BAJFINANCEEQN,0.1,BAJFINANCE,EQ,N,1078.1,1540942,1078.0,1084.1,1070.8,1078.0,1661721033.96,1176.4,787.9,2880932941266.36,2026-08-10 10:36:43,0,22.94,5.67,08-Aug-2025,10-Jul-2026,8.356001360081605,-36.83208529001142,,,BAJAJ FINANCE LIMITED,0.01,2026-08-10 10:37:00
0,TECHMEQN,26.1,TECHM,EQ,N,1661.1,978403,1644.0,1665.9,1643.3,1635.0,1622730295.65,1854.0,1304.1,1052719200287.42,2026-08-10 10:36:47,0,12.21,14.18,08-Aug-2025,10-Jul-2026,10.40453074433657,-27.375201288244767,,,TECH MAHINDRA LIMITED,1.6,2026-08-10 10:37:00
0,TATASTEELEQN,3.8,TATASTEEL,EQ,N,191.35,8332623,187.56,191.48,187.55,187.55,1584864894.6,224.4,153.05,1576301312645.4,2026-08-10 10:36:47,0,21.15,0.08,08-Aug-2025,10-Jul-2026,14.728163992869876,-25.024501796798432,,,TATA STEEL LIMITED,2.03,2026-08-10 10:37:00
0,GRASIMEQN,44.5,GRASIM,EQ,N,3367.5,444274,3324.0,3379.0,3290.2,3323.0,1490592582.88,3379.0,2502.5,1266645499973.24,2026-08-10 10:36:46,0,25.07,4.76,08-Aug-2025,10-Jul-2026,0.34033737792246227,-34.565434565434565,,,GRASIM INDUSTRIES LIMITED,1.34,2026-08-10 10:37:00
0,BHARTIARTLEQN,-18.9,BHARTIARTL,EQ,N,1941.0,685576,1955.0,1959.0,1938.5,1959.9,1333459031.52,2174.5,1740.5,6033779966978.21,2026-08-10 10:36:47,0,4.45,1.09,08-Aug-2025,10-Jul-2026,10.738100712807542,-11.519678253375467,,,BHARTI AIRTEL LIMITED,-0.96,2026-08-10 10:37:00
0,SHRIRAMFINEQN,4.8,SHRIRAMFIN,EQ,N,1119.8,1095144,1115.0,1123.3,1106.1,1115.0,1223034916.32,1153.7,566.5,1563672432965.58,2026-08-10 10:36:44,0,83.71,7.27,08-Aug-2025,10-Jul-2026,2.938372193811216,-97.66990291262135,,,SHRIRAM FINANCE LIMITED,0.43,2026-08-10 10:37:00
0,AXISBANKEQN,2.3,AXISBANK,EQ,N,1240.3,961041,1235.0,1248.6,1235.0,1238.0,1193507207.49,1418.3,1042.5,3552923116288.55,2026-08-10 10:36:43,0,17.21,-6.31,08-Aug-2025,10-Jul-2026,12.550236198265528,-18.973621103117505,,,AXIS BANK LIMITED,0.19,2026-08-10 10:37:00
0,MARUTIEQN,48.0,MARUTI,EQ,N,14085.0,78409,14039.0,14107.0,13954.0,14037.0,1102202369.81,17370.0,12201.0,1832192532271.41,2026-08-10 10:36:44,0,11.87,1.66,08-Aug-2025,10-Jul-2026,18.911917098445596,-15.441357265797885,,,MARUTI SUZUKI INDIA LIMITED,0.34,2026-08-10 10:37:00
0,JIOFINEQN,1.1,JIOFIN,EQ,N,257.3,4078648,256.8,257.7,254.85,256.8,1045683774.24,333.7,223.3,841209629945.32,2026-08-10 10:36:47,0,-19.9,6.32,08-Aug-2025,10-Jul-2026,22.894815702727,-15.22615315718764,,,JIO FINANCIAL SERVICES LIMITED,0.43,2026-08-10 10:37:00
0,ADANIENTEQN,-22.9,ADANIENT,EQ,N,2997.1,324010,3020.0,3021.8,2969.9,3020.0,969862373.1,3245.0,1753.0,897391494885.58,2026-08-10 10:36:44,0,41.73,-5.07,08-Aug-2025,10-Jul-2026,7.63944530046225,-70.96976611523104,,,ADANI ENTERPRISES LIMITED,-0.76,2026-08-10 10:37:00
0,ETERNALEQN,-0.7,ETERNAL,EQ,N,314.3,2906958,315.45,315.9,311.0,315.0,910342967.28,368.45,212.6,2266244744209.7,2026-08-10 10:36:47,0,4.45,8.51,08-Aug-2025,10-Jul-2026,14.696702401954132,-47.83631232361242,,,ETERNAL LIMITED,-0.22,2026-08-10 10:37:00
0,LTEQN,5.9,LT,EQ,N,4061.9,220702,4055.7,4064.0,4025.8,4056.0,891969340.02,4440.0,3288.1,4739855064663.75,2026-08-10 10:36:43,0,12.59,2.94,08-Aug-2025,10-Jul-2026,8.515765765765765,-23.53334752592683,,,LARSEN & TOUBRO LIMITED,0.15,2026-08-10 10:37:00
0,TMPVEQN,1.8,TMPV,EQ,N,348.8,2105832,347.0,351.4,344.6,347.0,734535259.92,739.7,294.3,727346793218.76,2026-08-10 10:36:44,0,-44.96,3.21,08-Aug-2025,10-Jul-2026,52.845748276328244,-18.51851851851852,,,TATA MOTORS PASSENGER VEHICLES LIMITED,0.52,2026-08-10 10:37:00
0,APOLLOHOSPEQN,-54.0,APOLLOHOSP,EQ,N,8891.0,81591,8945.0,8971.0,8884.0,8945.0,726465866.25,9050.0,6696.5,912363317780.7,2026-08-10 10:36:44,0,25.49,0.56,08-Aug-2025,10-Jul-2026,1.7569060773480663,-32.770850444261924,,,APOLLO HOSPITALS ENTERPRISE LIMITED,-0.6,2026-08-10 10:37:00
0,EICHERMOTEQN,-44.5,EICHERMOT,EQ,N,7975.5,88719,8000.0,8005.0,7938.0,8020.0,707927050.17,8230.0,5588.0,1095962805637.21,2026-08-10 10:36:46,0,40.84,8.28,08-Aug-2025,10-Jul-2026,3.092345078979344,-42.72548317823908,,,EICHER MOTORS LIMITED,-0.55,2026-08-10 10:37:00
0,ONGCEQN,0.07,ONGC,EQ,N,238.92,2737583,240.0,241.3,238.52,238.85,655924886.8,307.5,227.65,925526776960.76,2026-08-10 10:36:44,0,2.35,-2.46,08-Aug-2025,10-Jul-2026,22.302439024390242,-4.950582033823852,,,OIL & NATURAL GAS CORPORATION LIMITED,0.03,2026-08-10 10:37:00
0,ITCEQN,-1.85,ITC,EQ,N,284.25,2302083,286.1,286.1,283.6,286.1,654390113.58,427.0,275.0,2732892959266.5,2026-08-10 10:36:45,0,-31.41,0.91,08-Aug-2025,10-Jul-2026,33.430913348946135,-3.3636363636363638,,,ITC LIMITED,-0.65,2026-08-10 10:37:00
0,POWERGRIDEQN,-1.55,POWERGRID,EQ,N,270.05,2319035,271.5,271.55,268.8,271.6,625559691.25,324.95,250.0,1219290187439.11,2026-08-10 10:36:44,0,-5.2,-4.61,08-Aug-2025,10-Jul-2026,16.894906908755193,-8.02,,,POWER GRID CORPORATION OF INDIA LIMITED,-0.57,2026-08-10 10:37:00
0,SUNPHARMAEQN,4.7,SUNPHARMA,EQ,N,1949.7,311428,1949.9,1965.0,1945.0,1945.0,608246912.52,2046.9,1548.0,2058825268211.87,2026-08-10 10:36:45,0,22.86,0.73,08-Aug-2025,10-Jul-2026,4.748644291367434,-25.949612403100776,,,SUN PHARMACEUTICAL INDUSTRIES LIMITED,0.24,2026-08-10 10:37:00
0,TRENTEQN,26.5,TRENT,EQ,N,3023.5,200046,3010.0,3032.4,2981.0,2997.0,603050669.76,3782.67,2183.67,1003236195048.89,2026-08-10 10:36:46,0,-14.68,4.19,08-Aug-2025,10-Jul-2026,20.069686226924368,-38.459565776880204,,,TRENT LIMITED,0.88,2026-08-10 10:37:00
0,BELEQN,-0.2,BEL,EQ,N,400.8,1450490,402.0,402.2,399.25,401.0,581138818.5,473.45,361.2,1431351642487.36,2026-08-10 10:36:43,0,4.19,-3.41,08-Aug-2025,10-Jul-2026,15.344809377970218,-10.96345514950166,,,BHARAT ELECTRONICS LIMITED,-0.05,2026-08-10 10:37:00
0,HCLTECHEQN,8.9,HCLTECH,EQ,N,1365.5,404366,1356.6,1367.5,1353.2,1356.6,549909454.38,1780.1,1030.0,1435599680081.83,2026-08-10 10:36:46,0,-7.47,17.3,08-Aug-2025,10-Jul-2026,23.290826358069772,-32.57281553398058,,,HCL TECHNOLOGIES LIMITED,0.66,2026-08-10 10:37:00
0,BAJAJFINSVEQN,-3.1,BAJAJFINSV,EQ,N,2005.8,274221,2009.0,2011.3,1992.6,2008.9,548414577.9,2195.0,1597.0,1157722183169.37,2026-08-10 10:36:44,0,4.51,4.69,08-Aug-2025,10-Jul-2026,8.619589977220956,-25.597996242955542,,,BAJAJ FINSERV LIMITED,-0.15,2026-08-10 10:37:00
0,ULTRACEMCOEQN,-72.0,ULTRACEMCO,EQ,N,12033.0,41865,12040.0,12050.0,11921.0,12105.0,502616955.9,13110.0,10325.0,1419727147243.77,2026-08-10 10:36:45,0,-0.98,2.79,08-Aug-2025,10-Jul-2026,8.215102974828376,-16.54237288135593,,,ULTRATECH CEMENT LIMITED,-0.59,2026-08-10 10:37:00
0,ADANIPORTSEQN,-12.4,ADANIPORTS,EQ,N,1681.1,289795,1690.0,1690.0,1673.1,1693.5,486904865.15,1891.1,1290.5,1236595898435.17,2026-08-10 10:36:43,0,26.88,-8.04,08-Aug-2025,10-Jul-2026,11.10464808841415,-30.267338240991865,,,ADANI PORTS AND SPECIAL ECONOMIC ZONE LIMITED,-0.73,2026-08-10 10:37:00
0,COALINDIAEQN,-2.25,COALINDIA,EQ,N,413.0,1137772,415.0,415.15,412.25,415.25,469820191.96,491.25,368.65,986494158037.38,2026-08-10 10:36:43,0,8.78,-3.79,08-Aug-2025,10-Jul-2026,15.928753180661577,-12.030381120303812,,,COAL INDIA LIMITED,-0.54,2026-08-10 10:37:00
0,INDIGOEQN,9.0,INDIGO,EQ,N,5342.0,86659,5305.0,5355.0,5297.0,5333.0,461503371.09,6232.5,3895.2,1205382532423.28,2026-08-10 10:36:47,0,-7.41,0.56,08-Aug-2025,10-Jul-2026,14.288006417970317,-37.143150544259605,,,INTERGLOBE AVIATION LIMITED,0.17,2026-08-10 10:37:00
0,BAJAJ-AUTOEQN,44.0,BAJAJ-AUTO,EQ,N,11706.0,37001,11662.0,11750.0,11615.0,11662.0,432863968.71,11856.0,7858.5,1270810768233.13,2026-08-10 10:36:43,0,42.34,15.26,08-Aug-2025,10-Jul-2026,1.2651821862348178,-48.95972513838519,,,BAJAJ AUTO LIMITED,0.38,2026-08-10 10:37:00
0,JSWSTEELEQN,6.7,JSWSTEEL,EQ,N,1306.2,304625,1299.5,1312.0,1295.0,1299.5,397687937.5,1335.0,1022.3,1221153941801.83,2026-08-10 10:36:45,0,24.49,4.88,08-Aug-2025,10-Jul-2026,2.157303370786517,-27.770713097916463,,,JSW STEEL LIMITED,0.52,2026-08-10 10:37:00
0,NTPCEQN,-1.25,NTPC,EQ,N,341.25,977027,342.5,343.7,341.1,342.5,334143234.0,414.4,315.55,1612577702967.32,2026-08-10 10:36:43,0,1.94,-0.96,08-Aug-2025,10-Jul-2026,17.652027027027028,-8.144509586436381,,,NTPC LIMITED,-0.36,2026-08-10 10:37:00
0,HDFCLIFEEQN,-5.95,HDFCLIFE,EQ,N,534.05,599980,540.0,541.0,531.05,540.0,320191326.6,815.0,530.5,576808442729.38,2026-08-10 10:36:46,0,-29.87,-5.93,08-Aug-2025,10-Jul-2026,34.47239263803681,-0.6691800188501413,,,HDFC LIFE INSURANCE COMPANY LIMITED,-1.1,2026-08-10 10:37:00
0,MAXHEALTHEQN,-2.1,MAXHEALTH,EQ,N,1067.9,300058,1070.2,1074.7,1062.5,1070.0,319894834.38,1301.7,903.0,792348641706.61,2026-08-10 10:36:45,0,-14.25,-3.64,08-Aug-2025,10-Jul-2026,17.96112775601137,-18.261351052048727,,,MAX HEALTHCARE INSTITUTE LIMITED,-0.2,2026-08-10 10:37:00
0,HINDUNILVREQN,-11.5,HINDUNILVR,EQ,N,2084.5,149196,2096.0,2096.0,2078.6,2096.0,311057248.44,2750.0,2016.0,1844341065066.75,2026-08-10 10:36:46,0,-16.57,-3.07,08-Aug-2025,10-Jul-2026,24.2,-3.3978174603174605,,,HINDUSTAN UNILEVER LIMITED,-0.55,2026-08-10 10:37:00
0,WIPROEQN,-0.42,WIPRO,EQ,N,187.11,1642738,187.53,187.89,186.1,187.53,307208433.38,273.1,169.0,505565977291.3,2026-08-10 10:36:44,0,-21.7,6.67,08-Aug-2025,10-Jul-2026,31.486634932259246,-10.715976331360947,,,WIPRO LIMITED,-0.22,2026-08-10 10:37:00
0,NESTLEINDEQN,-3.2,NESTLEIND,EQ,N,1536.8,189710,1534.1,1547.5,1532.1,1540.0,292030088.5,1553.0,1084.7,1098963379194.9,2026-08-10 10:36:43,0,40.16,5.61,08-Aug-2025,10-Jul-2026,1.0431423052157116,-41.6797271134876,,,NESTLE INDIA LIMITED,-0.21,2026-08-10 10:37:00
0,SBILIFEEQN,-5.6,SBILIFE,EQ,N,1849.9,156497,1855.5,1862.1,1836.0,1855.5,289463111.08,2132.0,1700.4,828814159885.16,2026-08-10 10:36:45,0,0.89,-0.69,08-Aug-2025,10-Jul-2026,13.231707317073171,-8.792048929663608,,,SBI LIFE INSURANCE COMPANY LIMITED,-0.3,2026-08-10 10:37:00
0,ASIANPAINTEQN,-10.4,ASIANPAINT,EQ,N,2724.6,105891,2724.7,2735.0,2713.5,2735.0,288728754.06,2985.7,2115.0,1228826476364.78,2026-08-10 10:36:45,0,10.06,1.75,08-Aug-2025,10-Jul-2026,8.745017918746022,-28.822695035460992,,,ASIAN PAINTS LIMITED,-0.38,2026-08-10 10:37:00
0,CIPLAEQN,4.8,CIPLA,EQ,N,1468.6,188836,1463.8,1483.7,1463.8,1463.8,278264952.88,1673.0,1165.7,823092212361.4,2026-08-10 10:36:43,0,-1.15,2.04,08-Aug-2025,10-Jul-2026,12.217573221757322,-25.984387063566956,,,CIPLA LIMITED,0.33,2026-08-10 10:37:00
0,DRREDDYEQN,-3.2,DRREDDY,EQ,N,1168.8,229433,1172.0,1178.8,1165.9,1172.0,268753227.54,1414.9,1101.0,710369772040.37,2026-08-10 10:36:47,0,-3.52,-6.07,08-Aug-2025,10-Jul-2026,17.39345536787052,-6.1580381471389645,,,DR. REDDY'S LABORATORIES LIMITED,-0.27,2026-08-10 10:37:00
0,TATACONSUMEQN,6.6,TATACONSUM,EQ,N,1088.9,145623,1085.6,1089.9,1082.3,1082.3,158075222.73,1282.7,1007.2,707035123739.4,2026-08-10 10:36:45,0,3.61,-2.07,08-Aug-2025,10-Jul-2026,15.108754969985187,-8.111596505162828,,,TATA CONSUMER PRODUCTS LIMITED,0.61,2026-08-10 10:37:00
1,NIFTY 50,21.85,NIFTY 50,,,24592.5,78440962,24581.25,24620.95,24511.1,24570.65,73480522965.34,26373.2,22182.55,,2026-08-10 10:36:43,0,0.94,1.59,08-Aug-2025,10-Jul-2026,6.751929989534831,-10.864170259956587,,,,0.09,2026-08-10 10:37:31
0,TITANEQN,154.2,TITAN,EQ,N,5095.2,1604719,4932.0,5098.7,4886.2,4941.0,8063408078.39,5098.7,3303.1,2097254976679.8,2026-08-10 10:36:47,0,47.25,11.14,08-Aug-2025,10-Jul-2026,0.06864494871241689,-54.25509369985771,,,TITAN COMPANY LIMITED,3.12,2026-08-10 10:37:31
0,SBINEQN,-8.0,SBIN,EQ,N,1089.2,6923161,1108.0,1113.3,1078.5,1097.2,7566530351.73,1234.7,790.0,4486673052440.09,2026-08-10 10:36:44,0,35.4,5.12,08-Aug-2025,10-Jul-2026,11.784239086417752,-37.87341772151899,,,STATE BANK OF INDIA,-0.73,2026-08-10 10:37:31
0,ICICIBANKEQN,-1.1,ICICIBANK,EQ,N,1419.9,4537692,1428.1,1441.9,1415.5,1421.0,6474605830.2,1480.0,1187.6,10147295587008.15,2026-08-10 10:36:46,0,-1.11,1.33,08-Aug-2025,10-Jul-2026,4.0608108108108105,-19.560458066689122,,,ICICI BANK LIMITED,-0.08,2026-08-10 10:37:31
0,HDFCBANKEQN,5.7,HDFCBANK,EQ,N,736.7,8513722,731.5,737.35,728.5,731.0,6236131090.56,1020.5,726.65,11255969281971.41,2026-08-10 10:36:47,0,-25.36,-10.7,08-Aug-2025,10-Jul-2026,27.809897109260167,-1.3830592444780843,,,HDFC BANK LIMITED,0.78,2026-08-10 10:37:31
0,INFYEQN,14.7,INFY,EQ,N,1189.8,4057889,1178.1,1195.0,1175.2,1175.1,4809328885.02,1728.0,982.4,4163074110320.75,2026-08-10 10:36:47,0,-16.39,11.4,08-Aug-2025,10-Jul-2026,31.145833333333332,-21.11156351791531,,,INFOSYS LIMITED,1.25,2026-08-10 10:37:31
0,HINDALCOEQN,-6.7,HINDALCO,EQ,N,1052.9,3153186,1065.0,1068.35,1045.6,1059.6,3325413019.32,1176.0,657.5,1519507511320.92,2026-08-10 10:36:45,0,56.43,8.78,08-Aug-2025,10-Jul-2026,10.467687074829932,-60.136882129277566,,,HINDALCO INDUSTRIES LIMITED,-0.63,2026-08-10 10:37:31
0,RELIANCEEQN,-7.1,RELIANCE,EQ,N,1327.7,1892710,1330.1,1332.1,1321.3,1334.8,2509071011.5,1611.8,1249.8,8939655786721.91,2026-08-10 10:36:45,0,-2.93,1.52,08-Aug-2025,10-Jul-2026,17.626256359349796,-6.232997279564731,,,RELIANCE INDUSTRIES LIMITED,-0.53,2026-08-10 10:37:31
0,KOTAKBANKEQN,-0.85,KOTAKBANK,EQ,N,389.9,5770541,388.0,393.0,386.5,390.75,2243413224.57,453.2,345.5,2859193724477.82,2026-08-10 10:36:44,0,-0.18,3.24,08-Aug-2025,10-Jul-2026,13.967343336275375,-12.85094066570188,,,KOTAK MAHINDRA BANK LIMITED,-0.22,2026-08-10 10:37:31
0,M&MEQN,14.2,M&M,EQ,N,3516.2,627773,3509.0,3532.0,3491.1,3502.0,2207161979.78,3839.9,2896.0,3130320832161.09,2026-08-10 10:36:43,0,11.83,12.36,08-Aug-2025,10-Jul-2026,8.429907028828875,-21.415745856353592,,,MAHINDRA & MAHINDRA LIMITED,0.41,2026-08-10 10:37:31
0,TCSEQN,14.5,TCS,EQ,N,2467.2,854739,2452.7,2472.9,2443.8,2452.7,2100717682.47,3350.0,1976.8,2511810245218.67,2026-08-10 10:36:46,0,-18.74,19.26,08-Aug-2025,10-Jul-2026,26.35223880597015,-24.80777013354917,,,TATA CONSULTANCY SERVICES LIMITED,0.59,2026-08-10 10:37:31
0,BAJFINANCEEQN,0.1,BAJFINANCE,EQ,N,1078.1,1540942,1078.0,1084.1,1070.8,1078.0,1661721033.96,1176.4,787.9,2880932941266.36,2026-08-10 10:36:43,0,22.94,5.67,08-Aug-2025,10-Jul-2026,8.356001360081605,-36.83208529001142,,,BAJAJ FINANCE LIMITED,0.01,2026-08-10 10:37:31
0,TECHMEQN,26.1,TECHM,EQ,N,1661.1,978403,1644.0,1665.9,1643.3,1635.0,1622730295.65,1854.0,1304.1,1052719200287.42,2026-08-10 10:36:47,0,12.21,14.18,08-Aug-2025,10-Jul-2026,10.40453074433657,-27.375201288244767,,,TECH MAHINDRA LIMITED,1.6,2026-08-10 10:37:31
0,TATASTEELEQN,3.8,TATASTEEL,EQ,N,191.35,8332623,187.56,191.48,187.55,187.55,1584864894.6,224.4,153.05,1576301312645.4,2026-08-10 10:36:47,0,21.15,0.08,08-Aug-2025,10-Jul-2026,14.728163992869876,-25.024501796798432,,,TATA STEEL LIMITED,2.03,2026-08-10 10:37:31
0,GRASIMEQN,44.5,GRASIM,EQ,N,3367.5,444274,3324.0,3379.0,3290.2,3323.0,1490592582.88,3379.0,2502.5,1266645499973.24,2026-08-10 10:36:46,0,25.07,4.76,08-Aug-2025,10-Jul-2026,0.34033737792246227,-34.565434565434565,,,GRASIM INDUSTRIES LIMITED,1.34,2026-08-10 10:37:31
0,BHARTIARTLEQN,-18.9,BHARTIARTL,EQ,N,1941.0,685576,1955.0,1959.0,1938.5,1959.9,1333459031.52,2174.5,1740.5,6033779966978.21,2026-08-10 10:36:47,0,4.45,1.09,08-Aug-2025,10-Jul-2026,10.738100712807542,-11.519678253375467,,,BHARTI AIRTEL LIMITED,-0.96,2026-08-10 10:37:31
0,SHRIRAMFINEQN,4.8,SHRIRAMFIN,EQ,N,1119.8,1095144,1115.0,1123.3,1106.1,1115.0,1223034916.32,1153.7,566.5,1563672432965.58,2026-08-10 10:36:44,0,83.71,7.27,08-Aug-2025,10-Jul-2026,2.938372193811216,-97.66990291262135,,,SHRIRAM FINANCE LIMITED,0.43,2026-08-10 10:37:31
0,AXISBANKEQN,2.3,AXISBANK,EQ,N,1240.3,961041,1235.0,1248.6,1235.0,1238.0,1193507207.49,1418.3,1042.5,3552923116288.55,2026-08-10 10:36:43,0,17.21,-6.31,08-Aug-2025,10-Jul-2026,12.550236198265528,-18.973621103117505,,,AXIS BANK LIMITED,0.19,2026-08-10 10:37:31
0,MARUTIEQN,48.0,MARUTI,EQ,N,14085.0,78409,14039.0,14107.0,13954.0,14037.0,1102202369.81,17370.0,12201.0,1832192532271.41,2026-08-10 10:36:44,0,11.87,1.66,08-Aug-2025,10-Jul-2026,18.911917098445596,-15.441357265797885,,,MARUTI SUZUKI INDIA LIMITED,0.34,2026-08-10 10:37:31
0,JIOFINEQN,1.1,JIOFIN,EQ,N,257.3,4078648,256.8,257.7,254.85,256.8,1045683774.24,333.7,223.3,841209629945.32,2026-08-10 10:36:47,0,-19.9,6.32,08-Aug-2025,10-Jul-2026,22.894815702727,-15.22615315718764,,,JIO FINANCIAL SERVICES LIMITED,0.43,2026-08-10 10:37:31
0,ADANIENTEQN,-22.9,ADANIENT,EQ,N,2997.1,324010,3020.0,3021.8,2969.9,3020.0,969862373.1,3245.0,1753.0,897391494885.58,2026-08-10 10:36:44,0,41.73,-5.07,08-Aug-2025,10-Jul-2026,7.63944530046225,-70.96976611523104,,,ADANI ENTERPRISES LIMITED,-0.76,2026-08-10 10:37:31
0,ETERNALEQN,-0.7,ETERNAL,EQ,N,314.3,2906958,315.45,315.9,311.0,315.0,910342967.28,368.45,212.6,2266244744209.7,2026-08-10 10:36:47,0,4.45,8.51,08-Aug-2025,10-Jul-2026,14.696702401954132,-47.83631232361242,,,ETERNAL LIMITED,-0.22,2026-08-10 10:37:31
0,LTEQN,5.9,LT,EQ,N,4061.9,220702,4055.7,4064.0,4025.8,4056.0,891969340.02,4440.0,3288.1,4739855064663.75,2026-08-10 10:36:43,0,12.59,2.94,08-Aug-2025,10-Jul-2026,8.515765765765765,-23.53334752592683,,,LARSEN & TOUBRO LIMITED,0.15,2026-08-10 10:37:31
0,TMPVEQN,1.8,TMPV,EQ,N,348.8,2105832,347.0,351.4,344.6,347.0,734535259.92,739.7,294.3,727346793218.76,2026-08-10 10:36:44,0,-44.96,3.21,08-Aug-2025,10-Jul-2026,52.845748276328244,-18.51851851851852,,,TATA MOTORS PASSENGER VEHICLES LIMITED,0.52,2026-08-10 10:37:31
0,APOLLOHOSPEQN,-54.0,APOLLOHOSP,EQ,N,8891.0,81591,8945.0,8971.0,8884.0,8945.0,726465866.25,9050.0,6696.5,912363317780.7,2026-08-10 10:36:44,0,25.49,0.56,08-Aug-2025,10-Jul-2026,1.7569060773480663,-32.770850444261924,,,APOLLO HOSPITALS ENTERPRISE LIMITED,-0.6,2026-08-10 10:37:31
0,EICHERMOTEQN,-44.5,EICHERMOT,EQ,N,7975.5,88719,8000.0,8005.0,7938.0,8020.0,707927050.17,8230.0,5588.0,1095962805637.21,2026-08-10 10:36:46,0,40.84,8.28,08-Aug-2025,10-Jul-2026,3.092345078979344,-42.72548317823908,,,EICHER MOTORS LIMITED,-0.55,2026-08-10 10:37:31
0,ONGCEQN,0.07,ONGC,EQ,N,238.92,2737583,240.0,241.3,238.52,238.85,655924886.8,307.5,227.65,925526776960.76,2026-08-10 10:36:44,0,2.35,-2.46,08-Aug-2025,10-Jul-2026,22.302439024390242,-4.950582033823852,,,OIL & NATURAL GAS CORPORATION LIMITED,0.03,2026-08-10 10:37:31
0,ITCEQN,-1.85,ITC,EQ,N,284.25,2302083,286.1,286.1,283.6,286.1,654390113.58,427.0,275.0,2732892959266.5,2026-08-10 10:36:45,0,-31.41,0.91,08-Aug-2025,10-Jul-2026,33.430913348946135,-3.3636363636363638,,,ITC LIMITED,-0.65,2026-08-10 10:37:31
0,POWERGRIDEQN,-1.55,POWERGRID,EQ,N,270.05,2319035,271.5,271.55,268.8,271.6,625559691.25,324.95,250.0,1219290187439.11,2026-08-10 10:36:44,0,-5.2,-4.61,08-Aug-2025,10-Jul-2026,16.894906908755193,-8.02,,,POWER GRID CORPORATION OF INDIA LIMITED,-0.57,2026-08-10 10:37:31
0,SUNPHARMAEQN,4.7,SUNPHARMA,EQ,N,1949.7,311428,1949.9,1965.0,1945.0,1945.0,608246912.52,2046.9,1548.0,2058825268211.87,2026-08-10 10:36:45,0,22.86,0.73,08-Aug-2025,10-Jul-2026,4.748644291367434,-25.949612403100776,,,SUN PHARMACEUTICAL INDUSTRIES LIMITED,0.24,2026-08-10 10:37:31
0,TRENTEQN,26.5,TRENT,EQ,N,3023.5,200046,3010.0,3032.4,2981.0,2997.0,603050669.76,3782.67,2183.67,1003236195048.89,2026-08-10 10:36:46,0,-14.68,4.19,08-Aug-2025,10-Jul-2026,20.069686226924368,-38.459565776880204,,,TRENT LIMITED,0.88,2026-08-10 10:37:31
0,BELEQN,-0.2,BEL,EQ,N,400.8,1450490,402.0,402.2,399.25,401.0,581138818.5,473.45,361.2,1431351642487.36,2026-08-10 10:36:43,0,4.19,-3.41,08-Aug-2025,10-Jul-2026,15.344809377970218,-10.96345514950166,,,BHARAT ELECTRONICS LIMITED,-0.05,2026-08-10 10:37:31
0,HCLTECHEQN,8.9,HCLTECH,EQ,N,1365.5,404366,1356.6,1367.5,1353.2,1356.6,549909454.38,1780.1,1030.0,1435599680081.83,2026-08-10 10:36:46,0,-7.47,17.3,08-Aug-2025,10-Jul-2026,23.290826358069772,-32.57281553398058,,,HCL TECHNOLOGIES LIMITED,0.66,2026-08-10 10:37:31
0,BAJAJFINSVEQN,-3.1,BAJAJFINSV,EQ,N,2005.8,274221,2009.0,2011.3,1992.6,2008.9,548414577.9,2195.0,1597.0,1157722183169.37,2026-08-10 10:36:44,0,4.51,4.69,08-Aug-2025,10-Jul-2026,8.619589977220956,-25.597996242955542,,,BAJAJ FINSERV LIMITED,-0.15,2026-08-10 10:37:31
0,ULTRACEMCOEQN,-72.0,ULTRACEMCO,EQ,N,12033.0,41865,12040.0,12050.0,11921.0,12105.0,502616955.9,13110.0,10325.0,1419727147243.77,2026-08-10 10:36:45,0,-0.98,2.79,08-Aug-2025,10-Jul-2026,8.215102974828376,-16.54237288135593,,,ULTRATECH CEMENT LIMITED,-0.59,2026-08-10 10:37:31
0,ADANIPORTSEQN,-12.4,ADANIPORTS,EQ,N,1681.1,289795,1690.0,1690.0,1673.1,1693.5,486904865.15,1891.1,1290.5,1236595898435.17,2026-08-10 10:36:43,0,26.88,-8.04,08-Aug-2025,10-Jul-2026,11.10464808841415,-30.267338240991865,,,ADANI PORTS AND SPECIAL ECONOMIC ZONE LIMITED,-0.73,2026-08-10 10:37:31
0,COALINDIAEQN,-2.25,COALINDIA,EQ,N,413.0,1137772,415.0,415.15,412.25,415.25,469820191.96,491.25,368.65,986494158037.38,2026-08-10 10:36:43,0,8.78,-3.79,08-Aug-2025,10-Jul-2026,15.928753180661577,-12.030381120303812,,,COAL INDIA LIMITED,-0.54,2026-08-10 10:37:31
0,INDIGOEQN,9.0,INDIGO,EQ,N,5342.0,86659,5305.0,5355.0,5297.0,5333.0,461503371.09,6232.5,3895.2,1205382532423.28,2026-08-10 10:36:47,0,-7.41,0.56,08-Aug-2025,10-Jul-2026,14.288006417970317,-37.143150544259605,,,INTERGLOBE AVIATION LIMITED,0.17,2026-08-10 10:37:31
0,BAJAJ-AUTOEQN,44.0,BAJAJ-AUTO,EQ,N,11706.0,37001,11662.0,11750.0,11615.0,11662.0,432863968.71,11856.0,7858.5,1270810768233.13,2026-08-10 10:36:43,0,42.34,15.26,08-Aug-2025,10-Jul-2026,1.2651821862348178,-48.95972513838519,,,BAJAJ AUTO LIMITED,0.38,2026-08-10 10:37:31
0,JSWSTEELEQN,6.7,JSWSTEEL,EQ,N,1306.2,304625,1299.5,1312.0,1295.0,1299.5,397687937.5,1335.0,1022.3,1221153941801.83,2026-08-10 10:36:45,0,24.49,4.88,08-Aug-2025,10-Jul-2026,2.157303370786517,-27.770713097916463,,,JSW STEEL LIMITED,0.52,2026-08-10 10:37:31
0,NTPCEQN,-1.25,NTPC,EQ,N,341.25,977027,342.5,343.7,341.1,342.5,334143234.0,414.4,315.55,1612577702967.32,2026-08-10 10:36:43,0,1.94,-0.96,08-Aug-2025,10-Jul-2026,17.652027027027028,-8.144509586436381,,,NTPC LIMITED,-0.36,2026-08-10 10:37:31
0,HDFCLIFEEQN,-5.95,HDFCLIFE,EQ,N,534.05,599980,540.0,541.0,531.05,540.0,320191326.6,815.0,530.5,576808442729.38,2026-08-10 10:36:46,0,-29.87,-5.93,08-Aug-2025,10-Jul-2026,34.47239263803681,-0.6691800188501413,,,HDFC LIFE INSURANCE COMPANY LIMITED,-1.1,2026-08-10 10:37:31
0,MAXHEALTHEQN,-2.1,MAXHEALTH,EQ,N,1067.9,300058,1070.2,1074.7,1062.5,1070.0,319894834.38,1301.7,903.0,792348641706.61,2026-08-10 10:36:45,0,-14.25,-3.64,08-Aug-2025,10-Jul-2026,17.96112775601137,-18.261351052048727,,,MAX HEALTHCARE INSTITUTE LIMITED,-0.2,2026-08-10 10:37:31
0,HINDUNILVREQN,-11.5,HINDUNILVR,EQ,N,2084.5,149196,2096.0,2096.0,2078.6,2096.0,311057248.44,2750.0,2016.0,1844341065066.75,2026-08-10 10:36:46,0,-16.57,-3.07,08-Aug-2025,10-Jul-2026,24.2,-3.3978174603174605,,,HINDUSTAN UNILEVER LIMITED,-0.55,2026-08-10 10:37:31
0,WIPROEQN,-0.42,WIPRO,EQ,N,187.11,1642738,187.53,187.89,186.1,187.53,307208433.38,273.1,169.0,505565977291.3,2026-08-10 10:36:44,0,-21.7,6.67,08-Aug-2025,10-Jul-2026,31.486634932259246,-10.715976331360947,,,WIPRO LIMITED,-0.22,2026-08-10 10:37:31
0,NESTLEINDEQN,-3.2,NESTLEIND,EQ,N,1536.8,189710,1534.1,1547.5,1532.1,1540.0,292030088.5,1553.0,1084.7,1098963379194.9,2026-08-10 10:36:43,0,40.16,5.61,08-Aug-2025,10-Jul-2026,1.0431423052157116,-41.6797271134876,,,NESTLE INDIA LIMITED,-0.21,2026-08-10 10:37:31
0,SBILIFEEQN,-5.6,SBILIFE,EQ,N,1849.9,156497,1855.5,1862.1,1836.0,1855.5,289463111.08,2132.0,1700.4,828814159885.16,2026-08-10 10:36:45,0,0.89,-0.69,08-Aug-2025,10-Jul-2026,13.231707317073171,-8.792048929663608,,,SBI LIFE INSURANCE COMPANY LIMITED,-0.3,2026-08-10 10:37:31
0,ASIANPAINTEQN,-10.4,ASIANPAINT,EQ,N,2724.6,105891,2724.7,2735.0,2713.5,2735.0,288728754.06,2985.7,2115.0,1228826476364.78,2026-08-10 10:36:45,0,10.06,1.75,08-Aug-2025,10-Jul-2026,8.745017918746022,-28.822695035460992,,,ASIAN PAINTS LIMITED,-0.38,2026-08-10 10:37:31
0,CIPLAEQN,4.8,CIPLA,EQ,N,1468.6,188836,1463.8,1483.7,1463.8,1463.8,278264952.88,1673.0,1165.7,823092212361.4,2026-08-10 10:36:43,0,-1.15,2.04,08-Aug-2025,10-Jul-2026,12.217573221757322,-25.984387063566956,,,CIPLA LIMITED,0.33,2026-08-10 10:37:31
0,DRREDDYEQN,-3.2,DRREDDY,EQ,N,1168.8,229433,1172.0,1178.8,1165.9,1172.0,268753227.54,1414.9,1101.0,710369772040.37,2026-08-10 10:36:47,0,-3.52,-6.07,08-Aug-2025,10-Jul-2026,17.39345536787052,-6.1580381471389645,,,DR. REDDY'S LABORATORIES LIMITED,-0.27,2026-08-10 10:37:31
0,TATACONSUMEQN,6.6,TATACONSUM,EQ,N,1088.9,145623,1085.6,1089.9,1082.3,1082.3,158075222.73,1282.7,1007.2,707035123739.4,2026-08-10 10:36:45,0,3.61,-2.07,08-Aug-2025,10-Jul-2026,15.108754969985187,-8.111596505162828,,,TATA CONSUMER PRODUCTS LIMITED,0.61,2026-08-10 10:37:31
1,NIFTY 50,19.75,NIFTY 50,,,24590.4,78560139,24581.25,24620.95,24511.1,24570.65,73567557588.64,26373.2,22182.55,,2026-08-10 10:37:34,0,0.93,1.58,08-Aug-2025,10-Jul-2026,6.759892618263995,-10.854703359171962,,,,0.08,2026-08-10 10:38:01
0,TITANEQN,154.0,TITAN,EQ,N,5095.0,1606231,4932.0,5098.7,4886.2,4941.0,8071118027.28,5098.7,3303.1,2097254976679.8,2026-08-10 10:37:01,0,47.07,11.01,08-Aug-2025,10-Jul-2026,0.07256751721026929,-54.24903878175048,,,TITAN COMPANY LIMITED,3.12,2026-08-10 10:38:01
0,SBINEQN,-8.0,SBIN,EQ,N,1089.2,6927418,1108.0,1113.3,1078.5,1097.2,7571113680.56,1234.7,790.0,4490382749957.04,2026-08-10 10:37:02,0,35.38,5.11,08-Aug-2025,10-Jul-2026,11.784239086417752,-37.87341772151899,,,STATE BANK OF INDIA,-0.73,2026-08-10 10:38:01
0,ICICIBANKEQN,-1.0,ICICIBANK,EQ,N,1420.0,4541083,1428.1,1441.9,1415.5,1421.0,6479398867.72,1480.0,1187.6,10146580988727.38,2026-08-10 10:37:02,0,-1.11,1.34,08-Aug-2025,10-Jul-2026,4.054054054054054,-19.568878410239137,,,ICICI BANK LIMITED,-0.07,2026-08-10 10:38:01
0,HDFCBANKEQN,5.8,HDFCBANK,EQ,N,736.8,8523586,731.5,737.35,728.5,731.0,6243441509.14,1020.5,726.65,11248329829492.81,2026-08-10 10:37:01,0,-25.35,-10.69,08-Aug-2025,10-Jul-2026,27.800097991180795,-1.3968210280052296,,,HDFC BANK LIMITED,0.79,2026-08-10 10:38:01
0,INFYEQN,14.7,INFY,EQ,N,1189.8,4060315,1178.1,1195.0,1175.2,1175.1,4812204131.7,1728.0,982.4,4162374433999.68,2026-08-10 10:37:01,0,-16.39,11.41,08-Aug-2025,10-Jul-2026,31.145833333333332,-21.11156351791531,,,INFOSYS LIMITED,1.25,2026-08-10 10:38:01
0,HINDALCOEQN,-7.65,HINDALCO,EQ,N,1051.95,3164238,1065.0,1068.35,1045.6,1059.6,3337068679.56,1176.0,657.5,1520085051234.0,2026-08-10 10:36:57,0,56.36,8.73,08-Aug-2025,10-Jul-2026,10.548469387755102,-59.99239543726236,,,HINDALCO INDUSTRIES LIMITED,-0.72,2026-08-10 10:38:01
0,RELIANCEEQN,-7.1,RELIANCE,EQ,N,1327.7,1893668,1330.1,1332.1,1321.3,1334.8,2510340984.2,1611.8,1249.8,8944371505674.96,2026-08-10 10:36:56,0,-2.94,1.51,08-Aug-2025,10-Jul-2026,17.626256359349796,-6.232997279564731,,,RELIANCE INDUSTRIES LIMITED,-0.53,2026-08-10 10:38:01
0,KOTAKBANKEQN,-0.85,KOTAKBANK,EQ,N,389.9,5772192,388.0,393.0,386.5,390.75,2244112805.76,453.2,345.5,2862865005582.69,2026-08-10 10:36:56,0,-0.18,3.24,08-Aug-2025,10-Jul-2026,13.967343336275375,-12.85094066570188,,,KOTAK MAHINDRA BANK LIMITED,-0.22,2026-08-10 10:38:01
0,M&MEQN,14.0,M&M,EQ,N,3516.0,628577,3509.0,3532.0,3491.1,3502.0,2209988731.22,3839.9,2896.0,3130409860369.4,2026-08-10 10:37:00,0,11.82,12.35,08-Aug-2025,10-Jul-2026,8.435115497799423,-21.408839779005525,,,MAHINDRA & MAHINDRA LIMITED,0.4,2026-08-10 10:38:01
0,TCSEQN,14.7,TCS,EQ,N,2467.4,854998,2452.7,2472.9,2443.8,2452.7,2101354234.54,3350.0,1976.8,2512013869736.95,2026-08-10 10:37:02,0,-18.78,19.19,08-Aug-2025,10-Jul-2026,26.34626865671642,-24.81788749494132,,,TATA CONSULTANCY SERVICES LIMITED,0.6,2026-08-10 10:38:01
0,BAJFINANCEEQN,0.6,BAJFINANCE,EQ,N,1078.6,1542351,1078.0,1084.1,1070.8,1078.0,1663240471.38,1176.4,787.9,2881467486760.61,2026-08-10 10:37:00,0,23.02,5.74,08-Aug-2025,10-Jul-2026,8.313498809928596,-36.89554511993908,,,BAJAJ FINANCE LIMITED,0.06,2026-08-10 10:38:01
0,TECHMEQN,26.1,TECHM,EQ,N,1661.1,979499,1644.0,1665.9,1643.3,1635.0,1624548066.45,1854.0,1304.1,1052339202982.54,2026-08-10 10:36:56,0,12.02,14.0,08-Aug-2025,10-Jul-2026,10.40453074433657,-27.375201288244767,,,TECH MAHINDRA LIMITED,1.6,2026-08-10 10:38:01
0,TATASTEELEQN,3.82,TATASTEEL,EQ,N,191.37,8387279,187.56,191.48,187.55,187.55,1595260465.8,224.4,153.05,1576878319871.7,2026-08-10 10:37:01,0,21.11,0.06,08-Aug-2025,10-Jul-2026,14.719251336898395,-25.037569421757595,,,TATA STEEL LIMITED,2.04,2026-08-10 10:38:01
0,GRASIMEQN,43.5,GRASIM,EQ,N,3366.5,444491,3324.0,3379.0,3290.2,3323.0,1491325088.83,3379.0,2502.5,1267849535619.6,2026-08-10 10:37:01,0,25.11,4.79,08-Aug-2025,10-Jul-2026,0.36993193252441553,-34.52547452547453,,,GRASIM INDUSTRIES LIMITED,1.31,2026-08-10 10:38:01
0,BHARTIARTLEQN,-19.0,BHARTIARTL,EQ,N,1940.9,690588,1955.0,1959.0,1938.5,1959.9,1343186754.12,2174.5,1740.5,6030364033903.75,2026-08-10 10:37:02,0,4.41,1.05,08-Aug-2025,10-Jul-2026,10.742699471142792,-11.513932777937374,,,BHARTI AIRTEL LIMITED,-0.97,2026-08-10 10:38:01
0,SHRIRAMFINEQN,4.9,SHRIRAMFIN,EQ,N,1119.9,1095230,1115.0,1123.3,1106.1,1115.0,1223130959.4,1153.7,566.5,1563672432965.58,2026-08-10 10:36:56,0,83.86,7.36,08-Aug-2025,10-Jul-2026,2.9297044292277024,-97.68755516328332,,,SHRIRAM FINANCE LIMITED,0.44,2026-08-10 10:38:01
0,AXISBANKEQN,2.2,AXISBANK,EQ,N,1240.2,961883,1235.0,1248.6,1235.0,1238.0,1194552878.87,1418.3,1042.5,3553496122193.93,2026-08-10 10:37:00,0,17.24,-6.29,08-Aug-2025,10-Jul-2026,12.557286892758937,-18.964028776978417,,,AXIS BANK LIMITED,0.18,2026-08-10 10:38:01
0,MARUTIEQN,46.0,MARUTI,EQ,N,14083.0,78515,14039.0,14107.0,13954.0,14037.0,1103694776.8,17370.0,12201.0,1831802261212.28,2026-08-10 10:37:01,0,11.86,1.65,08-Aug-2025,10-Jul-2026,18.92343120322395,-15.424965166789608,,,MARUTI SUZUKI INDIA LIMITED,0.33,2026-08-10 10:38:01
0,JIOFINEQN,1.05,JIOFIN,EQ,N,257.25,4080829,256.8,257.7,254.85,256.8,1046242939.02,333.7,223.3,841864013165.82,2026-08-10 10:37:01,0,-19.96,6.24,08-Aug-2025,10-Jul-2026,22.909799220857057,-15.203761755485893,,,JIO FINANCIAL SERVICES LIMITED,0.41,2026-08-10 10:38:01
0,ADANIENTEQN,-22.2,ADANIENT,EQ,N,2997.8,324756,3020.0,3021.8,2969.9,3020.0,972098629.92,3245.0,1753.0,897271742892.93,2026-08-10 10:37:01,0,41.79,-5.04,08-Aug-2025,10-Jul-2026,7.617873651771957,-71.00969766115232,,,ADANI ENTERPRISES LIMITED,-0.74,2026-08-10 10:38:01
0,ETERNALEQN,-0.7,ETERNAL,EQ,N,314.3,2907173,315.45,315.9,311.0,315.0,910410296.68,368.45,212.6,2265163348594.53,2026-08-10 10:36:58,0,4.52,8.58,08-Aug-2025,10-Jul-2026,14.696702401954132,-47.83631232361242,,,ETERNAL LIMITED,-0.22,2026-08-10 10:38:01
0,LTEQN,5.4,LT,EQ,N,4061.4,221578,4055.7,4064.0,4025.8,4056.0,895527429.02,4440.0,3288.1,4740905512720.44,2026-08-10 10:37:01,0,12.57,2.92,08-Aug-2025,10-Jul-2026,8.527027027027026,-23.518141175754995,,,LARSEN & TOUBRO LIMITED,0.13,2026-08-10 10:38:01
0,TMPVEQN,1.85,TMPV,EQ,N,348.85,2106187,347.0,351.4,344.6,347.0,734659087.47,739.7,294.3,727138384395.49,2026-08-10 10:36:56,0,-44.93,3.27,08-Aug-2025,10-Jul-2026,52.838988779234825,-18.535507985049268,,,TATA MOTORS PASSENGER VEHICLES LIMITED,0.53,2026-08-10 10:38:01
0,APOLLOHOSPEQN,-54.5,APOLLOHOSP,EQ,N,8890.5,81651,8945.0,8971.0,8884.0,8945.0,726999274.74,9050.0,6696.5,912363317780.7,2026-08-10 10:37:01,0,25.51,0.57,08-Aug-2025,10-Jul-2026,1.7624309392265194,-32.76338385723886,,,APOLLO HOSPITALS ENTERPRISE LIMITED,-0.61,2026-08-10 10:38:01
0,EICHERMOTEQN,-44.0,EICHERMOT,EQ,N,7976.0,88736,8000.0,8005.0,7938.0,8020.0,708062700.48,8230.0,5588.0,1096168968693.19,2026-08-10 10:36:58,0,40.8,8.25,08-Aug-2025,10-Jul-2026,3.086269744835966,-42.7344309234073,,,EICHER MOTORS LIMITED,-0.55,2026-08-10 10:38:01
0,ONGCEQN,0.08,ONGC,EQ,N,238.93,2739281,240.0,241.3,238.52,238.85,656331727.6,307.5,227.65,925526776960.76,2026-08-10 10:37:01,0,2.36,-2.45,08-Aug-2025,10-Jul-2026,22.29918699186992,-4.954974741928399,,,OIL & NATURAL GAS CORPORATION LIMITED,0.03,2026-08-10 10:38:01
0,ITCEQN,-1.8,ITC,EQ,N,284.3,2303034,286.1,286.1,283.6,286.1,654660444.84,427.0,275.0,2732892959266.5,2026-08-10 10:36:57,0,-31.41,0.91,08-Aug-2025,10-Jul-2026,33.4192037470726,-3.381818181818182,,,ITC LIMITED,-0.63,2026-08-10 10:38:01
0,POWERGRIDEQN,-1.55,POWERGRID,EQ,N,270.05,2319314,271.5,271.55,268.8,271.6,625634951.5,324.95,250.0,1219515981918.26,2026-08-10 10:37:01,0,-5.21,-4.63,08-Aug-2025,10-Jul-2026,16.894906908755193,-8.02,,,POWER GRID CORPORATION OF INDIA LIMITED,-0.57,2026-08-10 10:38:01
0,SUNPHARMAEQN,4.7,SUNPHARMA,EQ,N,1949.7,311499,1949.9,1965.0,1945.0,1945.0,608385581.91,2046.9,1548.0,2058719676598.98,2026-08-10 10:36:56,0,22.85,0.72,08-Aug-2025,10-Jul-2026,4.748644291367434,-25.949612403100776,,,SUN PHARMACEUTICAL INDUSTRIES LIMITED,0.24,2026-08-10 10:38:01
0,TRENTEQN,27.1,TRENT,EQ,N,3024.1,200179,3010.0,3032.4,2981.0,2997.0,603453608.03,3782.67,2183.67,1003003926043.92,2026-08-10 10:37:02,0,-14.71,4.15,08-Aug-2025,10-Jul-2026,20.053824415029595,-38.48704245604876,,,TRENT LIMITED,0.9,2026-08-10 10:38:01
0,BELEQN,-0.25,BEL,EQ,N,400.75,1453835,402.0,402.2,399.25,401.0,582478992.75,473.45,361.2,1431530226597.47,2026-08-10 10:37:00,0,4.2,-3.4,08-Aug-2025,10-Jul-2026,15.355370155243426,-10.949612403100776,,,BHARAT ELECTRONICS LIMITED,-0.06,2026-08-10 10:38:01
0,HCLTECHEQN,8.8,HCLTECH,EQ,N,1365.4,404730,1356.6,1367.5,1353.2,1356.6,550404468.9,1780.1,1030.0,1435599680081.83,2026-08-10 10:36:58,0,-7.5,17.26,08-Aug-2025,10-Jul-2026,23.296444019998876,-32.56310679611651,,,HCL TECHNOLOGIES LIMITED,0.65,2026-08-10 10:38:01
0,BAJAJFINSVEQN,-3.5,BAJAJFINSV,EQ,N,2005.4,274471,2009.0,2011.3,1992.6,2008.9,548917297.61,2195.0,1597.0,1157606722694.33,2026-08-10 10:37:01,0,4.53,4.71,08-Aug-2025,10-Jul-2026,8.637813211845103,-25.572949279899813,,,BAJAJ FINSERV LIMITED,-0.17,2026-08-10 10:38:01
0,ULTRACEMCOEQN,-67.0,ULTRACEMCO,EQ,N,12038.0,41868,12040.0,12050.0,11921.0,12105.0,502652972.88,13110.0,10325.0,1419845152991.19,2026-08-10 10:36:57,0,-1.0,2.77,08-Aug-2025,10-Jul-2026,8.176964149504196,-16.590799031476998,,,ULTRATECH CEMENT LIMITED,-0.55,2026-08-10 10:38:01
0,ADANIPORTSEQN,-12.4,ADANIPORTS,EQ,N,1681.1,290279,1690.0,1690.0,1673.1,1693.5,487718067.43,1891.1,1290.5,1236743033410.3,2026-08-10 10:37:00,0,26.87,-8.05,08-Aug-2025,10-Jul-2026,11.10464808841415,-30.267338240991865,,,ADANI PORTS AND SPECIAL ECONOMIC ZONE LIMITED,-0.73,2026-08-10 10:38:01
0,COALINDIAEQN,-2.2,COALINDIA,EQ,N,413.05,1137910,415.0,415.15,412.25,415.25,469877176.3,491.25,368.65,986494158037.38,2026-08-10 10:37:00,0,8.78,-3.79,08-Aug-2025,10-Jul-2026,15.91857506361323,-12.043944120439441,,,COAL INDIA LIMITED,-0.53,2026-08-10 10:38:01
0,INDIGOEQN,10.5,INDIGO,EQ,N,5343.5,86662,5305.0,5355.0,5297.0,5333.0,461520214.24,6232.5,3895.2,1205833986555.27,2026-08-10 10:36:59,0,-7.44,0.54,08-Aug-2025,10-Jul-2026,14.263939029281989,-37.18165947833231,,,INTERGLOBE AVIATION LIMITED,0.2,2026-08-10 10:38:01
0,BAJAJ-AUTOEQN,46.0,BAJAJ-AUTO,EQ,N,11708.0,37025,11662.0,11750.0,11615.0,11662.0,433144737.75,11856.0,7858.5,1271136533618.48,2026-08-10 10:37:01,0,42.35,15.27,08-Aug-2025,10-Jul-2026,1.2483130904183535,-48.985175287904816,,,BAJAJ AUTO LIMITED,0.39,2026-08-10 10:38:01
0,JSWSTEELEQN,6.9,JSWSTEEL,EQ,N,1306.4,304749,1299.5,1312.0,1295.0,1299.5,397849819.5,1335.0,1022.3,1222182793928.04,2026-08-10 10:36:57,0,24.51,4.9,08-Aug-2025,10-Jul-2026,2.142322097378277,-27.790276826763183,,,JSW STEEL LIMITED,0.53,2026-08-10 10:38:01
0,NTPCEQN,-1.2,NTPC,EQ,N,341.3,981328,342.5,343.7,341.1,342.5,335614176.0,414.4,315.55,1613286840039.86,2026-08-10 10:37:01,0,1.96,-0.94,08-Aug-2025,10-Jul-2026,17.63996138996139,-8.160354935826335,,,NTPC LIMITED,-0.35,2026-08-10 10:38:01
0,HDFCLIFEEQN,-5.95,HDFCLIFE,EQ,N,534.05,600033,540.0,541.0,531.05,540.0,320219611.11,815.0,530.5,576754444560.24,2026-08-10 10:36:57,0,-29.87,-5.93,08-Aug-2025,10-Jul-2026,34.47239263803681,-0.6691800188501413,,,HDFC LIFE INSURANCE COMPANY LIMITED,-1.1,2026-08-10 10:38:01
0,MAXHEALTHEQN,-2.2,MAXHEALTH,EQ,N,1067.8,300064,1070.2,1074.7,1062.5,1070.0,319901231.04,1301.7,903.0,792422859451.24,2026-08-10 10:36:57,0,-14.25,-3.63,08-Aug-2025,10-Jul-2026,17.968810017669202,-18.250276854928018,,,MAX HEALTHCARE INSTITUTE LIMITED,-0.21,2026-08-10 10:38:01
0,HINDUNILVREQN,-11.6,HINDUNILVR,EQ,N,2084.4,149543,2096.0,2096.0,2078.6,2096.0,311780705.27,2750.0,2016.0,1844341065066.75,2026-08-10 10:36:58,0,-16.58,-3.08,08-Aug-2025,10-Jul-2026,24.203636363636363,-3.392857142857143,,,HINDUSTAN UNILEVER LIMITED,-0.55,2026-08-10 10:38:01
0,WIPROEQN,-0.44,WIPRO,EQ,N,187.09,1644622,187.53,187.89,186.1,187.53,307560760.22,273.1,169.0,505565977291.3,2026-08-10 10:37:01,0,-21.75,6.61,08-Aug-2025,10-Jul-2026,31.4939582570487,-10.70414201183432,,,WIPRO LIMITED,-0.23,2026-08-10 10:38:01
0,NESTLEINDEQN,-3.4,NESTLEIND,EQ,N,1536.6,189922,1534.1,1547.5,1532.1,1540.0,292356430.7,1553.0,1084.7,1098820378104.57,2026-08-10 10:37:01,0,40.13,5.59,08-Aug-2025,10-Jul-2026,1.056020605280103,-41.661288835622756,,,NESTLE INDIA LIMITED,-0.22,2026-08-10 10:38:01
0,SBILIFEEQN,-5.5,SBILIFE,EQ,N,1850.0,156583,1855.5,1862.1,1836.0,1855.5,289623745.95,2132.0,1700.4,828993401701.74,2026-08-10 10:36:56,0,0.89,-0.69,08-Aug-2025,10-Jul-2026,13.227016885553471,-8.79792989884733,,,SBI LIFE INSURANCE COMPANY LIMITED,-0.3,2026-08-10 10:38:01
0,ASIANPAINTEQN,-10.5,ASIANPAINT,EQ,N,2724.5,105952,2724.7,2735.0,2713.5,2735.0,288894020.8,2985.7,2115.0,1228555899137.79,2026-08-10 10:36:57,0,10.05,1.74,08-Aug-2025,10-Jul-2026,8.748367217068024,-28.817966903073287,,,ASIAN PAINTS LIMITED,-0.38,2026-08-10 10:38:01
0,CIPLAEQN,3.7,CIPLA,EQ,N,1467.5,188996,1463.8,1483.7,1463.8,1463.8,278500725.68,1673.0,1165.7,824046099307.36,2026-08-10 10:37:01,0,-1.2,1.98,08-Aug-2025,10-Jul-2026,12.28332337118948,-25.890023162048553,,,CIPLA LIMITED,0.25,2026-08-10 10:38:01
0,DRREDDYEQN,-3.2,DRREDDY,EQ,N,1168.8,229447,1172.0,1178.8,1165.9,1172.0,268769626.86,1414.9,1101.0,710673712555.53,2026-08-10 10:36:59,0,-3.52,-6.07,08-Aug-2025,10-Jul-2026,17.39345536787052,-6.1580381471389645,,,DR. REDDY'S LABORATORIES LIMITED,-0.27,2026-08-10 10:38:01
0,TATACONSUMEQN,6.2,TATACONSUM,EQ,N,1088.5,145761,1085.6,1089.9,1082.3,1082.3,158225023.11,1282.7,1007.2,707165009864.82,2026-08-10 10:36:57,0,3.63,-2.05,08-Aug-2025,10-Jul-2026,15.139939190769471,-8.07188244638602,,,TATA CONSUMER PRODUCTS LIMITED,0.57,2026-08-10 10:38:01
1,NIFTY 50,19.75,NIFTY 50,,,24590.4,78560139,24581.25,24620.95,24511.1,24570.65,73567557588.64,26373.2,22182.55,,2026-08-10 10:37:34,0,0.93,1.58,08-Aug-2025,10-Jul-2026,6.759892618263995,-10.854703359171962,,,,0.08,2026-08-10 10:38:31
0,TITANEQN,154.0,TITAN,EQ,N,5095.0,1606231,4932.0,5098.7,4886.2,4941.0,8071118027.28,5098.7,3303.1,2097254976679.8,2026-08-10 10:37:01,0,47.07,11.01,08-Aug-2025,10-Jul-2026,0.07256751721026929,-54.24903878175048,,,TITAN COMPANY LIMITED,3.12,2026-08-10 10:38:31
0,SBINEQN,-8.0,SBIN,EQ,N,1089.2,6927418,1108.0,1113.3,1078.5,1097.2,7571113680.56,1234.7,790.0,4490382749957.04,2026-08-10 10:37:02,0,35.38,5.11,08-Aug-2025,10-Jul-2026,11.784239086417752,-37.87341772151899,,,STATE BANK OF INDIA,-0.73,2026-08-10 10:38:31
0,ICICIBANKEQN,-1.0,ICICIBANK,EQ,N,1420.0,4541083,1428.1,1441.9,1415.5,1421.0,6479398867.72,1480.0,1187.6,10146580988727.38,2026-08-10 10:37:02,0,-1.11,1.34,08-Aug-2025,10-Jul-2026,4.054054054054054,-19.568878410239137,,,ICICI BANK LIMITED,-0.07,2026-08-10 10:38:31
0,HDFCBANKEQN,5.8,HDFCBANK,EQ,N,736.8,8523586,731.5,737.35,728.5,731.0,6243441509.14,1020.5,726.65,11248329829492.81,2026-08-10 10:37:01,0,-25.35,-10.69,08-Aug-2025,10-Jul-2026,27.800097991180795,-1.3968210280052296,,,HDFC BANK LIMITED,0.79,2026-08-10 10:38:31
0,INFYEQN,14.7,INFY,EQ,N,1189.8,4060315,1178.1,1195.0,1175.2,1175.1,4812204131.7,1728.0,982.4,4162374433999.68,2026-08-10 10:37:01,0,-16.39,11.41,08-Aug-2025,10-Jul-2026,31.145833333333332,-21.11156351791531,,,INFOSYS LIMITED,1.25,2026-08-10 10:38:31
0,HINDALCOEQN,-7.65,HINDALCO,EQ,N,1051.95,3164238,1065.0,1068.35,1045.6,1059.6,3337068679.56,1176.0,657.5,1520085051234.0,2026-08-10 10:36:57,0,56.36,8.73,08-Aug-2025,10-Jul-2026,10.548469387755102,-59.99239543726236,,,HINDALCO INDUSTRIES LIMITED,-0.72,2026-08-10 10:38:31
0,RELIANCEEQN,-7.1,RELIANCE,EQ,N,1327.7,1893668,1330.1,1332.1,1321.3,1334.8,2510340984.2,1611.8,1249.8,8944371505674.96,2026-08-10 10:36:56,0,-2.94,1.51,08-Aug-2025,10-Jul-2026,17.626256359349796,-6.232997279564731,,,RELIANCE INDUSTRIES LIMITED,-0.53,2026-08-10 10:38:31
0,KOTAKBANKEQN,-0.85,KOTAKBANK,EQ,N,389.9,5772192,388.0,393.0,386.5,390.75,2244112805.76,453.2,345.5,2862865005582.69,2026-08-10 10:36:56,0,-0.18,3.24,08-Aug-2025,10-Jul-2026,13.967343336275375,-12.85094066570188,,,KOTAK MAHINDRA BANK LIMITED,-0.22,2026-08-10 10:38:31
0,M&MEQN,14.0,M&M,EQ,N,3516.0,628577,3509.0,3532.0,3491.1,3502.0,2209988731.22,3839.9,2896.0,3130409860369.4,2026-08-10 10:37:00,0,11.82,12.35,08-Aug-2025,10-Jul-2026,8.435115497799423,-21.408839779005525,,,MAHINDRA & MAHINDRA LIMITED,0.4,2026-08-10 10:38:31
0,TCSEQN,14.7,TCS,EQ,N,2467.4,854998,2452.7,2472.9,2443.8,2452.7,2101354234.54,3350.0,1976.8,2512013869736.95,2026-08-10 10:37:02,0,-18.78,19.19,08-Aug-2025,10-Jul-2026,26.34626865671642,-24.81788749494132,,,TATA CONSULTANCY SERVICES LIMITED,0.6,2026-08-10 10:38:31
0,BAJFINANCEEQN,0.6,BAJFINANCE,EQ,N,1078.6,1542351,1078.0,1084.1,1070.8,1078.0,1663240471.38,1176.4,787.9,2881467486760.61,2026-08-10 10:37:00,0,23.02,5.74,08-Aug-2025,10-Jul-2026,8.313498809928596,-36.89554511993908,,,BAJAJ FINANCE LIMITED,0.06,2026-08-10 10:38:31
0,TECHMEQN,26.1,TECHM,EQ,N,1661.1,979499,1644.0,1665.9,1643.3,1635.0,1624548066.45,1854.0,1304.1,1052339202982.54,2026-08-10 10:36:56,0,12.02,14.0,08-Aug-2025,10-Jul-2026,10.40453074433657,-27.375201288244767,,,TECH MAHINDRA LIMITED,1.6,2026-08-10 10:38:31
0,TATASTEELEQN,3.82,TATASTEEL,EQ,N,191.37,8387279,187.56,191.48,187.55,187.55,1595260465.8,224.4,153.05,1576878319871.7,2026-08-10 10:37:01,0,21.11,0.06,08-Aug-2025,10-Jul-2026,14.719251336898395,-25.037569421757595,,,TATA STEEL LIMITED,2.04,2026-08-10 10:38:31
0,GRASIMEQN,43.5,GRASIM,EQ,N,3366.5,444491,3324.0,3379.0,3290.2,3323.0,1491325088.83,3379.0,2502.5,1267849535619.6,2026-08-10 10:37:01,0,25.11,4.79,08-Aug-2025,10-Jul-2026,0.36993193252441553,-34.52547452547453,,,GRASIM INDUSTRIES LIMITED,1.31,2026-08-10 10:38:31
0,BHARTIARTLEQN,-19.0,BHARTIARTL,EQ,N,1940.9,690588,1955.0,1959.0,1938.5,1959.9,1343186754.12,2174.5,1740.5,6030364033903.75,2026-08-10 10:37:02,0,4.41,1.05,08-Aug-2025,10-Jul-2026,10.742699471142792,-11.513932777937374,,,BHARTI AIRTEL LIMITED,-0.97,2026-08-10 10:38:31
0,SHRIRAMFINEQN,4.9,SHRIRAMFIN,EQ,N,1119.9,1095230,1115.0,1123.3,1106.1,1115.0,1223130959.4,1153.7,566.5,1563672432965.58,2026-08-10 10:36:56,0,83.86,7.36,08-Aug-2025,10-Jul-2026,2.9297044292277024,-97.68755516328332,,,SHRIRAM FINANCE LIMITED,0.44,2026-08-10 10:38:31
0,AXISBANKEQN,2.2,AXISBANK,EQ,N,1240.2,961883,1235.0,1248.6,1235.0,1238.0,1194552878.87,1418.3,1042.5,3553496122193.93,2026-08-10 10:37:00,0,17.24,-6.29,08-Aug-2025,10-Jul-2026,12.557286892758937,-18.964028776978417,,,AXIS BANK LIMITED,0.18,2026-08-10 10:38:31
0,MARUTIEQN,46.0,MARUTI,EQ,N,14083.0,78515,14039.0,14107.0,13954.0,14037.0,1103694776.8,17370.0,12201.0,1831802261212.28,2026-08-10 10:37:01,0,11.86,1.65,08-Aug-2025,10-Jul-2026,18.92343120322395,-15.424965166789608,,,MARUTI SUZUKI INDIA LIMITED,0.33,2026-08-10 10:38:31
0,JIOFINEQN,1.05,JIOFIN,EQ,N,257.25,4080829,256.8,257.7,254.85,256.8,1046242939.02,333.7,223.3,841864013165.82,2026-08-10 10:37:01,0,-19.96,6.24,08-Aug-2025,10-Jul-2026,22.909799220857057,-15.203761755485893,,,JIO FINANCIAL SERVICES LIMITED,0.41,2026-08-10 10:38:31
0,ADANIENTEQN,-22.2,ADANIENT,EQ,N,2997.8,324756,3020.0,3021.8,2969.9,3020.0,972098629.92,3245.0,1753.0,897271742892.93,2026-08-10 10:37:01,0,41.79,-5.04,08-Aug-2025,10-Jul-2026,7.617873651771957,-71.00969766115232,,,ADANI ENTERPRISES LIMITED,-0.74,2026-08-10 10:38:31
0,ETERNALEQN,-0.7,ETERNAL,EQ,N,314.3,2907173,315.45,315.9,311.0,315.0,910410296.68,368.45,212.6,2265163348594.53,2026-08-10 10:36:58,0,4.52,8.58,08-Aug-2025,10-Jul-2026,14.696702401954132,-47.83631232361242,,,ETERNAL LIMITED,-0.22,2026-08-10 10:38:31
0,LTEQN,5.4,LT,EQ,N,4061.4,221578,4055.7,4064.0,4025.8,4056.0,895527429.02,4440.0,3288.1,4740905512720.44,2026-08-10 10:37:01,0,12.57,2.92,08-Aug-2025,10-Jul-2026,8.527027027027026,-23.518141175754995,,,LARSEN & TOUBRO LIMITED,0.13,2026-08-10 10:38:31
0,TMPVEQN,1.85,TMPV,EQ,N,348.85,2106187,347.0,351.4,344.6,347.0,734659087.47,739.7,294.3,727138384395.49,2026-08-10 10:36:56,0,-44.93,3.27,08-Aug-2025,10-Jul-2026,52.838988779234825,-18.535507985049268,,,TATA MOTORS PASSENGER VEHICLES LIMITED,0.53,2026-08-10 10:38:31
0,APOLLOHOSPEQN,-54.5,APOLLOHOSP,EQ,N,8890.5,81651,8945.0,8971.0,8884.0,8945.0,726999274.74,9050.0,6696.5,912363317780.7,2026-08-10 10:37:01,0,25.51,0.57,08-Aug-2025,10-Jul-2026,1.7624309392265194,-32.76338385723886,,,APOLLO HOSPITALS ENTERPRISE LIMITED,-0.61,2026-08-10 10:38:31
0,EICHERMOTEQN,-44.0,EICHERMOT,EQ,N,7976.0,88736,8000.0,8005.0,7938.0,8020.0,708062700.48,8230.0,5588.0,1096168968693.19,2026-08-10 10:36:58,0,40.8,8.25,08-Aug-2025,10-Jul-2026,3.086269744835966,-42.7344309234073,,,EICHER MOTORS LIMITED,-0.55,2026-08-10 10:38:31
0,ONGCEQN,0.08,ONGC,EQ,N,238.93,2739281,240.0,241.3,238.52,238.85,656331727.6,307.5,227.65,925526776960.76,2026-08-10 10:37:01,0,2.36,-2.45,08-Aug-2025,10-Jul-2026,22.29918699186992,-4.954974741928399,,,OIL & NATURAL GAS CORPORATION LIMITED,0.03,2026-08-10 10:38:31
0,ITCEQN,-1.8,ITC,EQ,N,284.3,2303034,286.1,286.1,283.6,286.1,654660444.84,427.0,275.0,2732892959266.5,2026-08-10 10:36:57,0,-31.41,0.91,08-Aug-2025,10-Jul-2026,33.4192037470726,-3.381818181818182,,,ITC LIMITED,-0.63,2026-08-10 10:38:31
0,POWERGRIDEQN,-1.55,POWERGRID,EQ,N,270.05,2319314,271.5,271.55,268.8,271.6,625634951.5,324.95,250.0,1219515981918.26,2026-08-10 10:37:01,0,-5.21,-4.63,08-Aug-2025,10-Jul-2026,16.894906908755193,-8.02,,,POWER GRID CORPORATION OF INDIA LIMITED,-0.57,2026-08-10 10:38:31
0,SUNPHARMAEQN,4.7,SUNPHARMA,EQ,N,1949.7,311499,1949.9,1965.0,1945.0,1945.0,608385581.91,2046.9,1548.0,2058719676598.98,2026-08-10 10:36:56,0,22.85,0.72,08-Aug-2025,10-Jul-2026,4.748644291367434,-25.949612403100776,,,SUN PHARMACEUTICAL INDUSTRIES LIMITED,0.24,2026-08-10 10:38:31
0,TRENTEQN,27.1,TRENT,EQ,N,3024.1,200179,3010.0,3032.4,2981.0,2997.0,603453608.03,3782.67,2183.67,1003003926043.92,2026-08-10 10:37:02,0,-14.71,4.15,08-Aug-2025,10-Jul-2026,20.053824415029595,-38.48704245604876,,,TRENT LIMITED,0.9,2026-08-10 10:38:31
0,BELEQN,-0.25,BEL,EQ,N,400.75,1453835,402.0,402.2,399.25,401.0,582478992.75,473.45,361.2,1431530226597.47,2026-08-10 10:37:00,0,4.2,-3.4,08-Aug-2025,10-Jul-2026,15.355370155243426,-10.949612403100776,,,BHARAT ELECTRONICS LIMITED,-0.06,2026-08-10 10:38:31
0,HCLTECHEQN,8.8,HCLTECH,EQ,N,1365.4,404730,1356.6,1367.5,1353.2,1356.6,550404468.9,1780.1,1030.0,1435599680081.83,2026-08-10 10:36:58,0,-7.5,17.26,08-Aug-2025,10-Jul-2026,23.296444019998876,-32.56310679611651,,,HCL TECHNOLOGIES LIMITED,0.65,2026-08-10 10:38:31
0,BAJAJFINSVEQN,-3.5,BAJAJFINSV,EQ,N,2005.4,274471,2009.0,2011.3,1992.6,2008.9,548917297.61,2195.0,1597.0,1157606722694.33,2026-08-10 10:37:01,0,4.53,4.71,08-Aug-2025,10-Jul-2026,8.637813211845103,-25.572949279899813,,,BAJAJ FINSERV LIMITED,-0.17,2026-08-10 10:38:31
0,ULTRACEMCOEQN,-67.0,ULTRACEMCO,EQ,N,12038.0,41868,12040.0,12050.0,11921.0,12105.0,502652972.88,13110.0,10325.0,1419845152991.19,2026-08-10 10:36:57,0,-1.0,2.77,08-Aug-2025,10-Jul-2026,8.176964149504196,-16.590799031476998,,,ULTRATECH CEMENT LIMITED,-0.55,2026-08-10 10:38:31
0,ADANIPORTSEQN,-12.4,ADANIPORTS,EQ,N,1681.1,290279,1690.0,1690.0,1673.1,1693.5,487718067.43,1891.1,1290.5,1236743033410.3,2026-08-10 10:37:00,0,26.87,-8.05,08-Aug-2025,10-Jul-2026,11.10464808841415,-30.267338240991865,,,ADANI PORTS AND SPECIAL ECONOMIC ZONE LIMITED,-0.73,2026-08-10 10:38:31
0,COALINDIAEQN,-2.2,COALINDIA,EQ,N,413.05,1137910,415.0,415.15,412.25,415.25,469877176.3,491.25,368.65,986494158037.38,2026-08-10 10:37:00,0,8.78,-3.79,08-Aug-2025,10-Jul-2026,15.91857506361323,-12.043944120439441,,,COAL INDIA LIMITED,-0.53,2026-08-10 10:38:31
0,INDIGOEQN,10.5,INDIGO,EQ,N,5343.5,86662,5305.0,5355.0,5297.0,5333.0,461520214.24,6232.5,3895.2,1205833986555.27,2026-08-10 10:36:59,0,-7.44,0.54,08-Aug-2025,10-Jul-2026,14.263939029281989,-37.18165947833231,,,INTERGLOBE AVIATION LIMITED,0.2,2026-08-10 10:38:31
0,BAJAJ-AUTOEQN,46.0,BAJAJ-AUTO,EQ,N,11708.0,37025,11662.0,11750.0,11615.0,11662.0,433144737.75,11856.0,7858.5,1271136533618.48,2026-08-10 10:37:01,0,42.35,15.27,08-Aug-2025,10-Jul-2026,1.2483130904183535,-48.985175287904816,,,BAJAJ AUTO LIMITED,0.39,2026-08-10 10:38:31
0,JSWSTEELEQN,6.9,JSWSTEEL,EQ,N,1306.4,304749,1299.5,1312.0,1295.0,1299.5,397849819.5,1335.0,1022.3,1222182793928.04,2026-08-10 10:36:57,0,24.51,4.9,08-Aug-2025,10-Jul-2026,2.142322097378277,-27.790276826763183,,,JSW STEEL LIMITED,0.53,2026-08-10 10:38:31
0,NTPCEQN,-1.2,NTPC,EQ,N,341.3,981328,342.5,343.7,341.1,342.5,335614176.0,414.4,315.55,1613286840039.86,2026-08-10 10:37:01,0,1.96,-0.94,08-Aug-2025,10-Jul-2026,17.63996138996139,-8.160354935826335,,,NTPC LIMITED,-0.35,2026-08-10 10:38:31
0,HDFCLIFEEQN,-5.95,HDFCLIFE,EQ,N,534.05,600033,540.0,541.0,531.05,540.0,320219611.11,815.0,530.5,576754444560.24,2026-08-10 10:36:57,0,-29.87,-5.93,08-Aug-2025,10-Jul-2026,34.47239263803681,-0.6691800188501413,,,HDFC LIFE INSURANCE COMPANY LIMITED,-1.1,2026-08-10 10:38:31
0,MAXHEALTHEQN,-2.2,MAXHEALTH,EQ,N,1067.8,300064,1070.2,1074.7,1062.5,1070.0,319901231.04,1301.7,903.0,792422859451.24,2026-08-10 10:36:57,0,-14.25,-3.63,08-Aug-2025,10-Jul-2026,17.968810017669202,-18.250276854928018,,,MAX HEALTHCARE INSTITUTE LIMITED,-0.21,2026-08-10 10:38:31
0,HINDUNILVREQN,-11.6,HINDUNILVR,EQ,N,2084.4,149543,2096.0,2096.0,2078.6,2096.0,311780705.27,2750.0,2016.0,1844341065066.75,2026-08-10 10:36:58,0,-16.58,-3.08,08-Aug-2025,10-Jul-2026,24.203636363636363,-3.392857142857143,,,HINDUSTAN UNILEVER LIMITED,-0.55,2026-08-10 10:38:31
0,WIPROEQN,-0.44,WIPRO,EQ,N,187.09,1644622,187.53,187.89,186.1,187.53,307560760.22,273.1,169.0,505565977291.3,2026-08-10 10:37:01,0,-21.75,6.61,08-Aug-2025,10-Jul-2026,31.4939582570487,-10.70414201183432,,,WIPRO LIMITED,-0.23,2026-08-10 10:38:31
0,NESTLEINDEQN,-3.4,NESTLEIND,EQ,N,1536.6,189922,1534.1,1547.5,1532.1,1540.0,292356430.7,1553.0,1084.7,1098820378104.57,2026-08-10 10:37:01,0,40.13,5.59,08-Aug-2025,10-Jul-2026,1.056020605280103,-41.661288835622756,,,NESTLE INDIA LIMITED,-0.22,2026-08-10 10:38:31
0,SBILIFEEQN,-5.5,SBILIFE,EQ,N,1850.0,156583,1855.5,1862.1,1836.0,1855.5,289623745.95,2132.0,1700.4,828993401701.74,2026-08-10 10:36:56,0,0.89,-0.69,08-Aug-2025,10-Jul-2026,13.227016885553471,-8.79792989884733,,,SBI LIFE INSURANCE COMPANY LIMITED,-0.3,2026-08-10 10:38:31
0,ASIANPAINTEQN,-10.5,ASIANPAINT,EQ,N,2724.5,105952,2724.7,2735.0,2713.5,2735.0,288894020.8,2985.7,2115.0,1228555899137.79,2026-08-10 10:36:57,0,10.05,1.74,08-Aug-2025,10-Jul-2026,8.748367217068024,-28.817966903073287,,,ASIAN PAINTS LIMITED,-0.38,2026-08-10 10:38:31
0,CIPLAEQN,3.7,CIPLA,EQ,N,1467.5,188996,1463.8,1483.7,1463.8,1463.8,278500725.68,1673.0,1165.7,824046099307.36,2026-08-10 10:37:01,0,-1.2,1.98,08-Aug-2025,10-Jul-2026,12.28332337118948,-25.890023162048553,,,CIPLA LIMITED,0.25,2026-08-10 10:38:31
0,DRREDDYEQN,-3.2,DRREDDY,EQ,N,1168.8,229447,1172.0,1178.8,1165.9,1172.0,268769626.86,1414.9,1101.0,710673712555.53,2026-08-10 10:36:59,0,-3.52,-6.07,08-Aug-2025,10-Jul-2026,17.39345536787052,-6.1580381471389645,,,DR. REDDY'S LABORATORIES LIMITED,-0.27,2026-08-10 10:38:31
0,TATACONSUMEQN,6.2,TATACONSUM,EQ,N,1088.5,145761,1085.6,1089.9,1082.3,1082.3,158225023.11,1282.7,1007.2,707165009864.82,2026-08-10 10:36:57,0,3.63,-2.05,08-Aug-2025,10-Jul-2026,15.139939190769471,-8.07188244638602,,,TATA CONSUMER PRODUCTS LIMITED,0.57,2026-08-10 10:38:31
1,NIFTY 50,18.55,NIFTY 50,,,24589.2,79042408,24581.25,24620.95,24511.1,24570.65,74001194735.24,26373.2,22182.55,,2026-08-10 10:38:54,0,0.93,1.58,08-Aug-2025,10-Jul-2026,6.764442691823517,-10.849293701580747,,,,0.08,2026-08-10 10:39:01
0,TITANEQN,144.9,TITAN,EQ,N,5085.9,1616458,4932.0,5098.7,4886.2,4941.0,8123170222.82,5098.7,3303.1,2095237593604.47,2026-08-10 10:38:01,0,47.03,10.98,08-Aug-2025,10-Jul-2026,0.2510443838625532,-53.97354000787139,,,TITAN COMPANY LIMITED,2.93,2026-08-10 10:39:01
0,SBINEQN,-8.4,SBIN,EQ,N,1088.8,6976205,1108.0,1113.3,1078.5,1097.2,7624294444.5,1234.7,790.0,4489146184118.06,2026-08-10 10:38:01,0,35.41,5.13,08-Aug-2025,10-Jul-2026,11.816635619988661,-37.822784810126585,,,STATE BANK OF INDIA,-0.77,2026-08-10 10:39:01
0,ICICIBANKEQN,-1.0,ICICIBANK,EQ,N,1420.0,4550396,1428.1,1441.9,1415.5,1421.0,6492641524.68,1480.0,1187.6,10147295587008.15,2026-08-10 10:37:59,0,-1.11,1.34,08-Aug-2025,10-Jul-2026,4.054054054054054,-19.568878410239137,,,ICICI BANK LIMITED,-0.07,2026-08-10 10:39:01
0,HDFCBANKEQN,5.6,HDFCBANK,EQ,N,736.6,8575257,731.5,737.35,728.5,731.0,6281461505.07,1020.5,726.65,11256733227219.27,2026-08-10 10:38:01,0,-25.39,-10.74,08-Aug-2025,10-Jul-2026,27.819696227339538,-1.3692974609509392,,,HDFC BANK LIMITED,0.77,2026-08-10 10:39:01
0,INFYEQN,14.8,INFY,EQ,N,1189.9,4079145,1178.1,1195.0,1175.2,1175.1,4834602654.0,1728.0,982.4,4162374433999.68,2026-08-10 10:38:01,0,-16.37,11.43,08-Aug-2025,10-Jul-2026,31.140046296296298,-21.121742671009773,,,INFOSYS LIMITED,1.26,2026-08-10 10:39:01
0,HINDALCOEQN,-7.95,HINDALCO,EQ,N,1051.65,3177034,1065.0,1068.35,1045.6,1059.6,3350500056.4,1176.0,657.5,1518785586429.57,2026-08-10 10:37:58,0,56.32,8.7,08-Aug-2025,10-Jul-2026,10.573979591836734,-59.946768060836504,,,HINDALCO INDUSTRIES LIMITED,-0.75,2026-08-10 10:39:01
0,RELIANCEEQN,-7.9,RELIANCE,EQ,N,1326.9,1902159,1330.1,1332.1,1321.3,1334.8,2521616099.94,1611.8,1249.8,8943697831538.81,2026-08-10 10:37:57,0,-2.98,1.47,08-Aug-2025,10-Jul-2026,17.675890308971336,-6.168987037926068,,,RELIANCE INDUSTRIES LIMITED,-0.59,2026-08-10 10:39:01
0,KOTAKBANKEQN,-0.9,KOTAKBANK,EQ,N,389.85,5788891,388.0,393.0,386.5,390.75,2250605042.98,453.2,345.5,2862497877472.2,2026-08-10 10:37:57,0,-0.16,3.26,08-Aug-2025,10-Jul-2026,13.9783759929391,-12.836468885672938,,,KOTAK MAHINDRA BANK LIMITED,-0.23,2026-08-10 10:39:01
0,M&MEQN,13.8,M&M,EQ,N,3515.8,629836,3509.0,3532.0,3491.1,3502.0,2214415198.96,3839.9,2896.0,3129341521869.75,2026-08-10 10:38:02,0,11.79,12.32,08-Aug-2025,10-Jul-2026,8.440323966769968,-21.40193370165746,,,MAHINDRA & MAHINDRA LIMITED,0.39,2026-08-10 10:39:01
0,TCSEQN,14.7,TCS,EQ,N,2467.4,866472,2452.7,2472.9,2443.8,2452.7,2129649540.48,3350.0,1976.8,2510792122627.28,2026-08-10 10:38:02,0,-18.74,19.26,08-Aug-2025,10-Jul-2026,26.34626865671642,-24.81788749494132,,,TATA CONSULTANCY SERVICES LIMITED,0.6,2026-08-10 10:39:01
0,TECHMEQN,23.3,TECHM,EQ,N,1658.3,1017630,1644.0,1665.9,1643.3,1635.0,1687800412.8,1854.0,1304.1,1050312550689.85,2026-08-10 10:38:01,0,11.97,13.94,08-Aug-2025,10-Jul-2026,10.555555555555555,-27.160493827160494,,,TECH MAHINDRA LIMITED,1.43,2026-08-10 10:39:01
0,BAJFINANCEEQN,1.3,BAJFINANCE,EQ,N,1079.3,1547788,1078.0,1084.1,1070.8,1078.0,1669119101.32,1176.4,787.9,2883872941484.74,2026-08-10 10:38:02,0,23.06,5.77,08-Aug-2025,10-Jul-2026,8.253995239714383,-36.984388881837795,,,BAJAJ FINANCE LIMITED,0.12,2026-08-10 10:39:01
0,TATASTEELEQN,3.84,TATASTEEL,EQ,N,191.39,8530613,187.56,191.48,187.55,187.55,1622693204.86,224.4,153.05,1576878319871.7,2026-08-10 10:38:01,0,21.09,0.04,08-Aug-2025,10-Jul-2026,14.710338680926917,-25.05063704671676,,,TATA STEEL LIMITED,2.05,2026-08-10 10:39:01
0,GRASIMEQN,44.5,GRASIM,EQ,N,3367.5,444943,3324.0,3379.0,3290.2,3323.0,1492846057.02,3379.0,2502.5,1267849535619.6,2026-08-10 10:37:58,0,25.2,4.86,08-Aug-2025,10-Jul-2026,0.34033737792246227,-34.565434565434565,,,GRASIM INDUSTRIES LIMITED,1.34,2026-08-10 10:39:01
0,BHARTIARTLEQN,-18.8,BHARTIARTL,EQ,N,1941.1,700879,1955.0,1959.0,1938.5,1959.9,1363153584.68,2174.5,1740.5,6026016482718.08,2026-08-10 10:38:01,0,4.45,1.09,08-Aug-2025,10-Jul-2026,10.733501954472292,-11.525423728813559,,,BHARTI AIRTEL LIMITED,-0.96,2026-08-10 10:39:01
0,SHRIRAMFINEQN,6.5,SHRIRAMFIN,EQ,N,1121.5,1100403,1115.0,1123.3,1106.1,1115.0,1228930070.4,1153.7,566.5,1565488058334.33,2026-08-10 10:37:57,0,83.97,7.42,08-Aug-2025,10-Jul-2026,2.7910201958914795,-97.96999117387467,,,SHRIRAM FINANCE LIMITED,0.58,2026-08-10 10:39:01
0,AXISBANKEQN,2.2,AXISBANK,EQ,N,1240.2,964566,1235.0,1248.6,1235.0,1238.0,1197875224.08,1418.3,1042.5,3554069128099.31,2026-08-10 10:37:56,0,17.21,-6.31,08-Aug-2025,10-Jul-2026,12.557286892758937,-18.964028776978417,,,AXIS BANK LIMITED,0.18,2026-08-10 10:39:01
0,MARUTIEQN,46.0,MARUTI,EQ,N,14083.0,78643,14039.0,14107.0,13954.0,14037.0,1105498020.31,17370.0,12201.0,1832062441918.37,2026-08-10 10:37:57,0,11.88,1.67,08-Aug-2025,10-Jul-2026,18.92343120322395,-15.424965166789608,,,MARUTI SUZUKI INDIA LIMITED,0.33,2026-08-10 10:39:01
0,JIOFINEQN,1.0,JIOFIN,EQ,N,257.2,4091353,256.8,257.7,254.85,256.8,1048941082.14,333.7,223.3,841536821555.57,2026-08-10 10:38:02,0,-19.93,6.28,08-Aug-2025,10-Jul-2026,22.924782738987115,-15.181370353784146,,,JIO FINANCIAL SERVICES LIMITED,0.39,2026-08-10 10:39:01
0,ADANIENTEQN,-21.3,ADANIENT,EQ,N,2998.7,325269,3020.0,3021.8,2969.9,3020.0,973637455.77,3245.0,1753.0,897541184876.38,2026-08-10 10:37:56,0,41.77,-5.05,08-Aug-2025,10-Jul-2026,7.590138674884438,-71.06103822019395,,,ADANI ENTERPRISES LIMITED,-0.71,2026-08-10 10:39:01
0,ETERNALEQN,-0.35,ETERNAL,EQ,N,314.65,2920533,315.45,315.9,311.0,315.0,914623319.61,368.45,212.6,2267326139824.88,2026-08-10 10:37:59,0,4.65,8.72,08-Aug-2025,10-Jul-2026,14.601709865653413,-48.000940733772346,,,ETERNAL LIMITED,-0.11,2026-08-10 10:39:01
0,LTEQN,4.8,LT,EQ,N,4060.8,222088,4055.7,4064.0,4025.8,4056.0,897597523.44,4440.0,3288.1,4740088497565.24,2026-08-10 10:37:56,0,12.54,2.89,08-Aug-2025,10-Jul-2026,8.54054054054054,-23.499893555548798,,,LARSEN & TOUBRO LIMITED,0.12,2026-08-10 10:39:01
0,TMPVEQN,1.95,TMPV,EQ,N,348.95,2109733,347.0,351.4,344.6,347.0,735895967.73,739.7,294.3,727346793218.76,2026-08-10 10:37:57,0,-44.9,3.31,08-Aug-2025,10-Jul-2026,52.82546978504799,-18.569486918110773,,,TATA MOTORS PASSENGER VEHICLES LIMITED,0.56,2026-08-10 10:39:01
0,APOLLOHOSPEQN,-53.5,APOLLOHOSP,EQ,N,8891.5,81820,8945.0,8971.0,8884.0,8945.0,728501552.2,9050.0,6696.5,912465940053.66,2026-08-10 10:37:56,0,25.53,0.59,08-Aug-2025,10-Jul-2026,1.7513812154696133,-32.778317031285,,,APOLLO HOSPITALS ENTERPRISE LIMITED,-0.6,2026-08-10 10:39:01
0,EICHERMOTEQN,-49.5,EICHERMOT,EQ,N,7970.5,89050,8000.0,8005.0,7938.0,8020.0,710566460.5,8230.0,5588.0,1095894084618.54,2026-08-10 10:37:59,0,40.83,8.28,08-Aug-2025,10-Jul-2026,3.153098420413123,-42.63600572655691,,,EICHER MOTORS LIMITED,-0.62,2026-08-10 10:39:01
0,ONGCEQN,0.08,ONGC,EQ,N,238.93,2744600,240.0,241.3,238.52,238.85,657578714.0,307.5,227.65,925604249590.98,2026-08-10 10:37:56,0,2.35,-2.46,08-Aug-2025,10-Jul-2026,22.29918699186992,-4.954974741928399,,,OIL & NATURAL GAS CORPORATION LIMITED,0.03,2026-08-10 10:39:01
0,ITCEQN,-1.85,ITC,EQ,N,284.25,2307712,286.1,286.1,283.6,286.1,655990213.12,427.0,275.0,2732892959266.5,2026-08-10 10:37:58,0,-31.42,0.89,08-Aug-2025,10-Jul-2026,33.430913348946135,-3.3636363636363638,,,ITC LIMITED,-0.65,2026-08-10 10:39:01
0,POWERGRIDEQN,-1.55,POWERGRID,EQ,N,270.05,2321235,271.5,271.55,268.8,271.6,626153141.25,324.95,250.0,1219290187439.11,2026-08-10 10:37:56,0,-5.2,-4.61,08-Aug-2025,10-Jul-2026,16.894906908755193,-8.02,,,POWER GRID CORPORATION OF INDIA LIMITED,-0.57,2026-08-10 10:39:01
0,SUNPHARMAEQN,4.5,SUNPHARMA,EQ,N,1949.5,313366,1949.9,1965.0,1945.0,1945.0,612025733.62,2046.9,1548.0,2058508493373.19,2026-08-10 10:37:57,0,22.87,0.74,08-Aug-2025,10-Jul-2026,4.758415164394939,-25.93669250645995,,,SUN PHARMACEUTICAL INDUSTRIES LIMITED,0.23,2026-08-10 10:39:01
0,TRENTEQN,26.6,TRENT,EQ,N,3023.6,200625,3010.0,3032.4,2981.0,2997.0,604802118.75,3782.67,2183.67,1003203013762.47,2026-08-10 10:37:57,0,-14.66,4.21,08-Aug-2025,10-Jul-2026,20.067042591608573,-38.4641452234083,,,TRENT LIMITED,0.89,2026-08-10 10:39:01
0,BELEQN,-0.4,BEL,EQ,N,400.6,1459544,402.0,402.2,399.25,401.0,584766303.6,473.45,361.2,1430994474267.16,2026-08-10 10:38:02,0,4.16,-3.43,08-Aug-2025,10-Jul-2026,15.387052487063048,-10.908084163898117,,,BHARAT ELECTRONICS LIMITED,-0.1,2026-08-10 10:39:01
0,HCLTECHEQN,8.7,HCLTECH,EQ,N,1365.3,408470,1356.6,1367.5,1353.2,1356.6,555511030.6,1780.1,1030.0,1435074011945.58,2026-08-10 10:37:59,0,-7.47,17.3,08-Aug-2025,10-Jul-2026,23.30206168192798,-32.55339805825243,,,HCL TECHNOLOGIES LIMITED,0.64,2026-08-10 10:39:01
0,BAJAJFINSVEQN,-3.0,BAJAJFINSV,EQ,N,2005.9,275547,2009.0,2011.3,1992.6,2008.9,551074711.71,2195.0,1597.0,1158184025069.5,2026-08-10 10:37:56,0,4.53,4.71,08-Aug-2025,10-Jul-2026,8.61503416856492,-25.604257983719474,,,BAJAJ FINSERV LIMITED,-0.15,2026-08-10 10:39:01
0,ULTRACEMCOEQN,-70.0,ULTRACEMCO,EQ,N,12035.0,42140,12040.0,12050.0,11921.0,12105.0,505926519.0,13110.0,10325.0,1420199170233.46,2026-08-10 10:37:58,0,-0.99,2.78,08-Aug-2025,10-Jul-2026,8.199847444698703,-16.56174334140436,,,ULTRATECH CEMENT LIMITED,-0.58,2026-08-10 10:39:01
0,ADANIPORTSEQN,-12.3,ADANIPORTS,EQ,N,1681.2,292402,1690.0,1690.0,1673.1,1693.5,491287992.36,1891.1,1290.5,1236595898435.17,2026-08-10 10:38:02,0,26.87,-8.05,08-Aug-2025,10-Jul-2026,11.099360160753001,-30.275087175513367,,,ADANI PORTS AND SPECIAL ECONOMIC ZONE LIMITED,-0.73,2026-08-10 10:39:01
0,COALINDIAEQN,-2.25,COALINDIA,EQ,N,413.0,1139924,415.0,415.15,412.25,415.25,470708817.32,491.25,368.65,986733018608.33,2026-08-10 10:38:02,0,8.8,-3.77,08-Aug-2025,10-Jul-2026,15.928753180661577,-12.030381120303812,,,COAL INDIA LIMITED,-0.54,2026-08-10 10:39:01
0,INDIGOEQN,9.0,INDIGO,EQ,N,5342.0,87031,5305.0,5355.0,5297.0,5333.0,463490552.98,6232.5,3895.2,1204818214758.29,2026-08-10 10:38:00,0,-7.41,0.56,08-Aug-2025,10-Jul-2026,14.288006417970317,-37.143150544259605,,,INTERGLOBE AVIATION LIMITED,0.17,2026-08-10 10:39:01
0,BAJAJ-AUTOEQN,45.0,BAJAJ-AUTO,EQ,N,11707.0,37258,11662.0,11750.0,11615.0,11662.0,435872772.66,11856.0,7858.5,1271136533618.48,2026-08-10 10:37:56,0,42.39,15.3,08-Aug-2025,10-Jul-2026,1.2567476383265856,-48.972450213145,,,BAJAJ AUTO LIMITED,0.39,2026-08-10 10:39:01
0,JSWSTEELEQN,6.9,JSWSTEEL,EQ,N,1306.4,305392,1299.5,1312.0,1295.0,1299.5,398689256.0,1335.0,1022.3,1221902197893.62,2026-08-10 10:37:58,0,24.5,4.89,08-Aug-2025,10-Jul-2026,2.142322097378277,-27.790276826763183,,,JSW STEEL LIMITED,0.53,2026-08-10 10:39:01
0,NTPCEQN,-1.25,NTPC,EQ,N,341.25,988781,342.5,343.7,341.1,342.5,338163102.0,414.4,315.55,1612814081991.5,2026-08-10 10:37:56,0,1.97,-0.93,08-Aug-2025,10-Jul-2026,17.652027027027028,-8.144509586436381,,,NTPC LIMITED,-0.36,2026-08-10 10:39:01
0,HDFCLIFEEQN,-5.95,HDFCLIFE,EQ,N,534.05,601277,540.0,541.0,531.05,540.0,320883496.59,815.0,530.5,576754444560.24,2026-08-10 10:37:58,0,-29.85,-5.89,08-Aug-2025,10-Jul-2026,34.47239263803681,-0.6691800188501413,,,HDFC LIFE INSURANCE COMPANY LIMITED,-1.1,2026-08-10 10:39:01
0,MAXHEALTHEQN,-2.1,MAXHEALTH,EQ,N,1067.9,300214,1070.2,1074.7,1062.5,1070.0,320061147.54,1301.7,903.0,792571294940.51,2026-08-10 10:37:57,0,-14.19,-3.56,08-Aug-2025,10-Jul-2026,17.96112775601137,-18.261351052048727,,,MAX HEALTHCARE INSTITUTE LIMITED,-0.2,2026-08-10 10:39:01
0,HINDUNILVREQN,-12.0,HINDUNILVR,EQ,N,2084.0,150212,2096.0,2096.0,2078.6,2096.0,313175496.68,2750.0,2016.0,1843987183728.41,2026-08-10 10:37:59,0,-16.57,-3.06,08-Aug-2025,10-Jul-2026,24.21818181818182,-3.373015873015873,,,HINDUSTAN UNILEVER LIMITED,-0.57,2026-08-10 10:39:01
0,WIPROEQN,-0.47,WIPRO,EQ,N,187.06,1657481,187.53,187.89,186.1,187.53,309965521.81,273.1,169.0,505187883077.51,2026-08-10 10:37:57,0,-21.74,6.62,08-Aug-2025,10-Jul-2026,31.50494324423288,-10.68639053254438,,,WIPRO LIMITED,-0.25,2026-08-10 10:39:01
0,NESTLEINDEQN,-3.5,NESTLEIND,EQ,N,1536.5,190984,1534.1,1547.5,1532.1,1540.0,293987400.72,1553.0,1084.7,1098248373743.25,2026-08-10 10:37:56,0,40.14,5.59,08-Aug-2025,10-Jul-2026,1.0624597553122987,-41.652069696690326,,,NESTLE INDIA LIMITED,-0.23,2026-08-10 10:39:01
0,ASIANPAINTEQN,-10.4,ASIANPAINT,EQ,N,2724.6,106618,2724.7,2735.0,2713.5,2735.0,290708903.52,2985.7,2115.0,1228600995342.29,2026-08-10 10:37:58,0,10.05,1.74,08-Aug-2025,10-Jul-2026,8.745017918746022,-28.822695035460992,,,ASIAN PAINTS LIMITED,-0.38,2026-08-10 10:39:01
0,SBILIFEEQN,-5.5,SBILIFE,EQ,N,1850.0,157064,1855.5,1862.1,1836.0,1855.5,290513427.6,2132.0,1700.4,828993401701.74,2026-08-10 10:37:57,0,0.99,-0.6,08-Aug-2025,10-Jul-2026,13.227016885553471,-8.79792989884733,,,SBI LIFE INSURANCE COMPANY LIMITED,-0.3,2026-08-10 10:39:01
0,CIPLAEQN,3.6,CIPLA,EQ,N,1467.4,189603,1463.8,1483.7,1463.8,1463.8,279391396.68,1673.0,1165.7,823653322329.61,2026-08-10 10:37:56,0,-1.17,2.01,08-Aug-2025,10-Jul-2026,12.289300657501494,-25.88144462554688,,,CIPLA LIMITED,0.25,2026-08-10 10:39:01
0,DRREDDYEQN,-2.9,DRREDDY,EQ,N,1169.1,230132,1172.0,1178.8,1165.9,1172.0,269569720.84,1414.9,1101.0,710491348246.43,2026-08-10 10:38:00,0,-3.5,-6.05,08-Aug-2025,10-Jul-2026,17.37225245600396,-6.185286103542234,,,DR. REDDY'S LABORATORIES LIMITED,-0.25,2026-08-10 10:39:01
0,TATACONSUMEQN,7.2,TATACONSUM,EQ,N,1089.5,147632,1085.6,1089.9,1082.3,1082.3,160261917.6,1282.7,1007.2,707294895990.24,2026-08-10 10:37:58,0,3.67,-2.01,08-Aug-2025,10-Jul-2026,15.061978638808762,-8.171167593328038,,,TATA CONSUMER PRODUCTS LIMITED,0.67,2026-08-10 10:39:01
1,NIFTY 50,55.15,NIFTY 50,,,23272.75,179324151,23195.25,23363.55,23193.65,23217.6,131600036475.16,26373.2,22182.55,,2026-09-17 14:17:24,0,-8.12,-4.18,16-Sep-2025,17-Aug-2026,11.756062973018064,-4.9146739216185695,,,,0.24,2026-09-17 14:17:42
0,HDFCBANKEQN,-5.9,HDFCBANK,EQ,N,715.6,16900150,717.5,719.4,713.1,721.5,12099155388.0,1020.5,681.9,10943858866881.02,2026-09-17 14:16:46,0,-25.96,-1.84,17-Sep-2025,17-Aug-2026,29.877511024007838,-4.942073617832527,,,HDFC BANK LIMITED,-0.82,2026-09-17 14:17:42
0,ETERNALEQN,7.2,ETERNAL,EQ,N,324.2,22398559,318.3,327.8,318.25,317.0,7279307689.41,368.45,212.6,2337256389606.45,2026-09-17 14:16:46,0,-1.25,1.93,17-Sep-2025,17-Aug-2026,12.009770660876645,-52.49294449670743,,,ETERNAL LIMITED,2.27,2026-09-17 14:17:42
0,ICICIBANKEQN,-6.4,ICICIBANK,EQ,N,1352.4,5330418,1352.0,1363.0,1349.1,1358.8,7224741948.84,1480.0,1187.6,9666459158889.88,2026-09-17 14:16:46,0,-4.71,-4.44,17-Sep-2025,17-Aug-2026,8.621621621621621,-13.876726170427753,,,ICICI BANK LIMITED,-0.47,2026-09-17 14:17:42
0,RELIANCEEQN,4.0,RELIANCE,EQ,N,1244.0,5756721,1244.8,1253.4,1238.5,1240.0,7163836314.03,1611.8,1235.3,8379832579580.54,2026-09-17 14:16:46,0,-12.02,-5.49,17-Sep-2025,17-Aug-2026,22.819208338503536,-0.7042823605601878,,,RELIANCE INDUSTRIES LIMITED,0.32,2026-09-17 14:17:42
0,SBINEQN,-4.0,SBIN,EQ,N,987.4,6528121,991.2,1000.9,985.2,991.4,6469433192.21,1234.7,821.65,4069603954472.8,2026-09-17 14:16:46,0,15.22,-6.94,17-Sep-2025,17-Aug-2026,20.02915688021382,-20.172822978153715,,,STATE BANK OF INDIA,-0.4,2026-09-17 14:17:42
0,BHARTIARTLEQN,0.3,BHARTIARTL,EQ,N,1835.3,2849184,1841.8,1845.9,1827.6,1835.0,5234121959.04,2174.5,1740.5,5699438953416.49,2026-09-17 14:16:45,0,-5.47,-6.81,17-Sep-2025,17-Aug-2026,15.598988273166245,-5.446710715311692,,,BHARTI AIRTEL LIMITED,0.02,2026-09-17 14:17:42
0,M&MEQN,25.0,M&M,EQ,N,3095.0,1441354,3047.0,3127.8,3047.0,3070.0,4477076140.64,3839.9,2896.0,2756046244452.97,2026-09-17 14:16:44,0,-14.86,-8.77,17-Sep-2025,17-Aug-2026,19.398942680798978,-6.871546961325967,,,MAHINDRA & MAHINDRA LIMITED,0.81,2026-09-17 14:17:42
0,AXISBANKEQN,0.1,AXISBANK,EQ,N,1241.1,3298976,1238.0,1257.6,1233.0,1241.0,4123654020.48,1418.3,1104.0,3558964995697.53,2026-09-17 14:16:44,0,10.22,1.12,17-Sep-2025,17-Aug-2026,12.493830642318269,-12.418478260869565,,,AXIS BANK LIMITED,0.01,2026-09-17 14:17:42
0,LTEQN,49.0,LT,EQ,N,3856.7,1050404,3811.0,3875.0,3811.0,3807.7,4047059555.44,4440.0,3288.1,4502785145040.18,2026-09-17 14:16:45,0,4.62,-5.65,17-Sep-2025,17-Aug-2026,13.137387387387387,-17.292661415407075,,,LARSEN & TOUBRO LIMITED,1.29,2026-09-17 14:17:42
0,INFYEQN,-6.2,INFY,EQ,N,1053.8,3756148,1054.9,1059.4,1048.6,1060.0,3959468291.24,1728.0,982.4,3687454009177.42,2026-09-17 14:16:46,0,-30.77,-7.54,17-Sep-2025,17-Aug-2026,39.0162037037037,-7.267915309446254,,,INFOSYS LIMITED,-0.58,2026-09-17 14:17:42
0,HDFCLIFEEQN,29.8,HDFCLIFE,EQ,N,560.0,7157096,532.9,560.95,529.95,530.2,3957945658.96,796.9,508.7,604649226964.78,2026-09-17 14:16:47,0,-27.09,3.13,17-Sep-2025,17-Aug-2026,29.727694817417493,-10.084529192058188,,,HDFC LIFE INSURANCE COMPANY LIMITED,5.62,2026-09-17 14:17:42
0,TCSEQN,2.8,TCS,EQ,N,2191.6,1724957,2171.0,2198.3,2162.5,2188.8,3763838924.43,3350.0,1976.8,2231012034513.27,2026-09-17 14:16:45,0,-30.9,-5.22,17-Sep-2025,17-Aug-2026,34.57910447761194,-10.866046135167949,,,TATA CONSULTANCY SERVICES LIMITED,0.13,2026-09-17 14:17:42
0,KOTAKBANKEQN,0.15,KOTAKBANK,EQ,N,415.15,8535798,415.0,417.6,412.5,415.0,3540222220.5,453.2,345.5,3048352114703.26,2026-09-17 14:16:45,0,1.23,5.7,17-Sep-2025,17-Aug-2026,8.39585172109444,-20.15918958031838,,,KOTAK MAHINDRA BANK LIMITED,0.04,2026-09-17 14:17:42
0,SHRIRAMFINEQN,12.7,SHRIRAMFIN,EQ,N,991.7,3452459,979.0,1005.5,978.3,979.0,3430052541.09,1153.7,603.15,1385342824192.65,2026-09-17 14:16:45,0,59.15,-11.6,17-Sep-2025,17-Aug-2026,14.041778625292537,-64.42012766310205,,,SHRIRAM FINANCE LIMITED,1.3,2026-09-17 14:17:42
0,TATASTEELEQN,1.97,TATASTEEL,EQ,N,184.97,16772750,183.0,185.39,182.87,183.0,3092895100.0,224.4,160.06,1525689535938.59,2026-09-17 14:16:46,0,7.87,-0.62,17-Sep-2025,17-Aug-2026,17.571301247771835,-15.562913907284768,,,TATA STEEL LIMITED,1.08,2026-09-17 14:17:42
0,BAJFINANCEEQN,5.7,BAJFINANCE,EQ,N,1011.9,2938927,1010.0,1027.9,1010.0,1006.2,2991710128.92,1176.4,787.9,2705067473657.74,2026-09-17 14:16:45,0,0.43,-7.11,17-Sep-2025,17-Aug-2026,13.98333900034002,-28.430003807589795,,,BAJAJ FINANCE LIMITED,0.57,2026-09-17 14:17:42
0,ITCEQN,1.85,ITC,EQ,N,266.0,10912022,264.8,268.5,264.1,264.15,2904671136.18,426.4,255.5,2557044437512.97,2026-09-17 14:16:46,0,-34.97,-2.53,17-Sep-2025,17-Aug-2026,37.61726078799249,-4.109589041095891,,,ITC LIMITED,0.7,2026-09-17 14:17:42
0,TECHMEQN,-3.0,TECHM,EQ,N,1555.0,1601084,1545.1,1569.7,1538.0,1558.0,2489365403.2,1854.0,1304.1,984875535296.81,2026-09-17 14:16:45,0,0.53,-3.39,17-Sep-2025,17-Aug-2026,16.127292340884573,-19.23932213787286,,,TECH MAHINDRA LIMITED,-0.19,2026-09-17 14:17:42
0,BELEQN,9.0,BEL,EQ,N,394.75,6047197,387.0,395.9,387.0,385.75,2379088243.74,473.45,380.45,1409921549274.83,2026-09-17 14:16:44,0,-4.25,-4.3,17-Sep-2025,17-Aug-2026,16.622663428028304,-3.7587067945853594,,,BHARAT ELECTRONICS LIMITED,2.33,2026-09-17 14:17:42
0,MARUTIEQN,184.0,MARUTI,EQ,N,12350.0,192249,12165.0,12409.0,12127.0,12166.0,2365708534.56,17370.0,12127.0,1607136221505.33,2026-09-17 14:16:45,0,-21.82,-10.22,17-Sep-2025,17-Aug-2026,28.900402993667242,-1.8388719386492949,,,MARUTI SUZUKI INDIA LIMITED,1.51,2026-09-17 14:17:42
0,SBILIFEEQN,67.7,SBILIFE,EQ,N,1765.6,1259636,1693.0,1771.1,1689.0,1697.9,2196553256.8,2132.0,1652.9,791332815818.88,2026-09-17 14:16:46,0,-2.1,-1.36,17-Sep-2025,17-Aug-2026,17.185741088180112,-6.818319317563071,,,SBI LIFE INSURANCE COMPANY LIMITED,3.99,2026-09-17 14:17:42
0,JIOFINEQN,3.76,JIOFIN,EQ,N,228.6,9428037,225.0,230.36,225.0,224.84,2154495015.24,321.6,223.3,747960021024.9,2026-09-17 14:16:46,0,-27.67,-8.52,17-Sep-2025,17-Aug-2026,28.917910447761194,-2.373488580385132,,,JIO FINANCIAL SERVICES LIMITED,1.67,2026-09-17 14:17:42
0,DRREDDYEQN,28.6,DRREDDY,EQ,N,1168.6,1789177,1140.0,1189.8,1140.0,1140.0,2092800336.9,1414.9,1101.0,711528249593.88,2026-09-17 14:16:46,0,-10.86,-1.93,17-Sep-2025,17-Aug-2026,17.40759064244823,-6.139872842870118,,,DR. REDDY'S LABORATORIES LIMITED,2.51,2026-09-17 14:17:42
0,HINDALCOEQN,6.5,HINDALCO,EQ,N,979.2,2096189,972.0,987.2,970.5,972.7,2055606780.96,1176.0,731.95,1414395247139.84,2026-09-17 14:16:47,0,30.5,-6.76,17-Sep-2025,17-Aug-2026,16.73469387755102,-33.77962975613088,,,HINDALCO INDUSTRIES LIMITED,0.67,2026-09-17 14:17:42
0,INDIGOEQN,107.5,INDIGO,EQ,N,4841.0,415227,4746.5,4854.0,4746.5,4733.5,1996702074.9,5970.0,3895.2,1092631862957.84,2026-09-17 14:16:46,0,-15.75,-8.23,17-Sep-2025,17-Aug-2026,18.911222780569513,-24.281166563976175,,,INTERGLOBE AVIATION LIMITED,2.27,2026-09-17 14:17:42
0,HINDUNILVREQN,-10.0,HINDUNILVR,EQ,N,1952.0,888374,1962.0,1968.9,1949.0,1962.0,1739987083.88,2667.2,1926.2,1727471753081.66,2026-09-17 14:16:46,0,-24.06,-5.04,17-Sep-2025,17-Aug-2026,26.814637072585484,-1.339424774166753,,,HINDUSTAN UNILEVER LIMITED,-0.51,2026-09-17 14:17:42
0,TITANEQN,-55.5,TITAN,EQ,N,4853.0,349180,4895.0,4915.5,4845.5,4908.5,1700709124.4,5186.7,3303.1,1997003389160.85,2026-09-17 14:16:46,0,37.75,-4.25,17-Sep-2025,17-Aug-2026,6.433763279156303,-46.92258787199903,,,TITAN COMPANY LIMITED,-1.13,2026-09-17 14:17:42
0,ONGCEQN,-4.89,ONGC,EQ,N,231.91,7242935,235.1,235.65,231.25,236.8,1687096849.55,307.5,227.65,898527565328.0,2026-09-17 14:16:44,0,-1.98,-2.64,17-Sep-2025,17-Aug-2026,24.58211382113821,-1.871293652536789,,,OIL & NATURAL GAS CORPORATION LIMITED,-2.07,2026-09-17 14:17:42
0,SUNPHARMAEQN,3.8,SUNPHARMA,EQ,N,1857.3,898503,1853.5,1864.2,1847.4,1853.5,1668978307.53,2046.9,1548.0,1961153026284.7,2026-09-17 14:16:46,0,14.64,-1.31,17-Sep-2025,17-Aug-2026,9.262787630074747,-19.98062015503876,,,SUN PHARMACEUTICAL INDUSTRIES LIMITED,0.21,2026-09-17 14:17:42
0,TATACONSUMEQN,10.0,TATACONSUM,EQ,N,1010.1,1375998,1003.1,1020.3,999.0,1000.1,1391918296.86,1282.7,986.0,655924933385.5,2026-09-17 14:16:45,0,-11.12,-5.84,17-Sep-2025,17-Aug-2026,21.25204646448897,-2.4442190669371198,,,TATA CONSUMER PRODUCTS LIMITED,1.0,2026-09-17 14:17:42
0,ADANIENTEQN,3.0,ADANIENT,EQ,N,2923.0,467410,2930.1,2945.0,2907.0,2920.0,1369436514.4,3245.0,1753.0,875088058033.44,2026-09-17 14:16:44,0,25.35,-2.79,17-Sep-2025,17-Aug-2026,9.92295839753467,-66.74272675413577,,,ADANI ENTERPRISES LIMITED,0.1,2026-09-17 14:17:42
0,ULTRACEMCOEQN,103.0,ULTRACEMCO,EQ,N,10803.0,126647,10740.0,10834.0,10703.0,10700.0,1364492245.06,13110.0,10325.0,1274934095155.99,2026-09-17 14:16:45,0,-15.05,-7.48,17-Sep-2025,17-Aug-2026,17.59725400457666,-4.62953995157385,,,ULTRATECH CEMENT LIMITED,0.96,2026-09-17 14:17:42
0,JSWSTEELEQN,3.9,JSWSTEEL,EQ,N,1252.8,1051761,1248.9,1256.6,1242.1,1248.9,1314417274.53,1351.0,1073.2,1171956103766.61,2026-09-17 14:16:42,0,12.75,-1.96,17-Sep-2025,17-Aug-2026,7.268689859363435,-16.73499813641446,,,JSW STEEL LIMITED,0.31,2026-09-17 14:17:42
0,TMPVEQN,4.7,TMPV,EQ,N,305.7,3968024,301.0,307.65,299.75,301.0,1207231621.76,739.7,294.3,636950739509.72,2026-09-17 14:16:45,0,-57.49,-7.42,17-Sep-2025,17-Aug-2026,58.67243477085305,-3.873598369011213,,,TATA MOTORS PASSENGER VEHICLES LIMITED,1.56,2026-09-17 14:17:42
0,GRASIMEQN,-22.2,GRASIM,EQ,N,3164.8,366026,3190.0,3205.0,3159.0,3187.0,1166718855.78,3411.1,2502.5,1190302114771.07,2026-09-17 14:16:46,0,10.42,-2.66,17-Sep-2025,17-Aug-2026,7.220544692327988,-26.465534465534464,,,GRASIM INDUSTRIES LIMITED,-0.7,2026-09-17 14:17:42
0,BAJAJ-AUTOEQN,-115.0,BAJAJ-AUTO,EQ,N,11478.0,89967,11568.0,11576.0,11435.0,11593.0,1036137343.62,12470.0,8491.5,1245075302790.83,2026-09-17 14:16:47,0,26.29,-1.64,17-Sep-2025,17-Aug-2026,7.955092221331195,-35.170464582229286,,,BAJAJ AUTO LIMITED,-0.99,2026-09-17 14:17:42
0,ADANIPORTSEQN,9.6,ADANIPORTS,EQ,N,1733.4,595615,1731.0,1738.8,1725.1,1723.8,1032671330.85,1891.1,1292.0,1275071694430.27,2026-09-17 14:16:44,0,23.26,2.5,17-Sep-2025,17-Aug-2026,8.339061921632911,-34.1640866873065,,,ADANI PORTS AND SPECIAL ECONOMIC ZONE LIMITED,0.56,2026-09-17 14:17:42
0,POWERGRIDEQN,0.75,POWERGRID,EQ,N,263.55,3811109,263.5,265.7,263.25,262.8,1009448440.83,324.95,250.0,1191065877544.69,2026-09-17 14:16:44,0,-8.17,-0.92,17-Sep-2025,17-Aug-2026,18.895214648407446,-5.42,,,POWER GRID CORPORATION OF INDIA LIMITED,0.29,2026-09-17 14:17:42
0,TRENTEQN,13.3,TRENT,EQ,N,2783.0,357324,2760.0,2811.0,2760.0,2769.7,996573062.76,3498.67,2183.67,923402019911.21,2026-09-17 14:16:45,0,-19.67,-5.52,17-Sep-2025,17-Aug-2026,20.455487370915233,-27.445996876817468,,,TRENT LIMITED,0.48,2026-09-17 14:17:42
0,NTPCEQN,3.05,NTPC,EQ,N,330.05,2989449,327.8,331.3,327.2,327.0,986219225.1,414.4,315.55,1560101559598.99,2026-09-17 14:16:44,0,-1.87,-2.05,17-Sep-2025,17-Aug-2026,20.35472972972973,-4.595151323086674,,,NTPC LIMITED,0.93,2026-09-17 14:17:42
0,HCLTECHEQN,-8.8,HCLTECH,EQ,N,1244.2,784916,1242.2,1251.3,1235.3,1253.0,975187487.56,1780.1,1030.0,1307967456601.83,2026-09-17 14:16:46,0,-16.01,-6.09,17-Sep-2025,17-Aug-2026,30.105050278074266,-20.796116504854368,,,HCL TECHNOLOGIES LIMITED,-0.7,2026-09-17 14:17:42
0,NESTLEINDEQN,-8.0,NESTLEIND,EQ,N,1376.5,694409,1384.5,1391.7,1370.1,1384.5,957235862.41,1553.0,1145.0,984848509110.64,2026-09-17 14:16:46,0,14.29,-6.37,17-Sep-2025,17-Aug-2026,11.3650998068255,-20.21834061135371,,,NESTLE INDIA LIMITED,-0.58,2026-09-17 14:17:42
0,APOLLOHOSPEQN,43.5,APOLLOHOSP,EQ,N,8740.0,105133,8707.0,8797.5,8686.5,8696.5,920279612.84,9050.0,6696.5,897072599109.16,2026-09-17 14:16:44,0,10.81,-0.96,17-Sep-2025,17-Aug-2026,3.425414364640884,-30.515941163294258,,,APOLLO HOSPITALS ENTERPRISE LIMITED,0.5,2026-09-17 14:17:42
0,EICHERMOTEQN,37.0,EICHERMOT,EQ,N,7537.0,122196,7495.0,7550.5,7489.0,7500.0,919816948.44,8230.0,6442.0,1035831914307.1,2026-09-17 14:16:46,0,9.38,-6.38,17-Sep-2025,17-Aug-2026,8.42041312272175,-16.997826761875196,,,EICHER MOTORS LIMITED,0.49,2026-09-17 14:17:42
0,WIPROEQN,-0.69,WIPRO,EQ,N,166.2,5428915,165.75,167.35,165.02,166.89,903480034.3,273.1,165.02,449017636666.64,2026-09-17 14:16:44,0,-34.6,-8.63,17-Sep-2025,17-Aug-2026,39.14317099963383,-0.7150648406253788,,,WIPRO LIMITED,-0.41,2026-09-17 14:17:42
0,ASIANPAINTEQN,29.9,ASIANPAINT,EQ,N,2446.5,361894,2424.0,2448.6,2421.0,2416.6,881269793.04,2985.7,2115.0,1102827680997.49,2026-09-17 14:16:44,0,-1.88,-8.96,17-Sep-2025,17-Aug-2026,18.059416552232307,-15.673758865248226,,,ASIAN PAINTS LIMITED,1.24,2026-09-17 14:17:42
0,COALINDIAEQN,-4.1,COALINDIA,EQ,N,418.15,2093843,421.1,422.8,417.55,422.25,878723091.81,491.25,369.6,998914907726.95,2026-09-17 14:16:44,0,4.62,2.39,17-Sep-2025,17-Aug-2026,14.880407124681934,-13.13582251082251,,,COAL INDIA LIMITED,-0.97,2026-09-17 14:17:42
0,MAXHEALTHEQN,11.6,MAXHEALTH,EQ,N,1036.6,763207,1022.1,1042.9,1021.1,1025.0,790300848.5,1221.9,903.0,769592902010.36,2026-09-17 14:16:45,0,-10.15,3.29,17-Sep-2025,17-Aug-2026,15.16490711187495,-14.795127353266889,,,MAX HEALTHCARE INSTITUTE LIMITED,1.13,2026-09-17 14:17:42
0,BAJAJFINSVEQN,12.4,BAJAJFINSV,EQ,N,1849.4,365552,1837.0,1863.0,1832.1,1837.0,674940590.72,2195.0,1597.0,1069191241996.24,2026-09-17 14:16:45,0,-10.09,-7.76,17-Sep-2025,17-Aug-2026,15.74487471526196,-15.80463368816531,,,BAJAJ FINSERV LIMITED,0.68,2026-09-17 14:17:42
0,CIPLAEQN,17.3,CIPLA,EQ,N,1375.3,392924,1362.5,1382.0,1351.6,1358.0,537256772.92,1673.0,1165.7,771707082666.38,2026-09-17 14:16:44,0,-11.8,-3.9,17-Sep-2025,17-Aug-2026,17.794381350866708,-17.98061250750622,,,CIPLA LIMITED,1.27,2026-09-17 14:17:42
1,NIFTY 50,55.15,NIFTY 50,,,23272.75,179324151,23195.25,23363.55,23193.65,23217.6,131600036475.16,26373.2,22182.55,,2026-09-17 14:17:24,0,-8.12,-4.18,16-Sep-2025,17-Aug-2026,11.756062973018064,-4.9146739216185695,,,,0.24,2026-09-17 14:18:12
0,HDFCBANKEQN,-5.9,HDFCBANK,EQ,N,715.6,16900150,717.5,719.4,713.1,721.5,12099155388.0,1020.5,681.9,10943858866881.02,2026-09-17 14:16:46,0,-25.96,-1.84,17-Sep-2025,17-Aug-2026,29.877511024007838,-4.942073617832527,,,HDFC BANK LIMITED,-0.82,2026-09-17 14:18:12
0,ETERNALEQN,7.2,ETERNAL,EQ,N,324.2,22398559,318.3,327.8,318.25,317.0,7279307689.41,368.45,212.6,2337256389606.45,2026-09-17 14:16:46,0,-1.25,1.93,17-Sep-2025,17-Aug-2026,12.009770660876645,-52.49294449670743,,,ETERNAL LIMITED,2.27,2026-09-17 14:18:12
0,ICICIBANKEQN,-6.4,ICICIBANK,EQ,N,1352.4,5330418,1352.0,1363.0,1349.1,1358.8,7224741948.84,1480.0,1187.6,9666459158889.88,2026-09-17 14:16:46,0,-4.71,-4.44,17-Sep-2025,17-Aug-2026,8.621621621621621,-13.876726170427753,,,ICICI BANK LIMITED,-0.47,2026-09-17 14:18:12
0,RELIANCEEQN,4.0,RELIANCE,EQ,N,1244.0,5756721,1244.8,1253.4,1238.5,1240.0,7163836314.03,1611.8,1235.3,8379832579580.54,2026-09-17 14:16:46,0,-12.02,-5.49,17-Sep-2025,17-Aug-2026,22.819208338503536,-0.7042823605601878,,,RELIANCE INDUSTRIES LIMITED,0.32,2026-09-17 14:18:12
0,SBINEQN,-4.0,SBIN,EQ,N,987.4,6528121,991.2,1000.9,985.2,991.4,6469433192.21,1234.7,821.65,4069603954472.8,2026-09-17 14:16:46,0,15.22,-6.94,17-Sep-2025,17-Aug-2026,20.02915688021382,-20.172822978153715,,,STATE BANK OF INDIA,-0.4,2026-09-17 14:18:12
0,BHARTIARTLEQN,0.3,BHARTIARTL,EQ,N,1835.3,2849184,1841.8,1845.9,1827.6,1835.0,5234121959.04,2174.5,1740.5,5699438953416.49,2026-09-17 14:16:45,0,-5.47,-6.81,17-Sep-2025,17-Aug-2026,15.598988273166245,-5.446710715311692,,,BHARTI AIRTEL LIMITED,0.02,2026-09-17 14:18:12
0,M&MEQN,25.0,M&M,EQ,N,3095.0,1441354,3047.0,3127.8,3047.0,3070.0,4477076140.64,3839.9,2896.0,2756046244452.97,2026-09-17 14:16:44,0,-14.86,-8.77,17-Sep-2025,17-Aug-2026,19.398942680798978,-6.871546961325967,,,MAHINDRA & MAHINDRA LIMITED,0.81,2026-09-17 14:18:12
0,AXISBANKEQN,0.1,AXISBANK,EQ,N,1241.1,3298976,1238.0,1257.6,1233.0,1241.0,4123654020.48,1418.3,1104.0,3558964995697.53,2026-09-17 14:16:44,0,10.22,1.12,17-Sep-2025,17-Aug-2026,12.493830642318269,-12.418478260869565,,,AXIS BANK LIMITED,0.01,2026-09-17 14:18:12
0,LTEQN,49.0,LT,EQ,N,3856.7,1050404,3811.0,3875.0,3811.0,3807.7,4047059555.44,4440.0,3288.1,4502785145040.18,2026-09-17 14:16:45,0,4.62,-5.65,17-Sep-2025,17-Aug-2026,13.137387387387387,-17.292661415407075,,,LARSEN & TOUBRO LIMITED,1.29,2026-09-17 14:18:12
0,INFYEQN,-6.2,INFY,EQ,N,1053.8,3756148,1054.9,1059.4,1048.6,1060.0,3959468291.24,1728.0,982.4,3687454009177.42,2026-09-17 14:16:46,0,-30.77,-7.54,17-Sep-2025,17-Aug-2026,39.0162037037037,-7.267915309446254,,,INFOSYS LIMITED,-0.58,2026-09-17 14:18:12
0,HDFCLIFEEQN,29.8,HDFCLIFE,EQ,N,560.0,7157096,532.9,560.95,529.95,530.2,3957945658.96,796.9,508.7,604649226964.78,2026-09-17 14:16:47,0,-27.09,3.13,17-Sep-2025,17-Aug-2026,29.727694817417493,-10.084529192058188,,,HDFC LIFE INSURANCE COMPANY LIMITED,5.62,2026-09-17 14:18:12
0,TCSEQN,2.8,TCS,EQ,N,2191.6,1724957,2171.0,2198.3,2162.5,2188.8,3763838924.43,3350.0,1976.8,2231012034513.27,2026-09-17 14:16:45,0,-30.9,-5.22,17-Sep-2025,17-Aug-2026,34.57910447761194,-10.866046135167949,,,TATA CONSULTANCY SERVICES LIMITED,0.13,2026-09-17 14:18:12
0,KOTAKBANKEQN,0.15,KOTAKBANK,EQ,N,415.15,8535798,415.0,417.6,412.5,415.0,3540222220.5,453.2,345.5,3048352114703.26,2026-09-17 14:16:45,0,1.23,5.7,17-Sep-2025,17-Aug-2026,8.39585172109444,-20.15918958031838,,,KOTAK MAHINDRA BANK LIMITED,0.04,2026-09-17 14:18:12
0,SHRIRAMFINEQN,12.7,SHRIRAMFIN,EQ,N,991.7,3452459,979.0,1005.5,978.3,979.0,3430052541.09,1153.7,603.15,1385342824192.65,2026-09-17 14:16:45,0,59.15,-11.6,17-Sep-2025,17-Aug-2026,14.041778625292537,-64.42012766310205,,,SHRIRAM FINANCE LIMITED,1.3,2026-09-17 14:18:12
0,TATASTEELEQN,1.97,TATASTEEL,EQ,N,184.97,16772750,183.0,185.39,182.87,183.0,3092895100.0,224.4,160.06,1525689535938.59,2026-09-17 14:16:46,0,7.87,-0.62,17-Sep-2025,17-Aug-2026,17.571301247771835,-15.562913907284768,,,TATA STEEL LIMITED,1.08,2026-09-17 14:18:12
0,BAJFINANCEEQN,5.7,BAJFINANCE,EQ,N,1011.9,2938927,1010.0,1027.9,1010.0,1006.2,2991710128.92,1176.4,787.9,2705067473657.74,2026-09-17 14:16:45,0,0.43,-7.11,17-Sep-2025,17-Aug-2026,13.98333900034002,-28.430003807589795,,,BAJAJ FINANCE LIMITED,0.57,2026-09-17 14:18:12
0,ITCEQN,1.85,ITC,EQ,N,266.0,10912022,264.8,268.5,264.1,264.15,2904671136.18,426.4,255.5,2557044437512.97,2026-09-17 14:16:46,0,-34.97,-2.53,17-Sep-2025,17-Aug-2026,37.61726078799249,-4.109589041095891,,,ITC LIMITED,0.7,2026-09-17 14:18:12
0,TECHMEQN,-3.0,TECHM,EQ,N,1555.0,1601084,1545.1,1569.7,1538.0,1558.0,2489365403.2,1854.0,1304.1,984875535296.81,2026-09-17 14:16:45,0,0.53,-3.39,17-Sep-2025,17-Aug-2026,16.127292340884573,-19.23932213787286,,,TECH MAHINDRA LIMITED,-0.19,2026-09-17 14:18:12
0,BELEQN,9.0,BEL,EQ,N,394.75,6047197,387.0,395.9,387.0,385.75,2379088243.74,473.45,380.45,1409921549274.83,2026-09-17 14:16:44,0,-4.25,-4.3,17-Sep-2025,17-Aug-2026,16.622663428028304,-3.7587067945853594,,,BHARAT ELECTRONICS LIMITED,2.33,2026-09-17 14:18:12
0,MARUTIEQN,184.0,MARUTI,EQ,N,12350.0,192249,12165.0,12409.0,12127.0,12166.0,2365708534.56,17370.0,12127.0,1607136221505.33,2026-09-17 14:16:45,0,-21.82,-10.22,17-Sep-2025,17-Aug-2026,28.900402993667242,-1.8388719386492949,,,MARUTI SUZUKI INDIA LIMITED,1.51,2026-09-17 14:18:12
0,SBILIFEEQN,67.7,SBILIFE,EQ,N,1765.6,1259636,1693.0,1771.1,1689.0,1697.9,2196553256.8,2132.0,1652.9,791332815818.88,2026-09-17 14:16:46,0,-2.1,-1.36,17-Sep-2025,17-Aug-2026,17.185741088180112,-6.818319317563071,,,SBI LIFE INSURANCE COMPANY LIMITED,3.99,2026-09-17 14:18:12
0,JIOFINEQN,3.76,JIOFIN,EQ,N,228.6,9428037,225.0,230.36,225.0,224.84,2154495015.24,321.6,223.3,747960021024.9,2026-09-17 14:16:46,0,-27.67,-8.52,17-Sep-2025,17-Aug-2026,28.917910447761194,-2.373488580385132,,,JIO FINANCIAL SERVICES LIMITED,1.67,2026-09-17 14:18:12
0,DRREDDYEQN,28.6,DRREDDY,EQ,N,1168.6,1789177,1140.0,1189.8,1140.0,1140.0,2092800336.9,1414.9,1101.0,711528249593.88,2026-09-17 14:16:46,0,-10.86,-1.93,17-Sep-2025,17-Aug-2026,17.40759064244823,-6.139872842870118,,,DR. REDDY'S LABORATORIES LIMITED,2.51,2026-09-17 14:18:12
0,HINDALCOEQN,6.5,HINDALCO,EQ,N,979.2,2096189,972.0,987.2,970.5,972.7,2055606780.96,1176.0,731.95,1414395247139.84,2026-09-17 14:16:47,0,30.5,-6.76,17-Sep-2025,17-Aug-2026,16.73469387755102,-33.77962975613088,,,HINDALCO INDUSTRIES LIMITED,0.67,2026-09-17 14:18:12
0,INDIGOEQN,107.5,INDIGO,EQ,N,4841.0,415227,4746.5,4854.0,4746.5,4733.5,1996702074.9,5970.0,3895.2,1092631862957.84,2026-09-17 14:16:46,0,-15.75,-8.23,17-Sep-2025,17-Aug-2026,18.911222780569513,-24.281166563976175,,,INTERGLOBE AVIATION LIMITED,2.27,2026-09-17 14:18:12
0,HINDUNILVREQN,-10.0,HINDUNILVR,EQ,N,1952.0,888374,1962.0,1968.9,1949.0,1962.0,1739987083.88,2667.2,1926.2,1727471753081.66,2026-09-17 14:16:46,0,-24.06,-5.04,17-Sep-2025,17-Aug-2026,26.814637072585484,-1.339424774166753,,,HINDUSTAN UNILEVER LIMITED,-0.51,2026-09-17 14:18:12
0,TITANEQN,-55.5,TITAN,EQ,N,4853.0,349180,4895.0,4915.5,4845.5,4908.5,1700709124.4,5186.7,3303.1,1997003389160.85,2026-09-17 14:16:46,0,37.75,-4.25,17-Sep-2025,17-Aug-2026,6.433763279156303,-46.92258787199903,,,TITAN COMPANY LIMITED,-1.13,2026-09-17 14:18:12
0,ONGCEQN,-4.89,ONGC,EQ,N,231.91,7242935,235.1,235.65,231.25,236.8,1687096849.55,307.5,227.65,898527565328.0,2026-09-17 14:16:44,0,-1.98,-2.64,17-Sep-2025,17-Aug-2026,24.58211382113821,-1.871293652536789,,,OIL & NATURAL GAS CORPORATION LIMITED,-2.07,2026-09-17 14:18:12
0,SUNPHARMAEQN,3.8,SUNPHARMA,EQ,N,1857.3,898503,1853.5,1864.2,1847.4,1853.5,1668978307.53,2046.9,1548.0,1961153026284.7,2026-09-17 14:16:46,0,14.64,-1.31,17-Sep-2025,17-Aug-2026,9.262787630074747,-19.98062015503876,,,SUN PHARMACEUTICAL INDUSTRIES LIMITED,0.21,2026-09-17 14:18:12
0,TATACONSUMEQN,10.0,TATACONSUM,EQ,N,1010.1,1375998,1003.1,1020.3,999.0,1000.1,1391918296.86,1282.7,986.0,655924933385.5,2026-09-17 14:16:45,0,-11.12,-5.84,17-Sep-2025,17-Aug-2026,21.25204646448897,-2.4442190669371198,,,TATA CONSUMER PRODUCTS LIMITED,1.0,2026-09-17 14:18:12
0,ADANIENTEQN,3.0,ADANIENT,EQ,N,2923.0,467410,2930.1,2945.0,2907.0,2920.0,1369436514.4,3245.0,1753.0,875088058033.44,2026-09-17 14:16:44,0,25.35,-2.79,17-Sep-2025,17-Aug-2026,9.92295839753467,-66.74272675413577,,,ADANI ENTERPRISES LIMITED,0.1,2026-09-17 14:18:12
0,ULTRACEMCOEQN,103.0,ULTRACEMCO,EQ,N,10803.0,126647,10740.0,10834.0,10703.0,10700.0,1364492245.06,13110.0,10325.0,1274934095155.99,2026-09-17 14:16:45,0,-15.05,-7.48,17-Sep-2025,17-Aug-2026,17.59725400457666,-4.62953995157385,,,ULTRATECH CEMENT LIMITED,0.96,2026-09-17 14:18:12
0,JSWSTEELEQN,3.9,JSWSTEEL,EQ,N,1252.8,1051761,1248.9,1256.6,1242.1,1248.9,1314417274.53,1351.0,1073.2,1171956103766.61,2026-09-17 14:16:42,0,12.75,-1.96,17-Sep-2025,17-Aug-2026,7.268689859363435,-16.73499813641446,,,JSW STEEL LIMITED,0.31,2026-09-17 14:18:12
0,TMPVEQN,4.7,TMPV,EQ,N,305.7,3968024,301.0,307.65,299.75,301.0,1207231621.76,739.7,294.3,636950739509.72,2026-09-17 14:16:45,0,-57.49,-7.42,17-Sep-2025,17-Aug-2026,58.67243477085305,-3.873598369011213,,,TATA MOTORS PASSENGER VEHICLES LIMITED,1.56,2026-09-17 14:18:12
0,GRASIMEQN,-22.2,GRASIM,EQ,N,3164.8,366026,3190.0,3205.0,3159.0,3187.0,1166718855.78,3411.1,2502.5,1190302114771.07,2026-09-17 14:16:46,0,10.42,-2.66,17-Sep-2025,17-Aug-2026,7.220544692327988,-26.465534465534464,,,GRASIM INDUSTRIES LIMITED,-0.7,2026-09-17 14:18:12
0,BAJAJ-AUTOEQN,-115.0,BAJAJ-AUTO,EQ,N,11478.0,89967,11568.0,11576.0,11435.0,11593.0,1036137343.62,12470.0,8491.5,1245075302790.83,2026-09-17 14:16:47,0,26.29,-1.64,17-Sep-2025,17-Aug-2026,7.955092221331195,-35.170464582229286,,,BAJAJ AUTO LIMITED,-0.99,2026-09-17 14:18:12
0,ADANIPORTSEQN,9.6,ADANIPORTS,EQ,N,1733.4,595615,1731.0,1738.8,1725.1,1723.8,1032671330.85,1891.1,1292.0,1275071694430.27,2026-09-17 14:16:44,0,23.26,2.5,17-Sep-2025,17-Aug-2026,8.339061921632911,-34.1640866873065,,,ADANI PORTS AND SPECIAL ECONOMIC ZONE LIMITED,0.56,2026-09-17 14:18:12
0,POWERGRIDEQN,0.75,POWERGRID,EQ,N,263.55,3811109,263.5,265.7,263.25,262.8,1009448440.83,324.95,250.0,1191065877544.69,2026-09-17 14:16:44,0,-8.17,-0.92,17-Sep-2025,17-Aug-2026,18.895214648407446,-5.42,,,POWER GRID CORPORATION OF INDIA LIMITED,0.29,2026-09-17 14:18:12
0,TRENTEQN,13.3,TRENT,EQ,N,2783.0,357324,2760.0,2811.0,2760.0,2769.7,996573062.76,3498.67,2183.67,923402019911.21,2026-09-17 14:16:45,0,-19.67,-5.52,17-Sep-2025,17-Aug-2026,20.455487370915233,-27.445996876817468,,,TRENT LIMITED,0.48,2026-09-17 14:18:12
0,NTPCEQN,3.05,NTPC,EQ,N,330.05,2989449,327.8,331.3,327.2,327.0,986219225.1,414.4,315.55,1560101559598.99,2026-09-17 14:16:44,0,-1.87,-2.05,17-Sep-2025,17-Aug-2026,20.35472972972973,-4.595151323086674,,,NTPC LIMITED,0.93,2026-09-17 14:18:12
0,HCLTECHEQN,-8.8,HCLTECH,EQ,N,1244.2,784916,1242.2,1251.3,1235.3,1253.0,975187487.56,1780.1,1030.0,1307967456601.83,2026-09-17 14:16:46,0,-16.01,-6.09,17-Sep-2025,17-Aug-2026,30.105050278074266,-20.796116504854368,,,HCL TECHNOLOGIES LIMITED,-0.7,2026-09-17 14:18:12
0,NESTLEINDEQN,-8.0,NESTLEIND,EQ,N,1376.5,694409,1384.5,1391.7,1370.1,1384.5,957235862.41,1553.0,1145.0,984848509110.64,2026-09-17 14:16:46,0,14.29,-6.37,17-Sep-2025,17-Aug-2026,11.3650998068255,-20.21834061135371,,,NESTLE INDIA LIMITED,-0.58,2026-09-17 14:18:12
0,APOLLOHOSPEQN,43.5,APOLLOHOSP,EQ,N,8740.0,105133,8707.0,8797.5,8686.5,8696.5,920279612.84,9050.0,6696.5,897072599109.16,2026-09-17 14:16:44,0,10.81,-0.96,17-Sep-2025,17-Aug-2026,3.425414364640884,-30.515941163294258,,,APOLLO HOSPITALS ENTERPRISE LIMITED,0.5,2026-09-17 14:18:12
0,EICHERMOTEQN,37.0,EICHERMOT,EQ,N,7537.0,122196,7495.0,7550.5,7489.0,7500.0,919816948.44,8230.0,6442.0,1035831914307.1,2026-09-17 14:16:46,0,9.38,-6.38,17-Sep-2025,17-Aug-2026,8.42041312272175,-16.997826761875196,,,EICHER MOTORS LIMITED,0.49,2026-09-17 14:18:12
0,WIPROEQN,-0.69,WIPRO,EQ,N,166.2,5428915,165.75,167.35,165.02,166.89,903480034.3,273.1,165.02,449017636666.64,2026-09-17 14:16:44,0,-34.6,-8.63,17-Sep-2025,17-Aug-2026,39.14317099963383,-0.7150648406253788,,,WIPRO LIMITED,-0.41,2026-09-17 14:18:12
0,ASIANPAINTEQN,29.9,ASIANPAINT,EQ,N,2446.5,361894,2424.0,2448.6,2421.0,2416.6,881269793.04,2985.7,2115.0,1102827680997.49,2026-09-17 14:16:44,0,-1.88,-8.96,17-Sep-2025,17-Aug-2026,18.059416552232307,-15.673758865248226,,,ASIAN PAINTS LIMITED,1.24,2026-09-17 14:18:12
0,COALINDIAEQN,-4.1,COALINDIA,EQ,N,418.15,2093843,421.1,422.8,417.55,422.25,878723091.81,491.25,369.6,998914907726.95,2026-09-17 14:16:44,0,4.62,2.39,17-Sep-2025,17-Aug-2026,14.880407124681934,-13.13582251082251,,,COAL INDIA LIMITED,-0.97,2026-09-17 14:18:12
0,MAXHEALTHEQN,11.6,MAXHEALTH,EQ,N,1036.6,763207,1022.1,1042.9,1021.1,1025.0,790300848.5,1221.9,903.0,769592902010.36,2026-09-17 14:16:45,0,-10.15,3.29,17-Sep-2025,17-Aug-2026,15.16490711187495,-14.795127353266889,,,MAX HEALTHCARE INSTITUTE LIMITED,1.13,2026-09-17 14:18:12
0,BAJAJFINSVEQN,12.4,BAJAJFINSV,EQ,N,1849.4,365552,1837.0,1863.0,1832.1,1837.0,674940590.72,2195.0,1597.0,1069191241996.24,2026-09-17 14:16:45,0,-10.09,-7.76,17-Sep-2025,17-Aug-2026,15.74487471526196,-15.80463368816531,,,BAJAJ FINSERV LIMITED,0.68,2026-09-17 14:18:12
0,CIPLAEQN,17.3,CIPLA,EQ,N,1375.3,392924,1362.5,1382.0,1351.6,1358.0,537256772.92,1673.0,1165.7,771707082666.38,2026-09-17 14:16:44,0,-11.8,-3.9,17-Sep-2025,17-Aug-2026,17.794381350866708,-17.98061250750622,,,CIPLA LIMITED,1.27,2026-09-17 14:18:12
1,NIFTY 50,61.35,NIFTY 50,,,23278.95,179932413,23195.25,23363.55,23193.65,23217.6,132021802786.78,26373.2,22182.55,,2026-09-17 14:18:25,0,-8.1,-4.15,16-Sep-2025,17-Aug-2026,11.732554259627197,-4.942623819173179,,,,0.26,2026-09-17 14:18:43
0,HDFCBANKEQN,-6.0,HDFCBANK,EQ,N,715.5,16959916,717.5,719.4,713.1,721.5,12141943062.72,1020.5,681.9,10933160310625.43,2026-09-17 14:18:02,0,-25.97,-1.85,17-Sep-2025,17-Aug-2026,29.887310142087212,-4.927408710954685,,,HDFC BANK LIMITED,-0.83,2026-09-17 14:18:43
0,ETERNALEQN,7.0,ETERNAL,EQ,N,324.0,22491531,318.3,327.8,318.25,317.0,7309522659.69,368.45,212.6,2336535459196.33,2026-09-17 14:18:00,0,-1.22,1.97,17-Sep-2025,17-Aug-2026,12.064052110191342,-52.39887111947319,,,ETERNAL LIMITED,2.21,2026-09-17 14:18:43
0,ICICIBANKEQN,-6.3,ICICIBANK,EQ,N,1352.5,5340406,1352.0,1363.0,1349.1,1358.8,7238226080.22,1480.0,1187.6,9669318423597.09,2026-09-17 14:18:01,0,-4.7,-4.44,17-Sep-2025,17-Aug-2026,8.614864864864865,-13.88514651397777,,,ICICI BANK LIMITED,-0.46,2026-09-17 14:18:43
0,RELIANCEEQN,4.1,RELIANCE,EQ,N,1244.1,5769650,1244.8,1253.4,1238.5,1240.0,7179867853.0,1611.8,1235.3,8380506253716.69,2026-09-17 14:18:02,0,-11.98,-5.44,17-Sep-2025,17-Aug-2026,22.813004094800842,-0.7123775601068566,,,RELIANCE INDUSTRIES LIMITED,0.33,2026-09-17 14:18:43
0,SBINEQN,-3.9,SBIN,EQ,N,987.5,6540007,991.2,1000.9,985.2,991.4,6481146937.0,1234.7,821.65,4070840540299.14,2026-09-17 14:17:58,0,15.25,-6.91,17-Sep-2025,17-Aug-2026,20.02105774682109,-20.18499361041806,,,STATE BANK OF INDIA,-0.39,2026-09-17 14:18:43
0,BHARTIARTLEQN,0.2,BHARTIARTL,EQ,N,1835.2,2853541,1841.8,1845.9,1827.6,1835.0,5242097494.05,2174.5,1740.5,5699438953416.49,2026-09-17 14:17:59,0,-5.46,-6.8,17-Sep-2025,17-Aug-2026,15.603587031501494,-5.4409652398735995,,,BHARTI AIRTEL LIMITED,0.01,2026-09-17 14:18:43
0,M&MEQN,24.4,M&M,EQ,N,3094.4,1447034,3047.0,3127.8,3047.0,3070.0,4494646777.74,3839.9,2896.0,2754354708495.21,2026-09-17 14:18:02,0,-14.81,-8.71,17-Sep-2025,17-Aug-2026,19.414568087710617,-6.850828729281768,,,MAHINDRA & MAHINDRA LIMITED,0.79,2026-09-17 14:18:43
0,AXISBANKEQN,0.1,AXISBANK,EQ,N,1241.1,3338979,1238.0,1257.6,1233.0,1241.0,4173289682.73,1418.3,1104.0,3557244996505.08,2026-09-17 14:17:58,0,10.27,1.17,17-Sep-2025,17-Aug-2026,12.493830642318269,-12.418478260869565,,,AXIS BANK LIMITED,0.01,2026-09-17 14:18:43
0,LTEQN,49.0,LT,EQ,N,3856.7,1051959,3811.0,3875.0,3811.0,3807.7,4053061272.33,4440.0,3288.1,4500917495984.56,2026-09-17 14:17:59,0,4.65,-5.62,17-Sep-2025,17-Aug-2026,13.137387387387387,-17.292661415407075,,,LARSEN & TOUBRO LIMITED,1.29,2026-09-17 14:18:43
0,HDFCLIFEEQN,30.0,HDFCLIFE,EQ,N,560.2,7196153,532.9,560.95,529.95,530.2,3979760455.12,796.9,508.7,604865230975.48,2026-09-17 14:18:01,0,-27.06,3.17,17-Sep-2025,17-Aug-2026,29.70259756556657,-10.123845095341066,,,HDFC LIFE INSURANCE COMPANY LIMITED,5.66,2026-09-17 14:18:43
0,INFYEQN,-6.1,INFY,EQ,N,1053.9,3764489,1054.9,1059.4,1048.6,1060.0,3968260789.57,1728.0,982.4,3687104155855.86,2026-09-17 14:18:00,0,-30.77,-7.54,17-Sep-2025,17-Aug-2026,39.010416666666664,-7.278094462540716,,,INFOSYS LIMITED,-0.58,2026-09-17 14:18:43
0,TCSEQN,3.0,TCS,EQ,N,2191.8,1727219,2171.0,2198.3,2162.5,2188.8,3768791858.0,3350.0,1976.8,2231215659031.54,2026-09-17 14:17:59,0,-30.89,-5.21,17-Sep-2025,17-Aug-2026,34.57313432835821,-10.876163496560098,,,TATA CONSULTANCY SERVICES LIMITED,0.14,2026-09-17 14:18:43
0,KOTAKBANKEQN,0.3,KOTAKBANK,EQ,N,415.3,8551917,415.0,417.6,412.5,415.0,3546907575.75,453.2,345.5,3048719253341.67,2026-09-17 14:18:01,0,1.27,5.74,17-Sep-2025,17-Aug-2026,8.362753751103266,-20.20260492040521,,,KOTAK MAHINDRA BANK LIMITED,0.07,2026-09-17 14:18:43
0,SHRIRAMFINEQN,12.2,SHRIRAMFIN,EQ,N,991.2,3465227,979.0,1005.5,978.3,979.0,3442703024.5,1153.7,603.15,1384365165177.69,2026-09-17 14:17:58,0,59.18,-11.58,17-Sep-2025,17-Aug-2026,14.085117448210106,-64.33722954488933,,,SHRIRAM FINANCE LIMITED,1.25,2026-09-17 14:18:43
0,TATASTEELEQN,1.96,TATASTEEL,EQ,N,184.96,16819746,183.0,185.39,182.87,183.0,3101561162.4,224.4,160.06,1524205803070.96,2026-09-17 14:18:01,0,8.11,-0.4,17-Sep-2025,17-Aug-2026,17.575757575757574,-15.55666625015619,,,TATA STEEL LIMITED,1.07,2026-09-17 14:18:43
0,BAJFINANCEEQN,5.4,BAJFINANCE,EQ,N,1011.6,2959841,1010.0,1027.9,1010.0,1006.2,3012881350.72,1176.4,787.9,2702929291680.74,2026-09-17 14:17:59,0,0.46,-7.09,17-Sep-2025,17-Aug-2026,14.008840530431826,-28.391927909633203,,,BAJAJ FINANCE LIMITED,0.54,2026-09-17 14:18:43
0,ITCEQN,2.05,ITC,EQ,N,266.2,10941571,264.8,268.5,264.1,264.15,2912536784.49,426.4,255.5,2557525084963.63,2026-09-17 14:18:00,0,-34.95,-2.49,17-Sep-2025,17-Aug-2026,37.570356472795496,-4.187866927592955,,,ITC LIMITED,0.78,2026-09-17 14:18:43
0,TECHMEQN,-2.0,TECHM,EQ,N,1556.0,1605874,1545.1,1569.7,1538.0,1558.0,2496812895.2,1854.0,1304.1,985128879485.96,2026-09-17 14:18:00,0,0.55,-3.37,17-Sep-2025,17-Aug-2026,16.073354908306364,-19.31600337397439,,,TECH MAHINDRA LIMITED,-0.13,2026-09-17 14:18:43
0,BELEQN,9.0,BEL,EQ,N,394.75,6062638,387.0,395.9,387.0,385.75,2385163041.96,473.45,380.45,1409564381054.62,2026-09-17 14:17:58,0,-4.21,-4.27,17-Sep-2025,17-Aug-2026,16.622663428028304,-3.7587067945853594,,,BHARAT ELECTRONICS LIMITED,2.33,2026-09-17 14:18:43
0,MARUTIEQN,185.0,MARUTI,EQ,N,12351.0,192703,12165.0,12409.0,12127.0,12166.0,2371316401.65,17370.0,12127.0,1607396402211.42,2026-09-17 14:17:59,0,-21.78,-10.18,17-Sep-2025,17-Aug-2026,28.894645941278064,-1.8471180011544488,,,MARUTI SUZUKI INDIA LIMITED,1.52,2026-09-17 14:18:43
0,SBILIFEEQN,68.8,SBILIFE,EQ,N,1766.7,1264815,1693.0,1771.1,1689.0,1697.9,2205698230.35,2132.0,1652.9,791243187002.95,2026-09-17 14:18:02,0,-1.97,-1.23,17-Sep-2025,17-Aug-2026,17.134146341463413,-6.884869018089419,,,SBI LIFE INSURANCE COMPANY LIMITED,4.05,2026-09-17 14:18:43
0,JIOFINEQN,3.59,JIOFIN,EQ,N,228.43,9454615,225.0,230.36,225.0,224.84,2160568619.8,321.6,223.3,747534671931.57,2026-09-17 14:18:00,0,-27.61,-8.46,17-Sep-2025,17-Aug-2026,28.970771144278608,-2.2973578145991937,,,JIO FINANCIAL SERVICES LIMITED,1.6,2026-09-17 14:18:43
0,DRREDDYEQN,30.5,DRREDDY,EQ,N,1170.5,1814264,1140.0,1189.8,1140.0,1140.0,2122162743.44,1414.9,1101.0,711163519179.74,2026-09-17 14:18:00,0,-10.79,-1.85,17-Sep-2025,17-Aug-2026,17.27330553396,-6.31244323342416,,,DR. REDDY'S LABORATORIES LIMITED,2.68,2026-09-17 14:18:43
0,HINDALCOEQN,6.2,HINDALCO,EQ,N,978.9,2097739,972.0,987.2,970.5,972.7,2057126772.96,1176.0,731.95,1413817707226.76,2026-09-17 14:18:01,0,30.61,-6.69,17-Sep-2025,17-Aug-2026,16.760204081632654,-33.738643349955595,,,HINDALCO INDUSTRIES LIMITED,0.64,2026-09-17 14:18:43
0,INDIGOEQN,108.5,INDIGO,EQ,N,4842.0,415800,4746.5,4854.0,4746.5,4733.5,1999478250.0,5970.0,3895.2,1092518999424.85,2026-09-17 14:18:01,0,-15.71,-8.18,17-Sep-2025,17-Aug-2026,18.894472361809044,-24.306839186691313,,,INTERGLOBE AVIATION LIMITED,2.29,2026-09-17 14:18:43
0,HINDUNILVREQN,-10.5,HINDUNILVR,EQ,N,1951.5,889047,1962.0,1968.9,1949.0,1962.0,1741296344.67,2667.2,1926.2,1726498579401.24,2026-09-17 14:18:01,0,-24.06,-5.04,17-Sep-2025,17-Aug-2026,26.833383323335333,-1.3134669297061572,,,HINDUSTAN UNILEVER LIMITED,-0.54,2026-09-17 14:18:43
0,TITANEQN,-55.5,TITAN,EQ,N,4853.0,349651,4895.0,4915.5,4845.5,4908.5,1702992678.05,5186.7,3303.1,1998032666240.1,2026-09-17 14:17:59,0,37.72,-4.27,17-Sep-2025,17-Aug-2026,6.433763279156303,-46.92258787199903,,,TITAN COMPANY LIMITED,-1.13,2026-09-17 14:18:43
0,ONGCEQN,-4.69,ONGC,EQ,N,232.11,7306754,235.1,235.65,231.25,236.8,1701889141.68,307.5,227.65,899341027945.34,2026-09-17 14:17:58,0,-2.02,-2.68,17-Sep-2025,17-Aug-2026,24.517073170731706,-1.959147814627718,,,OIL & NATURAL GAS CORPORATION LIMITED,-1.98,2026-09-17 14:18:43
0,SUNPHARMAEQN,3.5,SUNPHARMA,EQ,N,1857.0,899015,1853.5,1864.2,1847.4,1853.5,1669929352.65,2046.9,1548.0,1961047434671.81,2026-09-17 14:18:01,0,14.71,-1.24,17-Sep-2025,17-Aug-2026,9.277443939616004,-19.96124031007752,,,SUN PHARMACEUTICAL INDUSTRIES LIMITED,0.19,2026-09-17 14:18:43
0,TATACONSUMEQN,9.6,TATACONSUM,EQ,N,1009.7,1377413,1003.1,1020.3,999.0,1000.1,1393349668.41,1282.7,986.0,655795047260.07,2026-09-17 14:17:59,0,-11.09,-5.81,17-Sep-2025,17-Aug-2026,21.283230685273253,-2.4036511156186613,,,TATA CONSUMER PRODUCTS LIMITED,0.96,2026-09-17 14:18:43
0,ADANIENTEQN,3.8,ADANIENT,EQ,N,2923.8,467603,2930.1,2945.0,2907.0,2920.0,1370001973.52,3245.0,1753.0,874818615935.52,2026-09-17 14:17:58,0,25.47,-2.7,17-Sep-2025,17-Aug-2026,9.898305084745763,-66.78836280661723,,,ADANI ENTERPRISES LIMITED,0.13,2026-09-17 14:18:43
0,ULTRACEMCOEQN,109.0,ULTRACEMCO,EQ,N,10809.0,126753,10740.0,10834.0,10703.0,10700.0,1365638089.53,13110.0,10325.0,1275170106650.83,2026-09-17 14:17:59,0,-15.04,-7.47,17-Sep-2025,17-Aug-2026,17.551487414187644,-4.687651331719128,,,ULTRATECH CEMENT LIMITED,1.02,2026-09-17 14:18:43
0,JSWSTEELEQN,3.7,JSWSTEEL,EQ,N,1252.6,1053289,1248.9,1256.6,1242.1,1248.9,1316337394.86,1351.0,1073.2,1171581975720.72,2026-09-17 14:18:01,0,12.8,-1.93,17-Sep-2025,17-Aug-2026,7.283493708364174,-16.7163622810287,,,JSW STEEL LIMITED,0.3,2026-09-17 14:18:43
0,TMPVEQN,4.75,TMPV,EQ,N,305.75,3971941,301.0,307.65,299.75,301.0,1208423329.84,739.7,294.3,636846526365.16,2026-09-17 14:17:59,0,-57.48,-7.4,17-Sep-2025,17-Aug-2026,58.66567527375963,-3.890587835541964,,,TATA MOTORS PASSENGER VEHICLES LIMITED,1.58,2026-09-17 14:18:43
0,GRASIMEQN,-23.8,GRASIM,EQ,N,3163.2,368678,3190.0,3205.0,3159.0,3187.0,1175102136.52,3411.1,2502.5,1190151610315.28,2026-09-17 14:18:01,0,10.42,-2.66,17-Sep-2025,17-Aug-2026,7.267450382574536,-26.401598401598402,,,GRASIM INDUSTRIES LIMITED,-0.75,2026-09-17 14:18:43
0,BAJAJ-AUTOEQN,-113.0,BAJAJ-AUTO,EQ,N,11480.0,90478,11568.0,11576.0,11435.0,11593.0,1042002553.92,12470.0,8491.5,1246378364332.21,2026-09-17 14:18:01,0,26.35,-1.59,17-Sep-2025,17-Aug-2026,7.939053728949479,-35.194017546958726,,,BAJAJ AUTO LIMITED,-0.97,2026-09-17 14:18:43
0,ADANIPORTSEQN,9.8,ADANIPORTS,EQ,N,1733.6,598578,1731.0,1738.8,1725.1,1723.8,1037802564.84,1891.1,1292.0,1274998126942.71,2026-09-17 14:17:58,0,23.38,2.59,17-Sep-2025,17-Aug-2026,8.328486066310614,-34.17956656346749,,,ADANI PORTS AND SPECIAL ECONOMIC ZONE LIMITED,0.57,2026-09-17 14:18:43
0,POWERGRIDEQN,0.75,POWERGRID,EQ,N,263.55,3815881,263.5,265.7,263.25,262.8,1010712400.47,324.95,250.0,1190388494107.22,2026-09-17 14:17:58,0,-8.2,-0.96,17-Sep-2025,17-Aug-2026,18.895214648407446,-5.42,,,POWER GRID CORPORATION OF INDIA LIMITED,0.29,2026-09-17 14:18:43
0,TRENTEQN,13.0,TRENT,EQ,N,2782.7,358509,2760.0,2811.0,2760.0,2769.7,999870845.73,3498.67,2183.67,923202932192.67,2026-09-17 14:17:59,0,-19.67,-5.52,17-Sep-2025,17-Aug-2026,20.464062057867704,-27.43225853723319,,,TRENT LIMITED,0.47,2026-09-17 14:18:43
0,NTPCEQN,3.0,NTPC,EQ,N,330.0,2996879,327.8,331.3,327.2,327.0,988670382.1,414.4,315.55,1560101559598.99,2026-09-17 14:17:58,0,-1.86,-2.03,17-Sep-2025,17-Aug-2026,20.366795366795365,-4.57930597369672,,,NTPC LIMITED,0.92,2026-09-17 14:18:43
0,HCLTECHEQN,-8.2,HCLTECH,EQ,N,1244.8,785821,1242.2,1251.3,1235.3,1253.0,976311868.61,1780.1,1030.0,1307652055720.09,2026-09-17 14:18:01,0,-15.93,-6.0,17-Sep-2025,17-Aug-2026,30.071344306499636,-20.854368932038835,,,HCL TECHNOLOGIES LIMITED,-0.65,2026-09-17 14:18:43
0,NESTLEINDEQN,-7.7,NESTLEIND,EQ,N,1376.8,695978,1384.5,1391.7,1370.1,1384.5,959398713.22,1553.0,1145.0,984419505839.65,2026-09-17 14:18:01,0,14.37,-6.3,17-Sep-2025,17-Aug-2026,11.345782356728911,-20.24454148471616,,,NESTLE INDIA LIMITED,-0.56,2026-09-17 14:18:43
0,APOLLOHOSPEQN,42.5,APOLLOHOSP,EQ,N,8739.0,105250,8707.0,8797.5,8686.5,8696.5,921301665.0,9050.0,6696.5,896816043426.75,2026-09-17 14:17:58,0,10.82,-0.95,17-Sep-2025,17-Aug-2026,3.43646408839779,-30.501007989248116,,,APOLLO HOSPITALS ENTERPRISE LIMITED,0.49,2026-09-17 14:18:43
0,EICHERMOTEQN,37.0,EICHERMOT,EQ,N,7537.0,122334,7495.0,7550.5,7489.0,7500.0,920856951.6,8230.0,6442.0,1035900635325.76,2026-09-17 14:18:02,0,9.39,-6.37,17-Sep-2025,17-Aug-2026,8.42041312272175,-16.997826761875196,,,EICHER MOTORS LIMITED,0.49,2026-09-17 14:18:43
0,WIPROEQN,-0.67,WIPRO,EQ,N,166.22,5441220,165.75,167.35,165.02,166.89,905527832.4,273.1,165.02,448882593768.39,2026-09-17 14:17:58,0,-34.55,-8.56,17-Sep-2025,17-Aug-2026,39.13584767484438,-0.7271845836868258,,,WIPRO LIMITED,-0.4,2026-09-17 14:18:43
0,ASIANPAINTEQN,30.3,ASIANPAINT,EQ,N,2446.9,363125,2424.0,2448.6,2421.0,2416.6,884282000.0,2985.7,2115.0,1103008065815.48,2026-09-17 14:17:58,0,-1.87,-8.95,17-Sep-2025,17-Aug-2026,18.0460193589443,-15.692671394799055,,,ASIAN PAINTS LIMITED,1.25,2026-09-17 14:18:43
0,COALINDIAEQN,-3.95,COALINDIA,EQ,N,418.3,2097653,421.1,422.8,417.55,422.25,880301057.98,491.25,369.6,998914907726.95,2026-09-17 14:17:58,0,4.64,2.41,17-Sep-2025,17-Aug-2026,14.849872773536896,-13.176406926406926,,,COAL INDIA LIMITED,-0.94,2026-09-17 14:18:43
0,MAXHEALTHEQN,11.7,MAXHEALTH,EQ,N,1036.7,763827,1022.1,1042.9,1021.1,1025.0,790950496.77,1221.9,903.0,769444460906.68,2026-09-17 14:18:00,0,-10.15,3.29,17-Sep-2025,17-Aug-2026,15.156723136099517,-14.806201550387597,,,MAX HEALTHCARE INSTITUTE LIMITED,1.14,2026-09-17 14:18:43
0,BAJAJFINSVEQN,12.3,BAJAJFINSV,EQ,N,1849.3,366112,1837.0,1863.0,1832.1,1837.0,675974552.32,2195.0,1597.0,1068613394489.35,2026-09-17 14:17:59,0,-10.1,-7.77,17-Sep-2025,17-Aug-2026,15.749430523917995,-15.798371947401378,,,BAJAJ FINSERV LIMITED,0.67,2026-09-17 14:18:43
0,CIPLAEQN,17.6,CIPLA,EQ,N,1375.6,392990,1362.5,1382.0,1351.6,1358.0,537347016.7,1673.0,1165.7,771875418392.98,2026-09-17 14:17:58,0,-11.74,-3.84,17-Sep-2025,17-Aug-2026,17.776449491930663,-18.00634811701124,,,CIPLA LIMITED,1.3,2026-09-17 14:18:43
1,NIFTY 50,61.35,NIFTY 50,,,23278.95,179932413,23195.25,23363.55,23193.65,23217.6,132021802786.78,26373.2,22182.55,,2026-09-17 14:18:25,0,-8.1,-4.15,16-Sep-2025,17-Aug-2026,11.732554259627197,-4.942623819173179,,,,0.26,2026-09-17 14:19:13
0,HDFCBANKEQN,-6.0,HDFCBANK,EQ,N,715.5,16959916,717.5,719.4,713.1,721.5,12141943062.72,1020.5,681.9,10933160310625.43,2026-09-17 14:18:02,0,-25.97,-1.85,17-Sep-2025,17-Aug-2026,29.887310142087212,-4.927408710954685,,,HDFC BANK LIMITED,-0.83,2026-09-17 14:19:13
0,ETERNALEQN,7.0,ETERNAL,EQ,N,324.0,22491531,318.3,327.8,318.25,317.0,7309522659.69,368.45,212.6,2336535459196.33,2026-09-17 14:18:00,0,-1.22,1.97,17-Sep-2025,17-Aug-2026,12.064052110191342,-52.39887111947319,,,ETERNAL LIMITED,2.21,2026-09-17 14:19:13
0,ICICIBANKEQN,-6.3,ICICIBANK,EQ,N,1352.5,5340406,1352.0,1363.0,1349.1,1358.8,7238226080.22,1480.0,1187.6,9669318423597.09,2026-09-17 14:18:01,0,-4.7,-4.44,17-Sep-2025,17-Aug-2026,8.614864864864865,-13.88514651397777,,,ICICI BANK LIMITED,-0.46,2026-09-17 14:19:13
0,RELIANCEEQN,4.1,RELIANCE,EQ,N,1244.1,5769650,1244.8,1253.4,1238.5,1240.0,7179867853.0,1611.8,1235.3,8380506253716.69,2026-09-17 14:18:02,0,-11.98,-5.44,17-Sep-2025,17-Aug-2026,22.813004094800842,-0.7123775601068566,,,RELIANCE INDUSTRIES LIMITED,0.33,2026-09-17 14:19:13
0,SBINEQN,-3.9,SBIN,EQ,N,987.5,6540007,991.2,1000.9,985.2,991.4,6481146937.0,1234.7,821.65,4070840540299.14,2026-09-17 14:17:58,0,15.25,-6.91,17-Sep-2025,17-Aug-2026,20.02105774682109,-20.18499361041806,,,STATE BANK OF INDIA,-0.39,2026-09-17 14:19:13
0,BHARTIARTLEQN,0.2,BHARTIARTL,EQ,N,1835.2,2853541,1841.8,1845.9,1827.6,1835.0,5242097494.05,2174.5,1740.5,5699438953416.49,2026-09-17 14:17:59,0,-5.46,-6.8,17-Sep-2025,17-Aug-2026,15.603587031501494,-5.4409652398735995,,,BHARTI AIRTEL LIMITED,0.01,2026-09-17 14:19:13
0,M&MEQN,24.4,M&M,EQ,N,3094.4,1447034,3047.0,3127.8,3047.0,3070.0,4494646777.74,3839.9,2896.0,2754354708495.21,2026-09-17 14:18:02,0,-14.81,-8.71,17-Sep-2025,17-Aug-2026,19.414568087710617,-6.850828729281768,,,MAHINDRA & MAHINDRA LIMITED,0.79,2026-09-17 14:19:13
0,AXISBANKEQN,0.1,AXISBANK,EQ,N,1241.1,3338979,1238.0,1257.6,1233.0,1241.0,4173289682.73,1418.3,1104.0,3557244996505.08,2026-09-17 14:17:58,0,10.27,1.17,17-Sep-2025,17-Aug-2026,12.493830642318269,-12.418478260869565,,,AXIS BANK LIMITED,0.01,2026-09-17 14:19:13
0,LTEQN,49.0,LT,EQ,N,3856.7,1051959,3811.0,3875.0,3811.0,3807.7,4053061272.33,4440.0,3288.1,4500917495984.56,2026-09-17 14:17:59,0,4.65,-5.62,17-Sep-2025,17-Aug-2026,13.137387387387387,-17.292661415407075,,,LARSEN & TOUBRO LIMITED,1.29,2026-09-17 14:19:13
0,HDFCLIFEEQN,30.0,HDFCLIFE,EQ,N,560.2,7196153,532.9,560.95,529.95,530.2,3979760455.12,796.9,508.7,604865230975.48,2026-09-17 14:18:01,0,-27.06,3.17,17-Sep-2025,17-Aug-2026,29.70259756556657,-10.123845095341066,,,HDFC LIFE INSURANCE COMPANY LIMITED,5.66,2026-09-17 14:19:13
0,INFYEQN,-6.1,INFY,EQ,N,1053.9,3764489,1054.9,1059.4,1048.6,1060.0,3968260789.57,1728.0,982.4,3687104155855.86,2026-09-17 14:18:00,0,-30.77,-7.54,17-Sep-2025,17-Aug-2026,39.010416666666664,-7.278094462540716,,,INFOSYS LIMITED,-0.58,2026-09-17 14:19:13
0,TCSEQN,3.0,TCS,EQ,N,2191.8,1727219,2171.0,2198.3,2162.5,2188.8,3768791858.0,3350.0,1976.8,2231215659031.54,2026-09-17 14:17:59,0,-30.89,-5.21,17-Sep-2025,17-Aug-2026,34.57313432835821,-10.876163496560098,,,TATA CONSULTANCY SERVICES LIMITED,0.14,2026-09-17 14:19:13
0,KOTAKBANKEQN,0.3,KOTAKBANK,EQ,N,415.3,8551917,415.0,417.6,412.5,415.0,3546907575.75,453.2,345.5,3048719253341.67,2026-09-17 14:18:01,0,1.27,5.74,17-Sep-2025,17-Aug-2026,8.362753751103266,-20.20260492040521,,,KOTAK MAHINDRA BANK LIMITED,0.07,2026-09-17 14:19:13
0,SHRIRAMFINEQN,12.2,SHRIRAMFIN,EQ,N,991.2,3465227,979.0,1005.5,978.3,979.0,3442703024.5,1153.7,603.15,1384365165177.69,2026-09-17 14:17:58,0,59.18,-11.58,17-Sep-2025,17-Aug-2026,14.085117448210106,-64.33722954488933,,,SHRIRAM FINANCE LIMITED,1.25,2026-09-17 14:19:13
0,TATASTEELEQN,1.96,TATASTEEL,EQ,N,184.96,16819746,183.0,185.39,182.87,183.0,3101561162.4,224.4,160.06,1524205803070.96,2026-09-17 14:18:01,0,8.11,-0.4,17-Sep-2025,17-Aug-2026,17.575757575757574,-15.55666625015619,,,TATA STEEL LIMITED,1.07,2026-09-17 14:19:13
0,BAJFINANCEEQN,5.4,BAJFINANCE,EQ,N,1011.6,2959841,1010.0,1027.9,1010.0,1006.2,3012881350.72,1176.4,787.9,2702929291680.74,2026-09-17 14:17:59,0,0.46,-7.09,17-Sep-2025,17-Aug-2026,14.008840530431826,-28.391927909633203,,,BAJAJ FINANCE LIMITED,0.54,2026-09-17 14:19:13
0,ITCEQN,2.05,ITC,EQ,N,266.2,10941571,264.8,268.5,264.1,264.15,2912536784.49,426.4,255.5,2557525084963.63,2026-09-17 14:18:00,0,-34.95,-2.49,17-Sep-2025,17-Aug-2026,37.570356472795496,-4.187866927592955,,,ITC LIMITED,0.78,2026-09-17 14:19:13
0,TECHMEQN,-2.0,TECHM,EQ,N,1556.0,1605874,1545.1,1569.7,1538.0,1558.0,2496812895.2,1854.0,1304.1,985128879485.96,2026-09-17 14:18:00,0,0.55,-3.37,17-Sep-2025,17-Aug-2026,16.073354908306364,-19.31600337397439,,,TECH MAHINDRA LIMITED,-0.13,2026-09-17 14:19:13
0,BELEQN,9.0,BEL,EQ,N,394.75,6062638,387.0,395.9,387.0,385.75,2385163041.96,473.45,380.45,1409564381054.62,2026-09-17 14:17:58,0,-4.21,-4.27,17-Sep-2025,17-Aug-2026,16.622663428028304,-3.7587067945853594,,,BHARAT ELECTRONICS LIMITED,2.33,2026-09-17 14:19:13
0,MARUTIEQN,185.0,MARUTI,EQ,N,12351.0,192703,12165.0,12409.0,12127.0,12166.0,2371316401.65,17370.0,12127.0,1607396402211.42,2026-09-17 14:17:59,0,-21.78,-10.18,17-Sep-2025,17-Aug-2026,28.894645941278064,-1.8471180011544488,,,MARUTI SUZUKI INDIA LIMITED,1.52,2026-09-17 14:19:13
0,SBILIFEEQN,68.8,SBILIFE,EQ,N,1766.7,1264815,1693.0,1771.1,1689.0,1697.9,2205698230.35,2132.0,1652.9,791243187002.95,2026-09-17 14:18:02,0,-1.97,-1.23,17-Sep-2025,17-Aug-2026,17.134146341463413,-6.884869018089419,,,SBI LIFE INSURANCE COMPANY LIMITED,4.05,2026-09-17 14:19:13
0,JIOFINEQN,3.59,JIOFIN,EQ,N,228.43,9454615,225.0,230.36,225.0,224.84,2160568619.8,321.6,223.3,747534671931.57,2026-09-17 14:18:00,0,-27.61,-8.46,17-Sep-2025,17-Aug-2026,28.970771144278608,-2.2973578145991937,,,JIO FINANCIAL SERVICES LIMITED,1.6,2026-09-17 14:19:13
0,DRREDDYEQN,30.5,DRREDDY,EQ,N,1170.5,1814264,1140.0,1189.8,1140.0,1140.0,2122162743.44,1414.9,1101.0,711163519179.74,2026-09-17 14:18:00,0,-10.79,-1.85,17-Sep-2025,17-Aug-2026,17.27330553396,-6.31244323342416,,,DR. REDDY'S LABORATORIES LIMITED,2.68,2026-09-17 14:19:13
0,HINDALCOEQN,6.2,HINDALCO,EQ,N,978.9,2097739,972.0,987.2,970.5,972.7,2057126772.96,1176.0,731.95,1413817707226.76,2026-09-17 14:18:01,0,30.61,-6.69,17-Sep-2025,17-Aug-2026,16.760204081632654,-33.738643349955595,,,HINDALCO INDUSTRIES LIMITED,0.64,2026-09-17 14:19:13
0,INDIGOEQN,108.5,INDIGO,EQ,N,4842.0,415800,4746.5,4854.0,4746.5,4733.5,1999478250.0,5970.0,3895.2,1092518999424.85,2026-09-17 14:18:01,0,-15.71,-8.18,17-Sep-2025,17-Aug-2026,18.894472361809044,-24.306839186691313,,,INTERGLOBE AVIATION LIMITED,2.29,2026-09-17 14:19:13
0,HINDUNILVREQN,-10.5,HINDUNILVR,EQ,N,1951.5,889047,1962.0,1968.9,1949.0,1962.0,1741296344.67,2667.2,1926.2,1726498579401.24,2026-09-17 14:18:01,0,-24.06,-5.04,17-Sep-2025,17-Aug-2026,26.833383323335333,-1.3134669297061572,,,HINDUSTAN UNILEVER LIMITED,-0.54,2026-09-17 14:19:13
0,TITANEQN,-55.5,TITAN,EQ,N,4853.0,349651,4895.0,4915.5,4845.5,4908.5,1702992678.05,5186.7,3303.1,1998032666240.1,2026-09-17 14:17:59,0,37.72,-4.27,17-Sep-2025,17-Aug-2026,6.433763279156303,-46.92258787199903,,,TITAN COMPANY LIMITED,-1.13,2026-09-17 14:19:13
0,ONGCEQN,-4.69,ONGC,EQ,N,232.11,7306754,235.1,235.65,231.25,236.8,1701889141.68,307.5,227.65,899341027945.34,2026-09-17 14:17:58,0,-2.02,-2.68,17-Sep-2025,17-Aug-2026,24.517073170731706,-1.959147814627718,,,OIL & NATURAL GAS CORPORATION LIMITED,-1.98,2026-09-17 14:19:13
0,SUNPHARMAEQN,3.5,SUNPHARMA,EQ,N,1857.0,899015,1853.5,1864.2,1847.4,1853.5,1669929352.65,2046.9,1548.0,1961047434671.81,2026-09-17 14:18:01,0,14.71,-1.24,17-Sep-2025,17-Aug-2026,9.277443939616004,-19.96124031007752,,,SUN PHARMACEUTICAL INDUSTRIES LIMITED,0.19,2026-09-17 14:19:13
0,TATACONSUMEQN,9.6,TATACONSUM,EQ,N,1009.7,1377413,1003.1,1020.3,999.0,1000.1,1393349668.41,1282.7,986.0,655795047260.07,2026-09-17 14:17:59,0,-11.09,-5.81,17-Sep-2025,17-Aug-2026,21.283230685273253,-2.4036511156186613,,,TATA CONSUMER PRODUCTS LIMITED,0.96,2026-09-17 14:19:13
0,ADANIENTEQN,3.8,ADANIENT,EQ,N,2923.8,467603,2930.1,2945.0,2907.0,2920.0,1370001973.52,3245.0,1753.0,874818615935.52,2026-09-17 14:17:58,0,25.47,-2.7,17-Sep-2025,17-Aug-2026,9.898305084745763,-66.78836280661723,,,ADANI ENTERPRISES LIMITED,0.13,2026-09-17 14:19:13
0,ULTRACEMCOEQN,109.0,ULTRACEMCO,EQ,N,10809.0,126753,10740.0,10834.0,10703.0,10700.0,1365638089.53,13110.0,10325.0,1275170106650.83,2026-09-17 14:17:59,0,-15.04,-7.47,17-Sep-2025,17-Aug-2026,17.551487414187644,-4.687651331719128,,,ULTRATECH CEMENT LIMITED,1.02,2026-09-17 14:19:13
0,JSWSTEELEQN,3.7,JSWSTEEL,EQ,N,1252.6,1053289,1248.9,1256.6,1242.1,1248.9,1316337394.86,1351.0,1073.2,1171581975720.72,2026-09-17 14:18:01,0,12.8,-1.93,17-Sep-2025,17-Aug-2026,7.283493708364174,-16.7163622810287,,,JSW STEEL LIMITED,0.3,2026-09-17 14:19:13
0,TMPVEQN,4.75,TMPV,EQ,N,305.75,3971941,301.0,307.65,299.75,301.0,1208423329.84,739.7,294.3,636846526365.16,2026-09-17 14:17:59,0,-57.48,-7.4,17-Sep-2025,17-Aug-2026,58.66567527375963,-3.890587835541964,,,TATA MOTORS PASSENGER VEHICLES LIMITED,1.58,2026-09-17 14:19:13
0,GRASIMEQN,-23.8,GRASIM,EQ,N,3163.2,368678,3190.0,3205.0,3159.0,3187.0,1175102136.52,3411.1,2502.5,1190151610315.28,2026-09-17 14:18:01,0,10.42,-2.66,17-Sep-2025,17-Aug-2026,7.267450382574536,-26.401598401598402,,,GRASIM INDUSTRIES LIMITED,-0.75,2026-09-17 14:19:13
0,BAJAJ-AUTOEQN,-113.0,BAJAJ-AUTO,EQ,N,11480.0,90478,11568.0,11576.0,11435.0,11593.0,1042002553.92,12470.0,8491.5,1246378364332.21,2026-09-17 14:18:01,0,26.35,-1.59,17-Sep-2025,17-Aug-2026,7.939053728949479,-35.194017546958726,,,BAJAJ AUTO LIMITED,-0.97,2026-09-17 14:19:13
0,ADANIPORTSEQN,9.8,ADANIPORTS,EQ,N,1733.6,598578,1731.0,1738.8,1725.1,1723.8,1037802564.84,1891.1,1292.0,1274998126942.71,2026-09-17 14:17:58,0,23.38,2.59,17-Sep-2025,17-Aug-2026,8.328486066310614,-34.17956656346749,,,ADANI PORTS AND SPECIAL ECONOMIC ZONE LIMITED,0.57,2026-09-17 14:19:13
0,POWERGRIDEQN,0.75,POWERGRID,EQ,N,263.55,3815881,263.5,265.7,263.25,262.8,1010712400.47,324.95,250.0,1190388494107.22,2026-09-17 14:17:58,0,-8.2,-0.96,17-Sep-2025,17-Aug-2026,18.895214648407446,-5.42,,,POWER GRID CORPORATION OF INDIA LIMITED,0.29,2026-09-17 14:19:13
0,TRENTEQN,13.0,TRENT,EQ,N,2782.7,358509,2760.0,2811.0,2760.0,2769.7,999870845.73,3498.67,2183.67,923202932192.67,2026-09-17 14:17:59,0,-19.67,-5.52,17-Sep-2025,17-Aug-2026,20.464062057867704,-27.43225853723319,,,TRENT LIMITED,0.47,2026-09-17 14:19:13
0,NTPCEQN,3.0,NTPC,EQ,N,330.0,2996879,327.8,331.3,327.2,327.0,988670382.1,414.4,315.55,1560101559598.99,2026-09-17 14:17:58,0,-1.86,-2.03,17-Sep-2025,17-Aug-2026,20.366795366795365,-4.57930597369672,,,NTPC LIMITED,0.92,2026-09-17 14:19:13
0,HCLTECHEQN,-8.2,HCLTECH,EQ,N,1244.8,785821,1242.2,1251.3,1235.3,1253.0,976311868.61,1780.1,1030.0,1307652055720.09,2026-09-17 14:18:01,0,-15.93,-6.0,17-Sep-2025,17-Aug-2026,30.071344306499636,-20.854368932038835,,,HCL TECHNOLOGIES LIMITED,-0.65,2026-09-17 14:19:13
0,NESTLEINDEQN,-7.7,NESTLEIND,EQ,N,1376.8,695978,1384.5,1391.7,1370.1,1384.5,959398713.22,1553.0,1145.0,984419505839.65,2026-09-17 14:18:01,0,14.37,-6.3,17-Sep-2025,17-Aug-2026,11.345782356728911,-20.24454148471616,,,NESTLE INDIA LIMITED,-0.56,2026-09-17 14:19:13
0,APOLLOHOSPEQN,42.5,APOLLOHOSP,EQ,N,8739.0,105250,8707.0,8797.5,8686.5,8696.5,921301665.0,9050.0,6696.5,896816043426.75,2026-09-17 14:17:58,0,10.82,-0.95,17-Sep-2025,17-Aug-2026,3.43646408839779,-30.501007989248116,,,APOLLO HOSPITALS ENTERPRISE LIMITED,0.49,2026-09-17 14:19:13
0,EICHERMOTEQN,37.0,EICHERMOT,EQ,N,7537.0,122334,7495.0,7550.5,7489.0,7500.0,920856951.6,8230.0,6442.0,1035900635325.76,2026-09-17 14:18:02,0,9.39,-6.37,17-Sep-2025,17-Aug-2026,8.42041312272175,-16.997826761875196,,,EICHER MOTORS LIMITED,0.49,2026-09-17 14:19:13
0,WIPROEQN,-0.67,WIPRO,EQ,N,166.22,5441220,165.75,167.35,165.02,166.89,905527832.4,273.1,165.02,448882593768.39,2026-09-17 14:17:58,0,-34.55,-8.56,17-Sep-2025,17-Aug-2026,39.13584767484438,-0.7271845836868258,,,WIPRO LIMITED,-0.4,2026-09-17 14:19:13
0,ASIANPAINTEQN,30.3,ASIANPAINT,EQ,N,2446.9,363125,2424.0,2448.6,2421.0,2416.6,884282000.0,2985.7,2115.0,1103008065815.48,2026-09-17 14:17:58,0,-1.87,-8.95,17-Sep-2025,17-Aug-2026,18.0460193589443,-15.692671394799055,,,ASIAN PAINTS LIMITED,1.25,2026-09-17 14:19:13
0,COALINDIAEQN,-3.95,COALINDIA,EQ,N,418.3,2097653,421.1,422.8,417.55,422.25,880301057.98,491.25,369.6,998914907726.95,2026-09-17 14:17:58,0,4.64,2.41,17-Sep-2025,17-Aug-2026,14.849872773536896,-13.176406926406926,,,COAL INDIA LIMITED,-0.94,2026-09-17 14:19:13
0,MAXHEALTHEQN,11.7,MAXHEALTH,EQ,N,1036.7,763827,1022.1,1042.9,1021.1,1025.0,790950496.77,1221.9,903.0,769444460906.68,2026-09-17 14:18:00,0,-10.15,3.29,17-Sep-2025,17-Aug-2026,15.156723136099517,-14.806201550387597,,,MAX HEALTHCARE INSTITUTE LIMITED,1.14,2026-09-17 14:19:13
0,BAJAJFINSVEQN,12.3,BAJAJFINSV,EQ,N,1849.3,366112,1837.0,1863.0,1832.1,1837.0,675974552.32,2195.0,1597.0,1068613394489.35,2026-09-17 14:17:59,0,-10.1,-7.77,17-Sep-2025,17-Aug-2026,15.749430523917995,-15.798371947401378,,,BAJAJ FINSERV LIMITED,0.67,2026-09-17 14:19:13
0,CIPLAEQN,17.6,CIPLA,EQ,N,1375.6,392990,1362.5,1382.0,1351.6,1358.0,537347016.7,1673.0,1165.7,771875418392.98,2026-09-17 14:17:58,0,-11.74,-3.84,17-Sep-2025,17-Aug-2026,17.776449491930663,-18.00634811701124,,,CIPLA LIMITED,1.3,2026-09-17 14:19:13
1,NIFTY 50,67.5,NIFTY 50,,,23285.1,180395066,23195.25,23363.55,23193.65,23217.6,132299847416.95,26373.2,22182.55,,2026-09-17 14:19:14,0,-8.07,-4.13,16-Sep-2025,17-Aug-2026,11.709235132634644,-4.970348314328154,,,,0.29,2026-09-17 14:19:43
0,HDFCBANKEQN,-5.95,HDFCBANK,EQ,N,715.55,16970029,717.5,719.4,713.1,721.5,12149183161.68,1020.5,681.9,10936981223573.86,2026-09-17 14:18:46,0,-25.97,-1.85,17-Sep-2025,17-Aug-2026,29.882410583047527,-4.934741164393606,,,HDFC BANK LIMITED,-0.82,2026-09-17 14:19:43
0,ETERNALEQN,7.6,ETERNAL,EQ,N,324.6,22550894,318.3,327.8,318.25,317.0,7328815041.06,368.45,212.6,2337616854811.51,2026-09-17 14:18:46,0,-1.13,2.06,17-Sep-2025,17-Aug-2026,11.901207762247251,-52.681091251175914,,,ETERNAL LIMITED,2.4,2026-09-17 14:19:43
0,ICICIBANKEQN,-5.6,ICICIBANK,EQ,N,1353.2,5362426,1352.0,1363.0,1349.1,1358.8,7268017703.36,1480.0,1187.6,9669318423597.09,2026-09-17 14:18:44,0,-4.71,-4.44,17-Sep-2025,17-Aug-2026,8.567567567567568,-13.944088918827887,,,ICICI BANK LIMITED,-0.41,2026-09-17 14:19:43
0,RELIANCEEQN,4.7,RELIANCE,EQ,N,1244.7,5783615,1244.8,1253.4,1238.5,1240.0,7197304014.45,1611.8,1235.3,8380506253716.69,2026-09-17 14:18:46,0,-11.97,-5.43,17-Sep-2025,17-Aug-2026,22.77577863258469,-0.7609487573868696,,,RELIANCE INDUSTRIES LIMITED,0.38,2026-09-17 14:19:43
0,SBINEQN,-3.3,SBIN,EQ,N,988.1,6550954,991.2,1000.9,985.2,991.4,6491995414.0,1234.7,821.65,4070840540299.14,2026-09-17 14:18:46,0,15.31,-6.86,17-Sep-2025,17-Aug-2026,19.972462946464727,-20.25801740400414,,,STATE BANK OF INDIA,-0.33,2026-09-17 14:19:43
0,BHARTIARTLEQN,0.4,BHARTIARTL,EQ,N,1835.4,2856852,1841.8,1845.9,1827.6,1835.0,5248179966.6,2174.5,1740.5,5699438953416.49,2026-09-17 14:18:42,0,-5.44,-6.78,17-Sep-2025,17-Aug-2026,15.594389514830995,-5.452456190749785,,,BHARTI AIRTEL LIMITED,0.02,2026-09-17 14:19:43
0,M&MEQN,26.3,M&M,EQ,N,3096.3,1448129,3047.0,3127.8,3047.0,3070.0,4498033486.9,3839.9,2896.0,2754888877745.03,2026-09-17 14:18:46,0,-14.78,-8.67,17-Sep-2025,17-Aug-2026,19.36508763249043,-6.916436464088398,,,MAHINDRA & MAHINDRA LIMITED,0.86,2026-09-17 14:19:43
0,AXISBANKEQN,0.4,AXISBANK,EQ,N,1241.4,3347365,1238.0,1257.6,1233.0,1241.0,4183704145.25,1418.3,1104.0,3557818329569.23,2026-09-17 14:18:46,0,10.28,1.18,17-Sep-2025,17-Aug-2026,12.472678558838046,-12.445652173913043,,,AXIS BANK LIMITED,0.03,2026-09-17 14:19:43
0,LTEQN,50.2,LT,EQ,N,3857.9,1052631,3811.0,3875.0,3811.0,3807.7,4055650400.97,4440.0,3288.1,4501267680182.48,2026-09-17 14:18:42,0,4.68,-5.6,17-Sep-2025,17-Aug-2026,13.11036036036036,-17.32915665581947,,,LARSEN & TOUBRO LIMITED,1.32,2026-09-17 14:19:43
0,HDFCLIFEEQN,30.45,HDFCLIFE,EQ,N,560.65,7216749,532.9,560.95,529.95,530.2,3991367369.43,796.9,508.7,604865230975.48,2026-09-17 14:18:47,0,-27.0,3.25,17-Sep-2025,17-Aug-2026,29.646128748901994,-10.212305877727541,,,HDFC LIFE INSURANCE COMPANY LIMITED,5.74,2026-09-17 14:19:43
0,INFYEQN,-5.2,INFY,EQ,N,1054.8,3781453,1054.9,1059.4,1048.6,1060.0,3986143050.89,1728.0,982.4,3687454009177.42,2026-09-17 14:18:43,0,-30.68,-7.42,17-Sep-2025,17-Aug-2026,38.958333333333336,-7.369706840390879,,,INFOSYS LIMITED,-0.49,2026-09-17 14:19:43
0,TCSEQN,4.6,TCS,EQ,N,2193.4,1729573,2171.0,2198.3,2162.5,2188.8,3773945581.73,3350.0,1976.8,2231724720327.24,2026-09-17 14:18:47,0,-30.84,-5.14,17-Sep-2025,17-Aug-2026,34.525373134328355,-10.957102387697288,,,TATA CONSULTANCY SERVICES LIMITED,0.21,2026-09-17 14:19:43
0,KOTAKBANKEQN,0.25,KOTAKBANK,EQ,N,415.25,8567980,415.0,417.6,412.5,415.0,3553569705.0,453.2,345.5,3049086391980.08,2026-09-17 14:18:42,0,1.28,5.76,17-Sep-2025,17-Aug-2026,8.37378640776699,-20.188133140376266,,,KOTAK MAHINDRA BANK LIMITED,0.06,2026-09-17 14:19:43
0,SHRIRAMFINEQN,13.5,SHRIRAMFIN,EQ,N,992.5,3470544,979.0,1005.5,978.3,979.0,3447985464.0,1153.7,603.15,1385203158619.08,2026-09-17 14:18:46,0,59.23,-11.55,17-Sep-2025,17-Aug-2026,13.972436508624426,-64.55276465224239,,,SHRIRAM FINANCE LIMITED,1.38,2026-09-17 14:19:43
0,TATASTEELEQN,2.29,TATASTEEL,EQ,N,185.29,16915887,183.0,185.39,182.87,183.0,3119289562.8,224.4,160.06,1524700380693.51,2026-09-17 14:18:41,0,8.11,-0.4,17-Sep-2025,17-Aug-2026,17.428698752228165,-15.762838935399225,,,TATA STEEL LIMITED,1.25,2026-09-17 14:19:43
0,BAJFINANCEEQN,6.6,BAJFINANCE,EQ,N,1012.8,2962225,1010.0,1027.9,1010.0,1006.2,3015278449.75,1176.4,787.9,2703463837174.99,2026-09-17 14:18:46,0,0.54,-7.01,17-Sep-2025,17-Aug-2026,13.906834410064604,-28.544231501459578,,,BAJAJ FINANCE LIMITED,0.66,2026-09-17 14:19:43
0,ITCEQN,2.15,ITC,EQ,N,266.3,10959607,264.8,268.5,264.1,264.15,2917337787.33,426.4,255.5,2558967027315.61,2026-09-17 14:18:44,0,-34.93,-2.45,17-Sep-2025,17-Aug-2026,37.546904315197,-4.227005870841487,,,ITC LIMITED,0.81,2026-09-17 14:19:43
0,TECHMEQN,-2.4,TECHM,EQ,N,1555.6,1609913,1545.1,1569.7,1538.0,1558.0,2503092732.4,1854.0,1304.1,985508895769.67,2026-09-17 14:18:43,0,0.56,-3.36,17-Sep-2025,17-Aug-2026,16.09492988133765,-19.285330879533777,,,TECH MAHINDRA LIMITED,-0.15,2026-09-17 14:19:43
0,BELEQN,8.9,BEL,EQ,N,394.65,6081674,387.0,395.9,387.0,385.75,2392713001.82,473.45,380.45,1409921549274.83,2026-09-17 14:18:41,0,-4.21,-4.27,17-Sep-2025,17-Aug-2026,16.64378498257472,-3.732422131686161,,,BHARAT ELECTRONICS LIMITED,2.31,2026-09-17 14:19:43
0,MARUTIEQN,195.0,MARUTI,EQ,N,12361.0,192787,12165.0,12409.0,12127.0,12166.0,2372353923.59,17370.0,12127.0,1606745950446.2,2026-09-17 14:18:42,0,-21.75,-10.14,17-Sep-2025,17-Aug-2026,28.8370754173863,-1.9295786262059866,,,MARUTI SUZUKI INDIA LIMITED,1.6,2026-09-17 14:19:43
0,SBILIFEEQN,70.4,SBILIFE,EQ,N,1768.3,1268326,1693.0,1771.1,1689.0,1697.9,2211909810.96,2132.0,1652.9,791736145490.55,2026-09-17 14:18:46,0,-1.92,-1.17,17-Sep-2025,17-Aug-2026,17.059099437148216,-6.981668582491379,,,SBI LIFE INSURANCE COMPANY LIMITED,4.15,2026-09-17 14:19:43
0,JIOFINEQN,3.77,JIOFIN,EQ,N,228.61,9469755,225.0,230.36,225.0,224.84,2164028412.6,321.6,223.3,747403795287.47,2026-09-17 14:18:43,0,-27.64,-8.48,17-Sep-2025,17-Aug-2026,28.914800995024876,-2.3779668607254814,,,JIO FINANCIAL SERVICES LIMITED,1.68,2026-09-17 14:19:43
0,DRREDDYEQN,29.7,DRREDDY,EQ,N,1169.7,1830234,1140.0,1189.8,1140.0,1140.0,2140861314.48,1414.9,1101.0,711953768410.38,2026-09-17 14:18:46,0,-10.82,-1.89,17-Sep-2025,17-Aug-2026,17.329846632270833,-6.239782016348774,,,DR. REDDY'S LABORATORIES LIMITED,2.61,2026-09-17 14:19:43
0,HINDALCOEQN,7.1,HINDALCO,EQ,N,979.8,2102889,972.0,987.2,970.5,972.7,2062177068.96,1176.0,731.95,1413817707226.76,2026-09-17 14:18:44,0,30.62,-6.68,17-Sep-2025,17-Aug-2026,16.683673469387756,-33.86160256848145,,,HINDALCO INDUSTRIES LIMITED,0.73,2026-09-17 14:19:43
0,INDIGOEQN,109.5,INDIGO,EQ,N,4843.0,416209,4746.5,4854.0,4746.5,4733.5,2001457515.02,5970.0,3895.2,1092970453556.84,2026-09-17 14:18:44,0,-15.72,-8.2,17-Sep-2025,17-Aug-2026,18.877721943048577,-24.332511809406448,,,INTERGLOBE AVIATION LIMITED,2.31,2026-09-17 14:19:43
0,HINDUNILVREQN,-9.6,HINDUNILVR,EQ,N,1952.4,889994,1962.0,1968.9,1949.0,1962.0,1743142248.4,2667.2,1926.2,1726498579401.24,2026-09-17 14:18:44,0,-24.03,-5.0,17-Sep-2025,17-Aug-2026,26.799640071985603,-1.36019104973523,,,HINDUSTAN UNILEVER LIMITED,-0.49,2026-09-17 14:19:43
0,ONGCEQN,-4.69,ONGC,EQ,N,232.11,7344855,235.1,235.65,231.25,236.8,1710763626.6,307.5,227.65,899031137424.45,2026-09-17 14:18:46,0,-2.01,-2.68,17-Sep-2025,17-Aug-2026,24.517073170731706,-1.959147814627718,,,OIL & NATURAL GAS CORPORATION LIMITED,-1.98,2026-09-17 14:19:43
0,TITANEQN,-55.0,TITAN,EQ,N,4853.5,350187,4895.0,4915.5,4845.5,4908.5,1705596289.11,5186.7,3303.1,1998032666240.1,2026-09-17 14:18:42,0,37.78,-4.23,17-Sep-2025,17-Aug-2026,6.42412323828253,-46.93772516726711,,,TITAN COMPANY LIMITED,-1.12,2026-09-17 14:19:43
0,SUNPHARMAEQN,4.3,SUNPHARMA,EQ,N,1857.8,899885,1853.5,1864.2,1847.4,1853.5,1671545386.35,2046.9,1548.0,1961575392736.28,2026-09-17 14:18:44,0,14.7,-1.25,17-Sep-2025,17-Aug-2026,9.238360447505984,-20.012919896640827,,,SUN PHARMACEUTICAL INDUSTRIES LIMITED,0.23,2026-09-17 14:19:43
0,TATACONSUMEQN,9.9,TATACONSUM,EQ,N,1010.0,1380790,1003.1,1020.3,999.0,1000.1,1396765740.3,1282.7,986.0,655924933385.5,2026-09-17 14:18:42,0,-11.06,-5.78,17-Sep-2025,17-Aug-2026,21.25984251968504,-2.4340770791075053,,,TATA CONSUMER PRODUCTS LIMITED,0.99,2026-09-17 14:19:43
0,ADANIENTEQN,5.1,ADANIENT,EQ,N,2925.1,467877,2930.1,2945.0,2907.0,2920.0,1370804749.68,3245.0,1753.0,875387438142.25,2026-09-17 14:18:41,0,25.49,-2.69,17-Sep-2025,17-Aug-2026,9.85824345146379,-66.8625213918996,,,ADANI ENTERPRISES LIMITED,0.17,2026-09-17 14:19:43
0,ULTRACEMCOEQN,110.0,ULTRACEMCO,EQ,N,10810.0,127056,10740.0,10834.0,10703.0,10700.0,1368912779.04,13110.0,10325.0,1275524123893.1,2026-09-17 14:18:43,0,-15.06,-7.5,17-Sep-2025,17-Aug-2026,17.54385964912281,-4.697336561743342,,,ULTRATECH CEMENT LIMITED,1.03,2026-09-17 14:19:43
0,JSWSTEELEQN,4.3,JSWSTEEL,EQ,N,1253.2,1053321,1248.9,1256.6,1242.1,1248.9,1316377386.54,1351.0,1073.2,1171581975720.72,2026-09-17 14:18:45,0,12.77,-1.95,17-Sep-2025,17-Aug-2026,7.239082161361954,-16.772269847185985,,,JSW STEEL LIMITED,0.34,2026-09-17 14:19:43
0,TMPVEQN,4.7,TMPV,EQ,N,305.7,3977853,301.0,307.65,299.75,301.0,1210221996.72,739.7,294.3,637159165798.82,2026-09-17 14:18:42,0,-57.5,-7.43,17-Sep-2025,17-Aug-2026,58.67243477085305,-3.873598369011213,,,TATA MOTORS PASSENGER VEHICLES LIMITED,1.56,2026-09-17 14:19:43
0,GRASIMEQN,-21.7,GRASIM,EQ,N,3165.3,368942,3190.0,3205.0,3159.0,3187.0,1175939904.86,3411.1,2502.5,1190226862543.17,2026-09-17 14:18:46,0,10.45,-2.64,17-Sep-2025,17-Aug-2026,7.205886664125941,-26.485514485514486,,,GRASIM INDUSTRIES LIMITED,-0.68,2026-09-17 14:19:43
0,BAJAJ-AUTOEQN,-116.0,BAJAJ-AUTO,EQ,N,11477.0,90651,11568.0,11576.0,11435.0,11593.0,1043988587.07,12470.0,8491.5,1246595541255.78,2026-09-17 14:18:47,0,26.39,-1.56,17-Sep-2025,17-Aug-2026,7.963111467522053,-35.15868809986457,,,BAJAJ AUTO LIMITED,-1.0,2026-09-17 14:19:43
0,ADANIPORTSEQN,11.1,ADANIPORTS,EQ,N,1734.9,600237,1731.0,1738.8,1725.1,1723.8,1040678905.86,1891.1,1292.0,1275365964380.52,2026-09-17 14:18:41,0,23.37,2.58,17-Sep-2025,17-Aug-2026,8.259743006715668,-34.28018575851393,,,ADANI PORTS AND SPECIAL ECONOMIC ZONE LIMITED,0.64,2026-09-17 14:19:43
0,POWERGRIDEQN,0.9,POWERGRID,EQ,N,263.7,3819572,263.5,265.7,263.25,262.8,1011690035.64,324.95,250.0,1190162699628.06,2026-09-17 14:18:41,0,-8.17,-0.92,17-Sep-2025,17-Aug-2026,18.849053700569318,-5.48,,,POWER GRID CORPORATION OF INDIA LIMITED,0.34,2026-09-17 14:19:43
0,TRENTEQN,14.2,TRENT,EQ,N,2783.9,359025,2760.0,2811.0,2760.0,2769.7,1001306364.0,3498.67,2183.67,923567926343.34,2026-09-17 14:18:42,0,-19.65,-5.5,17-Sep-2025,17-Aug-2026,20.429763310057822,-27.4872118955703,,,TRENT LIMITED,0.51,2026-09-17 14:19:43
0,NTPCEQN,3.15,NTPC,EQ,N,330.15,2999874,327.8,331.3,327.2,327.0,989658432.6,414.4,315.55,1560574317647.35,2026-09-17 14:18:41,0,-1.84,-2.02,17-Sep-2025,17-Aug-2026,20.330598455598455,-4.626842021866582,,,NTPC LIMITED,0.96,2026-09-17 14:19:43
0,HCLTECHEQN,-7.5,HCLTECH,EQ,N,1245.5,787283,1242.2,1251.3,1235.3,1253.0,978136144.86,1780.1,1030.0,1309018792874.32,2026-09-17 14:18:44,0,-15.93,-6.0,17-Sep-2025,17-Aug-2026,30.0320206729959,-20.92233009708738,,,HCL TECHNOLOGIES LIMITED,-0.6,2026-09-17 14:19:43
0,NESTLEINDEQN,-7.0,NESTLEIND,EQ,N,1377.5,696725,1384.5,1391.7,1370.1,1384.5,960428445.25,1553.0,1145.0,984920009655.81,2026-09-17 14:18:46,0,14.34,-6.33,17-Sep-2025,17-Aug-2026,11.300708306503541,-20.305676855895197,,,NESTLE INDIA LIMITED,-0.51,2026-09-17 14:19:43
0,APOLLOHOSPEQN,46.0,APOLLOHOSP,EQ,N,8742.5,105489,8707.0,8797.5,8686.5,8696.5,923391632.16,9050.0,6696.5,897021287972.68,2026-09-17 14:18:41,0,10.86,-0.91,17-Sep-2025,17-Aug-2026,3.3977900552486187,-30.553274098409616,,,APOLLO HOSPITALS ENTERPRISE LIMITED,0.53,2026-09-17 14:19:43
0,EICHERMOTEQN,41.0,EICHERMOT,EQ,N,7541.0,122573,7495.0,7550.5,7489.0,7500.0,922659677.39,8230.0,6442.0,1036312961437.74,2026-09-17 14:18:44,0,9.42,-6.34,17-Sep-2025,17-Aug-2026,8.371810449574726,-17.059919279726792,,,EICHER MOTORS LIMITED,0.55,2026-09-17 14:19:43
0,WIPROEQN,-0.56,WIPRO,EQ,N,166.33,5465928,165.75,167.35,165.02,166.89,909639737.76,273.1,165.02,448882593768.39,2026-09-17 14:18:41,0,-34.52,-8.51,17-Sep-2025,17-Aug-2026,39.09556938850238,-0.7938431705247849,,,WIPRO LIMITED,-0.34,2026-09-17 14:19:43
0,ASIANPAINTEQN,30.9,ASIANPAINT,EQ,N,2447.5,363885,2424.0,2448.6,2421.0,2416.6,886143668.55,2985.7,2115.0,1103413931655.96,2026-09-17 14:18:47,0,-1.84,-8.92,17-Sep-2025,17-Aug-2026,18.025923569012292,-15.721040189125295,,,ASIAN PAINTS LIMITED,1.28,2026-09-17 14:19:43
0,COALINDIAEQN,-3.9,COALINDIA,EQ,N,418.35,2099634,421.1,422.8,417.55,422.25,881132404.44,491.25,369.6,999273198583.38,2026-09-17 14:18:47,0,4.65,2.42,17-Sep-2025,17-Aug-2026,14.83969465648855,-13.189935064935066,,,COAL INDIA LIMITED,-0.92,2026-09-17 14:19:43
0,MAXHEALTHEQN,11.7,MAXHEALTH,EQ,N,1036.7,764799,1022.1,1042.9,1021.1,1025.0,791957012.49,1221.9,903.0,769444460906.68,2026-09-17 14:18:43,0,-10.03,3.43,17-Sep-2025,17-Aug-2026,15.156723136099517,-14.806201550387597,,,MAX HEALTHCARE INSTITUTE LIMITED,1.14,2026-09-17 14:19:43
0,BAJAJFINSVEQN,12.7,BAJAJFINSV,EQ,N,1849.7,366340,1837.0,1863.0,1832.1,1837.0,676395522.4,2195.0,1597.0,1069017887744.17,2026-09-17 14:18:42,0,-10.04,-7.71,17-Sep-2025,17-Aug-2026,15.731207289293849,-15.823418910457107,,,BAJAJ FINSERV LIMITED,0.69,2026-09-17 14:19:43
0,CIPLAEQN,18.0,CIPLA,EQ,N,1376.0,393591,1362.5,1382.0,1351.6,1358.0,538176653.85,1673.0,1165.7,771931530301.85,2026-09-17 14:18:46,0,-11.74,-3.84,17-Sep-2025,17-Aug-2026,17.752540346682608,-18.04066226301793,,,CIPLA LIMITED,1.33,2026-09-17 14:19:43
1,NIFTY 50,67.5,NIFTY 50,,,23285.1,180395066,23195.25,23363.55,23193.65,23217.6,132299847416.95,26373.2,22182.55,,2026-09-17 14:19:14,0,-8.07,-4.13,16-Sep-2025,17-Aug-2026,11.709235132634644,-4.970348314328154,,,,0.29,2026-09-17 14:20:13
0,HDFCBANKEQN,-5.95,HDFCBANK,EQ,N,715.55,16970029,717.5,719.4,713.1,721.5,12149183161.68,1020.5,681.9,10936981223573.86,2026-09-17 14:18:46,0,-25.97,-1.85,17-Sep-2025,17-Aug-2026,29.882410583047527,-4.934741164393606,,,HDFC BANK LIMITED,-0.82,2026-09-17 14:20:13
0,ETERNALEQN,7.6,ETERNAL,EQ,N,324.6,22550894,318.3,327.8,318.25,317.0,7328815041.06,368.45,212.6,2337616854811.51,2026-09-17 14:18:46,0,-1.13,2.06,17-Sep-2025,17-Aug-2026,11.901207762247251,-52.681091251175914,,,ETERNAL LIMITED,2.4,2026-09-17 14:20:13
0,ICICIBANKEQN,-5.6,ICICIBANK,EQ,N,1353.2,5362426,1352.0,1363.0,1349.1,1358.8,7268017703.36,1480.0,1187.6,9669318423597.09,2026-09-17 14:18:44,0,-4.71,-4.44,17-Sep-2025,17-Aug-2026,8.567567567567568,-13.944088918827887,,,ICICI BANK LIMITED,-0.41,2026-09-17 14:20:13
0,RELIANCEEQN,4.7,RELIANCE,EQ,N,1244.7,5783615,1244.8,1253.4,1238.5,1240.0,7197304014.45,1611.8,1235.3,8380506253716.69,2026-09-17 14:18:46,0,-11.97,-5.43,17-Sep-2025,17-Aug-2026,22.77577863258469,-0.7609487573868696,,,RELIANCE INDUSTRIES LIMITED,0.38,2026-09-17 14:20:13
0,SBINEQN,-3.3,SBIN,EQ,N,988.1,6550954,991.2,1000.9,985.2,991.4,6491995414.0,1234.7,821.65,4070840540299.14,2026-09-17 14:18:46,0,15.31,-6.86,17-Sep-2025,17-Aug-2026,19.972462946464727,-20.25801740400414,,,STATE BANK OF INDIA,-0.33,2026-09-17 14:20:13
0,BHARTIARTLEQN,0.4,BHARTIARTL,EQ,N,1835.4,2856852,1841.8,1845.9,1827.6,1835.0,5248179966.6,2174.5,1740.5,5699438953416.49,2026-09-17 14:18:42,0,-5.44,-6.78,17-Sep-2025,17-Aug-2026,15.594389514830995,-5.452456190749785,,,BHARTI AIRTEL LIMITED,0.02,2026-09-17 14:20:13
0,M&MEQN,26.3,M&M,EQ,N,3096.3,1448129,3047.0,3127.8,3047.0,3070.0,4498033486.9,3839.9,2896.0,2754888877745.03,2026-09-17 14:18:46,0,-14.78,-8.67,17-Sep-2025,17-Aug-2026,19.36508763249043,-6.916436464088398,,,MAHINDRA & MAHINDRA LIMITED,0.86,2026-09-17 14:20:13
0,AXISBANKEQN,0.4,AXISBANK,EQ,N,1241.4,3347365,1238.0,1257.6,1233.0,1241.0,4183704145.25,1418.3,1104.0,3557818329569.23,2026-09-17 14:18:46,0,10.28,1.18,17-Sep-2025,17-Aug-2026,12.472678558838046,-12.445652173913043,,,AXIS BANK LIMITED,0.03,2026-09-17 14:20:13
0,LTEQN,50.2,LT,EQ,N,3857.9,1052631,3811.0,3875.0,3811.0,3807.7,4055650400.97,4440.0,3288.1,4501267680182.48,2026-09-17 14:18:42,0,4.68,-5.6,17-Sep-2025,17-Aug-2026,13.11036036036036,-17.32915665581947,,,LARSEN & TOUBRO LIMITED,1.32,2026-09-17 14:20:13
0,HDFCLIFEEQN,30.45,HDFCLIFE,EQ,N,560.65,7216749,532.9,560.95,529.95,530.2,3991367369.43,796.9,508.7,604865230975.48,2026-09-17 14:18:47,0,-27.0,3.25,17-Sep-2025,17-Aug-2026,29.646128748901994,-10.212305877727541,,,HDFC LIFE INSURANCE COMPANY LIMITED,5.74,2026-09-17 14:20:13
0,INFYEQN,-5.2,INFY,EQ,N,1054.8,3781453,1054.9,1059.4,1048.6,1060.0,3986143050.89,1728.0,982.4,3687454009177.42,2026-09-17 14:18:43,0,-30.68,-7.42,17-Sep-2025,17-Aug-2026,38.958333333333336,-7.369706840390879,,,INFOSYS LIMITED,-0.49,2026-09-17 14:20:13
0,TCSEQN,4.6,TCS,EQ,N,2193.4,1729573,2171.0,2198.3,2162.5,2188.8,3773945581.73,3350.0,1976.8,2231724720327.24,2026-09-17 14:18:47,0,-30.84,-5.14,17-Sep-2025,17-Aug-2026,34.525373134328355,-10.957102387697288,,,TATA CONSULTANCY SERVICES LIMITED,0.21,2026-09-17 14:20:13
0,KOTAKBANKEQN,0.25,KOTAKBANK,EQ,N,415.25,8567980,415.0,417.6,412.5,415.0,3553569705.0,453.2,345.5,3049086391980.08,2026-09-17 14:18:42,0,1.28,5.76,17-Sep-2025,17-Aug-2026,8.37378640776699,-20.188133140376266,,,KOTAK MAHINDRA BANK LIMITED,0.06,2026-09-17 14:20:13
0,SHRIRAMFINEQN,13.5,SHRIRAMFIN,EQ,N,992.5,3470544,979.0,1005.5,978.3,979.0,3447985464.0,1153.7,603.15,1385203158619.08,2026-09-17 14:18:46,0,59.23,-11.55,17-Sep-2025,17-Aug-2026,13.972436508624426,-64.55276465224239,,,SHRIRAM FINANCE LIMITED,1.38,2026-09-17 14:20:13
0,TATASTEELEQN,2.29,TATASTEEL,EQ,N,185.29,16915887,183.0,185.39,182.87,183.0,3119289562.8,224.4,160.06,1524700380693.51,2026-09-17 14:18:41,0,8.11,-0.4,17-Sep-2025,17-Aug-2026,17.428698752228165,-15.762838935399225,,,TATA STEEL LIMITED,1.25,2026-09-17 14:20:13
0,BAJFINANCEEQN,6.6,BAJFINANCE,EQ,N,1012.8,2962225,1010.0,1027.9,1010.0,1006.2,3015278449.75,1176.4,787.9,2703463837174.99,2026-09-17 14:18:46,0,0.54,-7.01,17-Sep-2025,17-Aug-2026,13.906834410064604,-28.544231501459578,,,BAJAJ FINANCE LIMITED,0.66,2026-09-17 14:20:13
0,ITCEQN,2.15,ITC,EQ,N,266.3,10959607,264.8,268.5,264.1,264.15,2917337787.33,426.4,255.5,2558967027315.61,2026-09-17 14:18:44,0,-34.93,-2.45,17-Sep-2025,17-Aug-2026,37.546904315197,-4.227005870841487,,,ITC LIMITED,0.81,2026-09-17 14:20:13
0,TECHMEQN,-2.4,TECHM,EQ,N,1555.6,1609913,1545.1,1569.7,1538.0,1558.0,2503092732.4,1854.0,1304.1,985508895769.67,2026-09-17 14:18:43,0,0.56,-3.36,17-Sep-2025,17-Aug-2026,16.09492988133765,-19.285330879533777,,,TECH MAHINDRA LIMITED,-0.15,2026-09-17 14:20:13
0,BELEQN,8.9,BEL,EQ,N,394.65,6081674,387.0,395.9,387.0,385.75,2392713001.82,473.45,380.45,1409921549274.83,2026-09-17 14:18:41,0,-4.21,-4.27,17-Sep-2025,17-Aug-2026,16.64378498257472,-3.732422131686161,,,BHARAT ELECTRONICS LIMITED,2.31,2026-09-17 14:20:13
0,MARUTIEQN,195.0,MARUTI,EQ,N,12361.0,192787,12165.0,12409.0,12127.0,12166.0,2372353923.59,17370.0,12127.0,1606745950446.2,2026-09-17 14:18:42,0,-21.75,-10.14,17-Sep-2025,17-Aug-2026,28.8370754173863,-1.9295786262059866,,,MARUTI SUZUKI INDIA LIMITED,1.6,2026-09-17 14:20:13
0,SBILIFEEQN,70.4,SBILIFE,EQ,N,1768.3,1268326,1693.0,1771.1,1689.0,1697.9,2211909810.96,2132.0,1652.9,791736145490.55,2026-09-17 14:18:46,0,-1.92,-1.17,17-Sep-2025,17-Aug-2026,17.059099437148216,-6.981668582491379,,,SBI LIFE INSURANCE COMPANY LIMITED,4.15,2026-09-17 14:20:13
0,JIOFINEQN,3.77,JIOFIN,EQ,N,228.61,9469755,225.0,230.36,225.0,224.84,2164028412.6,321.6,223.3,747403795287.47,2026-09-17 14:18:43,0,-27.64,-8.48,17-Sep-2025,17-Aug-2026,28.914800995024876,-2.3779668607254814,,,JIO FINANCIAL SERVICES LIMITED,1.68,2026-09-17 14:20:13
0,DRREDDYEQN,29.7,DRREDDY,EQ,N,1169.7,1830234,1140.0,1189.8,1140.0,1140.0,2140861314.48,1414.9,1101.0,711953768410.38,2026-09-17 14:18:46,0,-10.82,-1.89,17-Sep-2025,17-Aug-2026,17.329846632270833,-6.239782016348774,,,DR. REDDY'S LABORATORIES LIMITED,2.61,2026-09-17 14:20:13
0,HINDALCOEQN,7.1,HINDALCO,EQ,N,979.8,2102889,972.0,987.2,970.5,972.7,2062177068.96,1176.0,731.95,1413817707226.76,2026-09-17 14:18:44,0,30.62,-6.68,17-Sep-2025,17-Aug-2026,16.683673469387756,-33.86160256848145,,,HINDALCO INDUSTRIES LIMITED,0.73,2026-09-17 14:20:13
0,INDIGOEQN,109.5,INDIGO,EQ,N,4843.0,416209,4746.5,4854.0,4746.5,4733.5,2001457515.02,5970.0,3895.2,1092970453556.84,2026-09-17 14:18:44,0,-15.72,-8.2,17-Sep-2025,17-Aug-2026,18.877721943048577,-24.332511809406448,,,INTERGLOBE AVIATION LIMITED,2.31,2026-09-17 14:20:13
0,HINDUNILVREQN,-9.6,HINDUNILVR,EQ,N,1952.4,889994,1962.0,1968.9,1949.0,1962.0,1743142248.4,2667.2,1926.2,1726498579401.24,2026-09-17 14:18:44,0,-24.03,-5.0,17-Sep-2025,17-Aug-2026,26.799640071985603,-1.36019104973523,,,HINDUSTAN UNILEVER LIMITED,-0.49,2026-09-17 14:20:13
0,ONGCEQN,-4.69,ONGC,EQ,N,232.11,7344855,235.1,235.65,231.25,236.8,1710763626.6,307.5,227.65,899031137424.45,2026-09-17 14:18:46,0,-2.01,-2.68,17-Sep-2025,17-Aug-2026,24.517073170731706,-1.959147814627718,,,OIL & NATURAL GAS CORPORATION LIMITED,-1.98,2026-09-17 14:20:13
0,TITANEQN,-55.0,TITAN,EQ,N,4853.5,350187,4895.0,4915.5,4845.5,4908.5,1705596289.11,5186.7,3303.1,1998032666240.1,2026-09-17 14:18:42,0,37.78,-4.23,17-Sep-2025,17-Aug-2026,6.42412323828253,-46.93772516726711,,,TITAN COMPANY LIMITED,-1.12,2026-09-17 14:20:13
0,SUNPHARMAEQN,4.3,SUNPHARMA,EQ,N,1857.8,899885,1853.5,1864.2,1847.4,1853.5,1671545386.35,2046.9,1548.0,1961575392736.28,2026-09-17 14:18:44,0,14.7,-1.25,17-Sep-2025,17-Aug-2026,9.238360447505984,-20.012919896640827,,,SUN PHARMACEUTICAL INDUSTRIES LIMITED,0.23,2026-09-17 14:20:13
0,TATACONSUMEQN,9.9,TATACONSUM,EQ,N,1010.0,1380790,1003.1,1020.3,999.0,1000.1,1396765740.3,1282.7,986.0,655924933385.5,2026-09-17 14:18:42,0,-11.06,-5.78,17-Sep-2025,17-Aug-2026,21.25984251968504,-2.4340770791075053,,,TATA CONSUMER PRODUCTS LIMITED,0.99,2026-09-17 14:20:13
0,ADANIENTEQN,5.1,ADANIENT,EQ,N,2925.1,467877,2930.1,2945.0,2907.0,2920.0,1370804749.68,3245.0,1753.0,875387438142.25,2026-09-17 14:18:41,0,25.49,-2.69,17-Sep-2025,17-Aug-2026,9.85824345146379,-66.8625213918996,,,ADANI ENTERPRISES LIMITED,0.17,2026-09-17 14:20:13
0,ULTRACEMCOEQN,110.0,ULTRACEMCO,EQ,N,10810.0,127056,10740.0,10834.0,10703.0,10700.0,1368912779.04,13110.0,10325.0,1275524123893.1,2026-09-17 14:18:43,0,-15.06,-7.5,17-Sep-2025,17-Aug-2026,17.54385964912281,-4.697336561743342,,,ULTRATECH CEMENT LIMITED,1.03,2026-09-17 14:20:13
0,JSWSTEELEQN,4.3,JSWSTEEL,EQ,N,1253.2,1053321,1248.9,1256.6,1242.1,1248.9,1316377386.54,1351.0,1073.2,1171581975720.72,2026-09-17 14:18:45,0,12.77,-1.95,17-Sep-2025,17-Aug-2026,7.239082161361954,-16.772269847185985,,,JSW STEEL LIMITED,0.34,2026-09-17 14:20:13
0,TMPVEQN,4.7,TMPV,EQ,N,305.7,3977853,301.0,307.65,299.75,301.0,1210221996.72,739.7,294.3,637159165798.82,2026-09-17 14:18:42,0,-57.5,-7.43,17-Sep-2025,17-Aug-2026,58.67243477085305,-3.873598369011213,,,TATA MOTORS PASSENGER VEHICLES LIMITED,1.56,2026-09-17 14:20:13
0,GRASIMEQN,-21.7,GRASIM,EQ,N,3165.3,368942,3190.0,3205.0,3159.0,3187.0,1175939904.86,3411.1,2502.5,1190226862543.17,2026-09-17 14:18:46,0,10.45,-2.64,17-Sep-2025,17-Aug-2026,7.205886664125941,-26.485514485514486,,,GRASIM INDUSTRIES LIMITED,-0.68,2026-09-17 14:20:13
0,BAJAJ-AUTOEQN,-116.0,BAJAJ-AUTO,EQ,N,11477.0,90651,11568.0,11576.0,11435.0,11593.0,1043988587.07,12470.0,8491.5,1246595541255.78,2026-09-17 14:18:47,0,26.39,-1.56,17-Sep-2025,17-Aug-2026,7.963111467522053,-35.15868809986457,,,BAJAJ AUTO LIMITED,-1.0,2026-09-17 14:20:13
0,ADANIPORTSEQN,11.1,ADANIPORTS,EQ,N,1734.9,600237,1731.0,1738.8,1725.1,1723.8,1040678905.86,1891.1,1292.0,1275365964380.52,2026-09-17 14:18:41,0,23.37,2.58,17-Sep-2025,17-Aug-2026,8.259743006715668,-34.28018575851393,,,ADANI PORTS AND SPECIAL ECONOMIC ZONE LIMITED,0.64,2026-09-17 14:20:13
0,POWERGRIDEQN,0.9,POWERGRID,EQ,N,263.7,3819572,263.5,265.7,263.25,262.8,1011690035.64,324.95,250.0,1190162699628.06,2026-09-17 14:18:41,0,-8.17,-0.92,17-Sep-2025,17-Aug-2026,18.849053700569318,-5.48,,,POWER GRID CORPORATION OF INDIA LIMITED,0.34,2026-09-17 14:20:13
0,TRENTEQN,14.2,TRENT,EQ,N,2783.9,359025,2760.0,2811.0,2760.0,2769.7,1001306364.0,3498.67,2183.67,923567926343.34,2026-09-17 14:18:42,0,-19.65,-5.5,17-Sep-2025,17-Aug-2026,20.429763310057822,-27.4872118955703,,,TRENT LIMITED,0.51,2026-09-17 14:20:13
0,NTPCEQN,3.15,NTPC,EQ,N,330.15,2999874,327.8,331.3,327.2,327.0,989658432.6,414.4,315.55,1560574317647.35,2026-09-17 14:18:41,0,-1.84,-2.02,17-Sep-2025,17-Aug-2026,20.330598455598455,-4.626842021866582,,,NTPC LIMITED,0.96,2026-09-17 14:20:13
0,HCLTECHEQN,-7.5,HCLTECH,EQ,N,1245.5,787283,1242.2,1251.3,1235.3,1253.0,978136144.86,1780.1,1030.0,1309018792874.32,2026-09-17 14:18:44,0,-15.93,-6.0,17-Sep-2025,17-Aug-2026,30.0320206729959,-20.92233009708738,,,HCL TECHNOLOGIES LIMITED,-0.6,2026-09-17 14:20:13
0,NESTLEINDEQN,-7.0,NESTLEIND,EQ,N,1377.5,696725,1384.5,1391.7,1370.1,1384.5,960428445.25,1553.0,1145.0,984920009655.81,2026-09-17 14:18:46,0,14.34,-6.33,17-Sep-2025,17-Aug-2026,11.300708306503541,-20.305676855895197,,,NESTLE INDIA LIMITED,-0.51,2026-09-17 14:20:13
0,APOLLOHOSPEQN,46.0,APOLLOHOSP,EQ,N,8742.5,105489,8707.0,8797.5,8686.5,8696.5,923391632.16,9050.0,6696.5,897021287972.68,2026-09-17 14:18:41,0,10.86,-0.91,17-Sep-2025,17-Aug-2026,3.3977900552486187,-30.553274098409616,,,APOLLO HOSPITALS ENTERPRISE LIMITED,0.53,2026-09-17 14:20:13
0,EICHERMOTEQN,41.0,EICHERMOT,EQ,N,7541.0,122573,7495.0,7550.5,7489.0,7500.0,922659677.39,8230.0,6442.0,1036312961437.74,2026-09-17 14:18:44,0,9.42,-6.34,17-Sep-2025,17-Aug-2026,8.371810449574726,-17.059919279726792,,,EICHER MOTORS LIMITED,0.55,2026-09-17 14:20:13
0,WIPROEQN,-0.56,WIPRO,EQ,N,166.33,5465928,165.75,167.35,165.02,166.89,909639737.76,273.1,165.02,448882593768.39,2026-09-17 14:18:41,0,-34.52,-8.51,17-Sep-2025,17-Aug-2026,39.09556938850238,-0.7938431705247849,,,WIPRO LIMITED,-0.34,2026-09-17 14:20:13
0,ASIANPAINTEQN,30.9,ASIANPAINT,EQ,N,2447.5,363885,2424.0,2448.6,2421.0,2416.6,886143668.55,2985.7,2115.0,1103413931655.96,2026-09-17 14:18:47,0,-1.84,-8.92,17-Sep-2025,17-Aug-2026,18.025923569012292,-15.721040189125295,,,ASIAN PAINTS LIMITED,1.28,2026-09-17 14:20:13
0,COALINDIAEQN,-3.9,COALINDIA,EQ,N,418.35,2099634,421.1,422.8,417.55,422.25,881132404.44,491.25,369.6,999273198583.38,2026-09-17 14:18:47,0,4.65,2.42,17-Sep-2025,17-Aug-2026,14.83969465648855,-13.189935064935066,,,COAL INDIA LIMITED,-0.92,2026-09-17 14:20:13
0,MAXHEALTHEQN,11.7,MAXHEALTH,EQ,N,1036.7,764799,1022.1,1042.9,1021.1,1025.0,791957012.49,1221.9,903.0,769444460906.68,2026-09-17 14:18:43,0,-10.03,3.43,17-Sep-2025,17-Aug-2026,15.156723136099517,-14.806201550387597,,,MAX HEALTHCARE INSTITUTE LIMITED,1.14,2026-09-17 14:20:13
0,BAJAJFINSVEQN,12.7,BAJAJFINSV,EQ,N,1849.7,366340,1837.0,1863.0,1832.1,1837.0,676395522.4,2195.0,1597.0,1069017887744.17,2026-09-17 14:18:42,0,-10.04,-7.71,17-Sep-2025,17-Aug-2026,15.731207289293849,-15.823418910457107,,,BAJAJ FINSERV LIMITED,0.69,2026-09-17 14:20:13
0,CIPLAEQN,18.0,CIPLA,EQ,N,1376.0,393591,1362.5,1382.0,1351.6,1358.0,538176653.85,1673.0,1165.7,771931530301.85,2026-09-17 14:18:46,0,-11.74,-3.84,17-Sep-2025,17-Aug-2026,17.752540346682608,-18.04066226301793,,,CIPLA LIMITED,1.33,2026-09-17 14:20:13
1,NIFTY 50,63.45,NIFTY 50,,,23281.05,181132374,23195.25,23363.55,23193.65,23217.6,132817814350.73,26373.2,22182.55,,2026-09-17 14:20:04,0,-8.09,-4.14,16-Sep-2025,17-Aug-2026,11.724591630898033,-4.952090719957805,,,,0.27,2026-09-17 14:20:43
0,HDFCBANKEQN,-5.85,HDFCBANK,EQ,N,715.65,17012465,717.5,719.4,713.1,721.5,12179563942.8,1020.5,681.9,10938509588753.23,2026-09-17 14:20:01,0,-25.96,-1.84,17-Sep-2025,17-Aug-2026,29.872611464968152,-4.949406071271447,,,HDFC BANK LIMITED,-0.81,2026-09-17 14:20:43
0,ETERNALEQN,7.4,ETERNAL,EQ,N,324.4,22584751,318.3,327.8,318.25,317.0,7339818227.49,368.45,212.6,2339779646041.86,2026-09-17 14:20:01,0,-1.19,2.0,17-Sep-2025,17-Aug-2026,11.955489211561948,-52.587017873941676,,,ETERNAL LIMITED,2.33,2026-09-17 14:20:43
0,ICICIBANKEQN,-6.2,ICICIBANK,EQ,N,1352.6,5406602,1352.0,1363.0,1349.1,1358.8,7327783954.68,1480.0,1187.6,9667173975066.69,2026-09-17 14:20:02,0,-4.7,-4.44,17-Sep-2025,17-Aug-2026,8.608108108108109,-13.893566857527787,,,ICICI BANK LIMITED,-0.46,2026-09-17 14:20:43
0,RELIANCEEQN,4.2,RELIANCE,EQ,N,1244.2,5801554,1244.8,1253.4,1238.5,1240.0,7219627844.22,1611.8,1235.3,8384548298533.6,2026-09-17 14:20:01,0,-12.0,-5.46,17-Sep-2025,17-Aug-2026,22.806799851098152,-0.7204727596535254,,,RELIANCE INDUSTRIES LIMITED,0.34,2026-09-17 14:20:43
0,SBINEQN,-3.0,SBIN,EQ,N,988.4,6587867,991.2,1000.9,985.2,991.4,6528444439.66,1234.7,821.65,4076611274155.37,2026-09-17 14:20:02,0,15.35,-6.83,17-Sep-2025,17-Aug-2026,19.948165546286546,-20.294529300797176,,,STATE BANK OF INDIA,-0.3,2026-09-17 14:20:43
0,BHARTIARTLEQN,0.4,BHARTIARTL,EQ,N,1835.4,2863938,1841.8,1845.9,1827.6,1835.0,5261197302.9,2174.5,1740.5,5700681202534.5,2026-09-17 14:19:59,0,-5.46,-6.8,17-Sep-2025,17-Aug-2026,15.594389514830995,-5.452456190749785,,,BHARTI AIRTEL LIMITED,0.02,2026-09-17 14:20:43
0,M&MEQN,26.0,M&M,EQ,N,3096.0,1449174,3047.0,3127.8,3047.0,3070.0,4501264869.66,3839.9,2896.0,2757737780410.74,2026-09-17 14:20:01,0,-14.78,-8.68,17-Sep-2025,17-Aug-2026,19.372900335946248,-6.906077348066298,,,MAHINDRA & MAHINDRA LIMITED,0.85,2026-09-17 14:20:43
0,AXISBANKEQN,0.2,AXISBANK,EQ,N,1241.2,3356668,1238.0,1257.6,1233.0,1241.0,4195264366.44,1418.3,1104.0,3560398328357.9,2026-09-17 14:20:02,0,10.24,1.14,17-Sep-2025,17-Aug-2026,12.48677994782486,-12.427536231884059,,,AXIS BANK LIMITED,0.02,2026-09-17 14:20:43
0,LTEQN,49.3,LT,EQ,N,3857.0,1058278,3811.0,3875.0,3811.0,3807.7,4077439306.2,4440.0,3288.1,4503952425699.94,2026-09-17 14:19:59,0,4.62,-5.65,17-Sep-2025,17-Aug-2026,13.13063063063063,-17.301785225510173,,,LARSEN & TOUBRO LIMITED,1.29,2026-09-17 14:20:43
0,HDFCLIFEEQN,30.15,HDFCLIFE,EQ,N,560.35,7247738,532.9,560.95,529.95,530.2,4008723887.8,796.9,508.7,605513243007.6,2026-09-17 14:20:01,0,-27.04,3.2,17-Sep-2025,17-Aug-2026,29.683774626678378,-10.153332022803223,,,HDFC LIFE INSURANCE COMPANY LIMITED,5.69,2026-09-17 14:20:43
0,INFYEQN,-5.1,INFY,EQ,N,1054.9,3799232,1054.9,1059.4,1048.6,1060.0,4004922420.48,1728.0,982.4,3692002102357.62,2026-09-17 14:20:02,0,-30.71,-7.46,17-Sep-2025,17-Aug-2026,38.9525462962963,-7.379885993485342,,,INFOSYS LIMITED,-0.48,2026-09-17 14:20:43
0,TCSEQN,4.3,TCS,EQ,N,2193.1,1733823,2171.0,2198.3,2162.5,2188.8,3783271138.92,3350.0,1976.8,2233760965510.02,2026-09-17 14:20:02,0,-30.86,-5.17,17-Sep-2025,17-Aug-2026,34.53432835820895,-10.941926345609065,,,TATA CONSULTANCY SERVICES LIMITED,0.2,2026-09-17 14:20:43
0,KOTAKBANKEQN,0.2,KOTAKBANK,EQ,N,415.2,8592896,415.0,417.6,412.5,415.0,3563903616.0,453.2,345.5,3050187807895.3,2026-09-17 14:19:59,0,1.29,5.77,17-Sep-2025,17-Aug-2026,8.384819064430715,-20.173661360347324,,,KOTAK MAHINDRA BANK LIMITED,0.05,2026-09-17 14:20:43
0,SHRIRAMFINEQN,13.6,SHRIRAMFIN,EQ,N,992.6,3481177,979.0,1005.5,978.3,979.0,3458549349.5,1153.7,603.15,1386460148781.17,2026-09-17 14:20:02,0,59.23,-11.55,17-Sep-2025,17-Aug-2026,13.963768744040912,-64.56934427588494,,,SHRIRAM FINANCE LIMITED,1.39,2026-09-17 14:20:43
0,TATASTEELEQN,2.23,TATASTEEL,EQ,N,185.23,17083199,183.0,185.39,182.87,183.0,3150312727.59,224.4,160.06,1526843550391.19,2026-09-17 14:20:02,0,8.08,-0.42,17-Sep-2025,17-Aug-2026,17.455436720142604,-15.725352992627764,,,TATA STEEL LIMITED,1.22,2026-09-17 14:20:43
0,BAJFINANCEEQN,6.5,BAJFINANCE,EQ,N,1012.7,2969294,1010.0,1027.9,1010.0,1006.2,3022444362.6,1176.4,787.9,2707472928381.87,2026-09-17 14:20:02,0,0.53,-7.02,17-Sep-2025,17-Aug-2026,13.915334920095205,-28.531539535474046,,,BAJAJ FINANCE LIMITED,0.65,2026-09-17 14:20:43
0,ITCEQN,2.2,ITC,EQ,N,266.35,11004909,264.8,268.5,264.1,264.15,2929396726.71,426.4,255.5,2560889617118.25,2026-09-17 14:20:01,0,-34.94,-2.47,17-Sep-2025,17-Aug-2026,37.53517823639775,-4.2465753424657535,,,ITC LIMITED,0.83,2026-09-17 14:20:43
0,TECHMEQN,-2.2,TECHM,EQ,N,1555.8,1619272,1545.1,1569.7,1538.0,1558.0,2517660298.32,1854.0,1304.1,985762239958.82,2026-09-17 14:20:00,0,0.53,-3.39,17-Sep-2025,17-Aug-2026,16.084142394822006,-19.30066712675408,,,TECH MAHINDRA LIMITED,-0.14,2026-09-17 14:20:43
0,BELEQN,8.9,BEL,EQ,N,394.65,6096653,387.0,395.9,387.0,385.75,2398606189.79,473.45,380.45,1410278717495.04,2026-09-17 14:19:58,0,-4.27,-4.33,17-Sep-2025,17-Aug-2026,16.64378498257472,-3.732422131686161,,,BHARAT ELECTRONICS LIMITED,2.31,2026-09-17 14:20:43
0,MARUTIEQN,197.0,MARUTI,EQ,N,12363.0,193104,12165.0,12409.0,12127.0,12166.0,2376274099.68,17370.0,12127.0,1608567215388.81,2026-09-17 14:20:00,0,-21.76,-10.15,17-Sep-2025,17-Aug-2026,28.825561312607945,-1.9460707512162942,,,MARUTI SUZUKI INDIA LIMITED,1.62,2026-09-17 14:20:43
0,SBILIFEEQN,69.7,SBILIFE,EQ,N,1767.6,1280673,1693.0,1771.1,1689.0,1697.9,2233749846.6,2132.0,1652.9,793080577729.45,2026-09-17 14:20:02,0,-1.97,-1.22,17-Sep-2025,17-Aug-2026,17.091932457786115,-6.939318773065521,,,SBI LIFE INSURANCE COMPANY LIMITED,4.11,2026-09-17 14:20:43
0,JIOFINEQN,3.72,JIOFIN,EQ,N,228.56,9486820,225.0,230.36,225.0,224.84,2168022974.6,321.6,223.3,748254493474.12,2026-09-17 14:20:01,0,-27.66,-8.51,17-Sep-2025,17-Aug-2026,28.930348258706466,-2.355575459023735,,,JIO FINANCIAL SERVICES LIMITED,1.65,2026-09-17 14:20:43
0,DRREDDYEQN,28.7,DRREDDY,EQ,N,1168.7,1833847,1140.0,1189.8,1140.0,1140.0,2145087512.84,1414.9,1101.0,710859577167.95,2026-09-17 14:20:02,0,-10.86,-1.93,17-Sep-2025,17-Aug-2026,17.400523005159375,-6.148955495004541,,,DR. REDDY'S LABORATORIES LIMITED,2.52,2026-09-17 14:20:43
0,HINDALCOEQN,6.7,HINDALCO,EQ,N,979.4,2106819,972.0,987.2,970.5,972.7,2066009915.97,1176.0,731.95,1414539632118.12,2026-09-17 14:20:02,0,30.54,-6.73,17-Sep-2025,17-Aug-2026,16.717687074829932,-33.806954026914404,,,HINDALCO INDUSTRIES LIMITED,0.69,2026-09-17 14:20:43
0,INDIGOEQN,111.5,INDIGO,EQ,N,4845.0,417290,4746.5,4854.0,4746.5,4733.5,2006693362.3,5970.0,3895.2,1093986225353.83,2026-09-17 14:20:02,0,-15.68,-8.15,17-Sep-2025,17-Aug-2026,18.844221105527637,-24.38385705483672,,,INTERGLOBE AVIATION LIMITED,2.36,2026-09-17 14:20:43
0,HINDUNILVREQN,-9.9,HINDUNILVR,EQ,N,1952.1,892165,1962.0,1968.9,1949.0,1962.0,1747385447.35,2667.2,1926.2,1728267986092.91,2026-09-17 14:20:01,0,-24.04,-5.01,17-Sep-2025,17-Aug-2026,26.810887822435514,-1.3446163430588725,,,HINDUSTAN UNILEVER LIMITED,-0.5,2026-09-17 14:20:43
0,ONGCEQN,-4.69,ONGC,EQ,N,232.11,7367304,235.1,235.65,231.25,236.8,1715918774.64,307.5,227.65,899031137424.45,2026-09-17 14:19:58,0,-2.01,-2.68,17-Sep-2025,17-Aug-2026,24.517073170731706,-1.959147814627718,,,OIL & NATURAL GAS CORPORATION LIMITED,-1.98,2026-09-17 14:20:43
0,TITANEQN,-55.5,TITAN,EQ,N,4853.0,350888,4895.0,4915.5,4845.5,4908.5,1708996495.12,5186.7,3303.1,1998650232487.65,2026-09-17 14:20:00,0,37.75,-4.25,17-Sep-2025,17-Aug-2026,6.433763279156303,-46.92258787199903,,,TITAN COMPANY LIMITED,-1.13,2026-09-17 14:20:43
0,SUNPHARMAEQN,4.7,SUNPHARMA,EQ,N,1858.2,900418,1853.5,1864.2,1847.4,1853.5,1672535439.18,2046.9,1548.0,1961786575962.07,2026-09-17 14:20:01,0,14.71,-1.25,17-Sep-2025,17-Aug-2026,9.218818701450974,-20.03875968992248,,,SUN PHARMACEUTICAL INDUSTRIES LIMITED,0.25,2026-09-17 14:20:43
0,TATACONSUMEQN,10.7,TATACONSUM,EQ,N,1010.8,1382915,1003.1,1020.3,999.0,1000.1,1398915326.55,1282.7,986.0,656509420949.9,2026-09-17 14:19:59,0,-11.04,-5.76,17-Sep-2025,17-Aug-2026,21.197474078116475,-2.5152129817444218,,,TATA CONSUMER PRODUCTS LIMITED,1.07,2026-09-17 14:20:43
0,ADANIENTEQN,5.1,ADANIENT,EQ,N,2925.1,468268,2930.1,2945.0,2907.0,2920.0,1371945634.44,3245.0,1753.0,876255640457.78,2026-09-17 14:19:58,0,25.43,-2.73,17-Sep-2025,17-Aug-2026,9.85824345146379,-66.8625213918996,,,ADANI ENTERPRISES LIMITED,0.17,2026-09-17 14:20:43
0,ULTRACEMCOEQN,105.0,ULTRACEMCO,EQ,N,10805.0,127246,10740.0,10834.0,10703.0,10700.0,1370966218.44,13110.0,10325.0,1275760135387.94,2026-09-17 14:20:00,0,-15.06,-7.5,17-Sep-2025,17-Aug-2026,17.581998474446987,-4.648910411622276,,,ULTRATECH CEMENT LIMITED,0.98,2026-09-17 14:20:43
0,JSWSTEELEQN,4.5,JSWSTEEL,EQ,N,1253.4,1055340,1248.9,1256.6,1242.1,1248.9,1318900611.6,1351.0,1073.2,1172797891869.88,2026-09-17 14:19:56,0,12.77,-1.95,17-Sep-2025,17-Aug-2026,7.224278312361214,-16.79090570257175,,,JSW STEEL LIMITED,0.36,2026-09-17 14:20:43
0,TMPVEQN,4.75,TMPV,EQ,N,305.75,3989887,301.0,307.65,299.75,301.0,1213923119.75,739.7,294.3,637263378943.38,2026-09-17 14:19:59,0,-57.53,-7.5,17-Sep-2025,17-Aug-2026,58.66567527375963,-3.890587835541964,,,TATA MOTORS PASSENGER VEHICLES LIMITED,1.58,2026-09-17 14:20:43
0,GRASIMEQN,-23.8,GRASIM,EQ,N,3163.2,369156,3190.0,3205.0,3159.0,3187.0,1176614610.36,3411.1,2502.5,1191017010936.1,2026-09-17 14:20:02,0,10.45,-2.63,17-Sep-2025,17-Aug-2026,7.267450382574536,-26.401598401598402,,,GRASIM INDUSTRIES LIMITED,-0.75,2026-09-17 14:20:43
0,BAJAJ-AUTOEQN,-112.0,BAJAJ-AUTO,EQ,N,11481.0,90906,11568.0,11576.0,11435.0,11593.0,1046917130.88,12470.0,8491.5,1246704129717.56,2026-09-17 14:20:01,0,26.42,-1.53,17-Sep-2025,17-Aug-2026,7.931034482758621,-35.20579402932344,,,BAJAJ AUTO LIMITED,-0.97,2026-09-17 14:20:43
0,ADANIPORTSEQN,10.3,ADANIPORTS,EQ,N,1734.1,601887,1731.0,1738.8,1725.1,1723.8,1043545661.73,1891.1,1292.0,1276028071768.58,2026-09-17 14:19:58,0,23.32,2.54,17-Sep-2025,17-Aug-2026,8.302046428004864,-34.21826625386997,,,ADANI PORTS AND SPECIAL ECONOMIC ZONE LIMITED,0.6,2026-09-17 14:20:43
0,POWERGRIDEQN,0.9,POWERGRID,EQ,N,263.7,3829279,263.5,265.7,263.25,262.8,1014261128.73,324.95,250.0,1191291672023.84,2026-09-17 14:19:59,0,-8.18,-0.94,17-Sep-2025,17-Aug-2026,18.849053700569318,-5.48,,,POWER GRID CORPORATION OF INDIA LIMITED,0.34,2026-09-17 14:20:43
0,NTPCEQN,3.05,NTPC,EQ,N,330.05,3058340,327.8,331.3,327.2,327.0,1008976949.4,414.4,315.55,1561519833744.08,2026-09-17 14:19:58,0,-1.87,-2.05,17-Sep-2025,17-Aug-2026,20.35472972972973,-4.595151323086674,,,NTPC LIMITED,0.93,2026-09-17 14:20:43
0,TRENTEQN,13.5,TRENT,EQ,N,2783.2,359613,2760.0,2811.0,2760.0,2769.7,1002946272.48,3498.67,2183.67,923501563770.49,2026-09-17 14:20:02,0,-19.68,-5.53,17-Sep-2025,17-Aug-2026,20.44977091294692,-27.455155769873652,,,TRENT LIMITED,0.49,2026-09-17 14:20:43
0,HCLTECHEQN,-8.2,HCLTECH,EQ,N,1244.8,787915,1242.2,1251.3,1235.3,1253.0,978921354.3,1780.1,1030.0,1309859861892.31,2026-09-17 14:20:02,0,-15.98,-6.05,17-Sep-2025,17-Aug-2026,30.071344306499636,-20.854368932038835,,,HCL TECHNOLOGIES LIMITED,-0.65,2026-09-17 14:20:43
0,EICHERMOTEQN,30.0,EICHERMOT,EQ,N,7530.0,128580,7495.0,7550.5,7489.0,7500.0,967928381.4,8230.0,6442.0,1036587845512.39,2026-09-17 14:20:01,0,9.27,-6.47,17-Sep-2025,17-Aug-2026,8.50546780072904,-16.889164855634895,,,EICHER MOTORS LIMITED,0.4,2026-09-17 14:20:43
0,NESTLEINDEQN,-7.5,NESTLEIND,EQ,N,1377.0,698566,1384.5,1391.7,1370.1,1384.5,962959259.68,1553.0,1145.0,984562506929.98,2026-09-17 14:19:59,0,14.33,-6.33,17-Sep-2025,17-Aug-2026,11.332904056664521,-20.262008733624455,,,NESTLE INDIA LIMITED,-0.54,2026-09-17 14:20:43
0,APOLLOHOSPEQN,51.0,APOLLOHOSP,EQ,N,8747.5,106244,8707.0,8797.5,8686.5,8696.5,929995167.16,9050.0,6696.5,897637021610.46,2026-09-17 14:20:02,0,10.9,-0.88,17-Sep-2025,17-Aug-2026,3.342541436464088,-30.627939968640334,,,APOLLO HOSPITALS ENTERPRISE LIMITED,0.59,2026-09-17 14:20:43
0,WIPROEQN,-0.55,WIPRO,EQ,N,166.34,5499654,165.75,167.35,165.02,166.89,915252418.68,273.1,165.02,449233705303.83,2026-09-17 14:19:58,0,-34.55,-8.56,17-Sep-2025,17-Aug-2026,39.09190772610765,-0.7999030420555084,,,WIPRO LIMITED,-0.33,2026-09-17 14:20:43
0,ASIANPAINTEQN,31.7,ASIANPAINT,EQ,N,2448.3,366089,2424.0,2449.0,2421.0,2416.6,891536541.7,2985.7,2115.0,1104315855745.92,2026-09-17 14:19:58,0,-1.84,-8.92,17-Sep-2025,17-Aug-2026,17.99912918243628,-15.75886524822695,,,ASIAN PAINTS LIMITED,1.31,2026-09-17 14:20:43
0,COALINDIAEQN,-4.05,COALINDIA,EQ,N,418.2,2104571,421.1,422.8,417.55,422.25,883204265.86,491.25,369.6,999392628868.86,2026-09-17 14:19:58,0,4.63,2.4,17-Sep-2025,17-Aug-2026,14.870229007633588,-13.14935064935065,,,COAL INDIA LIMITED,-0.96,2026-09-17 14:20:43
0,MAXHEALTHEQN,13.7,MAXHEALTH,EQ,N,1038.7,768913,1022.1,1042.9,1021.1,1025.0,796224789.76,1221.9,903.0,770706210287.93,2026-09-17 14:20:00,0,-9.98,3.49,17-Sep-2025,17-Aug-2026,14.993043620590884,-15.027685492801773,,,MAX HEALTHCARE INSTITUTE LIMITED,1.34,2026-09-17 14:20:43
0,BAJAJFINSVEQN,13.7,BAJAJFINSV,EQ,N,1850.7,366517,1837.0,1863.0,1832.1,1837.0,676725993.29,2195.0,1597.0,1069537950500.37,2026-09-17 14:20:00,0,-10.05,-7.72,17-Sep-2025,17-Aug-2026,15.685649202733485,-15.886036318096432,,,BAJAJ FINSERV LIMITED,0.75,2026-09-17 14:20:43
0,CIPLAEQN,18.5,CIPLA,EQ,N,1376.5,393670,1362.5,1382.0,1351.6,1358.0,538284674.5,1673.0,1165.7,772155977937.33,2026-09-17 14:20:02,0,-11.77,-3.88,17-Sep-2025,17-Aug-2026,17.722653915122535,-18.083554945526295,,,CIPLA LIMITED,1.36,2026-09-17 14:20:43
1,NIFTY 50,64.7,NIFTY 50,,,23282.3,181707645,23195.25,23363.55,23193.65,23217.6,133132028375.92,26373.2,22182.55,,2026-09-17 14:20:54,0,-8.08,-4.14,16-Sep-2025,17-Aug-2026,11.719851970940196,-4.957725779948653,,,,0.28,2026-09-17 14:21:13
0,HDFCBANKEQN,-5.9,HDFCBANK,EQ,N,715.6,17026632,717.5,719.4,713.1,721.5,12189706381.44,1020.5,681.9,10936981223573.86,2026-09-17 14:20:44,0,-25.95,-1.82,17-Sep-2025,17-Aug-2026,29.877511024007838,-4.942073617832527,,,HDFC BANK LIMITED,-0.82,2026-09-17 14:21:13
0,ICICIBANKEQN,-6.4,ICICIBANK,EQ,N,1352.4,5422437,1352.0,1363.0,1349.1,1358.8,7349191539.21,1480.0,1187.6,9666459158889.88,2026-09-17 14:20:47,0,-4.67,-4.41,17-Sep-2025,17-Aug-2026,8.621621621621621,-13.876726170427753,,,ICICI BANK LIMITED,-0.47,2026-09-17 14:21:13
0,ETERNALEQN,7.35,ETERNAL,EQ,N,324.35,22589149,318.3,327.8,318.25,317.0,7341247533.51,368.45,212.6,2338337785221.62,2026-09-17 14:20:45,0,-1.17,2.01,17-Sep-2025,17-Aug-2026,11.969059573890624,-52.56349952963311,,,ETERNAL LIMITED,2.32,2026-09-17 14:21:13
0,RELIANCEEQN,4.2,RELIANCE,EQ,N,1244.2,5804917,1244.8,1253.4,1238.5,1240.0,7223812862.31,1611.8,1235.3,8382527276125.15,2026-09-17 14:20:46,0,-12.0,-5.46,17-Sep-2025,17-Aug-2026,22.806799851098152,-0.7204727596535254,,,RELIANCE INDUSTRIES LIMITED,0.34,2026-09-17 14:21:13
0,SBINEQN,-2.6,SBIN,EQ,N,988.8,6597381,991.2,1000.9,985.2,991.4,6537872623.38,1234.7,821.65,4073725907227.25,2026-09-17 14:20:46,0,15.34,-6.84,17-Sep-2025,17-Aug-2026,19.91576901271564,-20.34321182985456,,,STATE BANK OF INDIA,-0.26,2026-09-17 14:21:13
0,BHARTIARTLEQN,0.6,BHARTIARTL,EQ,N,1835.6,2865006,1841.8,1845.9,1827.6,1835.0,5263159272.3,2174.5,1740.5,5700060077975.49,2026-09-17 14:20:43,0,-5.44,-6.79,17-Sep-2025,17-Aug-2026,15.585191998160496,-5.46394714162597,,,BHARTI AIRTEL LIMITED,0.03,2026-09-17 14:21:13
0,M&MEQN,26.7,M&M,EQ,N,3096.7,1449639,3047.0,3127.8,3047.0,3070.0,4502709201.51,3839.9,2896.0,2756936526536.01,2026-09-17 14:20:47,0,-14.81,-8.7,17-Sep-2025,17-Aug-2026,19.354670694549338,-6.93024861878453,,,MAHINDRA & MAHINDRA LIMITED,0.87,2026-09-17 14:21:13
0,AXISBANKEQN,0.0,AXISBANK,EQ,N,1241.0,3361295,1238.0,1257.6,1233.0,1241.0,4201013716.9,1418.3,1104.0,3558678329165.45,2026-09-17 14:20:46,0,10.23,1.13,17-Sep-2025,17-Aug-2026,12.500881336811675,-12.409420289855072,,,AXIS BANK LIMITED,0.0,2026-09-17 14:21:13
0,LTEQN,48.3,LT,EQ,N,3856.0,1060714,3811.0,3875.0,3811.0,3807.7,4086835577.74,4440.0,3288.1,4502668416974.2,2026-09-17 14:20:43,0,4.65,-5.62,17-Sep-2025,17-Aug-2026,13.153153153153154,-17.27137252516651,,,LARSEN & TOUBRO LIMITED,1.27,2026-09-17 14:21:13
0,HDFCLIFEEQN,30.3,HDFCLIFE,EQ,N,560.5,7288681,532.9,560.95,529.95,530.2,4031661008.34,796.9,508.7,605189236991.54,2026-09-17 14:20:44,0,-27.02,3.23,17-Sep-2025,17-Aug-2026,29.664951687790186,-10.182818950265382,,,HDFC LIFE INSURANCE COMPANY LIMITED,5.71,2026-09-17 14:21:13
0,INFYEQN,-5.1,INFY,EQ,N,1054.9,3802759,1054.9,1059.4,1048.6,1060.0,4008640372.26,1728.0,982.4,3690602689071.4,2026-09-17 14:20:44,0,-30.71,-7.46,17-Sep-2025,17-Aug-2026,38.9525462962963,-7.379885993485342,,,INFOSYS LIMITED,-0.48,2026-09-17 14:21:13
0,TCSEQN,4.2,TCS,EQ,N,2193.0,1734957,2171.0,2198.3,2162.5,2188.8,3785762921.85,3350.0,1976.8,2232844655177.77,2026-09-17 14:20:46,0,-30.89,-5.21,17-Sep-2025,17-Aug-2026,34.53731343283582,-10.93686766491299,,,TATA CONSULTANCY SERVICES LIMITED,0.19,2026-09-17 14:21:13
0,KOTAKBANKEQN,0.35,KOTAKBANK,EQ,N,415.35,8600703,415.0,417.6,412.5,415.0,3567141569.25,453.2,345.5,3049820669256.9,2026-09-17 14:20:43,0,1.29,5.77,17-Sep-2025,17-Aug-2026,8.351721094439542,-20.217076700434152,,,KOTAK MAHINDRA BANK LIMITED,0.08,2026-09-17 14:21:13
0,SHRIRAMFINEQN,13.7,SHRIRAMFIN,EQ,N,992.7,3484657,979.0,1005.5,978.3,979.0,3462006729.5,1153.7,603.15,1386320483207.6,2026-09-17 14:20:46,0,59.28,-11.52,17-Sep-2025,17-Aug-2026,13.955100979457399,-64.58592389952749,,,SHRIRAM FINANCE LIMITED,1.4,2026-09-17 14:21:13
0,TATASTEELEQN,2.23,TATASTEEL,EQ,N,185.23,17374963,183.0,185.39,182.87,183.0,3204464426.09,224.4,160.06,1526761120787.43,2026-09-17 14:20:46,0,8.09,-0.42,17-Sep-2025,17-Aug-2026,17.455436720142604,-15.725352992627764,,,TATA STEEL LIMITED,1.22,2026-09-17 14:21:13
0,BAJFINANCEEQN,6.4,BAJFINANCE,EQ,N,1012.6,2976659,1010.0,1027.9,1010.0,1006.2,3029911429.51,1176.4,787.9,2705869291899.12,2026-09-17 14:20:46,0,0.48,-7.07,17-Sep-2025,17-Aug-2026,13.923835430125807,-28.518847569488514,,,BAJAJ FINANCE LIMITED,0.64,2026-09-17 14:21:13
0,ITCEQN,2.2,ITC,EQ,N,266.35,11024591,264.8,268.5,264.1,264.15,2934635878.29,426.4,255.5,2559928322216.93,2026-09-17 14:20:44,0,-34.91,-2.44,17-Sep-2025,17-Aug-2026,37.53517823639775,-4.2465753424657535,,,ITC LIMITED,0.83,2026-09-17 14:21:13
0,TECHMEQN,-2.2,TECHM,EQ,N,1555.8,1621520,1545.1,1569.7,1538.0,1558.0,2521155511.2,1854.0,1304.1,985128879485.96,2026-09-17 14:20:44,0,0.57,-3.35,17-Sep-2025,17-Aug-2026,16.084142394822006,-19.30066712675408,,,TECH MAHINDRA LIMITED,-0.14,2026-09-17 14:21:13
0,BELEQN,9.0,BEL,EQ,N,394.75,6104007,387.0,395.9,387.0,385.75,2401499474.01,473.45,380.45,1409921549274.83,2026-09-17 14:20:42,0,-4.25,-4.3,17-Sep-2025,17-Aug-2026,16.622663428028304,-3.7587067945853594,,,BHARAT ELECTRONICS LIMITED,2.33,2026-09-17 14:21:13
0,MARUTIEQN,197.0,MARUTI,EQ,N,12363.0,193186,12165.0,12409.0,12127.0,12166.0,2377288960.2,17370.0,12127.0,1608307034682.72,2026-09-17 14:20:44,0,-21.76,-10.15,17-Sep-2025,17-Aug-2026,28.825561312607945,-1.9460707512162942,,,MARUTI SUZUKI INDIA LIMITED,1.62,2026-09-17 14:21:13
0,SBILIFEEQN,70.7,SBILIFE,EQ,N,1768.6,1284147,1693.0,1771.1,1689.0,1697.9,2239886246.22,2132.0,1652.9,792453176017.96,2026-09-17 14:20:46,0,-1.94,-1.2,17-Sep-2025,17-Aug-2026,17.045028142589118,-6.999818500816747,,,SBI LIFE INSURANCE COMPANY LIMITED,4.16,2026-09-17 14:21:13
0,JIOFINEQN,3.62,JIOFIN,EQ,N,228.46,9493183,225.0,230.36,225.0,224.84,2169477110.99,321.6,223.3,747632829414.65,2026-09-17 14:20:44,0,-27.64,-8.49,17-Sep-2025,17-Aug-2026,28.96144278606965,-2.310792655620242,,,JIO FINANCIAL SERVICES LIMITED,1.61,2026-09-17 14:21:13
0,DRREDDYEQN,29.0,DRREDDY,EQ,N,1169.0,1834592,1140.0,1189.8,1140.0,1140.0,2145958954.24,1414.9,1101.0,710616423558.52,2026-09-17 14:20:44,0,-10.86,-1.93,17-Sep-2025,17-Aug-2026,17.37932009329281,-6.176203451407811,,,DR. REDDY'S LABORATORIES LIMITED,2.54,2026-09-17 14:21:13
0,HINDALCOEQN,6.1,HINDALCO,EQ,N,978.8,2109138,972.0,987.2,970.5,972.7,2068283996.94,1176.0,731.95,1414106477183.3,2026-09-17 14:20:45,0,30.48,-6.78,17-Sep-2025,17-Aug-2026,16.768707482993197,-33.72498121456383,,,HINDALCO INDUSTRIES LIMITED,0.63,2026-09-17 14:21:13
0,INDIGOEQN,112.5,INDIGO,EQ,N,4846.0,417531,4746.5,4854.0,4746.5,4733.5,2007860650.59,5970.0,3895.2,1093647634754.83,2026-09-17 14:20:45,0,-15.67,-8.14,17-Sep-2025,17-Aug-2026,18.827470686767168,-24.40952967755186,,,INTERGLOBE AVIATION LIMITED,2.38,2026-09-17 14:21:13
0,HINDUNILVREQN,-10.0,HINDUNILVR,EQ,N,1952.0,892635,1962.0,1968.9,1949.0,1962.0,1748305984.65,2667.2,1926.2,1726940931074.16,2026-09-17 14:20:45,0,-24.04,-5.01,17-Sep-2025,17-Aug-2026,26.814637072585484,-1.339424774166753,,,HINDUSTAN UNILEVER LIMITED,-0.51,2026-09-17 14:21:13
0,SUNPHARMAEQN,6.4,SUNPHARMA,EQ,N,1859.9,932007,1853.5,1864.2,1847.4,1853.5,1731221642.64,2046.9,1548.0,1962420125639.43,2026-09-17 14:20:47,0,14.8,-1.17,17-Sep-2025,17-Aug-2026,9.135766280717181,-20.14857881136951,,,SUN PHARMACEUTICAL INDUSTRIES LIMITED,0.35,2026-09-17 14:21:13
0,ONGCEQN,-4.68,ONGC,EQ,N,232.12,7370854,235.1,235.65,231.25,236.8,1716745605.14,307.5,227.65,899108610054.67,2026-09-17 14:20:42,0,-2.03,-2.69,17-Sep-2025,17-Aug-2026,24.513821138211384,-1.9635405227322644,,,OIL & NATURAL GAS CORPORATION LIMITED,-1.98,2026-09-17 14:21:13
0,TITANEQN,-55.0,TITAN,EQ,N,4853.5,351136,4895.0,4915.5,4845.5,4908.5,1710200865.28,5186.7,3303.1,1998032666240.1,2026-09-17 14:20:43,0,37.74,-4.26,17-Sep-2025,17-Aug-2026,6.42412323828253,-46.93772516726711,,,TITAN COMPANY LIMITED,-1.12,2026-09-17 14:21:13
0,TATACONSUMEQN,10.5,TATACONSUM,EQ,N,1010.6,1383239,1003.1,1020.3,999.0,1000.1,1399243075.23,1282.7,986.0,656444477887.19,2026-09-17 14:20:43,0,-11.04,-5.76,17-Sep-2025,17-Aug-2026,21.213066188508616,-2.4949290060851927,,,TATA CONSUMER PRODUCTS LIMITED,1.05,2026-09-17 14:21:13
0,ADANIENTEQN,5.1,ADANIENT,EQ,N,2925.1,468383,2930.1,2945.0,2907.0,2920.0,1372282564.89,3245.0,1753.0,875626942229.29,2026-09-17 14:20:42,0,25.4,-2.76,17-Sep-2025,17-Aug-2026,9.85824345146379,-66.8625213918996,,,ADANI ENTERPRISES LIMITED,0.17,2026-09-17 14:21:13
0,ULTRACEMCOEQN,111.0,ULTRACEMCO,EQ,N,10811.0,127297,10740.0,10834.0,10703.0,10700.0,1371516972.55,13110.0,10325.0,1275052100903.41,2026-09-17 14:20:44,0,-15.01,-7.45,17-Sep-2025,17-Aug-2026,17.536231884057973,-4.707021791767555,,,ULTRATECH CEMENT LIMITED,1.04,2026-09-17 14:21:13
0,JSWSTEELEQN,3.4,JSWSTEEL,EQ,N,1252.3,1066389,1248.9,1256.6,1242.1,1248.9,1332730316.64,1351.0,1073.2,1171862571755.14,2026-09-17 14:20:45,0,12.66,-2.05,17-Sep-2025,17-Aug-2026,7.305699481865285,-16.688408497950057,,,JSW STEEL LIMITED,0.27,2026-09-17 14:21:13
0,TMPVEQN,4.45,TMPV,EQ,N,305.45,4009278,301.0,307.65,299.75,301.0,1219862924.28,739.7,294.3,636638100076.06,2026-09-17 14:20:43,0,-57.53,-7.51,17-Sep-2025,17-Aug-2026,58.70623225632013,-3.7886510363574586,,,TATA MOTORS PASSENGER VEHICLES LIMITED,1.48,2026-09-17 14:21:13
0,GRASIMEQN,-22.2,GRASIM,EQ,N,3164.8,369323,3190.0,3205.0,3159.0,3187.0,1177143197.9,3411.1,2502.5,1190189236429.23,2026-09-17 14:20:47,0,10.4,-2.68,17-Sep-2025,17-Aug-2026,7.220544692327988,-26.465534465534464,,,GRASIM INDUSTRIES LIMITED,-0.7,2026-09-17 14:21:13
0,BAJAJ-AUTOEQN,-109.0,BAJAJ-AUTO,EQ,N,11484.0,91052,11568.0,11576.0,11435.0,11593.0,1048593073.84,12470.0,8491.5,1246704129717.56,2026-09-17 14:20:47,0,26.43,-1.53,17-Sep-2025,17-Aug-2026,7.906976744186046,-35.24112347641759,,,BAJAJ AUTO LIMITED,-0.94,2026-09-17 14:21:13
0,ADANIPORTSEQN,11.0,ADANIPORTS,EQ,N,1734.8,602407,1731.0,1738.8,1725.1,1723.8,1044447232.53,1891.1,1292.0,1275586666843.21,2026-09-17 14:20:42,0,23.38,2.59,17-Sep-2025,17-Aug-2026,8.265030934376817,-34.27244582043344,,,ADANI PORTS AND SPECIAL ECONOMIC ZONE LIMITED,0.64,2026-09-17 14:21:13
0,NTPCEQN,3.15,NTPC,EQ,N,330.15,3099352,327.8,331.3,327.2,327.0,1022507218.32,414.4,315.55,1561047075695.71,2026-09-17 14:20:46,0,-1.86,-2.03,17-Sep-2025,17-Aug-2026,20.330598455598455,-4.626842021866582,,,NTPC LIMITED,0.96,2026-09-17 14:21:13
0,POWERGRIDEQN,0.9,POWERGRID,EQ,N,263.7,3832231,263.5,265.7,263.25,262.8,1015043024.97,324.95,250.0,1190840083065.53,2026-09-17 14:20:42,0,-8.13,-0.88,17-Sep-2025,17-Aug-2026,18.849053700569318,-5.48,,,POWER GRID CORPORATION OF INDIA LIMITED,0.34,2026-09-17 14:21:13
0,TRENTEQN,13.9,TRENT,EQ,N,2783.6,360057,2760.0,2811.0,2760.0,2769.7,1004180970.15,3498.67,2183.67,923534745056.91,2026-09-17 14:20:46,0,-19.68,-5.53,17-Sep-2025,17-Aug-2026,20.438337997010294,-27.473473555986022,,,TRENT LIMITED,0.5,2026-09-17 14:21:13
0,EICHERMOTEQN,28.0,EICHERMOT,EQ,N,7528.0,131177,7495.0,7550.5,7489.0,7500.0,987482091.22,8230.0,6442.0,1034663656989.83,2026-09-17 14:20:46,0,9.28,-6.46,17-Sep-2025,17-Aug-2026,8.529769137302551,-16.858118596709097,,,EICHER MOTORS LIMITED,0.37,2026-09-17 14:21:13
0,HCLTECHEQN,-8.2,HCLTECH,EQ,N,1244.8,788333,1242.2,1251.3,1235.3,1253.0,979440685.86,1780.1,1030.0,1309859861892.31,2026-09-17 14:20:45,0,-15.97,-6.05,17-Sep-2025,17-Aug-2026,30.071344306499636,-20.854368932038835,,,HCL TECHNOLOGIES LIMITED,-0.65,2026-09-17 14:21:13
0,NESTLEINDEQN,-7.7,NESTLEIND,EQ,N,1376.8,698746,1384.5,1391.7,1370.1,1384.5,963207386.08,1553.0,1145.0,984562506929.98,2026-09-17 14:20:47,0,14.32,-6.34,17-Sep-2025,17-Aug-2026,11.345782356728911,-20.24454148471616,,,NESTLE INDIA LIMITED,-0.56,2026-09-17 14:21:13
0,APOLLOHOSPEQN,50.5,APOLLOHOSP,EQ,N,8747.0,106313,8707.0,8797.5,8686.5,8696.5,930599151.07,9050.0,6696.5,897688332746.94,2026-09-17 14:20:42,0,10.89,-0.89,17-Sep-2025,17-Aug-2026,3.3480662983425415,-30.620473381617263,,,APOLLO HOSPITALS ENTERPRISE LIMITED,0.58,2026-09-17 14:21:13
0,WIPROEQN,-0.56,WIPRO,EQ,N,166.33,5501226,165.75,167.35,165.02,166.89,915514030.92,273.1,165.02,449233705303.83,2026-09-17 14:20:42,0,-34.57,-8.59,17-Sep-2025,17-Aug-2026,39.09556938850238,-0.7938431705247849,,,WIPRO LIMITED,-0.34,2026-09-17 14:21:13
0,ASIANPAINTEQN,31.7,ASIANPAINT,EQ,N,2448.3,366973,2424.0,2449.0,2421.0,2416.6,893700356.09,2985.7,2115.0,1103774701291.95,2026-09-17 14:20:46,0,-1.84,-8.92,17-Sep-2025,17-Aug-2026,17.99912918243628,-15.75886524822695,,,ASIAN PAINTS LIMITED,1.31,2026-09-17 14:21:13
0,COALINDIAEQN,-3.9,COALINDIA,EQ,N,418.35,2106329,421.1,422.8,417.55,422.25,883942028.14,491.25,369.6,998914907726.95,2026-09-17 14:20:42,0,4.65,2.42,17-Sep-2025,17-Aug-2026,14.83969465648855,-13.189935064935066,,,COAL INDIA LIMITED,-0.92,2026-09-17 14:21:13
0,MAXHEALTHEQN,13.1,MAXHEALTH,EQ,N,1038.1,769907,1022.1,1042.9,1021.1,1025.0,797254096.64,1221.9,903.0,770928871943.44,2026-09-17 14:20:44,0,-9.99,3.47,17-Sep-2025,17-Aug-2026,15.042147475243473,-14.96124031007752,,,MAX HEALTHCARE INSTITUTE LIMITED,1.28,2026-09-17 14:21:13
0,BAJAJFINSVEQN,13.2,BAJAJFINSV,EQ,N,1850.2,366858,1837.0,1863.0,1832.1,1837.0,677355605.46,2195.0,1597.0,1069133457245.55,2026-09-17 14:20:43,0,-10.03,-7.7,17-Sep-2025,17-Aug-2026,15.708428246013668,-15.854727614276769,,,BAJAJ FINSERV LIMITED,0.72,2026-09-17 14:21:13
0,CIPLAEQN,18.0,CIPLA,EQ,N,1376.0,393699,1362.5,1382.0,1351.6,1358.0,538324327.65,1673.0,1165.7,772380425572.8,2026-09-17 14:20:43,0,-11.74,-3.84,17-Sep-2025,17-Aug-2026,17.752540346682608,-18.04066226301793,,,CIPLA LIMITED,1.33,2026-09-17 14:21:13
1,NIFTY 50,64.7,NIFTY 50,,,23282.3,181707645,23195.25,23363.55,23193.65,23217.6,133132028375.92,26373.2,22182.55,,2026-09-17 14:20:54,0,-8.08,-4.14,16-Sep-2025,17-Aug-2026,11.719851970940196,-4.957725779948653,,,,0.28,2026-09-17 14:21:43
0,HDFCBANKEQN,-5.9,HDFCBANK,EQ,N,715.6,17026632,717.5,719.4,713.1,721.5,12189706381.44,1020.5,681.9,10936981223573.86,2026-09-17 14:20:44,0,-25.95,-1.82,17-Sep-2025,17-Aug-2026,29.877511024007838,-4.942073617832527,,,HDFC BANK LIMITED,-0.82,2026-09-17 14:21:43
0,ICICIBANKEQN,-6.4,ICICIBANK,EQ,N,1352.4,5422437,1352.0,1363.0,1349.1,1358.8,7349191539.21,1480.0,1187.6,9666459158889.88,2026-09-17 14:20:47,0,-4.67,-4.41,17-Sep-2025,17-Aug-2026,8.621621621621621,-13.876726170427753,,,ICICI BANK LIMITED,-0.47,2026-09-17 14:21:43
0,ETERNALEQN,7.35,ETERNAL,EQ,N,324.35,22589149,318.3,327.8,318.25,317.0,7341247533.51,368.45,212.6,2338337785221.62,2026-09-17 14:20:45,0,-1.17,2.01,17-Sep-2025,17-Aug-2026,11.969059573890624,-52.56349952963311,,,ETERNAL LIMITED,2.32,2026-09-17 14:21:43
0,RELIANCEEQN,4.2,RELIANCE,EQ,N,1244.2,5804917,1244.8,1253.4,1238.5,1240.0,7223812862.31,1611.8,1235.3,8382527276125.15,2026-09-17 14:20:46,0,-12.0,-5.46,17-Sep-2025,17-Aug-2026,22.806799851098152,-0.7204727596535254,,,RELIANCE INDUSTRIES LIMITED,0.34,2026-09-17 14:21:43
0,SBINEQN,-2.6,SBIN,EQ,N,988.8,6597381,991.2,1000.9,985.2,991.4,6537872623.38,1234.7,821.65,4073725907227.25,2026-09-17 14:20:46,0,15.34,-6.84,17-Sep-2025,17-Aug-2026,19.91576901271564,-20.34321182985456,,,STATE BANK OF INDIA,-0.26,2026-09-17 14:21:43
0,BHARTIARTLEQN,0.6,BHARTIARTL,EQ,N,1835.6,2865006,1841.8,1845.9,1827.6,1835.0,5263159272.3,2174.5,1740.5,5700060077975.49,2026-09-17 14:20:43,0,-5.44,-6.79,17-Sep-2025,17-Aug-2026,15.585191998160496,-5.46394714162597,,,BHARTI AIRTEL LIMITED,0.03,2026-09-17 14:21:43
0,M&MEQN,26.7,M&M,EQ,N,3096.7,1449639,3047.0,3127.8,3047.0,3070.0,4502709201.51,3839.9,2896.0,2756936526536.01,2026-09-17 14:20:47,0,-14.81,-8.7,17-Sep-2025,17-Aug-2026,19.354670694549338,-6.93024861878453,,,MAHINDRA & MAHINDRA LIMITED,0.87,2026-09-17 14:21:43
0,AXISBANKEQN,0.0,AXISBANK,EQ,N,1241.0,3361295,1238.0,1257.6,1233.0,1241.0,4201013716.9,1418.3,1104.0,3558678329165.45,2026-09-17 14:20:46,0,10.23,1.13,17-Sep-2025,17-Aug-2026,12.500881336811675,-12.409420289855072,,,AXIS BANK LIMITED,0.0,2026-09-17 14:21:43
0,LTEQN,48.3,LT,EQ,N,3856.0,1060714,3811.0,3875.0,3811.0,3807.7,4086835577.74,4440.0,3288.1,4502668416974.2,2026-09-17 14:20:43,0,4.65,-5.62,17-Sep-2025,17-Aug-2026,13.153153153153154,-17.27137252516651,,,LARSEN & TOUBRO LIMITED,1.27,2026-09-17 14:21:43
0,HDFCLIFEEQN,30.3,HDFCLIFE,EQ,N,560.5,7288681,532.9,560.95,529.95,530.2,4031661008.34,796.9,508.7,605189236991.54,2026-09-17 14:20:44,0,-27.02,3.23,17-Sep-2025,17-Aug-2026,29.664951687790186,-10.182818950265382,,,HDFC LIFE INSURANCE COMPANY LIMITED,5.71,2026-09-17 14:21:43
0,INFYEQN,-5.1,INFY,EQ,N,1054.9,3802759,1054.9,1059.4,1048.6,1060.0,4008640372.26,1728.0,982.4,3690602689071.4,2026-09-17 14:20:44,0,-30.71,-7.46,17-Sep-2025,17-Aug-2026,38.9525462962963,-7.379885993485342,,,INFOSYS LIMITED,-0.48,2026-09-17 14:21:43
0,TCSEQN,4.2,TCS,EQ,N,2193.0,1734957,2171.0,2198.3,2162.5,2188.8,3785762921.85,3350.0,1976.8,2232844655177.77,2026-09-17 14:20:46,0,-30.89,-5.21,17-Sep-2025,17-Aug-2026,34.53731343283582,-10.93686766491299,,,TATA CONSULTANCY SERVICES LIMITED,0.19,2026-09-17 14:21:43
0,KOTAKBANKEQN,0.35,KOTAKBANK,EQ,N,415.35,8600703,415.0,417.6,412.5,415.0,3567141569.25,453.2,345.5,3049820669256.9,2026-09-17 14:20:43,0,1.29,5.77,17-Sep-2025,17-Aug-2026,8.351721094439542,-20.217076700434152,,,KOTAK MAHINDRA BANK LIMITED,0.08,2026-09-17 14:21:43
0,SHRIRAMFINEQN,13.7,SHRIRAMFIN,EQ,N,992.7,3484657,979.0,1005.5,978.3,979.0,3462006729.5,1153.7,603.15,1386320483207.6,2026-09-17 14:20:46,0,59.28,-11.52,17-Sep-2025,17-Aug-2026,13.955100979457399,-64.58592389952749,,,SHRIRAM FINANCE LIMITED,1.4,2026-09-17 14:21:43
0,TATASTEELEQN,2.23,TATASTEEL,EQ,N,185.23,17374963,183.0,185.39,182.87,183.0,3204464426.09,224.4,160.06,1526761120787.43,2026-09-17 14:20:46,0,8.09,-0.42,17-Sep-2025,17-Aug-2026,17.455436720142604,-15.725352992627764,,,TATA STEEL LIMITED,1.22,2026-09-17 14:21:43
0,BAJFINANCEEQN,6.4,BAJFINANCE,EQ,N,1012.6,2976659,1010.0,1027.9,1010.0,1006.2,3029911429.51,1176.4,787.9,2705869291899.12,2026-09-17 14:20:46,0,0.48,-7.07,17-Sep-2025,17-Aug-2026,13.923835430125807,-28.518847569488514,,,BAJAJ FINANCE LIMITED,0.64,2026-09-17 14:21:43
0,ITCEQN,2.2,ITC,EQ,N,266.35,11024591,264.8,268.5,264.1,264.15,2934635878.29,426.4,255.5,2559928322216.93,2026-09-17 14:20:44,0,-34.91,-2.44,17-Sep-2025,17-Aug-2026,37.53517823639775,-4.2465753424657535,,,ITC LIMITED,0.83,2026-09-17 14:21:43
0,TECHMEQN,-2.2,TECHM,EQ,N,1555.8,1621520,1545.1,1569.7,1538.0,1558.0,2521155511.2,1854.0,1304.1,985128879485.96,2026-09-17 14:20:44,0,0.57,-3.35,17-Sep-2025,17-Aug-2026,16.084142394822006,-19.30066712675408,,,TECH MAHINDRA LIMITED,-0.14,2026-09-17 14:21:43
0,BELEQN,9.0,BEL,EQ,N,394.75,6104007,387.0,395.9,387.0,385.75,2401499474.01,473.45,380.45,1409921549274.83,2026-09-17 14:20:42,0,-4.25,-4.3,17-Sep-2025,17-Aug-2026,16.622663428028304,-3.7587067945853594,,,BHARAT ELECTRONICS LIMITED,2.33,2026-09-17 14:21:43
0,MARUTIEQN,197.0,MARUTI,EQ,N,12363.0,193186,12165.0,12409.0,12127.0,12166.0,2377288960.2,17370.0,12127.0,1608307034682.72,2026-09-17 14:20:44,0,-21.76,-10.15,17-Sep-2025,17-Aug-2026,28.825561312607945,-1.9460707512162942,,,MARUTI SUZUKI INDIA LIMITED,1.62,2026-09-17 14:21:43
0,SBILIFEEQN,70.7,SBILIFE,EQ,N,1768.6,1284147,1693.0,1771.1,1689.0,1697.9,2239886246.22,2132.0,1652.9,792453176017.96,2026-09-17 14:20:46,0,-1.94,-1.2,17-Sep-2025,17-Aug-2026,17.045028142589118,-6.999818500816747,,,SBI LIFE INSURANCE COMPANY LIMITED,4.16,2026-09-17 14:21:43
0,JIOFINEQN,3.62,JIOFIN,EQ,N,228.46,9493183,225.0,230.36,225.0,224.84,2169477110.99,321.6,223.3,747632829414.65,2026-09-17 14:20:44,0,-27.64,-8.49,17-Sep-2025,17-Aug-2026,28.96144278606965,-2.310792655620242,,,JIO FINANCIAL SERVICES LIMITED,1.61,2026-09-17 14:21:43
0,DRREDDYEQN,29.0,DRREDDY,EQ,N,1169.0,1834592,1140.0,1189.8,1140.0,1140.0,2145958954.24,1414.9,1101.0,710616423558.52,2026-09-17 14:20:44,0,-10.86,-1.93,17-Sep-2025,17-Aug-2026,17.37932009329281,-6.176203451407811,,,DR. REDDY'S LABORATORIES LIMITED,2.54,2026-09-17 14:21:43
0,HINDALCOEQN,6.1,HINDALCO,EQ,N,978.8,2109138,972.0,987.2,970.5,972.7,2068283996.94,1176.0,731.95,1414106477183.3,2026-09-17 14:20:45,0,30.48,-6.78,17-Sep-2025,17-Aug-2026,16.768707482993197,-33.72498121456383,,,HINDALCO INDUSTRIES LIMITED,0.63,2026-09-17 14:21:43
0,INDIGOEQN,112.5,INDIGO,EQ,N,4846.0,417531,4746.5,4854.0,4746.5,4733.5,2007860650.59,5970.0,3895.2,1093647634754.83,2026-09-17 14:20:45,0,-15.67,-8.14,17-Sep-2025,17-Aug-2026,18.827470686767168,-24.40952967755186,,,INTERGLOBE AVIATION LIMITED,2.38,2026-09-17 14:21:43
0,HINDUNILVREQN,-10.0,HINDUNILVR,EQ,N,1952.0,892635,1962.0,1968.9,1949.0,1962.0,1748305984.65,2667.2,1926.2,1726940931074.16,2026-09-17 14:20:45,0,-24.04,-5.01,17-Sep-2025,17-Aug-2026,26.814637072585484,-1.339424774166753,,,HINDUSTAN UNILEVER LIMITED,-0.51,2026-09-17 14:21:43
0,SUNPHARMAEQN,6.4,SUNPHARMA,EQ,N,1859.9,932007,1853.5,1864.2,1847.4,1853.5,1731221642.64,2046.9,1548.0,1962420125639.43,2026-09-17 14:20:47,0,14.8,-1.17,17-Sep-2025,17-Aug-2026,9.135766280717181,-20.14857881136951,,,SUN PHARMACEUTICAL INDUSTRIES LIMITED,0.35,2026-09-17 14:21:43
0,ONGCEQN,-4.68,ONGC,EQ,N,232.12,7370854,235.1,235.65,231.25,236.8,1716745605.14,307.5,227.65,899108610054.67,2026-09-17 14:20:42,0,-2.03,-2.69,17-Sep-2025,17-Aug-2026,24.513821138211384,-1.9635405227322644,,,OIL & NATURAL GAS CORPORATION LIMITED,-1.98,2026-09-17 14:21:43
0,TITANEQN,-55.0,TITAN,EQ,N,4853.5,351136,4895.0,4915.5,4845.5,4908.5,1710200865.28,5186.7,3303.1,1998032666240.1,2026-09-17 14:20:43,0,37.74,-4.26,17-Sep-2025,17-Aug-2026,6.42412323828253,-46.93772516726711,,,TITAN COMPANY LIMITED,-1.12,2026-09-17 14:21:43
0,TATACONSUMEQN,10.5,TATACONSUM,EQ,N,1010.6,1383239,1003.1,1020.3,999.0,1000.1,1399243075.23,1282.7,986.0,656444477887.19,2026-09-17 14:20:43,0,-11.04,-5.76,17-Sep-2025,17-Aug-2026,21.213066188508616,-2.4949290060851927,,,TATA CONSUMER PRODUCTS LIMITED,1.05,2026-09-17 14:21:43
0,ADANIENTEQN,5.1,ADANIENT,EQ,N,2925.1,468383,2930.1,2945.0,2907.0,2920.0,1372282564.89,3245.0,1753.0,875626942229.29,2026-09-17 14:20:42,0,25.4,-2.76,17-Sep-2025,17-Aug-2026,9.85824345146379,-66.8625213918996,,,ADANI ENTERPRISES LIMITED,0.17,2026-09-17 14:21:43
0,ULTRACEMCOEQN,111.0,ULTRACEMCO,EQ,N,10811.0,127297,10740.0,10834.0,10703.0,10700.0,1371516972.55,13110.0,10325.0,1275052100903.41,2026-09-17 14:20:44,0,-15.01,-7.45,17-Sep-2025,17-Aug-2026,17.536231884057973,-4.707021791767555,,,ULTRATECH CEMENT LIMITED,1.04,2026-09-17 14:21:43
0,JSWSTEELEQN,3.4,JSWSTEEL,EQ,N,1252.3,1066389,1248.9,1256.6,1242.1,1248.9,1332730316.64,1351.0,1073.2,1171862571755.14,2026-09-17 14:20:45,0,12.66,-2.05,17-Sep-2025,17-Aug-2026,7.305699481865285,-16.688408497950057,,,JSW STEEL LIMITED,0.27,2026-09-17 14:21:43
0,TMPVEQN,4.45,TMPV,EQ,N,305.45,4009278,301.0,307.65,299.75,301.0,1219862924.28,739.7,294.3,636638100076.06,2026-09-17 14:20:43,0,-57.53,-7.51,17-Sep-2025,17-Aug-2026,58.70623225632013,-3.7886510363574586,,,TATA MOTORS PASSENGER VEHICLES LIMITED,1.48,2026-09-17 14:21:43
0,GRASIMEQN,-22.2,GRASIM,EQ,N,3164.8,369323,3190.0,3205.0,3159.0,3187.0,1177143197.9,3411.1,2502.5,1190189236429.23,2026-09-17 14:20:47,0,10.4,-2.68,17-Sep-2025,17-Aug-2026,7.220544692327988,-26.465534465534464,,,GRASIM INDUSTRIES LIMITED,-0.7,2026-09-17 14:21:43
0,BAJAJ-AUTOEQN,-109.0,BAJAJ-AUTO,EQ,N,11484.0,91052,11568.0,11576.0,11435.0,11593.0,1048593073.84,12470.0,8491.5,1246704129717.56,2026-09-17 14:20:47,0,26.43,-1.53,17-Sep-2025,17-Aug-2026,7.906976744186046,-35.24112347641759,,,BAJAJ AUTO LIMITED,-0.94,2026-09-17 14:21:43
0,ADANIPORTSEQN,11.0,ADANIPORTS,EQ,N,1734.8,602407,1731.0,1738.8,1725.1,1723.8,1044447232.53,1891.1,1292.0,1275586666843.21,2026-09-17 14:20:42,0,23.38,2.59,17-Sep-2025,17-Aug-2026,8.265030934376817,-34.27244582043344,,,ADANI PORTS AND SPECIAL ECONOMIC ZONE LIMITED,0.64,2026-09-17 14:21:43
0,NTPCEQN,3.15,NTPC,EQ,N,330.15,3099352,327.8,331.3,327.2,327.0,1022507218.32,414.4,315.55,1561047075695.71,2026-09-17 14:20:46,0,-1.86,-2.03,17-Sep-2025,17-Aug-2026,20.330598455598455,-4.626842021866582,,,NTPC LIMITED,0.96,2026-09-17 14:21:43
0,POWERGRIDEQN,0.9,POWERGRID,EQ,N,263.7,3832231,263.5,265.7,263.25,262.8,1015043024.97,324.95,250.0,1190840083065.53,2026-09-17 14:20:42,0,-8.13,-0.88,17-Sep-2025,17-Aug-2026,18.849053700569318,-5.48,,,POWER GRID CORPORATION OF INDIA LIMITED,0.34,2026-09-17 14:21:43
0,TRENTEQN,13.9,TRENT,EQ,N,2783.6,360057,2760.0,2811.0,2760.0,2769.7,1004180970.15,3498.67,2183.67,923534745056.91,2026-09-17 14:20:46,0,-19.68,-5.53,17-Sep-2025,17-Aug-2026,20.438337997010294,-27.473473555986022,,,TRENT LIMITED,0.5,2026-09-17 14:21:43
0,EICHERMOTEQN,28.0,EICHERMOT,EQ,N,7528.0,131177,7495.0,7550.5,7489.0,7500.0,987482091.22,8230.0,6442.0,1034663656989.83,2026-09-17 14:20:46,0,9.28,-6.46,17-Sep-2025,17-Aug-2026,8.529769137302551,-16.858118596709097,,,EICHER MOTORS LIMITED,0.37,2026-09-17 14:21:43
0,HCLTECHEQN,-8.2,HCLTECH,EQ,N,1244.8,788333,1242.2,1251.3,1235.3,1253.0,979440685.86,1780.1,1030.0,1309859861892.31,2026-09-17 14:20:45,0,-15.97,-6.05,17-Sep-2025,17-Aug-2026,30.071344306499636,-20.854368932038835,,,HCL TECHNOLOGIES LIMITED,-0.65,2026-09-17 14:21:43
0,NESTLEINDEQN,-7.7,NESTLEIND,EQ,N,1376.8,698746,1384.5,1391.7,1370.1,1384.5,963207386.08,1553.0,1145.0,984562506929.98,2026-09-17 14:20:47,0,14.32,-6.34,17-Sep-2025,17-Aug-2026,11.345782356728911,-20.24454148471616,,,NESTLE INDIA LIMITED,-0.56,2026-09-17 14:21:43
0,APOLLOHOSPEQN,50.5,APOLLOHOSP,EQ,N,8747.0,106313,8707.0,8797.5,8686.5,8696.5,930599151.07,9050.0,6696.5,897688332746.94,2026-09-17 14:20:42,0,10.89,-0.89,17-Sep-2025,17-Aug-2026,3.3480662983425415,-30.620473381617263,,,APOLLO HOSPITALS ENTERPRISE LIMITED,0.58,2026-09-17 14:21:43
0,WIPROEQN,-0.56,WIPRO,EQ,N,166.33,5501226,165.75,167.35,165.02,166.89,915514030.92,273.1,165.02,449233705303.83,2026-09-17 14:20:42,0,-34.57,-8.59,17-Sep-2025,17-Aug-2026,39.09556938850238,-0.7938431705247849,,,WIPRO LIMITED,-0.34,2026-09-17 14:21:43
0,ASIANPAINTEQN,31.7,ASIANPAINT,EQ,N,2448.3,366973,2424.0,2449.0,2421.0,2416.6,893700356.09,2985.7,2115.0,1103774701291.95,2026-09-17 14:20:46,0,-1.84,-8.92,17-Sep-2025,17-Aug-2026,17.99912918243628,-15.75886524822695,,,ASIAN PAINTS LIMITED,1.31,2026-09-17 14:21:43
0,COALINDIAEQN,-3.9,COALINDIA,EQ,N,418.35,2106329,421.1,422.8,417.55,422.25,883942028.14,491.25,369.6,998914907726.95,2026-09-17 14:20:42,0,4.65,2.42,17-Sep-2025,17-Aug-2026,14.83969465648855,-13.189935064935066,,,COAL INDIA LIMITED,-0.92,2026-09-17 14:21:43
0,MAXHEALTHEQN,13.1,MAXHEALTH,EQ,N,1038.1,769907,1022.1,1042.9,1021.1,1025.0,797254096.64,1221.9,903.0,770928871943.44,2026-09-17 14:20:44,0,-9.99,3.47,17-Sep-2025,17-Aug-2026,15.042147475243473,-14.96124031007752,,,MAX HEALTHCARE INSTITUTE LIMITED,1.28,2026-09-17 14:21:43
0,BAJAJFINSVEQN,13.2,BAJAJFINSV,EQ,N,1850.2,366858,1837.0,1863.0,1832.1,1837.0,677355605.46,2195.0,1597.0,1069133457245.55,2026-09-17 14:20:43,0,-10.03,-7.7,17-Sep-2025,17-Aug-2026,15.708428246013668,-15.854727614276769,,,BAJAJ FINSERV LIMITED,0.72,2026-09-17 14:21:43
0,CIPLAEQN,18.0,CIPLA,EQ,N,1376.0,393699,1362.5,1382.0,1351.6,1358.0,538324327.65,1673.0,1165.7,772380425572.8,2026-09-17 14:20:43,0,-11.74,-3.84,17-Sep-2025,17-Aug-2026,17.752540346682608,-18.04066226301793,,,CIPLA LIMITED,1.33,2026-09-17 14:21:43
1,NIFTY 50,69.2,NIFTY 50,,,23286.8,182173169,23195.25,23363.55,23193.65,23217.6,133477123082.09,26373.2,22182.55,,2026-09-17 14:21:54,0,-8.07,-4.12,16-Sep-2025,17-Aug-2026,11.702789195091988,-4.9780119959157085,,,,0.3,2026-09-17 14:22:13
0,HDFCBANKEQN,-5.6,HDFCBANK,EQ,N,715.9,17049617,717.5,719.4,713.1,721.5,12206161802.64,1020.5,681.9,10939273771342.91,2026-09-17 14:21:46,0,-25.93,-1.8,17-Sep-2025,17-Aug-2026,29.84811366976972,-4.986068338466051,,,HDFC BANK LIMITED,-0.78,2026-09-17 14:22:13
0,ICICIBANKEQN,-5.9,ICICIBANK,EQ,N,1352.9,5457425,1352.0,1363.0,1349.1,1358.8,7396502676.75,1480.0,1187.6,9667173975066.69,2026-09-17 14:21:46,0,-4.66,-4.4,17-Sep-2025,17-Aug-2026,8.587837837837839,-13.918827888177837,,,ICICI BANK LIMITED,-0.43,2026-09-17 14:22:13
0,ETERNALEQN,7.4,ETERNAL,EQ,N,324.4,22596308,318.3,327.8,318.25,317.0,7343574136.92,368.45,212.6,2338698250426.68,2026-09-17 14:21:43,0,-1.19,2.0,17-Sep-2025,17-Aug-2026,11.955489211561948,-52.587017873941676,,,ETERNAL LIMITED,2.33,2026-09-17 14:22:13
0,RELIANCEEQN,4.5,RELIANCE,EQ,N,1244.5,5815245,1244.8,1253.4,1238.5,1240.0,7236665335.35,1611.8,1235.3,8382527276125.15,2026-09-17 14:21:46,0,-11.98,-5.44,17-Sep-2025,17-Aug-2026,22.788187119990074,-0.744758358293532,,,RELIANCE INDUSTRIES LIMITED,0.36,2026-09-17 14:22:13
0,SBINEQN,-2.6,SBIN,EQ,N,988.8,6620353,991.2,1000.9,985.2,991.4,6560571212.41,1234.7,821.65,4074962493053.59,2026-09-17 14:21:46,0,15.39,-6.79,17-Sep-2025,17-Aug-2026,19.91576901271564,-20.34321182985456,,,STATE BANK OF INDIA,-0.26,2026-09-17 14:22:13
0,BHARTIARTLEQN,0.6,BHARTIARTL,EQ,N,1835.6,2867686,1841.8,1845.9,1827.6,1835.0,5268082566.3,2174.5,1740.5,5700370640255.0,2026-09-17 14:21:47,0,-5.43,-6.78,17-Sep-2025,17-Aug-2026,15.585191998160496,-5.46394714162597,,,BHARTI AIRTEL LIMITED,0.03,2026-09-17 14:22:13
0,M&MEQN,25.2,M&M,EQ,N,3095.2,1452714,3047.0,3127.8,3047.0,3070.0,4512231373.98,3839.9,2896.0,2755779159828.06,2026-09-17 14:21:46,0,-14.77,-8.67,17-Sep-2025,17-Aug-2026,19.393734211828434,-6.878453038674033,,,MAHINDRA & MAHINDRA LIMITED,0.82,2026-09-17 14:22:13
0,AXISBANKEQN,-0.2,AXISBANK,EQ,N,1240.8,3367569,1238.0,1257.6,1233.0,1241.0,4208787736.2,1418.3,1104.0,3558104996101.31,2026-09-17 14:21:46,0,10.23,1.13,17-Sep-2025,17-Aug-2026,12.514982725798491,-12.391304347826088,,,AXIS BANK LIMITED,-0.02,2026-09-17 14:22:13
0,LTEQN,49.4,LT,EQ,N,3857.1,1061704,3811.0,3875.0,3811.0,3807.7,4090649958.64,4440.0,3288.1,4502201504710.3,2026-09-17 14:21:47,0,4.66,-5.62,17-Sep-2025,17-Aug-2026,13.128378378378379,-17.30482649554454,,,LARSEN & TOUBRO LIMITED,1.3,2026-09-17 14:22:13
0,HDFCLIFEEQN,30.2,HDFCLIFE,EQ,N,560.4,7338116,532.9,560.95,529.95,530.2,4059372390.04,796.9,508.7,605189236991.54,2026-09-17 14:21:47,0,-27.01,3.24,17-Sep-2025,17-Aug-2026,29.677500313715647,-10.163160998623944,,,HDFC LIFE INSURANCE COMPANY LIMITED,5.7,2026-09-17 14:22:13
0,INFYEQN,-4.9,INFY,EQ,N,1055.1,3816644,1054.9,1059.4,1048.6,1060.0,4023277106.16,1728.0,982.4,3690602689071.4,2026-09-17 14:21:43,0,-30.69,-7.44,17-Sep-2025,17-Aug-2026,38.94097222222222,-7.4002442996742674,,,INFOSYS LIMITED,-0.46,2026-09-17 14:22:13
0,TCSEQN,4.6,TCS,EQ,N,2193.4,1738119,2171.0,2198.3,2162.5,2188.8,3792697326.33,3350.0,1976.8,2232946467436.91,2026-09-17 14:21:42,0,-30.87,-5.18,17-Sep-2025,17-Aug-2026,34.525373134328355,-10.957102387697288,,,TATA CONSULTANCY SERVICES LIMITED,0.21,2026-09-17 14:22:13
0,KOTAKBANKEQN,0.4,KOTAKBANK,EQ,N,415.4,8618641,415.0,417.6,412.5,415.0,3574581354.75,453.2,345.5,3050187807895.3,2026-09-17 14:21:47,0,1.3,5.78,17-Sep-2025,17-Aug-2026,8.340688437775816,-20.231548480463097,,,KOTAK MAHINDRA BANK LIMITED,0.1,2026-09-17 14:22:13
0,SHRIRAMFINEQN,14.3,SHRIRAMFIN,EQ,N,993.3,3490579,979.0,1005.5,978.3,979.0,3467855330.71,1153.7,603.15,1386180817634.04,2026-09-17 14:21:47,0,59.39,-11.46,17-Sep-2025,17-Aug-2026,13.903094391956314,-64.68540164138274,,,SHRIRAM FINANCE LIMITED,1.46,2026-09-17 14:22:13
0,TATASTEELEQN,2.22,TATASTEEL,EQ,N,185.22,17394136,183.0,185.39,182.87,183.0,3208000502.48,224.4,160.06,1527008409598.7,2026-09-17 14:21:46,0,8.1,-0.41,17-Sep-2025,17-Aug-2026,17.459893048128343,-15.719105335499188,,,TATA STEEL LIMITED,1.21,2026-09-17 14:22:13
0,BAJFINANCEEQN,6.4,BAJFINANCE,EQ,N,1012.6,2989420,1010.0,1027.9,1010.0,1006.2,3042840935.4,1176.4,787.9,2706136564646.25,2026-09-17 14:21:46,0,0.55,-7.0,17-Sep-2025,17-Aug-2026,13.923835430125807,-28.518847569488514,,,BAJAJ FINANCE LIMITED,0.64,2026-09-17 14:22:13
0,ITCEQN,2.05,ITC,EQ,N,266.2,11045032,264.8,268.5,264.1,264.15,2940077068.08,426.4,255.5,2560889617118.25,2026-09-17 14:21:43,0,-34.96,-2.51,17-Sep-2025,17-Aug-2026,37.570356472795496,-4.187866927592955,,,ITC LIMITED,0.78,2026-09-17 14:22:13
0,TECHMEQN,-1.7,TECHM,EQ,N,1556.3,1625565,1545.1,1569.7,1538.0,1558.0,2527444717.65,1854.0,1304.1,985255551580.53,2026-09-17 14:21:42,0,0.56,-3.36,17-Sep-2025,17-Aug-2026,16.0571736785329,-19.339007744804846,,,TECH MAHINDRA LIMITED,-0.11,2026-09-17 14:22:13
0,BELEQN,8.75,BEL,EQ,N,394.5,6112750,387.0,395.9,387.0,385.75,2404939232.5,473.45,380.45,1409742965164.72,2026-09-17 14:21:46,0,-4.27,-4.33,17-Sep-2025,17-Aug-2026,16.67546731439434,-3.6929951373373635,,,BHARAT ELECTRONICS LIMITED,2.27,2026-09-17 14:22:13
0,MARUTIEQN,199.0,MARUTI,EQ,N,12365.0,193350,12165.0,12409.0,12127.0,12166.0,2379316762.5,17370.0,12127.0,1608697305741.86,2026-09-17 14:21:42,0,-21.76,-10.15,17-Sep-2025,17-Aug-2026,28.814047207829592,-1.9625628762266019,,,MARUTI SUZUKI INDIA LIMITED,1.64,2026-09-17 14:22:13
0,SBILIFEEQN,70.7,SBILIFE,EQ,N,1768.6,1288752,1693.0,1771.1,1689.0,1697.9,2248034551.2,2132.0,1652.9,792587619241.85,2026-09-17 14:21:47,0,-1.97,-1.22,17-Sep-2025,17-Aug-2026,17.045028142589118,-6.999818500816747,,,SBI LIFE INSURANCE COMPANY LIMITED,4.16,2026-09-17 14:22:13
0,JIOFINEQN,3.72,JIOFIN,EQ,N,228.56,9512379,225.0,230.36,225.0,224.84,2173863972.87,321.6,223.3,747796425219.77,2026-09-17 14:21:43,0,-27.62,-8.46,17-Sep-2025,17-Aug-2026,28.930348258706466,-2.355575459023735,,,JIO FINANCIAL SERVICES LIMITED,1.65,2026-09-17 14:22:13
0,DRREDDYEQN,29.2,DRREDDY,EQ,N,1169.2,1836405,1140.0,1189.8,1140.0,1140.0,2148079656.6,1414.9,1101.0,710616423558.52,2026-09-17 14:21:43,0,-10.79,-1.85,17-Sep-2025,17-Aug-2026,17.365184818715104,-6.194368755676658,,,DR. REDDY'S LABORATORIES LIMITED,2.56,2026-09-17 14:22:13
0,HINDALCOEQN,5.8,HINDALCO,EQ,N,978.5,2111149,972.0,987.2,970.5,972.7,2070256043.87,1176.0,731.95,1413240167313.68,2026-09-17 14:21:44,0,30.48,-6.78,17-Sep-2025,17-Aug-2026,16.79421768707483,-33.683994808388555,,,HINDALCO INDUSTRIES LIMITED,0.6,2026-09-17 14:22:13
0,INDIGOEQN,113.5,INDIGO,EQ,N,4847.0,418394,4746.5,4854.0,4746.5,4733.5,2012044194.18,5970.0,3895.2,1093647634754.83,2026-09-17 14:21:44,0,-15.64,-8.11,17-Sep-2025,17-Aug-2026,18.8107202680067,-24.435202300266994,,,INTERGLOBE AVIATION LIMITED,2.4,2026-09-17 14:22:13
0,HINDUNILVREQN,-9.9,HINDUNILVR,EQ,N,1952.1,893136,1962.0,1968.9,1949.0,1962.0,1749278306.88,2667.2,1926.2,1726940931074.16,2026-09-17 14:21:43,0,-24.03,-5.0,17-Sep-2025,17-Aug-2026,26.810887822435514,-1.3446163430588725,,,HINDUSTAN UNILEVER LIMITED,-0.5,2026-09-17 14:22:13
0,SUNPHARMAEQN,7.6,SUNPHARMA,EQ,N,1861.1,932970,1853.5,1864.2,1847.4,1853.5,1733010434.4,2046.9,1548.0,1962420125639.43,2026-09-17 14:21:47,0,14.89,-1.09,17-Sep-2025,17-Aug-2026,9.077141042552151,-20.22609819121447,,,SUN PHARMACEUTICAL INDUSTRIES LIMITED,0.41,2026-09-17 14:22:13
0,ONGCEQN,-4.76,ONGC,EQ,N,232.04,7383691,235.1,235.65,231.25,236.8,1719735470.81,307.5,227.65,898992401109.33,2026-09-17 14:21:46,0,-2.03,-2.69,17-Sep-2025,17-Aug-2026,24.539837398373983,-1.9283988578958928,,,OIL & NATURAL GAS CORPORATION LIMITED,-2.01,2026-09-17 14:22:13
0,TITANEQN,-54.0,TITAN,EQ,N,4854.5,351591,4895.0,4915.5,4845.5,4908.5,1712409901.86,5186.7,3303.1,1997620955408.4,2026-09-17 14:21:42,0,37.77,-4.24,17-Sep-2025,17-Aug-2026,6.404843156534984,-46.96799975780328,,,TITAN COMPANY LIMITED,-1.1,2026-09-17 14:22:13
0,TATACONSUMEQN,10.6,TATACONSUM,EQ,N,1010.7,1384161,1003.1,1020.3,999.0,1000.1,1400161901.16,1282.7,986.0,656379534824.48,2026-09-17 14:21:47,0,-11.05,-5.77,17-Sep-2025,17-Aug-2026,21.205270133312546,-2.5050709939148073,,,TATA CONSUMER PRODUCTS LIMITED,1.06,2026-09-17 14:22:13
0,ADANIENTEQN,6.6,ADANIENT,EQ,N,2926.6,472271,2930.1,2945.0,2907.0,2920.0,1383664298.51,3245.0,1753.0,875656880240.17,2026-09-17 14:21:46,0,25.53,-2.65,17-Sep-2025,17-Aug-2026,9.812018489984592,-66.94808899030234,,,ADANI ENTERPRISES LIMITED,0.23,2026-09-17 14:22:13
0,ULTRACEMCOEQN,108.0,ULTRACEMCO,EQ,N,10808.0,127382,10740.0,10834.0,10703.0,10700.0,1372435322.94,13110.0,10325.0,1275052100903.41,2026-09-17 14:21:42,0,-15.06,-7.5,17-Sep-2025,17-Aug-2026,17.55911517925248,-4.677966101694915,,,ULTRATECH CEMENT LIMITED,1.01,2026-09-17 14:22:13
0,JSWSTEELEQN,2.6,JSWSTEEL,EQ,N,1251.5,1077248,1248.9,1256.6,1242.1,1248.9,1346312232.96,1351.0,1073.2,1170646655605.98,2026-09-17 14:21:44,0,12.65,-2.06,17-Sep-2025,17-Aug-2026,7.364914877868245,-16.613865076407006,,,JSW STEEL LIMITED,0.21,2026-09-17 14:22:13
0,TMPVEQN,4.45,TMPV,EQ,N,305.45,4033329,301.0,307.65,299.75,301.0,1227180681.54,739.7,294.3,636638100076.06,2026-09-17 14:21:47,0,-57.51,-7.47,17-Sep-2025,17-Aug-2026,58.70623225632013,-3.7886510363574586,,,TATA MOTORS PASSENGER VEHICLES LIMITED,1.48,2026-09-17 14:22:13
0,GRASIMEQN,-22.4,GRASIM,EQ,N,3164.6,369553,3190.0,3205.0,3159.0,3187.0,1177872581.37,3411.1,2502.5,1190113984201.33,2026-09-17 14:21:47,0,10.44,-2.65,17-Sep-2025,17-Aug-2026,7.2264079036088065,-26.45754245754246,,,GRASIM INDUSTRIES LIMITED,-0.7,2026-09-17 14:22:13
0,BAJAJ-AUTOEQN,-113.0,BAJAJ-AUTO,EQ,N,11480.0,91138,11568.0,11576.0,11435.0,11593.0,1049580751.82,12470.0,8491.5,1246704129717.56,2026-09-17 14:21:46,0,26.38,-1.57,17-Sep-2025,17-Aug-2026,7.939053728949479,-35.194017546958726,,,BAJAJ AUTO LIMITED,-0.97,2026-09-17 14:22:13
0,ADANIPORTSEQN,12.0,ADANIPORTS,EQ,N,1735.8,604813,1731.0,1738.8,1725.1,1723.8,1048618731.27,1891.1,1292.0,1275954504281.02,2026-09-17 14:21:46,0,23.45,2.65,17-Sep-2025,17-Aug-2026,8.212151657765322,-34.34984520123839,,,ADANI PORTS AND SPECIAL ECONOMIC ZONE LIMITED,0.7,2026-09-17 14:22:13
0,NTPCEQN,3.05,NTPC,EQ,N,330.05,3153854,327.8,331.3,327.2,327.0,1040519511.68,414.4,315.55,1560810696671.53,2026-09-17 14:21:46,0,-1.87,-2.05,17-Sep-2025,17-Aug-2026,20.35472972972973,-4.595151323086674,,,NTPC LIMITED,0.93,2026-09-17 14:22:13
0,POWERGRIDEQN,0.9,POWERGRID,EQ,N,263.7,3836273,263.5,265.7,263.25,262.8,1016113629.51,324.95,250.0,1191065877544.69,2026-09-17 14:21:46,0,-8.18,-0.94,17-Sep-2025,17-Aug-2026,18.849053700569318,-5.48,,,POWER GRID CORPORATION OF INDIA LIMITED,0.34,2026-09-17 14:22:13
0,TRENTEQN,13.4,TRENT,EQ,N,2783.1,360529,2760.0,2811.0,2760.0,2769.7,1005493749.26,3498.67,2183.67,923435201197.64,2026-09-17 14:21:47,0,-19.68,-5.53,17-Sep-2025,17-Aug-2026,20.452629141931077,-27.45057632334556,,,TRENT LIMITED,0.48,2026-09-17 14:22:13
0,EICHERMOTEQN,28.5,EICHERMOT,EQ,N,7528.5,132102,7495.0,7550.5,7489.0,7500.0,994446682.74,8230.0,6442.0,1034663656989.83,2026-09-17 14:21:43,0,9.28,-6.46,17-Sep-2025,17-Aug-2026,8.523693803159174,-16.865880161440547,,,EICHER MOTORS LIMITED,0.38,2026-09-17 14:22:13
0,HCLTECHEQN,-7.9,HCLTECH,EQ,N,1245.1,788700,1242.2,1251.3,1235.3,1253.0,979896654.0,1780.1,1030.0,1308703391992.57,2026-09-17 14:21:44,0,-15.96,-6.03,17-Sep-2025,17-Aug-2026,30.05449132071232,-20.883495145631066,,,HCL TECHNOLOGIES LIMITED,-0.63,2026-09-17 14:22:13
0,NESTLEINDEQN,-7.9,NESTLEIND,EQ,N,1376.6,700521,1384.5,1391.7,1370.1,1384.5,965654188.08,1553.0,1145.0,984419505839.65,2026-09-17 14:21:46,0,14.38,-6.29,17-Sep-2025,17-Aug-2026,11.358660656793303,-20.22707423580786,,,NESTLE INDIA LIMITED,-0.57,2026-09-17 14:22:13
0,APOLLOHOSPEQN,50.5,APOLLOHOSP,EQ,N,8747.0,106840,8707.0,8797.5,8686.5,8696.5,935208982.4,9050.0,6696.5,897637021610.46,2026-09-17 14:21:46,0,10.89,-0.89,17-Sep-2025,17-Aug-2026,3.3480662983425415,-30.620473381617263,,,APOLLO HOSPITALS ENTERPRISE LIMITED,0.58,2026-09-17 14:22:13
0,WIPROEQN,-0.53,WIPRO,EQ,N,166.36,5540313,165.75,167.35,165.02,166.89,921963486.33,273.1,165.02,449233705303.83,2026-09-17 14:21:46,0,-34.53,-8.52,17-Sep-2025,17-Aug-2026,39.084584401318196,-0.8120227851169555,,,WIPRO LIMITED,-0.32,2026-09-17 14:22:13
0,ASIANPAINTEQN,30.8,ASIANPAINT,EQ,N,2447.4,367934,2424.0,2449.0,2421.0,2416.6,896051746.24,2985.7,2115.0,1103774701291.95,2026-09-17 14:21:46,0,-1.85,-8.93,17-Sep-2025,17-Aug-2026,18.029272867334292,-15.71631205673759,,,ASIAN PAINTS LIMITED,1.27,2026-09-17 14:22:13
0,COALINDIAEQN,-4.05,COALINDIA,EQ,N,418.2,2110192,421.1,422.8,417.55,422.25,885542072.8,491.25,369.6,999153768297.91,2026-09-17 14:21:46,0,4.62,2.39,17-Sep-2025,17-Aug-2026,14.870229007633588,-13.14935064935065,,,COAL INDIA LIMITED,-0.96,2026-09-17 14:22:13
0,MAXHEALTHEQN,14.0,MAXHEALTH,EQ,N,1039.0,774470,1022.1,1042.9,1021.1,1025.0,801994663.8,1221.9,903.0,770928871943.44,2026-09-17 14:21:42,0,-9.98,3.48,17-Sep-2025,17-Aug-2026,14.968491693264587,-15.060908084163898,,,MAX HEALTHCARE INSTITUTE LIMITED,1.37,2026-09-17 14:22:13
0,BAJAJFINSVEQN,15.3,BAJAJFINSV,EQ,N,1852.3,367400,1837.0,1863.0,1832.1,1837.0,678360012.0,2195.0,1597.0,1070173582757.95,2026-09-17 14:21:47,0,-9.9,-7.57,17-Sep-2025,17-Aug-2026,15.612756264236902,-15.986224170319348,,,BAJAJ FINSERV LIMITED,0.83,2026-09-17 14:22:13
0,CIPLAEQN,18.6,CIPLA,EQ,N,1376.6,394706,1362.5,1382.0,1351.6,1358.0,539709143.22,1673.0,1165.7,772099866028.46,2026-09-17 14:21:46,0,-11.73,-3.84,17-Sep-2025,17-Aug-2026,17.71667662881052,-18.092133482027965,,,CIPLA LIMITED,1.37,2026-09-17 14:22:13
1,NIFTY 50,69.2,NIFTY 50,,,23286.8,182173169,23195.25,23363.55,23193.65,23217.6,133477123082.09,26373.2,22182.55,,2026-09-17 14:21:54,0,-8.07,-4.12,16-Sep-2025,17-Aug-2026,11.702789195091988,-4.9780119959157085,,,,0.3,2026-09-17 14:22:44
0,HDFCBANKEQN,-5.6,HDFCBANK,EQ,N,715.9,17049617,717.5,719.4,713.1,721.5,12206161802.64,1020.5,681.9,10939273771342.91,2026-09-17 14:21:46,0,-25.93,-1.8,17-Sep-2025,17-Aug-2026,29.84811366976972,-4.986068338466051,,,HDFC BANK LIMITED,-0.78,2026-09-17 14:22:44
0,ICICIBANKEQN,-5.9,ICICIBANK,EQ,N,1352.9,5457425,1352.0,1363.0,1349.1,1358.8,7396502676.75,1480.0,1187.6,9667173975066.69,2026-09-17 14:21:46,0,-4.66,-4.4,17-Sep-2025,17-Aug-2026,8.587837837837839,-13.918827888177837,,,ICICI BANK LIMITED,-0.43,2026-09-17 14:22:44
0,ETERNALEQN,7.4,ETERNAL,EQ,N,324.4,22596308,318.3,327.8,318.25,317.0,7343574136.92,368.45,212.6,2338698250426.68,2026-09-17 14:21:43,0,-1.19,2.0,17-Sep-2025,17-Aug-2026,11.955489211561948,-52.587017873941676,,,ETERNAL LIMITED,2.33,2026-09-17 14:22:44
0,RELIANCEEQN,4.5,RELIANCE,EQ,N,1244.5,5815245,1244.8,1253.4,1238.5,1240.0,7236665335.35,1611.8,1235.3,8382527276125.15,2026-09-17 14:21:46,0,-11.98,-5.44,17-Sep-2025,17-Aug-2026,22.788187119990074,-0.744758358293532,,,RELIANCE INDUSTRIES LIMITED,0.36,2026-09-17 14:22:44
0,SBINEQN,-2.6,SBIN,EQ,N,988.8,6620353,991.2,1000.9,985.2,991.4,6560571212.41,1234.7,821.65,4074962493053.59,2026-09-17 14:21:46,0,15.39,-6.79,17-Sep-2025,17-Aug-2026,19.91576901271564,-20.34321182985456,,,STATE BANK OF INDIA,-0.26,2026-09-17 14:22:44
0,BHARTIARTLEQN,0.6,BHARTIARTL,EQ,N,1835.6,2867686,1841.8,1845.9,1827.6,1835.0,5268082566.3,2174.5,1740.5,5700370640255.0,2026-09-17 14:21:47,0,-5.43,-6.78,17-Sep-2025,17-Aug-2026,15.585191998160496,-5.46394714162597,,,BHARTI AIRTEL LIMITED,0.03,2026-09-17 14:22:44
0,M&MEQN,25.2,M&M,EQ,N,3095.2,1452714,3047.0,3127.8,3047.0,3070.0,4512231373.98,3839.9,2896.0,2755779159828.06,2026-09-17 14:21:46,0,-14.77,-8.67,17-Sep-2025,17-Aug-2026,19.393734211828434,-6.878453038674033,,,MAHINDRA & MAHINDRA LIMITED,0.82,2026-09-17 14:22:44
0,AXISBANKEQN,-0.2,AXISBANK,EQ,N,1240.8,3367569,1238.0,1257.6,1233.0,1241.0,4208787736.2,1418.3,1104.0,3558104996101.31,2026-09-17 14:21:46,0,10.23,1.13,17-Sep-2025,17-Aug-2026,12.514982725798491,-12.391304347826088,,,AXIS BANK LIMITED,-0.02,2026-09-17 14:22:44
0,LTEQN,49.4,LT,EQ,N,3857.1,1061704,3811.0,3875.0,3811.0,3807.7,4090649958.64,4440.0,3288.1,4502201504710.3,2026-09-17 14:21:47,0,4.66,-5.62,17-Sep-2025,17-Aug-2026,13.128378378378379,-17.30482649554454,,,LARSEN & TOUBRO LIMITED,1.3,2026-09-17 14:22:44
0,HDFCLIFEEQN,30.2,HDFCLIFE,EQ,N,560.4,7338116,532.9,560.95,529.95,530.2,4059372390.04,796.9,508.7,605189236991.54,2026-09-17 14:21:47,0,-27.01,3.24,17-Sep-2025,17-Aug-2026,29.677500313715647,-10.163160998623944,,,HDFC LIFE INSURANCE COMPANY LIMITED,5.7,2026-09-17 14:22:44
0,INFYEQN,-4.9,INFY,EQ,N,1055.1,3816644,1054.9,1059.4,1048.6,1060.0,4023277106.16,1728.0,982.4,3690602689071.4,2026-09-17 14:21:43,0,-30.69,-7.44,17-Sep-2025,17-Aug-2026,38.94097222222222,-7.4002442996742674,,,INFOSYS LIMITED,-0.46,2026-09-17 14:22:44
0,TCSEQN,4.6,TCS,EQ,N,2193.4,1738119,2171.0,2198.3,2162.5,2188.8,3792697326.33,3350.0,1976.8,2232946467436.91,2026-09-17 14:21:42,0,-30.87,-5.18,17-Sep-2025,17-Aug-2026,34.525373134328355,-10.957102387697288,,,TATA CONSULTANCY SERVICES LIMITED,0.21,2026-09-17 14:22:44
0,KOTAKBANKEQN,0.4,KOTAKBANK,EQ,N,415.4,8618641,415.0,417.6,412.5,415.0,3574581354.75,453.2,345.5,3050187807895.3,2026-09-17 14:21:47,0,1.3,5.78,17-Sep-2025,17-Aug-2026,8.340688437775816,-20.231548480463097,,,KOTAK MAHINDRA BANK LIMITED,0.1,2026-09-17 14:22:44
0,SHRIRAMFINEQN,14.3,SHRIRAMFIN,EQ,N,993.3,3490579,979.0,1005.5,978.3,979.0,3467855330.71,1153.7,603.15,1386180817634.04,2026-09-17 14:21:47,0,59.39,-11.46,17-Sep-2025,17-Aug-2026,13.903094391956314,-64.68540164138274,,,SHRIRAM FINANCE LIMITED,1.46,2026-09-17 14:22:44
0,TATASTEELEQN,2.22,TATASTEEL,EQ,N,185.22,17394136,183.0,185.39,182.87,183.0,3208000502.48,224.4,160.06,1527008409598.7,2026-09-17 14:21:46,0,8.1,-0.41,17-Sep-2025,17-Aug-2026,17.459893048128343,-15.719105335499188,,,TATA STEEL LIMITED,1.21,2026-09-17 14:22:44
0,BAJFINANCEEQN,6.4,BAJFINANCE,EQ,N,1012.6,2989420,1010.0,1027.9,1010.0,1006.2,3042840935.4,1176.4,787.9,2706136564646.25,2026-09-17 14:21:46,0,0.55,-7.0,17-Sep-2025,17-Aug-2026,13.923835430125807,-28.518847569488514,,,BAJAJ FINANCE LIMITED,0.64,2026-09-17 14:22:44
0,ITCEQN,2.05,ITC,EQ,N,266.2,11045032,264.8,268.5,264.1,264.15,2940077068.08,426.4,255.5,2560889617118.25,2026-09-17 14:21:43,0,-34.96,-2.51,17-Sep-2025,17-Aug-2026,37.570356472795496,-4.187866927592955,,,ITC LIMITED,0.78,2026-09-17 14:22:44
0,TECHMEQN,-1.7,TECHM,EQ,N,1556.3,1625565,1545.1,1569.7,1538.0,1558.0,2527444717.65,1854.0,1304.1,985255551580.53,2026-09-17 14:21:42,0,0.56,-3.36,17-Sep-2025,17-Aug-2026,16.0571736785329,-19.339007744804846,,,TECH MAHINDRA LIMITED,-0.11,2026-09-17 14:22:44
0,BELEQN,8.75,BEL,EQ,N,394.5,6112750,387.0,395.9,387.0,385.75,2404939232.5,473.45,380.45,1409742965164.72,2026-09-17 14:21:46,0,-4.27,-4.33,17-Sep-2025,17-Aug-2026,16.67546731439434,-3.6929951373373635,,,BHARAT ELECTRONICS LIMITED,2.27,2026-09-17 14:22:44
0,MARUTIEQN,199.0,MARUTI,EQ,N,12365.0,193350,12165.0,12409.0,12127.0,12166.0,2379316762.5,17370.0,12127.0,1608697305741.86,2026-09-17 14:21:42,0,-21.76,-10.15,17-Sep-2025,17-Aug-2026,28.814047207829592,-1.9625628762266019,,,MARUTI SUZUKI INDIA LIMITED,1.64,2026-09-17 14:22:44
0,SBILIFEEQN,70.7,SBILIFE,EQ,N,1768.6,1288752,1693.0,1771.1,1689.0,1697.9,2248034551.2,2132.0,1652.9,792587619241.85,2026-09-17 14:21:47,0,-1.97,-1.22,17-Sep-2025,17-Aug-2026,17.045028142589118,-6.999818500816747,,,SBI LIFE INSURANCE COMPANY LIMITED,4.16,2026-09-17 14:22:44
0,JIOFINEQN,3.72,JIOFIN,EQ,N,228.56,9512379,225.0,230.36,225.0,224.84,2173863972.87,321.6,223.3,747796425219.77,2026-09-17 14:21:43,0,-27.62,-8.46,17-Sep-2025,17-Aug-2026,28.930348258706466,-2.355575459023735,,,JIO FINANCIAL SERVICES LIMITED,1.65,2026-09-17 14:22:44
0,DRREDDYEQN,29.2,DRREDDY,EQ,N,1169.2,1836405,1140.0,1189.8,1140.0,1140.0,2148079656.6,1414.9,1101.0,710616423558.52,2026-09-17 14:21:43,0,-10.79,-1.85,17-Sep-2025,17-Aug-2026,17.365184818715104,-6.194368755676658,,,DR. REDDY'S LABORATORIES LIMITED,2.56,2026-09-17 14:22:44
0,HINDALCOEQN,5.8,HINDALCO,EQ,N,978.5,2111149,972.0,987.2,970.5,972.7,2070256043.87,1176.0,731.95,1413240167313.68,2026-09-17 14:21:44,0,30.48,-6.78,17-Sep-2025,17-Aug-2026,16.79421768707483,-33.683994808388555,,,HINDALCO INDUSTRIES LIMITED,0.6,2026-09-17 14:22:44
0,INDIGOEQN,113.5,INDIGO,EQ,N,4847.0,418394,4746.5,4854.0,4746.5,4733.5,2012044194.18,5970.0,3895.2,1093647634754.83,2026-09-17 14:21:44,0,-15.64,-8.11,17-Sep-2025,17-Aug-2026,18.8107202680067,-24.435202300266994,,,INTERGLOBE AVIATION LIMITED,2.4,2026-09-17 14:22:44
0,HINDUNILVREQN,-9.9,HINDUNILVR,EQ,N,1952.1,893136,1962.0,1968.9,1949.0,1962.0,1749278306.88,2667.2,1926.2,1726940931074.16,2026-09-17 14:21:43,0,-24.03,-5.0,17-Sep-2025,17-Aug-2026,26.810887822435514,-1.3446163430588725,,,HINDUSTAN UNILEVER LIMITED,-0.5,2026-09-17 14:22:44
0,SUNPHARMAEQN,7.6,SUNPHARMA,EQ,N,1861.1,932970,1853.5,1864.2,1847.4,1853.5,1733010434.4,2046.9,1548.0,1962420125639.43,2026-09-17 14:21:47,0,14.89,-1.09,17-Sep-2025,17-Aug-2026,9.077141042552151,-20.22609819121447,,,SUN PHARMACEUTICAL INDUSTRIES LIMITED,0.41,2026-09-17 14:22:44
0,ONGCEQN,-4.76,ONGC,EQ,N,232.04,7383691,235.1,235.65,231.25,236.8,1719735470.81,307.5,227.65,898992401109.33,2026-09-17 14:21:46,0,-2.03,-2.69,17-Sep-2025,17-Aug-2026,24.539837398373983,-1.9283988578958928,,,OIL & NATURAL GAS CORPORATION LIMITED,-2.01,2026-09-17 14:22:44
0,TITANEQN,-54.0,TITAN,EQ,N,4854.5,351591,4895.0,4915.5,4845.5,4908.5,1712409901.86,5186.7,3303.1,1997620955408.4,2026-09-17 14:21:42,0,37.77,-4.24,17-Sep-2025,17-Aug-2026,6.404843156534984,-46.96799975780328,,,TITAN COMPANY LIMITED,-1.1,2026-09-17 14:22:44
0,TATACONSUMEQN,10.6,TATACONSUM,EQ,N,1010.7,1384161,1003.1,1020.3,999.0,1000.1,1400161901.16,1282.7,986.0,656379534824.48,2026-09-17 14:21:47,0,-11.05,-5.77,17-Sep-2025,17-Aug-2026,21.205270133312546,-2.5050709939148073,,,TATA CONSUMER PRODUCTS LIMITED,1.06,2026-09-17 14:22:44
0,ADANIENTEQN,6.6,ADANIENT,EQ,N,2926.6,472271,2930.1,2945.0,2907.0,2920.0,1383664298.51,3245.0,1753.0,875656880240.17,2026-09-17 14:21:46,0,25.53,-2.65,17-Sep-2025,17-Aug-2026,9.812018489984592,-66.94808899030234,,,ADANI ENTERPRISES LIMITED,0.23,2026-09-17 14:22:44
0,ULTRACEMCOEQN,108.0,ULTRACEMCO,EQ,N,10808.0,127382,10740.0,10834.0,10703.0,10700.0,1372435322.94,13110.0,10325.0,1275052100903.41,2026-09-17 14:21:42,0,-15.06,-7.5,17-Sep-2025,17-Aug-2026,17.55911517925248,-4.677966101694915,,,ULTRATECH CEMENT LIMITED,1.01,2026-09-17 14:22:44
0,JSWSTEELEQN,2.6,JSWSTEEL,EQ,N,1251.5,1077248,1248.9,1256.6,1242.1,1248.9,1346312232.96,1351.0,1073.2,1170646655605.98,2026-09-17 14:21:44,0,12.65,-2.06,17-Sep-2025,17-Aug-2026,7.364914877868245,-16.613865076407006,,,JSW STEEL LIMITED,0.21,2026-09-17 14:22:44
0,TMPVEQN,4.45,TMPV,EQ,N,305.45,4033329,301.0,307.65,299.75,301.0,1227180681.54,739.7,294.3,636638100076.06,2026-09-17 14:21:47,0,-57.51,-7.47,17-Sep-2025,17-Aug-2026,58.70623225632013,-3.7886510363574586,,,TATA MOTORS PASSENGER VEHICLES LIMITED,1.48,2026-09-17 14:22:44
0,GRASIMEQN,-22.4,GRASIM,EQ,N,3164.6,369553,3190.0,3205.0,3159.0,3187.0,1177872581.37,3411.1,2502.5,1190113984201.33,2026-09-17 14:21:47,0,10.44,-2.65,17-Sep-2025,17-Aug-2026,7.2264079036088065,-26.45754245754246,,,GRASIM INDUSTRIES LIMITED,-0.7,2026-09-17 14:22:44
0,BAJAJ-AUTOEQN,-113.0,BAJAJ-AUTO,EQ,N,11480.0,91138,11568.0,11576.0,11435.0,11593.0,1049580751.82,12470.0,8491.5,1246704129717.56,2026-09-17 14:21:46,0,26.38,-1.57,17-Sep-2025,17-Aug-2026,7.939053728949479,-35.194017546958726,,,BAJAJ AUTO LIMITED,-0.97,2026-09-17 14:22:44
0,ADANIPORTSEQN,12.0,ADANIPORTS,EQ,N,1735.8,604813,1731.0,1738.8,1725.1,1723.8,1048618731.27,1891.1,1292.0,1275954504281.02,2026-09-17 14:21:46,0,23.45,2.65,17-Sep-2025,17-Aug-2026,8.212151657765322,-34.34984520123839,,,ADANI PORTS AND SPECIAL ECONOMIC ZONE LIMITED,0.7,2026-09-17 14:22:44
0,NTPCEQN,3.05,NTPC,EQ,N,330.05,3153854,327.8,331.3,327.2,327.0,1040519511.68,414.4,315.55,1560810696671.53,2026-09-17 14:21:46,0,-1.87,-2.05,17-Sep-2025,17-Aug-2026,20.35472972972973,-4.595151323086674,,,NTPC LIMITED,0.93,2026-09-17 14:22:44
0,POWERGRIDEQN,0.9,POWERGRID,EQ,N,263.7,3836273,263.5,265.7,263.25,262.8,1016113629.51,324.95,250.0,1191065877544.69,2026-09-17 14:21:46,0,-8.18,-0.94,17-Sep-2025,17-Aug-2026,18.849053700569318,-5.48,,,POWER GRID CORPORATION OF INDIA LIMITED,0.34,2026-09-17 14:22:44
0,TRENTEQN,13.4,TRENT,EQ,N,2783.1,360529,2760.0,2811.0,2760.0,2769.7,1005493749.26,3498.67,2183.67,923435201197.64,2026-09-17 14:21:47,0,-19.68,-5.53,17-Sep-2025,17-Aug-2026,20.452629141931077,-27.45057632334556,,,TRENT LIMITED,0.48,2026-09-17 14:22:44
0,EICHERMOTEQN,28.5,EICHERMOT,EQ,N,7528.5,132102,7495.0,7550.5,7489.0,7500.0,994446682.74,8230.0,6442.0,1034663656989.83,2026-09-17 14:21:43,0,9.28,-6.46,17-Sep-2025,17-Aug-2026,8.523693803159174,-16.865880161440547,,,EICHER MOTORS LIMITED,0.38,2026-09-17 14:22:44
0,HCLTECHEQN,-7.9,HCLTECH,EQ,N,1245.1,788700,1242.2,1251.3,1235.3,1253.0,979896654.0,1780.1,1030.0,1308703391992.57,2026-09-17 14:21:44,0,-15.96,-6.03,17-Sep-2025,17-Aug-2026,30.05449132071232,-20.883495145631066,,,HCL TECHNOLOGIES LIMITED,-0.63,2026-09-17 14:22:44
0,NESTLEINDEQN,-7.9,NESTLEIND,EQ,N,1376.6,700521,1384.5,1391.7,1370.1,1384.5,965654188.08,1553.0,1145.0,984419505839.65,2026-09-17 14:21:46,0,14.38,-6.29,17-Sep-2025,17-Aug-2026,11.358660656793303,-20.22707423580786,,,NESTLE INDIA LIMITED,-0.57,2026-09-17 14:22:44
0,APOLLOHOSPEQN,50.5,APOLLOHOSP,EQ,N,8747.0,106840,8707.0,8797.5,8686.5,8696.5,935208982.4,9050.0,6696.5,897637021610.46,2026-09-17 14:21:46,0,10.89,-0.89,17-Sep-2025,17-Aug-2026,3.3480662983425415,-30.620473381617263,,,APOLLO HOSPITALS ENTERPRISE LIMITED,0.58,2026-09-17 14:22:44
0,WIPROEQN,-0.53,WIPRO,EQ,N,166.36,5540313,165.75,167.35,165.02,166.89,921963486.33,273.1,165.02,449233705303.83,2026-09-17 14:21:46,0,-34.53,-8.52,17-Sep-2025,17-Aug-2026,39.084584401318196,-0.8120227851169555,,,WIPRO LIMITED,-0.32,2026-09-17 14:22:44
0,ASIANPAINTEQN,30.8,ASIANPAINT,EQ,N,2447.4,367934,2424.0,2449.0,2421.0,2416.6,896051746.24,2985.7,2115.0,1103774701291.95,2026-09-17 14:21:46,0,-1.85,-8.93,17-Sep-2025,17-Aug-2026,18.029272867334292,-15.71631205673759,,,ASIAN PAINTS LIMITED,1.27,2026-09-17 14:22:44
0,COALINDIAEQN,-4.05,COALINDIA,EQ,N,418.2,2110192,421.1,422.8,417.55,422.25,885542072.8,491.25,369.6,999153768297.91,2026-09-17 14:21:46,0,4.62,2.39,17-Sep-2025,17-Aug-2026,14.870229007633588,-13.14935064935065,,,COAL INDIA LIMITED,-0.96,2026-09-17 14:22:44
0,MAXHEALTHEQN,14.0,MAXHEALTH,EQ,N,1039.0,774470,1022.1,1042.9,1021.1,1025.0,801994663.8,1221.9,903.0,770928871943.44,2026-09-17 14:21:42,0,-9.98,3.48,17-Sep-2025,17-Aug-2026,14.968491693264587,-15.060908084163898,,,MAX HEALTHCARE INSTITUTE LIMITED,1.37,2026-09-17 14:22:44
0,BAJAJFINSVEQN,15.3,BAJAJFINSV,EQ,N,1852.3,367400,1837.0,1863.0,1832.1,1837.0,678360012.0,2195.0,1597.0,1070173582757.95,2026-09-17 14:21:47,0,-9.9,-7.57,17-Sep-2025,17-Aug-2026,15.612756264236902,-15.986224170319348,,,BAJAJ FINSERV LIMITED,0.83,2026-09-17 14:22:44
0,CIPLAEQN,18.6,CIPLA,EQ,N,1376.6,394706,1362.5,1382.0,1351.6,1358.0,539709143.22,1673.0,1165.7,772099866028.46,2026-09-17 14:21:46,0,-11.73,-3.84,17-Sep-2025,17-Aug-2026,17.71667662881052,-18.092133482027965,,,CIPLA LIMITED,1.37,2026-09-17 14:22:44
1,NIFTY 50,69.0,NIFTY 50,,,23286.6,182586199,23195.25,23363.55,23193.65,23217.6,133811288506.86,26373.2,22182.55,,2026-09-17 14:22:43,0,-8.07,-4.12,16-Sep-2025,17-Aug-2026,11.703547540685241,-4.977110386317173,,,,0.3,2026-09-17 14:23:14
0,HDFCBANKEQN,-5.75,HDFCBANK,EQ,N,715.75,17073013,717.5,719.4,713.1,721.5,12222911466.96,1020.5,681.9,10939273771342.91,2026-09-17 14:22:46,0,-25.94,-1.82,17-Sep-2025,17-Aug-2026,29.86281234688878,-4.964070978149289,,,HDFC BANK LIMITED,-0.8,2026-09-17 14:23:14
0,ICICIBANKEQN,-6.1,ICICIBANK,EQ,N,1352.7,5468607,1352.0,1363.0,1349.1,1358.8,7411657753.17,1480.0,1187.6,9670748055950.69,2026-09-17 14:22:46,0,-4.69,-4.43,17-Sep-2025,17-Aug-2026,8.60135135135135,-13.901987201077803,,,ICICI BANK LIMITED,-0.45,2026-09-17 14:23:14
0,ETERNALEQN,7.3,ETERNAL,EQ,N,324.3,22604612,318.3,327.8,318.25,317.0,7346272853.88,368.45,212.6,2337977320016.56,2026-09-17 14:22:42,0,-1.2,1.98,17-Sep-2025,17-Aug-2026,11.982629936219297,-52.53998118532456,,,ETERNAL LIMITED,2.3,2026-09-17 14:23:14
0,RELIANCEEQN,5.2,RELIANCE,EQ,N,1245.2,5850702,1244.8,1253.4,1238.5,1240.0,7280789089.86,1611.8,1235.3,8387242995078.2,2026-09-17 14:22:47,0,-11.93,-5.38,17-Sep-2025,17-Aug-2026,22.744757414071223,-0.8014247551202137,,,RELIANCE INDUSTRIES LIMITED,0.42,2026-09-17 14:23:14
0,SBINEQN,-2.2,SBIN,EQ,N,989.2,6632766,991.2,1000.9,985.2,991.4,6572872123.02,1234.7,821.65,4077847859981.71,2026-09-17 14:22:47,0,15.41,-6.78,17-Sep-2025,17-Aug-2026,19.883372479144732,-20.391894358911944,,,STATE BANK OF INDIA,-0.22,2026-09-17 14:23:14
0,BHARTIARTLEQN,0.9,BHARTIARTL,EQ,N,1835.9,2870929,1841.8,1845.9,1827.6,1835.0,5274011410.16,2174.5,1740.5,5700991764814.0,2026-09-17 14:22:46,0,-5.43,-6.77,17-Sep-2025,17-Aug-2026,15.571395723154748,-5.481183567940247,,,BHARTI AIRTEL LIMITED,0.05,2026-09-17 14:23:14
0,M&MEQN,26.8,M&M,EQ,N,3096.8,1455639,3047.0,3127.8,3047.0,3070.0,4521287515.95,3839.9,2896.0,2757915836827.35,2026-09-17 14:22:47,0,-14.8,-8.7,17-Sep-2025,17-Aug-2026,19.352066460064066,-6.933701657458563,,,MAHINDRA & MAHINDRA LIMITED,0.87,2026-09-17 14:23:14
0,AXISBANKEQN,0.0,AXISBANK,EQ,N,1241.0,3375675,1238.0,1257.6,1233.0,1241.0,4218851101.5,1418.3,1104.0,3558391662633.38,2026-09-17 14:22:46,0,10.21,1.12,17-Sep-2025,17-Aug-2026,12.500881336811675,-12.409420289855072,,,AXIS BANK LIMITED,0.0,2026-09-17 14:23:14
0,LTEQN,50.1,LT,EQ,N,3857.8,1062715,3811.0,3875.0,3811.0,3807.7,4094555877.8,4440.0,3288.1,4502668416974.2,2026-09-17 14:22:46,0,4.68,-5.6,17-Sep-2025,17-Aug-2026,13.112612612612613,-17.326115385785105,,,LARSEN & TOUBRO LIMITED,1.32,2026-09-17 14:23:14
0,HDFCLIFEEQN,29.9,HDFCLIFE,EQ,N,560.1,7366334,532.9,560.95,529.95,530.2,4075203295.48,796.9,508.7,605351239999.57,2026-09-17 14:22:47,0,-27.08,3.15,17-Sep-2025,17-Aug-2026,29.715146191492032,-10.104187143699626,,,HDFC LIFE INSURANCE COMPANY LIMITED,5.64,2026-09-17 14:23:14
0,INFYEQN,-4.9,INFY,EQ,N,1055.1,3822236,1054.9,1059.4,1048.6,1060.0,4029171857.04,1728.0,982.4,3692002102357.62,2026-09-17 14:22:42,0,-30.69,-7.44,17-Sep-2025,17-Aug-2026,38.94097222222222,-7.4002442996742674,,,INFOSYS LIMITED,-0.46,2026-09-17 14:23:14
0,TCSEQN,4.2,TCS,EQ,N,2193.0,1740021,2171.0,2198.3,2162.5,2188.8,3796865023.68,3350.0,1976.8,2233251904214.32,2026-09-17 14:22:46,0,-30.89,-5.21,17-Sep-2025,17-Aug-2026,34.53731343283582,-10.93686766491299,,,TATA CONSULTANCY SERVICES LIMITED,0.19,2026-09-17 14:23:14
0,KOTAKBANKEQN,0.4,KOTAKBANK,EQ,N,415.4,8644383,415.0,417.6,412.5,415.0,3585257849.25,453.2,345.5,3050922085172.12,2026-09-17 14:22:46,0,1.3,5.78,17-Sep-2025,17-Aug-2026,8.340688437775816,-20.231548480463097,,,KOTAK MAHINDRA BANK LIMITED,0.1,2026-09-17 14:23:14
0,SHRIRAMFINEQN,14.7,SHRIRAMFIN,EQ,N,993.7,3497308,979.0,1005.5,978.3,979.0,3474540524.92,1153.7,603.15,1386180817634.04,2026-09-17 14:22:46,0,59.44,-11.43,17-Sep-2025,17-Aug-2026,13.868423333622259,-64.75172013595291,,,SHRIRAM FINANCE LIMITED,1.5,2026-09-17 14:23:14
0,TATASTEELEQN,2.25,TATASTEEL,EQ,N,185.25,17417239,183.0,185.39,182.87,183.0,3212261388.77,224.4,160.06,1526843550391.19,2026-09-17 14:22:45,0,8.11,-0.4,17-Sep-2025,17-Aug-2026,17.446524064171122,-15.737848306884919,,,TATA STEEL LIMITED,1.23,2026-09-17 14:23:14
0,BAJFINANCEEQN,5.7,BAJFINANCE,EQ,N,1011.9,3036513,1010.0,1027.9,1010.0,1006.2,3090502201.14,1176.4,787.9,2707472928381.87,2026-09-17 14:22:46,0,0.42,-7.12,17-Sep-2025,17-Aug-2026,13.98333900034002,-28.430003807589795,,,BAJAJ FINANCE LIMITED,0.57,2026-09-17 14:23:14
0,ITCEQN,2.25,ITC,EQ,N,266.4,11072885,264.8,268.5,264.1,264.15,2947491258.15,426.4,255.5,2560889617118.25,2026-09-17 14:22:47,0,-34.93,-2.45,17-Sep-2025,17-Aug-2026,37.5234521575985,-4.26614481409002,,,ITC LIMITED,0.85,2026-09-17 14:23:14
0,TECHMEQN,-1.8,TECHM,EQ,N,1556.2,1628252,1545.1,1569.7,1538.0,1558.0,2531638774.64,1854.0,1304.1,985698903911.53,2026-09-17 14:22:47,0,0.58,-3.34,17-Sep-2025,17-Aug-2026,16.06256742179072,-19.331339621194694,,,TECH MAHINDRA LIMITED,-0.12,2026-09-17 14:23:14
0,BELEQN,8.8,BEL,EQ,N,394.55,6122665,387.0,395.9,387.0,385.75,2408840090.95,473.45,380.45,1410100133384.93,2026-09-17 14:22:45,0,-4.28,-4.34,17-Sep-2025,17-Aug-2026,16.664906537121134,-3.7061374687869626,,,BHARAT ELECTRONICS LIMITED,2.28,2026-09-17 14:23:14
0,MARUTIEQN,199.0,MARUTI,EQ,N,12365.0,193901,12165.0,12409.0,12127.0,12166.0,2386130193.92,17370.0,12127.0,1608957486447.94,2026-09-17 14:22:46,0,-21.75,-10.14,17-Sep-2025,17-Aug-2026,28.814047207829592,-1.9625628762266019,,,MARUTI SUZUKI INDIA LIMITED,1.64,2026-09-17 14:23:14
0,SBILIFEEQN,69.0,SBILIFE,EQ,N,1766.9,1294119,1693.0,1771.1,1689.0,1697.9,2257525889.55,2132.0,1652.9,792497990425.93,2026-09-17 14:22:47,0,-2.06,-1.31,17-Sep-2025,17-Aug-2026,17.124765478424013,-6.896968963639663,,,SBI LIFE INSURANCE COMPANY LIMITED,4.06,2026-09-17 14:23:14
0,JIOFINEQN,3.81,JIOFIN,EQ,N,228.65,9518406,225.0,230.36,225.0,224.84,2175241323.18,321.6,223.3,748254493474.12,2026-09-17 14:22:47,0,-27.61,-8.45,17-Sep-2025,17-Aug-2026,28.9023631840796,-2.395879982086879,,,JIO FINANCIAL SERVICES LIMITED,1.69,2026-09-17 14:23:14
0,DRREDDYEQN,29.5,DRREDDY,EQ,N,1169.5,1837802,1140.0,1189.8,1140.0,1140.0,2149713755.44,1414.9,1101.0,710920365570.31,2026-09-17 14:22:42,0,-10.84,-1.91,17-Sep-2025,17-Aug-2026,17.34398190684854,-6.2216167120799275,,,DR. REDDY'S LABORATORIES LIMITED,2.59,2026-09-17 14:23:14
0,HINDALCOEQN,5.7,HINDALCO,EQ,N,978.4,2118128,972.0,987.2,970.5,972.7,2077078679.36,1176.0,731.95,1413095782335.41,2026-09-17 14:22:42,0,30.44,-6.81,17-Sep-2025,17-Aug-2026,16.802721088435373,-33.67033267299679,,,HINDALCO INDUSTRIES LIMITED,0.59,2026-09-17 14:23:14
0,INDIGOEQN,111.5,INDIGO,EQ,N,4845.0,418844,4746.5,4854.0,4746.5,4733.5,2014224984.44,5970.0,3895.2,1094099088886.82,2026-09-17 14:22:42,0,-15.69,-8.16,17-Sep-2025,17-Aug-2026,18.844221105527637,-24.38385705483672,,,INTERGLOBE AVIATION LIMITED,2.36,2026-09-17 14:23:14
0,HINDUNILVREQN,-9.6,HINDUNILVR,EQ,N,1952.4,893459,1962.0,1968.9,1949.0,1962.0,1749910928.22,2667.2,1926.2,1727471753081.66,2026-09-17 14:22:42,0,-24.03,-5.0,17-Sep-2025,17-Aug-2026,26.799640071985603,-1.36019104973523,,,HINDUSTAN UNILEVER LIMITED,-0.49,2026-09-17 14:23:14
0,SUNPHARMAEQN,8.3,SUNPHARMA,EQ,N,1861.8,934671,1853.5,1864.2,1847.4,1853.5,1736179422.63,2046.9,1548.0,1965587874026.26,2026-09-17 14:22:47,0,14.89,-1.09,17-Sep-2025,17-Aug-2026,9.042942986955884,-20.271317829457363,,,SUN PHARMACEUTICAL INDUSTRIES LIMITED,0.45,2026-09-17 14:23:14
0,ONGCEQN,-4.67,ONGC,EQ,N,232.13,7401838,235.1,235.65,231.25,236.8,1723962088.58,307.5,227.65,899186082684.89,2026-09-17 14:22:45,0,-2.01,-2.67,17-Sep-2025,17-Aug-2026,24.510569105691058,-1.967933230836811,,,OIL & NATURAL GAS CORPORATION LIMITED,-1.97,2026-09-17 14:23:14
0,TITANEQN,-53.5,TITAN,EQ,N,4855.0,352357,4895.0,4915.5,4845.5,4908.5,1716126579.94,5186.7,3303.1,1998238521655.95,2026-09-17 14:22:46,0,37.81,-4.21,17-Sep-2025,17-Aug-2026,6.395203115661211,-46.98313705307136,,,TITAN COMPANY LIMITED,-1.09,2026-09-17 14:23:14
0,TATACONSUMEQN,10.2,TATACONSUM,EQ,N,1010.3,1386277,1003.1,1020.3,999.0,1000.1,1402302362.12,1282.7,986.0,656249648699.05,2026-09-17 14:22:46,0,-11.09,-5.81,17-Sep-2025,17-Aug-2026,21.23645435409683,-2.464503042596349,,,TATA CONSUMER PRODUCTS LIMITED,1.02,2026-09-17 14:23:14
0,ADANIENTEQN,7.6,ADANIENT,EQ,N,2927.6,474893,2930.1,2945.0,2907.0,2920.0,1391341511.4,3245.0,1753.0,877063966751.55,2026-09-17 14:22:47,0,25.54,-2.65,17-Sep-2025,17-Aug-2026,9.781201848998458,-67.00513405590416,,,ADANI ENTERPRISES LIMITED,0.26,2026-09-17 14:23:14
0,ULTRACEMCOEQN,113.0,ULTRACEMCO,EQ,N,10813.0,127564,10740.0,10834.0,10703.0,10700.0,1374402600.08,13110.0,10325.0,1275878141135.37,2026-09-17 14:22:46,0,-15.0,-7.43,17-Sep-2025,17-Aug-2026,17.520976353928297,-4.72639225181598,,,ULTRATECH CEMENT LIMITED,1.06,2026-09-17 14:23:14
0,JSWSTEELEQN,2.2,JSWSTEEL,EQ,N,1251.1,1078480,1248.9,1256.6,1242.1,1248.9,1347851949.6,1351.0,1073.2,1170178995548.61,2026-09-17 14:22:43,0,12.61,-2.09,17-Sep-2025,17-Aug-2026,7.394522575869726,-16.576593365635482,,,JSW STEEL LIMITED,0.18,2026-09-17 14:23:14
0,TMPVEQN,4.6,TMPV,EQ,N,305.6,4053948,301.0,307.65,299.75,301.0,1233494757.96,739.7,294.3,637159165798.82,2026-09-17 14:22:46,0,-57.51,-7.45,17-Sep-2025,17-Aug-2026,58.68595376503988,-3.8396194359497113,,,TATA MOTORS PASSENGER VEHICLES LIMITED,1.53,2026-09-17 14:23:14
0,GRASIMEQN,-22.0,GRASIM,EQ,N,3165.0,369812,3190.0,3205.0,3159.0,3187.0,1178690693.24,3411.1,2502.5,1191017010936.1,2026-09-17 14:22:47,0,10.46,-2.63,17-Sep-2025,17-Aug-2026,7.21468148104717,-26.473526473526473,,,GRASIM INDUSTRIES LIMITED,-0.69,2026-09-17 14:23:14
0,BAJAJ-AUTOEQN,-116.0,BAJAJ-AUTO,EQ,N,11477.0,91317,11568.0,11576.0,11435.0,11593.0,1051635793.44,12470.0,8491.5,1246269775870.43,2026-09-17 14:22:46,0,26.34,-1.59,17-Sep-2025,17-Aug-2026,7.963111467522053,-35.15868809986457,,,BAJAJ AUTO LIMITED,-1.0,2026-09-17 14:23:14
0,ADANIPORTSEQN,11.5,ADANIPORTS,EQ,N,1735.3,605563,1731.0,1738.8,1725.1,1723.8,1049919073.77,1891.1,1292.0,1277058016594.46,2026-09-17 14:22:45,0,23.41,2.62,17-Sep-2025,17-Aug-2026,8.23859129607107,-34.311145510835914,,,ADANI PORTS AND SPECIAL ECONOMIC ZONE LIMITED,0.67,2026-09-17 14:23:14
0,NTPCEQN,3.1,NTPC,EQ,N,330.1,3175999,327.8,331.3,327.2,327.0,1047825590.08,414.4,315.55,1560574317647.35,2026-09-17 14:22:45,0,-1.87,-2.05,17-Sep-2025,17-Aug-2026,20.342664092664094,-4.610996672476628,,,NTPC LIMITED,0.95,2026-09-17 14:23:14
0,POWERGRIDEQN,0.95,POWERGRID,EQ,N,263.75,3847239,263.5,265.7,263.25,262.8,1018979721.54,324.95,250.0,1190840083065.53,2026-09-17 14:22:45,0,-8.15,-0.9,17-Sep-2025,17-Aug-2026,18.833666717956607,-5.5,,,POWER GRID CORPORATION OF INDIA LIMITED,0.36,2026-09-17 14:23:14
0,TRENTEQN,14.0,TRENT,EQ,N,2783.7,360980,2760.0,2811.0,2760.0,2769.7,1006747951.4,3498.67,2183.67,923435201197.64,2026-09-17 14:22:46,0,-19.66,-5.51,17-Sep-2025,17-Aug-2026,20.435479768026134,-27.478053002514116,,,TRENT LIMITED,0.51,2026-09-17 14:23:14
0,EICHERMOTEQN,30.0,EICHERMOT,EQ,N,7530.0,133699,7495.0,7550.5,7489.0,7500.0,1006471365.11,8230.0,6442.0,1034732378008.49,2026-09-17 14:22:42,0,9.25,-6.48,17-Sep-2025,17-Aug-2026,8.50546780072904,-16.889164855634895,,,EICHER MOTORS LIMITED,0.4,2026-09-17 14:23:14
0,HCLTECHEQN,-7.7,HCLTECH,EQ,N,1245.3,789624,1242.2,1251.3,1235.3,1253.0,981044650.08,1780.1,1030.0,1308913659247.07,2026-09-17 14:22:42,0,-15.96,-6.04,17-Sep-2025,17-Aug-2026,30.04325599685411,-20.902912621359224,,,HCL TECHNOLOGIES LIMITED,-0.61,2026-09-17 14:23:14
0,NESTLEINDEQN,-7.7,NESTLEIND,EQ,N,1376.8,704121,1384.5,1391.7,1370.1,1384.5,970609674.87,1553.0,1145.0,984419505839.65,2026-09-17 14:22:47,0,14.37,-6.31,17-Sep-2025,17-Aug-2026,11.345782356728911,-20.24454148471616,,,NESTLE INDIA LIMITED,-0.56,2026-09-17 14:23:14
0,APOLLOHOSPEQN,53.0,APOLLOHOSP,EQ,N,8749.5,107046,8707.0,8797.5,8686.5,8696.5,937011104.1,9050.0,6696.5,897944888429.35,2026-09-17 14:22:45,0,10.92,-0.86,17-Sep-2025,17-Aug-2026,3.320441988950276,-30.65780631673262,,,APOLLO HOSPITALS ENTERPRISE LIMITED,0.61,2026-09-17 14:23:14
0,WIPROEQN,-0.59,WIPRO,EQ,N,166.3,5552753,165.75,167.35,165.02,166.89,924033626.73,273.1,165.02,449557808259.62,2026-09-17 14:22:46,0,-34.57,-8.58,17-Sep-2025,17-Aug-2026,39.106554375686564,-0.7756635559326143,,,WIPRO LIMITED,-0.35,2026-09-17 14:23:14
0,ASIANPAINTEQN,31.0,ASIANPAINT,EQ,N,2447.6,369050,2424.0,2449.0,2421.0,2416.6,898784370.0,2985.7,2115.0,1103774701291.95,2026-09-17 14:22:45,0,-1.84,-8.93,17-Sep-2025,17-Aug-2026,18.022574270690292,-15.725768321513002,,,ASIAN PAINTS LIMITED,1.28,2026-09-17 14:23:14
0,COALINDIAEQN,-4.0,COALINDIA,EQ,N,418.25,2113941,421.1,422.8,417.55,422.25,887115340.65,491.25,369.6,999034338012.43,2026-09-17 14:22:45,0,4.63,2.4,17-Sep-2025,17-Aug-2026,14.860050890585242,-13.162878787878787,,,COAL INDIA LIMITED,-0.95,2026-09-17 14:23:14
0,MAXHEALTHEQN,13.8,MAXHEALTH,EQ,N,1038.8,775059,1022.1,1042.9,1021.1,1025.0,802604596.86,1221.9,903.0,771151533598.96,2026-09-17 14:22:47,0,-9.97,3.5,17-Sep-2025,17-Aug-2026,14.984859644815451,-15.03875968992248,,,MAX HEALTHCARE INSTITUTE LIMITED,1.35,2026-09-17 14:23:14
0,BAJAJFINSVEQN,15.5,BAJAJFINSV,EQ,N,1852.5,368035,1837.0,1863.0,1832.1,1837.0,679536143.65,2195.0,1597.0,1070578076012.77,2026-09-17 14:22:47,0,-9.94,-7.61,17-Sep-2025,17-Aug-2026,15.60364464692483,-15.998747651847214,,,BAJAJ FINSERV LIMITED,0.84,2026-09-17 14:23:14
0,CIPLAEQN,18.8,CIPLA,EQ,N,1376.8,394780,1362.5,1382.0,1351.6,1358.0,539810328.6,1673.0,1165.7,772660985117.14,2026-09-17 14:22:45,0,-11.72,-3.82,17-Sep-2025,17-Aug-2026,17.70472205618649,-18.10929055503131,,,CIPLA LIMITED,1.38,2026-09-17 14:23:14
1,NIFTY 50,69.0,NIFTY 50,,,23286.6,182586199,23195.25,23363.55,23193.65,23217.6,133811288506.86,26373.2,22182.55,,2026-09-17 14:22:43,0,-8.07,-4.12,16-Sep-2025,17-Aug-2026,11.703547540685241,-4.977110386317173,,,,0.3,2026-09-17 14:23:44
0,HDFCBANKEQN,-5.75,HDFCBANK,EQ,N,715.75,17073013,717.5,719.4,713.1,721.5,12222911466.96,1020.5,681.9,10939273771342.91,2026-09-17 14:22:46,0,-25.94,-1.82,17-Sep-2025,17-Aug-2026,29.86281234688878,-4.964070978149289,,,HDFC BANK LIMITED,-0.8,2026-09-17 14:23:44
0,ICICIBANKEQN,-6.1,ICICIBANK,EQ,N,1352.7,5468607,1352.0,1363.0,1349.1,1358.8,7411657753.17,1480.0,1187.6,9670748055950.69,2026-09-17 14:22:46,0,-4.69,-4.43,17-Sep-2025,17-Aug-2026,8.60135135135135,-13.901987201077803,,,ICICI BANK LIMITED,-0.45,2026-09-17 14:23:44
0,ETERNALEQN,7.3,ETERNAL,EQ,N,324.3,22604612,318.3,327.8,318.25,317.0,7346272853.88,368.45,212.6,2337977320016.56,2026-09-17 14:22:42,0,-1.2,1.98,17-Sep-2025,17-Aug-2026,11.982629936219297,-52.53998118532456,,,ETERNAL LIMITED,2.3,2026-09-17 14:23:44
0,RELIANCEEQN,5.2,RELIANCE,EQ,N,1245.2,5850702,1244.8,1253.4,1238.5,1240.0,7280789089.86,1611.8,1235.3,8387242995078.2,2026-09-17 14:22:47,0,-11.93,-5.38,17-Sep-2025,17-Aug-2026,22.744757414071223,-0.8014247551202137,,,RELIANCE INDUSTRIES LIMITED,0.42,2026-09-17 14:23:44
0,SBINEQN,-2.2,SBIN,EQ,N,989.2,6632766,991.2,1000.9,985.2,991.4,6572872123.02,1234.7,821.65,4077847859981.71,2026-09-17 14:22:47,0,15.41,-6.78,17-Sep-2025,17-Aug-2026,19.883372479144732,-20.391894358911944,,,STATE BANK OF INDIA,-0.22,2026-09-17 14:23:44
0,BHARTIARTLEQN,0.9,BHARTIARTL,EQ,N,1835.9,2870929,1841.8,1845.9,1827.6,1835.0,5274011410.16,2174.5,1740.5,5700991764814.0,2026-09-17 14:22:46,0,-5.43,-6.77,17-Sep-2025,17-Aug-2026,15.571395723154748,-5.481183567940247,,,BHARTI AIRTEL LIMITED,0.05,2026-09-17 14:23:44
0,M&MEQN,26.8,M&M,EQ,N,3096.8,1455639,3047.0,3127.8,3047.0,3070.0,4521287515.95,3839.9,2896.0,2757915836827.35,2026-09-17 14:22:47,0,-14.8,-8.7,17-Sep-2025,17-Aug-2026,19.352066460064066,-6.933701657458563,,,MAHINDRA & MAHINDRA LIMITED,0.87,2026-09-17 14:23:44
0,AXISBANKEQN,0.0,AXISBANK,EQ,N,1241.0,3375675,1238.0,1257.6,1233.0,1241.0,4218851101.5,1418.3,1104.0,3558391662633.38,2026-09-17 14:22:46,0,10.21,1.12,17-Sep-2025,17-Aug-2026,12.500881336811675,-12.409420289855072,,,AXIS BANK LIMITED,0.0,2026-09-17 14:23:44
0,LTEQN,50.1,LT,EQ,N,3857.8,1062715,3811.0,3875.0,3811.0,3807.7,4094555877.8,4440.0,3288.1,4502668416974.2,2026-09-17 14:22:46,0,4.68,-5.6,17-Sep-2025,17-Aug-2026,13.112612612612613,-17.326115385785105,,,LARSEN & TOUBRO LIMITED,1.32,2026-09-17 14:23:44
0,HDFCLIFEEQN,29.9,HDFCLIFE,EQ,N,560.1,7366334,532.9,560.95,529.95,530.2,4075203295.48,796.9,508.7,605351239999.57,2026-09-17 14:22:47,0,-27.08,3.15,17-Sep-2025,17-Aug-2026,29.715146191492032,-10.104187143699626,,,HDFC LIFE INSURANCE COMPANY LIMITED,5.64,2026-09-17 14:23:44
0,INFYEQN,-4.9,INFY,EQ,N,1055.1,3822236,1054.9,1059.4,1048.6,1060.0,4029171857.04,1728.0,982.4,3692002102357.62,2026-09-17 14:22:42,0,-30.69,-7.44,17-Sep-2025,17-Aug-2026,38.94097222222222,-7.4002442996742674,,,INFOSYS LIMITED,-0.46,2026-09-17 14:23:44
0,TCSEQN,4.2,TCS,EQ,N,2193.0,1740021,2171.0,2198.3,2162.5,2188.8,3796865023.68,3350.0,1976.8,2233251904214.32,2026-09-17 14:22:46,0,-30.89,-5.21,17-Sep-2025,17-Aug-2026,34.53731343283582,-10.93686766491299,,,TATA CONSULTANCY SERVICES LIMITED,0.19,2026-09-17 14:23:44
0,KOTAKBANKEQN,0.4,KOTAKBANK,EQ,N,415.4,8644383,415.0,417.6,412.5,415.0,3585257849.25,453.2,345.5,3050922085172.12,2026-09-17 14:22:46,0,1.3,5.78,17-Sep-2025,17-Aug-2026,8.340688437775816,-20.231548480463097,,,KOTAK MAHINDRA BANK LIMITED,0.1,2026-09-17 14:23:44
0,SHRIRAMFINEQN,14.7,SHRIRAMFIN,EQ,N,993.7,3497308,979.0,1005.5,978.3,979.0,3474540524.92,1153.7,603.15,1386180817634.04,2026-09-17 14:22:46,0,59.44,-11.43,17-Sep-2025,17-Aug-2026,13.868423333622259,-64.75172013595291,,,SHRIRAM FINANCE LIMITED,1.5,2026-09-17 14:23:44
0,TATASTEELEQN,2.25,TATASTEEL,EQ,N,185.25,17417239,183.0,185.39,182.87,183.0,3212261388.77,224.4,160.06,1526843550391.19,2026-09-17 14:22:45,0,8.11,-0.4,17-Sep-2025,17-Aug-2026,17.446524064171122,-15.737848306884919,,,TATA STEEL LIMITED,1.23,2026-09-17 14:23:44
0,BAJFINANCEEQN,5.7,BAJFINANCE,EQ,N,1011.9,3036513,1010.0,1027.9,1010.0,1006.2,3090502201.14,1176.4,787.9,2707472928381.87,2026-09-17 14:22:46,0,0.42,-7.12,17-Sep-2025,17-Aug-2026,13.98333900034002,-28.430003807589795,,,BAJAJ FINANCE LIMITED,0.57,2026-09-17 14:23:44
0,ITCEQN,2.25,ITC,EQ,N,266.4,11072885,264.8,268.5,264.1,264.15,2947491258.15,426.4,255.5,2560889617118.25,2026-09-17 14:22:47,0,-34.93,-2.45,17-Sep-2025,17-Aug-2026,37.5234521575985,-4.26614481409002,,,ITC LIMITED,0.85,2026-09-17 14:23:44
0,TECHMEQN,-1.8,TECHM,EQ,N,1556.2,1628252,1545.1,1569.7,1538.0,1558.0,2531638774.64,1854.0,1304.1,985698903911.53,2026-09-17 14:22:47,0,0.58,-3.34,17-Sep-2025,17-Aug-2026,16.06256742179072,-19.331339621194694,,,TECH MAHINDRA LIMITED,-0.12,2026-09-17 14:23:44
0,BELEQN,8.8,BEL,EQ,N,394.55,6122665,387.0,395.9,387.0,385.75,2408840090.95,473.45,380.45,1410100133384.93,2026-09-17 14:22:45,0,-4.28,-4.34,17-Sep-2025,17-Aug-2026,16.664906537121134,-3.7061374687869626,,,BHARAT ELECTRONICS LIMITED,2.28,2026-09-17 14:23:44
0,MARUTIEQN,199.0,MARUTI,EQ,N,12365.0,193901,12165.0,12409.0,12127.0,12166.0,2386130193.92,17370.0,12127.0,1608957486447.94,2026-09-17 14:22:46,0,-21.75,-10.14,17-Sep-2025,17-Aug-2026,28.814047207829592,-1.9625628762266019,,,MARUTI SUZUKI INDIA LIMITED,1.64,2026-09-17 14:23:44
0,SBILIFEEQN,69.0,SBILIFE,EQ,N,1766.9,1294119,1693.0,1771.1,1689.0,1697.9,2257525889.55,2132.0,1652.9,792497990425.93,2026-09-17 14:22:47,0,-2.06,-1.31,17-Sep-2025,17-Aug-2026,17.124765478424013,-6.896968963639663,,,SBI LIFE INSURANCE COMPANY LIMITED,4.06,2026-09-17 14:23:44
0,JIOFINEQN,3.81,JIOFIN,EQ,N,228.65,9518406,225.0,230.36,225.0,224.84,2175241323.18,321.6,223.3,748254493474.12,2026-09-17 14:22:47,0,-27.61,-8.45,17-Sep-2025,17-Aug-2026,28.9023631840796,-2.395879982086879,,,JIO FINANCIAL SERVICES LIMITED,1.69,2026-09-17 14:23:44
0,DRREDDYEQN,29.5,DRREDDY,EQ,N,1169.5,1837802,1140.0,1189.8,1140.0,1140.0,2149713755.44,1414.9,1101.0,710920365570.31,2026-09-17 14:22:42,0,-10.84,-1.91,17-Sep-2025,17-Aug-2026,17.34398190684854,-6.2216167120799275,,,DR. REDDY'S LABORATORIES LIMITED,2.59,2026-09-17 14:23:44
0,HINDALCOEQN,5.7,HINDALCO,EQ,N,978.4,2118128,972.0,987.2,970.5,972.7,2077078679.36,1176.0,731.95,1413095782335.41,2026-09-17 14:22:42,0,30.44,-6.81,17-Sep-2025,17-Aug-2026,16.802721088435373,-33.67033267299679,,,HINDALCO INDUSTRIES LIMITED,0.59,2026-09-17 14:23:44
0,INDIGOEQN,111.5,INDIGO,EQ,N,4845.0,418844,4746.5,4854.0,4746.5,4733.5,2014224984.44,5970.0,3895.2,1094099088886.82,2026-09-17 14:22:42,0,-15.69,-8.16,17-Sep-2025,17-Aug-2026,18.844221105527637,-24.38385705483672,,,INTERGLOBE AVIATION LIMITED,2.36,2026-09-17 14:23:44
0,HINDUNILVREQN,-9.6,HINDUNILVR,EQ,N,1952.4,893459,1962.0,1968.9,1949.0,1962.0,1749910928.22,2667.2,1926.2,1727471753081.66,2026-09-17 14:22:42,0,-24.03,-5.0,17-Sep-2025,17-Aug-2026,26.799640071985603,-1.36019104973523,,,HINDUSTAN UNILEVER LIMITED,-0.49,2026-09-17 14:23:44
0,SUNPHARMAEQN,8.3,SUNPHARMA,EQ,N,1861.8,934671,1853.5,1864.2,1847.4,1853.5,1736179422.63,2046.9,1548.0,1965587874026.26,2026-09-17 14:22:47,0,14.89,-1.09,17-Sep-2025,17-Aug-2026,9.042942986955884,-20.271317829457363,,,SUN PHARMACEUTICAL INDUSTRIES LIMITED,0.45,2026-09-17 14:23:44
0,ONGCEQN,-4.67,ONGC,EQ,N,232.13,7401838,235.1,235.65,231.25,236.8,1723962088.58,307.5,227.65,899186082684.89,2026-09-17 14:22:45,0,-2.01,-2.67,17-Sep-2025,17-Aug-2026,24.510569105691058,-1.967933230836811,,,OIL & NATURAL GAS CORPORATION LIMITED,-1.97,2026-09-17 14:23:44
0,TITANEQN,-53.5,TITAN,EQ,N,4855.0,352357,4895.0,4915.5,4845.5,4908.5,1716126579.94,5186.7,3303.1,1998238521655.95,2026-09-17 14:22:46,0,37.81,-4.21,17-Sep-2025,17-Aug-2026,6.395203115661211,-46.98313705307136,,,TITAN COMPANY LIMITED,-1.09,2026-09-17 14:23:44
0,TATACONSUMEQN,10.2,TATACONSUM,EQ,N,1010.3,1386277,1003.1,1020.3,999.0,1000.1,1402302362.12,1282.7,986.0,656249648699.05,2026-09-17 14:22:46,0,-11.09,-5.81,17-Sep-2025,17-Aug-2026,21.23645435409683,-2.464503042596349,,,TATA CONSUMER PRODUCTS LIMITED,1.02,2026-09-17 14:23:44
0,ADANIENTEQN,7.6,ADANIENT,EQ,N,2927.6,474893,2930.1,2945.0,2907.0,2920.0,1391341511.4,3245.0,1753.0,877063966751.55,2026-09-17 14:22:47,0,25.54,-2.65,17-Sep-2025,17-Aug-2026,9.781201848998458,-67.00513405590416,,,ADANI ENTERPRISES LIMITED,0.26,2026-09-17 14:23:44
0,ULTRACEMCOEQN,113.0,ULTRACEMCO,EQ,N,10813.0,127564,10740.0,10834.0,10703.0,10700.0,1374402600.08,13110.0,10325.0,1275878141135.37,2026-09-17 14:22:46,0,-15.0,-7.43,17-Sep-2025,17-Aug-2026,17.520976353928297,-4.72639225181598,,,ULTRATECH CEMENT LIMITED,1.06,2026-09-17 14:23:44
0,JSWSTEELEQN,2.2,JSWSTEEL,EQ,N,1251.1,1078480,1248.9,1256.6,1242.1,1248.9,1347851949.6,1351.0,1073.2,1170178995548.61,2026-09-17 14:22:43,0,12.61,-2.09,17-Sep-2025,17-Aug-2026,7.394522575869726,-16.576593365635482,,,JSW STEEL LIMITED,0.18,2026-09-17 14:23:44
0,TMPVEQN,4.6,TMPV,EQ,N,305.6,4053948,301.0,307.65,299.75,301.0,1233494757.96,739.7,294.3,637159165798.82,2026-09-17 14:22:46,0,-57.51,-7.45,17-Sep-2025,17-Aug-2026,58.68595376503988,-3.8396194359497113,,,TATA MOTORS PASSENGER VEHICLES LIMITED,1.53,2026-09-17 14:23:44
0,GRASIMEQN,-22.0,GRASIM,EQ,N,3165.0,369812,3190.0,3205.0,3159.0,3187.0,1178690693.24,3411.1,2502.5,1191017010936.1,2026-09-17 14:22:47,0,10.46,-2.63,17-Sep-2025,17-Aug-2026,7.21468148104717,-26.473526473526473,,,GRASIM INDUSTRIES LIMITED,-0.69,2026-09-17 14:23:44
0,BAJAJ-AUTOEQN,-116.0,BAJAJ-AUTO,EQ,N,11477.0,91317,11568.0,11576.0,11435.0,11593.0,1051635793.44,12470.0,8491.5,1246269775870.43,2026-09-17 14:22:46,0,26.34,-1.59,17-Sep-2025,17-Aug-2026,7.963111467522053,-35.15868809986457,,,BAJAJ AUTO LIMITED,-1.0,2026-09-17 14:23:44
0,ADANIPORTSEQN,11.5,ADANIPORTS,EQ,N,1735.3,605563,1731.0,1738.8,1725.1,1723.8,1049919073.77,1891.1,1292.0,1277058016594.46,2026-09-17 14:22:45,0,23.41,2.62,17-Sep-2025,17-Aug-2026,8.23859129607107,-34.311145510835914,,,ADANI PORTS AND SPECIAL ECONOMIC ZONE LIMITED,0.67,2026-09-17 14:23:44
0,NTPCEQN,3.1,NTPC,EQ,N,330.1,3175999,327.8,331.3,327.2,327.0,1047825590.08,414.4,315.55,1560574317647.35,2026-09-17 14:22:45,0,-1.87,-2.05,17-Sep-2025,17-Aug-2026,20.342664092664094,-4.610996672476628,,,NTPC LIMITED,0.95,2026-09-17 14:23:44
0,POWERGRIDEQN,0.95,POWERGRID,EQ,N,263.75,3847239,263.5,265.7,263.25,262.8,1018979721.54,324.95,250.0,1190840083065.53,2026-09-17 14:22:45,0,-8.15,-0.9,17-Sep-2025,17-Aug-2026,18.833666717956607,-5.5,,,POWER GRID CORPORATION OF INDIA LIMITED,0.36,2026-09-17 14:23:44
0,TRENTEQN,14.0,TRENT,EQ,N,2783.7,360980,2760.0,2811.0,2760.0,2769.7,1006747951.4,3498.67,2183.67,923435201197.64,2026-09-17 14:22:46,0,-19.66,-5.51,17-Sep-2025,17-Aug-2026,20.435479768026134,-27.478053002514116,,,TRENT LIMITED,0.51,2026-09-17 14:23:44
0,EICHERMOTEQN,30.0,EICHERMOT,EQ,N,7530.0,133699,7495.0,7550.5,7489.0,7500.0,1006471365.11,8230.0,6442.0,1034732378008.49,2026-09-17 14:22:42,0,9.25,-6.48,17-Sep-2025,17-Aug-2026,8.50546780072904,-16.889164855634895,,,EICHER MOTORS LIMITED,0.4,2026-09-17 14:23:44
0,HCLTECHEQN,-7.7,HCLTECH,EQ,N,1245.3,789624,1242.2,1251.3,1235.3,1253.0,981044650.08,1780.1,1030.0,1308913659247.07,2026-09-17 14:22:42,0,-15.96,-6.04,17-Sep-2025,17-Aug-2026,30.04325599685411,-20.902912621359224,,,HCL TECHNOLOGIES LIMITED,-0.61,2026-09-17 14:23:44
0,NESTLEINDEQN,-7.7,NESTLEIND,EQ,N,1376.8,704121,1384.5,1391.7,1370.1,1384.5,970609674.87,1553.0,1145.0,984419505839.65,2026-09-17 14:22:47,0,14.37,-6.31,17-Sep-2025,17-Aug-2026,11.345782356728911,-20.24454148471616,,,NESTLE INDIA LIMITED,-0.56,2026-09-17 14:23:44
0,APOLLOHOSPEQN,53.0,APOLLOHOSP,EQ,N,8749.5,107046,8707.0,8797.5,8686.5,8696.5,937011104.1,9050.0,6696.5,897944888429.35,2026-09-17 14:22:45,0,10.92,-0.86,17-Sep-2025,17-Aug-2026,3.320441988950276,-30.65780631673262,,,APOLLO HOSPITALS ENTERPRISE LIMITED,0.61,2026-09-17 14:23:44
0,WIPROEQN,-0.59,WIPRO,EQ,N,166.3,5552753,165.75,167.35,165.02,166.89,924033626.73,273.1,165.02,449557808259.62,2026-09-17 14:22:46,0,-34.57,-8.58,17-Sep-2025,17-Aug-2026,39.106554375686564,-0.7756635559326143,,,WIPRO LIMITED,-0.35,2026-09-17 14:23:44
0,ASIANPAINTEQN,31.0,ASIANPAINT,EQ,N,2447.6,369050,2424.0,2449.0,2421.0,2416.6,898784370.0,2985.7,2115.0,1103774701291.95,2026-09-17 14:22:45,0,-1.84,-8.93,17-Sep-2025,17-Aug-2026,18.022574270690292,-15.725768321513002,,,ASIAN PAINTS LIMITED,1.28,2026-09-17 14:23:44
0,COALINDIAEQN,-4.0,COALINDIA,EQ,N,418.25,2113941,421.1,422.8,417.55,422.25,887115340.65,491.25,369.6,999034338012.43,2026-09-17 14:22:45,0,4.63,2.4,17-Sep-2025,17-Aug-2026,14.860050890585242,-13.162878787878787,,,COAL INDIA LIMITED,-0.95,2026-09-17 14:23:44
0,MAXHEALTHEQN,13.8,MAXHEALTH,EQ,N,1038.8,775059,1022.1,1042.9,1021.1,1025.0,802604596.86,1221.9,903.0,771151533598.96,2026-09-17 14:22:47,0,-9.97,3.5,17-Sep-2025,17-Aug-2026,14.984859644815451,-15.03875968992248,,,MAX HEALTHCARE INSTITUTE LIMITED,1.35,2026-09-17 14:23:44
0,BAJAJFINSVEQN,15.5,BAJAJFINSV,EQ,N,1852.5,368035,1837.0,1863.0,1832.1,1837.0,679536143.65,2195.0,1597.0,1070578076012.77,2026-09-17 14:22:47,0,-9.94,-7.61,17-Sep-2025,17-Aug-2026,15.60364464692483,-15.998747651847214,,,BAJAJ FINSERV LIMITED,0.84,2026-09-17 14:23:44
0,CIPLAEQN,18.8,CIPLA,EQ,N,1376.8,394780,1362.5,1382.0,1351.6,1358.0,539810328.6,1673.0,1165.7,772660985117.14,2026-09-17 14:22:45,0,-11.72,-3.82,17-Sep-2025,17-Aug-2026,17.70472205618649,-18.10929055503131,,,CIPLA LIMITED,1.38,2026-09-17 14:23:44
1,NIFTY 50,58.25,NIFTY 50,,,23275.85,185280645,23195.25,23363.55,23193.65,23217.6,135994534955.7,26373.2,22182.55,,2026-09-17 14:28:05,0,-8.11,-4.17,16-Sep-2025,17-Aug-2026,11.74430861632263,-4.928648870395874,,,,0.25,2026-09-17 14:28:54
0,HDFCBANKEQN,-5.95,HDFCBANK,EQ,N,715.55,17242280,717.5,719.4,713.1,721.5,12344093097.6,1020.5,681.9,10936217040984.17,2026-09-17 14:28:02,0,-25.97,-1.85,17-Sep-2025,17-Aug-2026,29.882410583047527,-4.934741164393606,,,HDFC BANK LIMITED,-0.82,2026-09-17 14:28:54
0,ICICIBANKEQN,-6.0,ICICIBANK,EQ,N,1352.8,5556214,1352.0,1363.0,1349.1,1358.8,7530170147.78,1480.0,1187.6,9670033239773.89,2026-09-17 14:27:57,0,-4.69,-4.43,17-Sep-2025,17-Aug-2026,8.594594594594595,-13.910407544627821,,,ICICI BANK LIMITED,-0.44,2026-09-17 14:28:54
0,RELIANCEEQN,4.1,RELIANCE,EQ,N,1244.1,5930419,1244.8,1253.4,1238.5,1240.0,7379991316.17,1611.8,1235.3,8380506253716.69,2026-09-17 14:28:00,0,-12.01,-5.47,17-Sep-2025,17-Aug-2026,22.813004094800842,-0.7123775601068566,,,RELIANCE INDUSTRIES LIMITED,0.33,2026-09-17 14:28:54
0,ETERNALEQN,7.15,ETERNAL,EQ,N,324.15,22656148,318.3,327.8,318.25,317.0,7363021538.52,368.45,212.6,2336895924401.39,2026-09-17 14:28:02,0,-1.2,1.98,17-Sep-2025,17-Aug-2026,12.023341023205319,-52.469426152398874,,,ETERNAL LIMITED,2.26,2026-09-17 14:28:54
0,SBINEQN,-3.8,SBIN,EQ,N,987.6,6723218,991.2,1000.9,985.2,991.4,6662238412.74,1234.7,821.65,4070428345023.69,2026-09-17 14:28:02,0,15.22,-6.94,17-Sep-2025,17-Aug-2026,20.012958613428363,-20.19716424268241,,,STATE BANK OF INDIA,-0.38,2026-09-17 14:28:54
0,BHARTIARTLEQN,0.9,BHARTIARTL,EQ,N,1835.9,2891115,1841.8,1845.9,1827.6,1835.0,5311064988.45,2174.5,1740.5,5700681202534.5,2026-09-17 14:28:00,0,-5.44,-6.78,17-Sep-2025,17-Aug-2026,15.571395723154748,-5.481183567940247,,,BHARTI AIRTEL LIMITED,0.05,2026-09-17 14:28:54
0,M&MEQN,23.6,M&M,EQ,N,3093.6,1461145,3047.0,3127.8,3047.0,3070.0,4538330981.45,3839.9,2896.0,2753553454620.47,2026-09-17 14:28:00,0,-14.85,-8.75,17-Sep-2025,17-Aug-2026,19.435401963592803,-6.823204419889502,,,MAHINDRA & MAHINDRA LIMITED,0.77,2026-09-17 14:28:54
0,AXISBANKEQN,-0.4,AXISBANK,EQ,N,1240.6,3430415,1238.0,1257.6,1233.0,1241.0,4286783800.6,1418.3,1104.0,3557531663037.16,2026-09-17 14:28:00,0,10.2,1.1,17-Sep-2025,17-Aug-2026,12.529084114785306,-12.373188405797102,,,AXIS BANK LIMITED,-0.03,2026-09-17 14:28:54
0,LTEQN,44.5,LT,EQ,N,3852.2,1092159,3811.0,3875.0,3811.0,3807.7,4208110470.18,4440.0,3288.1,4496598557543.43,2026-09-17 14:28:01,0,4.53,-5.74,17-Sep-2025,17-Aug-2026,13.23873873873874,-17.15580426386059,,,LARSEN & TOUBRO LIMITED,1.17,2026-09-17 14:28:54
0,HDFCLIFEEQN,30.1,HDFCLIFE,EQ,N,560.3,7488652,532.9,560.95,529.95,530.2,4143695811.16,796.9,508.7,605243237994.22,2026-09-17 14:28:02,0,-27.02,3.23,17-Sep-2025,17-Aug-2026,29.69004893964111,-10.143503046982504,,,HDFC LIFE INSURANCE COMPANY LIMITED,5.68,2026-09-17 14:28:54
0,INFYEQN,-5.5,INFY,EQ,N,1054.5,3871045,1054.9,1059.4,1048.6,1060.0,4080662086.75,1728.0,982.4,3689553129106.74,2026-09-17 14:28:02,0,-30.74,-7.5,17-Sep-2025,17-Aug-2026,38.97569444444444,-7.339169381107492,,,INFOSYS LIMITED,-0.52,2026-09-17 14:28:54
0,TCSEQN,4.0,TCS,EQ,N,2192.8,1750073,2171.0,2198.3,2162.5,2188.8,3818904296.22,3350.0,1976.8,2232437406141.21,2026-09-17 14:28:01,0,-30.89,-5.2,17-Sep-2025,17-Aug-2026,34.54328358208955,-10.926750303520842,,,TATA CONSULTANCY SERVICES LIMITED,0.18,2026-09-17 14:28:54
0,KOTAKBANKEQN,0.45,KOTAKBANK,EQ,N,415.45,8737823,415.0,417.6,412.5,415.0,3624099467.48,453.2,345.5,3050554946533.71,2026-09-17 14:28:01,0,1.29,5.77,17-Sep-2025,17-Aug-2026,8.329655781112091,-20.246020260492042,,,KOTAK MAHINDRA BANK LIMITED,0.11,2026-09-17 14:28:54
0,SHRIRAMFINEQN,14.6,SHRIRAMFIN,EQ,N,993.6,3537078,979.0,1005.5,978.3,979.0,3514051622.22,1153.7,603.15,1387298142222.56,2026-09-17 14:28:01,0,59.42,-11.44,17-Sep-2025,17-Aug-2026,13.877091098205772,-64.73514051231037,,,SHRIRAM FINANCE LIMITED,1.49,2026-09-17 14:28:54
0,TATASTEELEQN,1.84,TATASTEEL,EQ,N,184.84,17819725,183.0,185.39,182.87,183.0,3286670079.0,224.4,160.06,1523628795844.66,2026-09-17 14:28:00,0,7.91,-0.59,17-Sep-2025,17-Aug-2026,17.629233511586452,-15.48169436461327,,,TATA STEEL LIMITED,1.01,2026-09-17 14:28:54
0,BAJFINANCEEQN,6.1,BAJFINANCE,EQ,N,1012.3,3105356,1010.0,1027.9,1010.0,1006.2,3160196586.96,1176.4,787.9,2705869291899.12,2026-09-17 14:28:00,0,0.47,-7.08,17-Sep-2025,17-Aug-2026,13.949336960217613,-28.48077167153192,,,BAJAJ FINANCE LIMITED,0.61,2026-09-17 14:28:54
0,ITCEQN,2.25,ITC,EQ,N,266.4,11171611,264.8,268.5,264.1,264.15,2973771132.09,426.4,255.5,2560408969667.59,2026-09-17 14:28:02,0,-34.93,-2.45,17-Sep-2025,17-Aug-2026,37.5234521575985,-4.26614481409002,,,ITC LIMITED,0.85,2026-09-17 14:28:54
0,TECHMEQN,-3.9,TECHM,EQ,N,1554.1,1653687,1545.1,1569.7,1538.0,1558.0,2571202158.21,1854.0,1304.1,984242174823.96,2026-09-17 14:28:01,0,0.47,-3.45,17-Sep-2025,17-Aug-2026,16.175836030204962,-19.17030902538149,,,TECH MAHINDRA LIMITED,-0.25,2026-09-17 14:28:54
0,BELEQN,8.55,BEL,EQ,N,394.3,6269730,387.0,395.9,387.0,385.75,2466887965.8,473.45,380.45,1408314292283.89,2026-09-17 14:27:59,0,-4.33,-4.39,17-Sep-2025,17-Aug-2026,16.71771042348717,-3.640425811538967,,,BHARAT ELECTRONICS LIMITED,2.22,2026-09-17 14:28:54
0,MARUTIEQN,197.0,MARUTI,EQ,N,12363.0,194965,12165.0,12409.0,12127.0,12166.0,2399282182.3,17370.0,12127.0,1608307034682.72,2026-09-17 14:28:01,0,-21.79,-10.19,17-Sep-2025,17-Aug-2026,28.825561312607945,-1.9460707512162942,,,MARUTI SUZUKI INDIA LIMITED,1.62,2026-09-17 14:28:54
0,SBILIFEEQN,68.6,SBILIFE,EQ,N,1766.5,1318706,1693.0,1771.1,1689.0,1697.9,2300944164.1,2132.0,1652.9,791556887858.69,2026-09-17 14:28:02,0,-2.09,-1.35,17-Sep-2025,17-Aug-2026,17.143527204502814,-6.872769072539174,,,SBI LIFE INSURANCE COMPANY LIMITED,4.04,2026-09-17 14:28:54
0,JIOFINEQN,3.48,JIOFIN,EQ,N,228.32,9599752,225.0,230.36,225.0,224.84,2193735327.04,321.6,223.3,746978446194.15,2026-09-17 14:28:02,0,-27.72,-8.58,17-Sep-2025,17-Aug-2026,29.00497512437811,-2.2480967308553517,,,JIO FINANCIAL SERVICES LIMITED,1.55,2026-09-17 14:28:54
0,DRREDDYEQN,29.9,DRREDDY,EQ,N,1169.9,1864453,1140.0,1189.8,1140.0,1140.0,2180906607.69,1414.9,1101.0,711163519179.74,2026-09-17 14:28:02,0,-10.79,-1.85,17-Sep-2025,17-Aug-2026,17.31571135769312,-6.25794732061762,,,DR. REDDY'S LABORATORIES LIMITED,2.62,2026-09-17 14:28:54
0,HINDALCOEQN,5.1,HINDALCO,EQ,N,977.8,2141967,972.0,987.2,970.5,972.7,2100391420.53,1176.0,731.95,1411651932552.7,2026-09-17 14:27:57,0,30.37,-6.86,17-Sep-2025,17-Aug-2026,16.85374149659864,-33.58835986064622,,,HINDALCO INDUSTRIES LIMITED,0.52,2026-09-17 14:28:54
0,INDIGOEQN,111.5,INDIGO,EQ,N,4845.0,427240,4746.5,4854.0,4746.5,4733.5,2054904772.8,5970.0,3895.2,1093647634754.83,2026-09-17 14:27:57,0,-15.69,-8.16,17-Sep-2025,17-Aug-2026,18.844221105527637,-24.38385705483672,,,INTERGLOBE AVIATION LIMITED,2.36,2026-09-17 14:28:54
0,TITANEQN,-56.0,TITAN,EQ,N,4852.5,377578,4895.0,4915.5,4845.5,4908.5,1838536779.62,5186.7,3303.1,1995768256665.75,2026-09-17 14:28:02,0,37.74,-4.26,17-Sep-2025,17-Aug-2026,6.443403320030077,-46.90745057673095,,,TITAN COMPANY LIMITED,-1.14,2026-09-17 14:28:54
0,SUNPHARMAEQN,4.8,SUNPHARMA,EQ,N,1858.3,982665,1853.5,1864.2,1847.4,1853.5,1825457463.9,2046.9,1548.0,1962631308865.22,2026-09-17 14:28:02,0,14.66,-1.29,17-Sep-2025,17-Aug-2026,9.213933264937221,-20.045219638242894,,,SUN PHARMACEUTICAL INDUSTRIES LIMITED,0.26,2026-09-17 14:28:54
0,HINDUNILVREQN,-9.2,HINDUNILVR,EQ,N,1952.8,901573,1962.0,1968.9,1949.0,1962.0,1765748751.96,2667.2,1926.2,1727560223416.24,2026-09-17 14:27:57,0,-24.01,-4.97,17-Sep-2025,17-Aug-2026,26.784643071385723,-1.3809573253037069,,,HINDUSTAN UNILEVER LIMITED,-0.47,2026-09-17 14:28:54
0,ONGCEQN,-4.74,ONGC,EQ,N,232.06,7547346,235.1,235.65,231.25,236.8,1757701409.94,307.5,227.65,898953664794.22,2026-09-17 14:28:02,0,-2.04,-2.7,17-Sep-2025,17-Aug-2026,24.533333333333335,-1.9371842741049856,,,OIL & NATURAL GAS CORPORATION LIMITED,-2.0,2026-09-17 14:28:54
0,ADANIENTEQN,4.1,ADANIENT,EQ,N,2924.1,491609,2930.1,2945.0,2907.0,2920.0,1440261971.21,3245.0,1753.0,875237748087.84,2026-09-17 14:28:02,0,25.36,-2.79,17-Sep-2025,17-Aug-2026,9.889060092449922,-66.80547632629778,,,ADANI ENTERPRISES LIMITED,0.14,2026-09-17 14:28:54
0,TATACONSUMEQN,10.9,TATACONSUM,EQ,N,1011.0,1394293,1003.1,1020.3,999.0,1000.1,1410411027.08,1282.7,986.0,656314591761.76,2026-09-17 14:28:01,0,-11.04,-5.75,17-Sep-2025,17-Aug-2026,21.18188196772433,-2.535496957403651,,,TATA CONSUMER PRODUCTS LIMITED,1.09,2026-09-17 14:28:54
0,ULTRACEMCOEQN,103.0,ULTRACEMCO,EQ,N,10803.0,128242,10740.0,10834.0,10703.0,10700.0,1381729322.38,13110.0,10325.0,1274462072166.29,2026-09-17 14:28:01,0,-15.05,-7.48,17-Sep-2025,17-Aug-2026,17.59725400457666,-4.62953995157385,,,ULTRATECH CEMENT LIMITED,0.96,2026-09-17 14:28:54
0,JSWSTEELEQN,1.0,JSWSTEEL,EQ,N,1249.9,1093987,1248.9,1256.6,1242.1,1248.9,1367243072.86,1351.0,1073.2,1169056611410.92,2026-09-17 14:27:58,0,12.53,-2.16,17-Sep-2025,17-Aug-2026,7.483345669874168,-16.46477823332091,,,JSW STEEL LIMITED,0.08,2026-09-17 14:28:54
0,TMPVEQN,4.75,TMPV,EQ,N,305.75,4167921,301.0,307.65,299.75,301.0,1268298360.3,739.7,294.3,636950739509.72,2026-09-17 14:28:00,0,-57.5,-7.43,17-Sep-2025,17-Aug-2026,58.66567527375963,-3.890587835541964,,,TATA MOTORS PASSENGER VEHICLES LIMITED,1.58,2026-09-17 14:28:54
0,GRASIMEQN,-18.3,GRASIM,EQ,N,3168.7,376428,3190.0,3205.0,3159.0,3187.0,1199630864.64,3411.1,2502.5,1192108168240.62,2026-09-17 14:28:02,0,10.61,-2.5,17-Sep-2025,17-Aug-2026,7.106212072352027,-26.62137862137862,,,GRASIM INDUSTRIES LIMITED,-0.57,2026-09-17 14:28:54
0,EICHERMOTEQN,30.0,EICHERMOT,EQ,N,7530.0,150235,7495.0,7550.5,7489.0,7500.0,1130939033.0,8230.0,6442.0,1033564120691.22,2026-09-17 14:27:57,0,9.31,-6.43,17-Sep-2025,17-Aug-2026,8.50546780072904,-16.889164855634895,,,EICHER MOTORS LIMITED,0.4,2026-09-17 14:28:54
0,NTPCEQN,2.25,NTPC,EQ,N,329.25,3349517,327.8,331.3,327.2,327.0,1105039153.47,414.4,315.55,1556555874236.26,2026-09-17 14:28:00,0,-2.11,-2.28,17-Sep-2025,17-Aug-2026,20.547779922779924,-4.341625732847409,,,NTPC LIMITED,0.69,2026-09-17 14:28:54
0,ADANIPORTSEQN,10.4,ADANIPORTS,EQ,N,1734.2,613545,1731.0,1738.8,1725.1,1723.8,1063764321.0,1891.1,1292.0,1275880936793.46,2026-09-17 14:28:00,0,23.31,2.54,17-Sep-2025,17-Aug-2026,8.296758500343715,-34.22600619195047,,,ADANI PORTS AND SPECIAL ECONOMIC ZONE LIMITED,0.6,2026-09-17 14:28:54
0,BAJAJ-AUTOEQN,-119.0,BAJAJ-AUTO,EQ,N,11474.0,91963,11568.0,11576.0,11435.0,11593.0,1059045908.0,12470.0,8491.5,1244749537405.48,2026-09-17 14:28:00,0,26.32,-1.61,17-Sep-2025,17-Aug-2026,7.987169206094627,-35.12335865277042,,,BAJAJ AUTO LIMITED,-1.03,2026-09-17 14:28:54
0,POWERGRIDEQN,0.75,POWERGRID,EQ,N,263.55,3886020,263.5,265.7,263.25,262.8,1029212397.0,324.95,250.0,1190162699628.06,2026-09-17 14:28:00,0,-8.2,-0.96,17-Sep-2025,17-Aug-2026,18.895214648407446,-5.42,,,POWER GRID CORPORATION OF INDIA LIMITED,0.29,2026-09-17 14:28:54
0,NESTLEINDEQN,-4.5,NESTLEIND,EQ,N,1380.0,737609,1384.5,1391.7,1370.1,1384.5,1016786630.41,1553.0,1145.0,986707523284.95,2026-09-17 14:28:02,0,14.66,-6.07,17-Sep-2025,17-Aug-2026,11.139729555698647,-20.524017467248907,,,NESTLE INDIA LIMITED,-0.33,2026-09-17 14:28:54
0,TRENTEQN,13.2,TRENT,EQ,N,2782.9,364377,2760.0,2811.0,2760.0,2769.7,1016203727.76,3498.67,2183.67,923302476051.94,2026-09-17 14:28:00,0,-19.69,-5.54,17-Sep-2025,17-Aug-2026,20.458345599899392,-27.441417430289377,,,TRENT LIMITED,0.48,2026-09-17 14:28:54
0,HCLTECHEQN,-7.2,HCLTECH,EQ,N,1245.8,799677,1242.2,1251.3,1235.3,1253.0,993574682.19,1780.1,1030.0,1309334193756.07,2026-09-17 14:28:02,0,-15.94,-6.01,17-Sep-2025,17-Aug-2026,30.015167687208585,-20.95145631067961,,,HCL TECHNOLOGIES LIMITED,-0.57,2026-09-17 14:28:54
0,APOLLOHOSPEQN,43.5,APOLLOHOSP,EQ,N,8740.0,110434,8707.0,8797.5,8686.5,8696.5,966639845.4,9050.0,6696.5,896918665699.71,2026-09-17 14:28:00,0,10.8,-0.97,17-Sep-2025,17-Aug-2026,3.425414364640884,-30.515941163294258,,,APOLLO HOSPITALS ENTERPRISE LIMITED,0.5,2026-09-17 14:28:54
0,WIPROEQN,-0.62,WIPRO,EQ,N,166.27,5613495,165.75,167.35,165.02,166.89,934141702.95,273.1,165.02,449071653825.94,2026-09-17 14:27:59,0,-34.64,-8.68,17-Sep-2025,17-Aug-2026,39.117539362870744,-0.7574839413404436,,,WIPRO LIMITED,-0.37,2026-09-17 14:28:54
0,COALINDIAEQN,-4.25,COALINDIA,EQ,N,418.0,2204914,421.1,422.8,417.55,422.25,925181914.4,491.25,369.6,998556616870.52,2026-09-17 14:27:59,0,4.63,2.4,17-Sep-2025,17-Aug-2026,14.910941475826972,-13.095238095238095,,,COAL INDIA LIMITED,-1.01,2026-09-17 14:28:54
0,ASIANPAINTEQN,28.8,ASIANPAINT,EQ,N,2445.4,375536,2424.0,2449.0,2421.0,2416.6,914647970.88,2985.7,2115.0,1102196334134.52,2026-09-17 14:28:02,0,-1.94,-9.02,17-Sep-2025,17-Aug-2026,18.096258833774325,-15.621749408983451,,,ASIAN PAINTS LIMITED,1.19,2026-09-17 14:28:54
0,MAXHEALTHEQN,13.0,MAXHEALTH,EQ,N,1038.0,780844,1022.1,1042.9,1021.1,1025.0,808618621.08,1221.9,903.0,770038225321.39,2026-09-17 14:28:01,0,-10.04,3.42,17-Sep-2025,17-Aug-2026,15.050331451018906,-14.950166112956811,,,MAX HEALTHCARE INSTITUTE LIMITED,1.27,2026-09-17 14:28:54
0,BAJAJFINSVEQN,14.2,BAJAJFINSV,EQ,N,1851.2,374158,1837.0,1863.0,1832.1,1837.0,690871522.26,2195.0,1597.0,1070173582757.95,2026-09-17 14:28:01,0,-9.97,-7.63,17-Sep-2025,17-Aug-2026,15.662870159453304,-15.917345021916093,,,BAJAJ FINSERV LIMITED,0.77,2026-09-17 14:28:54
0,CIPLAEQN,19.6,CIPLA,EQ,N,1377.6,431703,1362.5,1382.0,1351.6,1358.0,590738068.17,1673.0,1165.7,772717097026.01,2026-09-17 14:28:00,0,-11.68,-3.77,17-Sep-2025,17-Aug-2026,17.656903765690377,-18.177918847044694,,,CIPLA LIMITED,1.44,2026-09-17 14:28:54
1,NIFTY 50,54.15,NIFTY 50,,,23271.75,185845560,23195.25,23363.55,23193.65,23217.6,136535697959.52,26373.2,22182.55,,2026-09-17 14:29:05,0,-8.13,-4.18,16-Sep-2025,17-Aug-2026,11.759854700984333,-4.910165873625891,,,,0.23,2026-09-17 14:29:24
0,HDFCBANKEQN,-6.0,HDFCBANK,EQ,N,715.5,17293169,717.5,719.4,713.1,721.5,12380525550.48,1020.5,681.9,10934688675804.8,2026-09-17 14:28:58,0,-25.98,-1.86,17-Sep-2025,17-Aug-2026,29.887310142087212,-4.927408710954685,,,HDFC BANK LIMITED,-0.83,2026-09-17 14:29:24
0,ICICIBANKEQN,-6.5,ICICIBANK,EQ,N,1352.3,5596469,1352.0,1363.0,1349.1,1358.8,7584614612.25,1480.0,1187.6,9666459158889.88,2026-09-17 14:28:59,0,-4.71,-4.44,17-Sep-2025,17-Aug-2026,8.628378378378379,-13.868305826877737,,,ICICI BANK LIMITED,-0.48,2026-09-17 14:29:24
0,RELIANCEEQN,3.7,RELIANCE,EQ,N,1243.7,5944547,1244.8,1253.4,1238.5,1240.0,7397572623.21,1611.8,1235.3,8379832579580.54,2026-09-17 14:29:02,0,-12.0,-5.46,17-Sep-2025,17-Aug-2026,22.837821069611614,-0.6799967619201813,,,RELIANCE INDUSTRIES LIMITED,0.3,2026-09-17 14:29:24
0,ETERNALEQN,7.2,ETERNAL,EQ,N,324.2,22690401,318.3,327.8,318.25,317.0,7373926516.98,368.45,212.6,2336895924401.39,2026-09-17 14:28:59,0,-1.25,1.93,17-Sep-2025,17-Aug-2026,12.009770660876645,-52.49294449670743,,,ETERNAL LIMITED,2.27,2026-09-17 14:29:24
0,SBINEQN,-3.9,SBIN,EQ,N,987.5,6739739,991.2,1000.9,985.2,991.4,6678542169.88,1234.7,821.65,4070428345023.69,2026-09-17 14:29:02,0,15.2,-6.95,17-Sep-2025,17-Aug-2026,20.02105774682109,-20.18499361041806,,,STATE BANK OF INDIA,-0.39,2026-09-17 14:29:24
0,BHARTIARTLEQN,1.0,BHARTIARTL,EQ,N,1836.0,2901213,1841.8,1845.9,1827.6,1835.0,5329615317.39,2174.5,1740.5,5700370640255.0,2026-09-17 14:29:02,0,-5.42,-6.77,17-Sep-2025,17-Aug-2026,15.566796964819499,-5.48692904337834,,,BHARTI AIRTEL LIMITED,0.05,2026-09-17 14:29:24
0,M&MEQN,22.5,M&M,EQ,N,3092.5,1462266,3047.0,3127.8,3047.0,3070.0,4541798196.0,3839.9,2896.0,2754087623870.29,2026-09-17 14:29:02,0,-14.88,-8.78,17-Sep-2025,17-Aug-2026,19.464048542930804,-6.7852209944751385,,,MAHINDRA & MAHINDRA LIMITED,0.73,2026-09-17 14:29:24
0,AXISBANKEQN,-0.5,AXISBANK,EQ,N,1240.5,3438019,1238.0,1257.6,1233.0,1241.0,4296217302.78,1418.3,1104.0,3556098330376.79,2026-09-17 14:29:02,0,10.15,1.06,17-Sep-2025,17-Aug-2026,12.536134809278714,-12.36413043478261,,,AXIS BANK LIMITED,-0.04,2026-09-17 14:29:24
0,LTEQN,42.3,LT,EQ,N,3850.0,1108011,3811.0,3875.0,3811.0,3807.7,4269177463.11,4440.0,3288.1,4497532382071.24,2026-09-17 14:28:57,0,4.52,-5.74,17-Sep-2025,17-Aug-2026,13.288288288288289,-17.088896323104528,,,LARSEN & TOUBRO LIMITED,1.11,2026-09-17 14:29:24
0,HDFCLIFEEQN,30.45,HDFCLIFE,EQ,N,560.65,7542285,532.9,560.95,529.95,530.2,4173825096.15,796.9,508.7,605783248020.98,2026-09-17 14:29:02,0,-27.13,3.08,17-Sep-2025,17-Aug-2026,29.646128748901994,-10.212305877727541,,,HDFC LIFE INSURANCE COMPANY LIMITED,5.74,2026-09-17 14:29:24
0,INFYEQN,-5.6,INFY,EQ,N,1054.4,3886156,1054.9,1059.4,1048.6,1060.0,4096591347.4,1728.0,982.4,3688503569142.08,2026-09-17 14:28:58,0,-30.71,-7.47,17-Sep-2025,17-Aug-2026,38.98148148148148,-7.328990228013029,,,INFOSYS LIMITED,-0.53,2026-09-17 14:29:24
0,TCSEQN,3.2,TCS,EQ,N,2192.0,1753057,2171.0,2198.3,2162.5,2188.8,3825450863.12,3350.0,1976.8,2231928344845.52,2026-09-17 14:28:57,0,-30.91,-5.24,17-Sep-2025,17-Aug-2026,34.56716417910448,-10.886280857952245,,,TATA CONSULTANCY SERVICES LIMITED,0.15,2026-09-17 14:29:24
0,KOTAKBANKEQN,0.35,KOTAKBANK,EQ,N,415.35,8769064,415.0,417.6,412.5,415.0,3637056984.64,453.2,345.5,3049820669256.9,2026-09-17 14:28:57,0,1.34,5.82,17-Sep-2025,17-Aug-2026,8.351721094439542,-20.217076700434152,,,KOTAK MAHINDRA BANK LIMITED,0.08,2026-09-17 14:29:24
0,SHRIRAMFINEQN,14.0,SHRIRAMFIN,EQ,N,993.0,3540915,979.0,1005.5,978.3,979.0,3517863643.35,1153.7,603.15,1387018811075.43,2026-09-17 14:28:57,0,59.34,-11.49,17-Sep-2025,17-Aug-2026,13.929097685706855,-64.63566277045511,,,SHRIRAM FINANCE LIMITED,1.43,2026-09-17 14:29:24
0,TATASTEELEQN,1.75,TATASTEEL,EQ,N,184.75,17850281,183.0,185.39,182.87,183.0,3292305827.64,224.4,160.06,1522886929410.85,2026-09-17 14:29:02,0,7.82,-0.67,17-Sep-2025,17-Aug-2026,17.66934046345811,-15.425465450456079,,,TATA STEEL LIMITED,0.96,2026-09-17 14:29:24
0,BAJFINANCEEQN,5.9,BAJFINANCE,EQ,N,1012.1,3116617,1010.0,1027.9,1010.0,1006.2,3171562957.71,1176.4,787.9,2704532928163.49,2026-09-17 14:28:57,0,0.45,-7.1,17-Sep-2025,17-Aug-2026,13.966337980278817,-28.45538773956086,,,BAJAJ FINANCE LIMITED,0.59,2026-09-17 14:29:24
0,ITCEQN,2.0,ITC,EQ,N,266.15,11210952,264.8,268.5,264.1,264.15,2984243312.88,426.4,255.5,2559928322216.93,2026-09-17 14:28:58,0,-34.97,-2.53,17-Sep-2025,17-Aug-2026,37.582082551594745,-4.1682974559686885,,,ITC LIMITED,0.76,2026-09-17 14:29:24
0,TECHMEQN,-3.8,TECHM,EQ,N,1554.2,1659873,1545.1,1569.7,1538.0,1558.0,2580820336.59,1854.0,1304.1,983925494587.53,2026-09-17 14:28:58,0,0.46,-3.46,17-Sep-2025,17-Aug-2026,16.170442286947143,-19.17797714899164,,,TECH MAHINDRA LIMITED,-0.24,2026-09-17 14:29:24
0,BELEQN,8.7,BEL,EQ,N,394.45,6287760,387.0,395.9,387.0,385.75,2473982049.6,473.45,380.45,1408671460504.1,2026-09-17 14:29:02,0,-4.35,-4.41,17-Sep-2025,17-Aug-2026,16.686028091667545,-3.6798528058877644,,,BHARAT ELECTRONICS LIMITED,2.26,2026-09-17 14:29:24
0,MARUTIEQN,192.0,MARUTI,EQ,N,12358.0,195135,12165.0,12409.0,12127.0,12166.0,2401383996.45,17370.0,12127.0,1607656582917.5,2026-09-17 14:28:57,0,-21.77,-10.17,17-Sep-2025,17-Aug-2026,28.85434657455383,-1.9048404386905253,,,MARUTI SUZUKI INDIA LIMITED,1.58,2026-09-17 14:29:24
0,SBILIFEEQN,67.2,SBILIFE,EQ,N,1765.1,1328579,1693.0,1771.1,1689.0,1697.9,2318370355.0,2132.0,1652.9,791019114963.13,2026-09-17 14:29:02,0,-2.16,-1.42,17-Sep-2025,17-Aug-2026,17.20919324577861,-6.788069453687458,,,SBI LIFE INSURANCE COMPANY LIMITED,3.96,2026-09-17 14:29:24
0,JIOFINEQN,3.5,JIOFIN,EQ,N,228.34,9611357,225.0,230.36,225.0,224.84,2196387301.64,321.6,223.3,747207480321.33,2026-09-17 14:28:58,0,-27.69,-8.55,17-Sep-2025,17-Aug-2026,28.998756218905474,-2.25705329153605,,,JIO FINANCIAL SERVICES LIMITED,1.56,2026-09-17 14:29:24
0,DRREDDYEQN,30.0,DRREDDY,EQ,N,1170.0,1871311,1140.0,1189.8,1140.0,1140.0,2188928616.03,1414.9,1101.0,711163519179.74,2026-09-17 14:29:02,0,-10.8,-1.86,17-Sep-2025,17-Aug-2026,17.30864372040427,-6.267029972752043,,,DR. REDDY'S LABORATORIES LIMITED,2.63,2026-09-17 14:29:24
0,HINDALCOEQN,5.1,HINDALCO,EQ,N,977.8,2149801,972.0,987.2,970.5,972.7,2108051864.58,1176.0,731.95,1411796317530.97,2026-09-17 14:28:59,0,30.36,-6.87,17-Sep-2025,17-Aug-2026,16.85374149659864,-33.58835986064622,,,HINDALCO INDUSTRIES LIMITED,0.52,2026-09-17 14:29:24
0,INDIGOEQN,112.0,INDIGO,EQ,N,4845.5,427718,4746.5,4854.0,4746.5,4733.5,2057220927.68,5970.0,3895.2,1093647634754.83,2026-09-17 14:28:59,0,-15.68,-8.15,17-Sep-2025,17-Aug-2026,18.835845896147404,-24.39669336619429,,,INTERGLOBE AVIATION LIMITED,2.37,2026-09-17 14:29:24
0,TITANEQN,-56.0,TITAN,EQ,N,4852.5,378733,4895.0,4915.5,4845.5,4908.5,1844141872.92,5186.7,3303.1,1998032666240.1,2026-09-17 14:29:02,0,37.74,-4.26,17-Sep-2025,17-Aug-2026,6.443403320030077,-46.90745057673095,,,TITAN COMPANY LIMITED,-1.14,2026-09-17 14:29:24
0,SUNPHARMAEQN,4.2,SUNPHARMA,EQ,N,1857.7,989516,1853.5,1864.2,1847.4,1853.5,1838184292.56,2046.9,1548.0,1961047434671.81,2026-09-17 14:28:59,0,14.65,-1.3,17-Sep-2025,17-Aug-2026,9.243245884019737,-20.006459948320412,,,SUN PHARMACEUTICAL INDUSTRIES LIMITED,0.23,2026-09-17 14:29:24
0,HINDUNILVREQN,-10.5,HINDUNILVR,EQ,N,1951.5,903782,1962.0,1968.9,1949.0,1962.0,1770066084.82,2667.2,1926.2,1726763990404.99,2026-09-17 14:29:02,0,-24.02,-4.99,17-Sep-2025,17-Aug-2026,26.833383323335333,-1.3134669297061572,,,HINDUSTAN UNILEVER LIMITED,-0.54,2026-09-17 14:29:24
0,ONGCEQN,-4.79,ONGC,EQ,N,232.01,7565259,235.1,235.65,231.25,236.8,1761873168.51,307.5,227.65,898759983218.67,2026-09-17 14:29:02,0,-2.05,-2.71,17-Sep-2025,17-Aug-2026,24.54959349593496,-1.9152207335822535,,,OIL & NATURAL GAS CORPORATION LIMITED,-2.02,2026-09-17 14:29:24
0,ADANIENTEQN,3.0,ADANIENT,EQ,N,2923.0,492231,2930.1,2945.0,2907.0,2920.0,1442079316.08,3245.0,1753.0,875088058033.44,2026-09-17 14:29:02,0,25.35,-2.79,17-Sep-2025,17-Aug-2026,9.92295839753467,-66.74272675413577,,,ADANI ENTERPRISES LIMITED,0.1,2026-09-17 14:29:24
0,TATACONSUMEQN,10.2,TATACONSUM,EQ,N,1010.3,1394867,1003.1,1020.3,999.0,1000.1,1410991662.52,1282.7,986.0,656379534824.48,2026-09-17 14:28:57,0,-11.07,-5.79,17-Sep-2025,17-Aug-2026,21.23645435409683,-2.464503042596349,,,TATA CONSUMER PRODUCTS LIMITED,1.02,2026-09-17 14:29:24
0,ULTRACEMCOEQN,103.0,ULTRACEMCO,EQ,N,10803.0,128398,10740.0,10834.0,10703.0,10700.0,1383413979.16,13110.0,10325.0,1274934095155.99,2026-09-17 14:28:58,0,-15.1,-7.54,17-Sep-2025,17-Aug-2026,17.59725400457666,-4.62953995157385,,,ULTRATECH CEMENT LIMITED,0.96,2026-09-17 14:29:24
0,JSWSTEELEQN,0.9,JSWSTEEL,EQ,N,1249.8,1094975,1248.9,1256.6,1242.1,1248.9,1368477855.5,1351.0,1073.2,1168869547387.98,2026-09-17 14:29:02,0,12.51,-2.18,17-Sep-2025,17-Aug-2026,7.490747594374537,-16.45546030562803,,,JSW STEEL LIMITED,0.07,2026-09-17 14:29:24
0,TMPVEQN,4.55,TMPV,EQ,N,305.55,4169820,301.0,307.65,299.75,301.0,1268876226.0,739.7,294.3,636950739509.72,2026-09-17 14:28:57,0,-57.49,-7.42,17-Sep-2025,17-Aug-2026,58.692713262133296,-3.8226299694189603,,,TATA MOTORS PASSENGER VEHICLES LIMITED,1.51,2026-09-17 14:29:24
0,GRASIMEQN,-16.5,GRASIM,EQ,N,3170.5,380237,3190.0,3205.0,3159.0,3187.0,1211705050.27,3411.1,2502.5,1193124073317.23,2026-09-17 14:29:02,0,10.67,-2.44,17-Sep-2025,17-Aug-2026,7.053443170824661,-26.693306693306692,,,GRASIM INDUSTRIES LIMITED,-0.52,2026-09-17 14:29:24
0,EICHERMOTEQN,30.5,EICHERMOT,EQ,N,7530.5,151173,7495.0,7550.5,7489.0,7500.0,1138003132.86,8230.0,6442.0,1035350867176.46,2026-09-17 14:29:02,0,9.34,-6.41,17-Sep-2025,17-Aug-2026,8.499392466585663,-16.896926420366345,,,EICHER MOTORS LIMITED,0.41,2026-09-17 14:29:24
0,NTPCEQN,1.95,NTPC,EQ,N,328.95,3364013,327.8,331.3,327.2,327.0,1109821528.83,414.4,315.55,1556083116187.9,2026-09-17 14:29:02,0,-2.2,-2.37,17-Sep-2025,17-Aug-2026,20.620173745173744,-4.246553636507685,,,NTPC LIMITED,0.6,2026-09-17 14:29:24
0,ADANIPORTSEQN,9.9,ADANIPORTS,EQ,N,1733.7,615866,1731.0,1738.8,1725.1,1723.8,1067788470.8,1891.1,1292.0,1275365964380.52,2026-09-17 14:29:02,0,23.27,2.5,17-Sep-2025,17-Aug-2026,8.323198138649463,-34.18730650154799,,,ADANI PORTS AND SPECIAL ECONOMIC ZONE LIMITED,0.57,2026-09-17 14:29:24
0,BAJAJ-AUTOEQN,-123.0,BAJAJ-AUTO,EQ,N,11470.0,92537,11568.0,11576.0,11435.0,11593.0,1065631107.01,12470.0,8491.5,1244749537405.48,2026-09-17 14:28:57,0,26.21,-1.7,17-Sep-2025,17-Aug-2026,8.019246190858059,-35.07625272331155,,,BAJAJ AUTO LIMITED,-1.06,2026-09-17 14:29:24
0,POWERGRIDEQN,0.7,POWERGRID,EQ,N,263.5,3892552,263.5,265.7,263.25,262.8,1030942397.2,324.95,250.0,1189936905148.91,2026-09-17 14:29:02,0,-8.24,-1.0,17-Sep-2025,17-Aug-2026,18.910601631020157,-5.4,,,POWER GRID CORPORATION OF INDIA LIMITED,0.27,2026-09-17 14:29:24
0,TRENTEQN,11.8,TRENT,EQ,N,2781.5,368508,2760.0,2811.0,2760.0,2769.7,1027695110.4,3498.67,2183.67,922937481901.27,2026-09-17 14:28:57,0,-19.7,-5.55,17-Sep-2025,17-Aug-2026,20.498360805677585,-27.37730517889608,,,TRENT LIMITED,0.43,2026-09-17 14:29:24
0,NESTLEINDEQN,-4.5,NESTLEIND,EQ,N,1380.0,741495,1384.5,1391.7,1370.1,1384.5,1022150857.5,1553.0,1145.0,986850524375.28,2026-09-17 14:29:02,0,14.6,-6.12,17-Sep-2025,17-Aug-2026,11.139729555698647,-20.524017467248907,,,NESTLE INDIA LIMITED,-0.33,2026-09-17 14:29:24
0,APOLLOHOSPEQN,53.0,APOLLOHOSP,EQ,N,8749.5,115594,8707.0,8797.5,8686.5,8696.5,1011750356.28,9050.0,6696.5,898150132975.27,2026-09-17 14:29:02,0,10.95,-0.84,17-Sep-2025,17-Aug-2026,3.320441988950276,-30.65780631673262,,,APOLLO HOSPITALS ENTERPRISE LIMITED,0.61,2026-09-17 14:29:24
0,HCLTECHEQN,-7.3,HCLTECH,EQ,N,1245.7,800654,1242.2,1251.3,1235.3,1253.0,994788575.38,1780.1,1030.0,1309334193756.07,2026-09-17 14:29:02,0,-15.9,-5.96,17-Sep-2025,17-Aug-2026,30.02078534913769,-20.941747572815533,,,HCL TECHNOLOGIES LIMITED,-0.58,2026-09-17 14:29:24
0,WIPROEQN,-0.79,WIPRO,EQ,N,166.1,5643324,165.75,167.35,165.02,166.89,939105546.84,273.1,165.02,448558490812.6,2026-09-17 14:29:02,0,-34.64,-8.69,17-Sep-2025,17-Aug-2026,39.179787623581106,-0.6544661253181433,,,WIPRO LIMITED,-0.47,2026-09-17 14:29:24
0,COALINDIAEQN,-4.1,COALINDIA,EQ,N,418.15,2212313,421.1,422.8,417.55,422.25,928286534.8,491.25,369.6,998914907726.95,2026-09-17 14:29:02,0,4.6,2.37,17-Sep-2025,17-Aug-2026,14.880407124681934,-13.13582251082251,,,COAL INDIA LIMITED,-0.97,2026-09-17 14:29:24
0,ASIANPAINTEQN,27.5,ASIANPAINT,EQ,N,2444.1,376798,2424.0,2449.0,2421.0,2416.6,917732976.78,2985.7,2115.0,1102015949316.53,2026-09-17 14:29:02,0,-1.97,-9.05,17-Sep-2025,17-Aug-2026,18.139799711960343,-15.560283687943262,,,ASIAN PAINTS LIMITED,1.14,2026-09-17 14:29:24
0,MAXHEALTHEQN,13.4,MAXHEALTH,EQ,N,1038.4,781870,1022.1,1042.9,1021.1,1025.0,809681115.9,1221.9,903.0,770706210287.93,2026-09-17 14:28:58,0,-10.03,3.43,17-Sep-2025,17-Aug-2026,15.017595547917178,-14.994462901439645,,,MAX HEALTHCARE INSTITUTE LIMITED,1.31,2026-09-17 14:29:24
0,BAJAJFINSVEQN,15.0,BAJAJFINSV,EQ,N,1852.0,375012,1837.0,1863.0,1832.1,1837.0,692455907.88,2195.0,1597.0,1069711304752.44,2026-09-17 14:28:57,0,-9.99,-7.65,17-Sep-2025,17-Aug-2026,15.626423690205012,-15.967438948027551,,,BAJAJ FINSERV LIMITED,0.82,2026-09-17 14:29:24
0,CIPLAEQN,19.5,CIPLA,EQ,N,1377.5,441338,1362.5,1382.0,1351.6,1358.0,604019600.18,1673.0,1165.7,772941544661.48,2026-09-17 14:29:02,0,-11.7,-3.79,17-Sep-2025,17-Aug-2026,17.66288105200239,-18.16934031054302,,,CIPLA LIMITED,1.44,2026-09-17 14:29:24
