priority,identifier,change,symbol,series,marketType,lastPrice,totalTradedVolume,open,dayHigh,dayLow,previousClose,totalTradedValue,yearHigh,yearLow,ffmc,lastUpdateTime,stockIndClosePrice,perChange365d,perChange30d,date365dAgo,date30dAgo,nearWKH,nearWKL,chart30Path,chart365Path,companyName,pChange,Timestamp
1,NIFTY 50,66.95,NIFTY 50,,,24317.15,400636260,24249.55,24342.95,24187.1,24250.2,335660224755.62,26373.2,22182.55,,2026-07-30 15:39:59,0,-2.16,1.89,29-Jul-2025,29-Jun-2026,7.795982285046942,-9.622879245172443,,,,0.28,2026-07-30 19:48:35
0,HDFCBANKEQN,5.2,HDFCBANK,EQ,N,753.4,35844392,752.8,757.9,745.5,748.2,26916270840.64,1020.5,726.65,11507952979097.49,2026-07-30 16:00:29,0,-25.62,-5.58,30-Jul-2025,30-Jun-2026,26.1734443900049,-3.6812770935113193,,,HDFC BANK LIMITED,0.7,2026-07-30 19:48:35
0,INFYEQN,-0.6,INFY,EQ,N,1155.0,22630218,1168.0,1187.7,1151.3,1155.6,26545698318.36,1728.0,982.4,4040155038730.84,2026-07-30 16:00:29,0,-23.96,15.45,30-Jul-2025,30-Jun-2026,33.15972222222222,-17.569218241042346,,,INFOSYS LIMITED,-0.05,2026-07-30 19:48:35
0,ICICIBANKEQN,-7.9,ICICIBANK,EQ,N,1430.0,14141173,1431.1,1442.2,1422.6,1437.9,20232907504.94,1494.5,1187.6,10218404351568.66,2026-07-30 16:00:29,0,-3.53,3.98,30-Jul-2025,30-Jun-2026,4.315824690531951,-20.410912765240823,,,ICICI BANK LIMITED,-0.55,2026-07-30 19:48:35
0,M&MEQN,72.8,M&M,EQ,N,3294.6,4851980,3220.0,3327.0,3197.5,3221.8,15866023119.8,3839.9,2896.0,2933123350768.73,2026-07-30 16:00:29,0,2.67,7.36,30-Jul-2025,30-Jun-2026,14.200890648193964,-13.763812154696133,,,MAHINDRA & MAHINDRA LIMITED,2.26,2026-07-30 19:48:35
0,RELIANCEEQN,13.5,RELIANCE,EQ,N,1289.4,12158451,1279.8,1297.0,1275.3,1275.9,15689386754.91,1611.8,1249.8,8686354311529.18,2026-07-30 16:00:29,0,-8.56,-0.35,30-Jul-2025,30-Jun-2026,20.002481697481077,-3.168506961113778,,,RELIANCE INDUSTRIES LIMITED,1.06,2026-07-30 19:48:35
0,TCSEQN,-12.6,TCS,EQ,N,2434.0,4901582,2440.0,2495.0,2423.0,2446.6,12055686008.1,3350.0,1976.8,2478110387443.66,2026-07-30 16:00:29,0,-20.29,19.81,30-Jul-2025,30-Jun-2026,27.34328358208955,-23.128288142452448,,,TATA CONSULTANCY SERVICES LIMITED,-0.52,2026-07-30 19:48:35
0,EICHERMOTEQN,130.0,EICHERMOT,EQ,N,7909.0,1496307,7869.5,7930.0,7730.0,7779.0,11742478665.48,8230.0,5353.0,1086933343021.75,2026-07-30 16:00:29,0,44.3,11.81,30-Jul-2025,30-Jun-2026,3.9003645200486026,-47.748925835979826,,,EICHER MOTORS LIMITED,1.67,2026-07-30 19:48:35
0,BHARTIARTLEQN,-3.6,BHARTIARTL,EQ,N,1946.6,5356472,1954.0,1963.2,1943.9,1950.2,10462475369.28,2174.5,1740.5,6044959384312.81,2026-07-30 16:00:29,0,0.72,5.11,30-Jul-2025,30-Jun-2026,10.48057024603357,-11.841424877908647,,,BHARTI AIRTEL LIMITED,-0.18,2026-07-30 19:48:35
0,BAJFINANCEEQN,3.6,BAJFINANCE,EQ,N,1058.0,9866564,1046.0,1068.0,1035.1,1054.4,10348150988.84,1102.5,787.9,2827745664588.37,2026-07-30 16:00:29,0,19.57,5.3,30-Jul-2025,30-Jun-2026,4.036281179138322,-34.28100012691966,,,BAJAJ FINANCE LIMITED,0.34,2026-07-30 19:48:35
0,WIPROEQN,2.8,WIPRO,EQ,N,186.41,54015268,183.4,191.34,183.4,183.61,10162972674.2,273.1,169.0,502918719962.09,2026-07-30 16:00:29,0,-25.5,9.4,30-Jul-2025,30-Jun-2026,31.74295129989015,-10.301775147928995,,,WIPRO LIMITED,1.52,2026-07-30 19:48:35
0,ETERNALEQN,-1.75,ETERNAL,EQ,N,310.05,32431887,307.0,312.25,305.0,311.8,9972480933.63,368.45,212.6,2235244736574.58,2026-07-30 16:00:29,0,2.17,17.18,30-Jul-2025,30-Jun-2026,15.850183199891438,-45.83725305738476,,,ETERNAL LIMITED,-0.56,2026-07-30 19:48:35
0,COALINDIAEQN,7.35,COALINDIA,EQ,N,417.4,23225454,412.95,418.3,410.1,410.05,9640653700.86,491.25,368.65,997004023159.33,2026-07-30 16:00:29,0,9.87,-4.93,30-Jul-2025,30-Jun-2026,15.033078880407125,-13.223925132239252,,,COAL INDIA LIMITED,1.79,2026-07-30 19:48:35
0,ADANIPORTSEQN,-58.2,ADANIPORTS,EQ,N,1661.5,5395211,1726.7,1727.7,1658.4,1719.7,9016638479.53,1891.1,1290.5,1222323805848.08,2026-07-30 16:00:29,0,19.19,-8.21,30-Jul-2025,30-Jun-2026,12.141081909999471,-28.748547074777218,,,ADANI PORTS AND SPECIAL ECONOMIC ZONE LIMITED,-3.38,2026-07-30 19:48:35
0,MARUTIEQN,232.0,MARUTI,EQ,N,14180.0,626000,13939.0,14250.0,13825.0,13948.0,8763230020.0,17370.0,12201.0,1844681206163.64,2026-07-30 16:00:29,0,12.38,0.46,30-Jul-2025,30-Jun-2026,18.364997121473806,-16.21998196869109,,,MARUTI SUZUKI INDIA LIMITED,1.66,2026-07-30 19:48:35
0,AXISBANKEQN,-4.6,AXISBANK,EQ,N,1230.8,6878684,1229.0,1232.2,1220.2,1235.4,8429689668.32,1418.3,1042.5,3525636537742.45,2026-07-30 16:00:29,0,14.67,-8.54,30-Jul-2025,30-Jun-2026,13.220052175139251,-18.062350119904078,,,AXIS BANK LIMITED,-0.37,2026-07-30 19:48:35
0,LTEQN,9.1,LT,EQ,N,3940.5,2141252,3931.4,3951.7,3883.5,3931.4,8412872045.4,4440.0,3288.1,4599211741518.72,2026-07-30 16:00:29,0,7.51,-4.9,30-Jul-2025,30-Jun-2026,11.25,-19.841245704206077,,,LARSEN & TOUBRO LIMITED,0.23,2026-07-30 19:48:35
0,SBINEQN,10.3,SBIN,EQ,N,1024.0,6847458,1013.5,1028.3,1007.6,1013.7,6986940719.46,1234.7,786.55,4220811397058.94,2026-07-30 16:00:29,0,27.74,-0.28,30-Jul-2025,30-Jun-2026,17.064874058475745,-30.188799186320004,,,STATE BANK OF INDIA,1.02,2026-07-30 19:48:35
0,TECHMEQN,17.2,TECHM,EQ,N,1661.4,4167643,1649.0,1686.6,1638.1,1644.2,6976926117.01,1854.0,1304.1,1052212537214.25,2026-07-30 16:00:29,0,13.55,18.27,30-Jul-2025,30-Jun-2026,10.388349514563107,-27.398205659075224,,,TECH MAHINDRA LIMITED,1.05,2026-07-30 19:48:35
0,ASIANPAINTEQN,-8.4,ASIANPAINT,EQ,N,2750.0,2387024,2758.1,2767.9,2666.2,2758.4,6501966933.12,2985.7,2115.0,1240145623693.76,2026-07-30 16:00:29,0,13.83,4.34,30-Jul-2025,30-Jun-2026,7.894296144957631,-30.023640661938533,,,ASIAN PAINTS LIMITED,-0.3,2026-07-30 19:48:35
0,BELEQN,-2.8,BEL,EQ,N,384.75,16521484,386.0,387.5,382.7,387.55,6356310539.32,473.45,361.2,1374204727253.93,2026-07-30 16:00:29,0,-0.45,-6.57,30-Jul-2025,30-Jun-2026,18.734818882669764,-6.519933554817276,,,BHARAT ELECTRONICS LIMITED,-0.72,2026-07-30 19:48:35
0,NESTLEINDEQN,15.7,NESTLEIND,EQ,N,1519.0,3698063,1503.3,1532.6,1497.0,1503.3,5624568919.85,1532.6,1084.7,1086093281065.1,2026-07-30 16:00:29,0,36.14,8.1,30-Jul-2025,30-Jun-2026,0.8873809213101919,-40.03872038351618,,,NESTLE INDIA LIMITED,1.04,2026-07-30 19:48:35
0,SHRIRAMFINEQN,-15.7,SHRIRAMFIN,EQ,N,1029.0,5425880,1038.0,1051.0,1019.5,1044.7,5574711888.4,1108.0,566.5,1437137311112.52,2026-07-30 16:00:29,0,62.61,-1.26,30-Jul-2025,30-Jun-2026,7.129963898916968,-81.64165931156222,,,SHRIRAM FINANCE LIMITED,-1.5,2026-07-30 19:48:35
0,HINDUNILVREQN,-10.8,HINDUNILVR,EQ,N,2107.0,2602039,2120.0,2132.6,2088.0,2117.8,5478124747.48,2750.0,2016.0,1864069949678.92,2026-07-30 16:00:29,0,-13.56,-0.53,30-Jul-2025,30-Jun-2026,23.381818181818183,-4.513888888888889,,,HINDUSTAN UNILEVER LIMITED,-0.51,2026-07-30 19:48:35
0,ITCEQN,-0.7,ITC,EQ,N,285.55,18283697,286.1,288.4,283.75,286.25,5224200743.81,427.0,275.0,2744908844595.67,2026-07-30 16:00:29,0,-29.94,-0.49,30-Jul-2025,30-Jun-2026,33.12646370023419,-3.8363636363636364,,,ITC LIMITED,-0.24,2026-07-30 19:48:35
0,HCLTECHEQN,7.2,HCLTECH,EQ,N,1351.5,3747919,1349.0,1369.9,1345.6,1344.3,5097507152.71,1780.1,1030.0,1420880972267.0,2026-07-30 16:00:29,0,-8.47,26.1,30-Jul-2025,30-Jun-2026,24.077299028144488,-31.21359223300971,,,HCL TECHNOLOGIES LIMITED,0.54,2026-07-30 19:48:35
0,KOTAKBANKEQN,-2.6,KOTAKBANK,EQ,N,387.6,12205963,385.7,390.2,385.7,390.2,4742993102.54,453.2,345.5,2845977112500.26,2026-07-30 16:00:29,0,-1.11,-1.19,30-Jul-2025,30-Jun-2026,14.474845542806708,-12.185238784370478,,,KOTAK MAHINDRA BANK LIMITED,-0.67,2026-07-30 19:48:35
0,SUNPHARMAEQN,15.1,SUNPHARMA,EQ,N,2005.0,2224264,1993.1,2017.3,1988.0,1989.9,4464453730.24,2017.3,1548.0,2117111838529.49,2026-07-30 16:00:29,0,15.64,7.65,30-Jul-2025,30-Jun-2026,0.6097258712139989,-29.521963824289404,,,SUN PHARMACEUTICAL INDUSTRIES LIMITED,0.76,2026-07-30 19:48:35
0,HINDALCOEQN,7.05,HINDALCO,EQ,N,969.5,4259226,968.0,973.05,960.6,962.45,4118969687.82,1176.0,657.5,1399812364334.5,2026-07-30 16:00:29,0,40.75,1.35,30-Jul-2025,30-Jun-2026,17.55952380952381,-47.452471482889734,,,HINDALCO INDUSTRIES LIMITED,0.73,2026-07-30 19:48:35
0,ADANIENTEQN,25.5,ADANIENT,EQ,N,3050.0,1278332,3024.5,3060.9,2994.6,3024.5,3882677783.6,3245.0,1753.0,913098756508.21,2026-07-30 16:00:29,0,24.03,0.46,30-Jul-2025,30-Jun-2026,6.00924499229584,-73.9874500855676,,,ADANI ENTERPRISES LIMITED,0.84,2026-07-30 19:48:35
0,JIOFINEQN,-2.81,JIOFIN,EQ,N,246.67,15570324,248.75,249.9,245.1,249.48,3842755963.2,338.6,223.3,807083544996.55,2026-07-30 16:00:29,0,-22.99,4.33,30-Jul-2025,30-Jun-2026,27.15002953337271,-10.465741155396328,,,JIO FINANCIAL SERVICES LIMITED,-1.13,2026-07-30 19:48:35
0,TITANEQN,-6.3,TITAN,EQ,N,4843.9,777361,4820.9,4869.9,4820.9,4850.2,3767503407.33,4869.9,3303.1,1994286097671.63,2026-07-30 16:00:29,0,43.46,9.99,30-Jul-2025,30-Jun-2026,0.533891866362759,-46.64708909811995,,,TITAN COMPANY LIMITED,-0.13,2026-07-30 19:48:35
0,ULTRACEMCOEQN,92.0,ULTRACEMCO,EQ,N,11850.0,291418,11800.0,11861.0,11730.0,11998.0,3440801467.8,13110.0,10325.0,1398368106960.24,2026-07-30 16:00:29,0,-3.41,5.31,30-Jul-2025,30-Jun-2026,9.610983981693364,-14.76997578692494,,,ULTRATECH CEMENT LIMITED,0.78,2026-07-30 19:48:35
0,NTPCEQN,1.65,NTPC,EQ,N,345.15,9943764,343.5,347.65,341.85,343.5,3429504765.96,414.4,315.55,1631724403926.03,2026-07-30 16:00:29,0,1.87,-3.22,30-Jul-2025,30-Jun-2026,16.710907335907336,-9.380446838852796,,,NTPC LIMITED,0.48,2026-07-30 19:48:35
0,BAJAJ-AUTOEQN,107.0,BAJAJ-AUTO,EQ,N,11445.0,295600,11338.0,11525.0,11305.5,11338.0,3383889868.0,11532.0,7858.5,1264023467645.08,2026-07-30 16:00:29,0,42.29,17.8,30-Jul-2025,30-Jun-2026,0.7544224765868887,-45.63848062607368,,,BAJAJ AUTO LIMITED,0.94,2026-07-30 19:48:35
0,INDIGOEQN,-58.5,INDIGO,EQ,N,5218.0,549497,5210.0,5258.0,5194.0,5276.5,2872643931.69,6232.5,3895.2,1177843830371.66,2026-07-30 16:00:29,0,-9.09,-2.8,30-Jul-2025,30-Jun-2026,16.277577216205376,-33.95974532758267,,,INTERGLOBE AVIATION LIMITED,-1.11,2026-07-30 19:48:35
0,SBILIFEEQN,-27.8,SBILIFE,EQ,N,1867.1,1513264,1882.2,1910.0,1862.6,1894.9,2858843216.16,2132.0,1700.4,836655989360.71,2026-07-30 16:00:29,0,1.52,5.74,30-Jul-2025,30-Jun-2026,12.424953095684803,-9.803575629263703,,,SBI LIFE INSURANCE COMPANY LIMITED,-1.47,2026-07-30 19:48:35
0,ONGCEQN,2.99,ONGC,EQ,N,241.3,11419363,239.5,244.39,239.06,238.31,2768624559.35,307.5,227.65,934707283642.2,2026-07-30 16:00:29,0,-0.21,2.72,30-Jul-2025,30-Jun-2026,21.528455284552845,-5.996046562705908,,,OIL & NATURAL GAS CORPORATION LIMITED,1.25,2026-07-30 19:48:35
0,TATASTEELEQN,-0.28,TATASTEEL,EQ,N,186.99,13769746,188.01,188.99,186.1,187.27,2576732568.98,224.4,152.51,1541351160652.42,2026-07-30 16:00:29,0,15.88,-0.57,30-Jul-2025,30-Jun-2026,16.671122994652407,-22.60835355058685,,,TATA STEEL LIMITED,-0.15,2026-07-30 19:48:35
0,TRENTEQN,-1.3,TRENT,EQ,N,3003.9,806910,3020.2,3042.6,2982.0,3005.2,2423376664.8,3782.67,2183.67,996732662909.66,2026-07-30 16:00:29,0,-10.66,-8.49,30-Jul-2025,30-Jun-2026,20.58783874882028,-37.56199425737405,,,TRENT LIMITED,-0.04,2026-07-30 19:48:35
0,HDFCLIFEEQN,-11.65,HDFCLIFE,EQ,N,545.05,4394541,557.0,558.85,544.7,556.7,2406538542.42,815.0,543.0,588634041770.54,2026-07-30 16:00:29,0,-28.04,-5.35,30-Jul-2025,30-Jun-2026,33.122699386503065,-0.3775322283609576,,,HDFC LIFE INSURANCE COMPANY LIMITED,-2.09,2026-07-30 19:48:35
0,APOLLOHOSPEQN,24.0,APOLLOHOSP,EQ,N,8959.0,263013,8900.0,9009.0,8865.5,8935.0,2359053021.42,9009.0,6696.5,919392943478.69,2026-07-30 16:00:29,0,20.26,3.19,30-Jul-2025,30-Jun-2026,0.555000555000555,-33.78630627939969,,,APOLLO HOSPITALS ENTERPRISE LIMITED,0.27,2026-07-30 19:48:35
0,POWERGRIDEQN,2.5,POWERGRID,EQ,N,285.35,7903593,283.4,287.1,283.0,282.85,2254974118.83,324.95,250.0,1288609092539.81,2026-07-30 16:00:29,0,-1.25,-0.33,30-Jul-2025,30-Jun-2026,12.186490229266042,-14.14,,,POWER GRID CORPORATION OF INDIA LIMITED,0.88,2026-07-30 19:48:35
0,TMPVEQN,5.1,TMPV,EQ,N,334.9,6078600,328.2,335.0,328.05,329.8,2019797208.0,739.7,294.3,697961149137.43,2026-07-30 16:00:29,0,-49.9,-4.91,30-Jul-2025,30-Jun-2026,54.72488846829796,-13.795446822969758,,,TATA MOTORS PASSENGER VEHICLES LIMITED,1.55,2026-07-30 19:48:35
0,TATACONSUMEQN,-1.1,TATACONSUM,EQ,N,1095.0,1677784,1096.1,1108.9,1090.4,1096.1,1841636385.44,1282.7,1007.2,711099193573.79,2026-07-30 16:00:29,0,2.04,1.8,30-Jul-2025,30-Jun-2026,14.63319560302487,-8.717235901509135,,,TATA CONSUMER PRODUCTS LIMITED,-0.1,2026-07-30 19:48:35
0,MAXHEALTHEQN,12.6,MAXHEALTH,EQ,N,1124.0,1610692,1112.0,1135.9,1110.3,1111.4,1813574764.32,1301.7,903.0,834207449679.87,2026-07-30 16:00:29,0,-11.12,-0.46,30-Jul-2025,30-Jun-2026,13.65137896596758,-24.473975636766333,,,MAX HEALTHCARE INSTITUTE LIMITED,1.13,2026-07-30 19:48:35
0,DRREDDYEQN,2.0,DRREDDY,EQ,N,1144.3,1350714,1143.0,1151.0,1139.0,1142.3,1544257809.06,1414.9,1101.0,695598263003.41,2026-07-30 16:00:29,0,-11.44,-15.68,30-Jul-2025,30-Jun-2026,19.125026503639834,-3.932788374205268,,,DR. REDDY'S LABORATORIES LIMITED,0.18,2026-07-30 19:48:35
0,BAJAJFINSVEQN,-15.4,BAJAJFINSV,EQ,N,1909.0,752615,1918.3,1933.4,1892.3,1924.4,1435951789.25,2195.0,1597.0,1102070234202.81,2026-07-30 16:00:29,0,-2.59,7.24,30-Jul-2025,30-Jun-2026,13.029612756264237,-19.536631183469005,,,BAJAJ FINSERV LIMITED,-0.8,2026-07-30 19:48:35
0,CIPLAEQN,-6.3,CIPLA,EQ,N,1468.0,833068,1478.8,1483.8,1464.1,1474.3,1226700960.68,1673.0,1165.7,823709433326.43,2026-07-30 16:00:29,0,-5.86,0.18,30-Jul-2025,30-Jun-2026,12.253436939629408,-25.93291584455692,,,CIPLA LIMITED,-0.43,2026-07-30 19:48:35
0,JSWSTEELEQN,-8.1,JSWSTEEL,EQ,N,1268.5,923153,1279.1,1304.5,1261.5,1276.6,1171176516.51,1328.0,1018.0,1186453565545.05,2026-07-30 16:00:29,0,22.22,3.43,30-Jul-2025,30-Jun-2026,4.480421686746988,-24.607072691552062,,,JSW STEEL LIMITED,-0.63,2026-07-30 19:48:35
0,GRASIMEQN,-12.9,GRASIM,EQ,N,3100.1,301353,3115.0,3115.5,3085.5,3113.0,933920068.77,3246.0,2502.5,1166435037062.31,2026-07-30 16:00:29,0,12.38,0.0,30-Jul-2025,30-Jun-2026,4.494762784966112,-23.88011988011988,,,GRASIM INDUSTRIES LIMITED,-0.41,2026-07-30 19:48:35
1,NIFTY 50,66.95,NIFTY 50,,,24317.15,400636260,24249.55,24342.95,24187.1,24250.2,335660224755.62,26373.2,22182.55,,2026-07-30 15:39:59,0,-2.16,1.89,29-Jul-2025,29-Jun-2026,7.795982285046942,-9.622879245172443,,,,0.28,2026-07-30 19:53:18
0,HDFCBANKEQN,5.2,HDFCBANK,EQ,N,753.4,35844392,752.8,757.9,745.5,748.2,26916270840.64,1020.5,726.65,11507952979097.49,2026-07-30 16:00:29,0,-25.62,-5.58,30-Jul-2025,30-Jun-2026,26.1734443900049,-3.6812770935113193,,,HDFC BANK LIMITED,0.7,2026-07-30 19:53:18
0,INFYEQN,-0.6,INFY,EQ,N,1155.0,22630218,1168.0,1187.7,1151.3,1155.6,26545698318.36,1728.0,982.4,4040155038730.84,2026-07-30 16:00:29,0,-23.96,15.45,30-Jul-2025,30-Jun-2026,33.15972222222222,-17.569218241042346,,,INFOSYS LIMITED,-0.05,2026-07-30 19:53:18
0,ICICIBANKEQN,-7.9,ICICIBANK,EQ,N,1430.0,14141173,1431.1,1442.2,1422.6,1437.9,20232907504.94,1494.5,1187.6,10218404351568.66,2026-07-30 16:00:29,0,-3.53,3.98,30-Jul-2025,30-Jun-2026,4.315824690531951,-20.410912765240823,,,ICICI BANK LIMITED,-0.55,2026-07-30 19:53:18
0,M&MEQN,72.8,M&M,EQ,N,3294.6,4851980,3220.0,3327.0,3197.5,3221.8,15866023119.8,3839.9,2896.0,2933123350768.73,2026-07-30 16:00:29,0,2.67,7.36,30-Jul-2025,30-Jun-2026,14.200890648193964,-13.763812154696133,,,MAHINDRA & MAHINDRA LIMITED,2.26,2026-07-30 19:53:18
0,RELIANCEEQN,13.5,RELIANCE,EQ,N,1289.4,12158451,1279.8,1297.0,1275.3,1275.9,15689386754.91,1611.8,1249.8,8686354311529.18,2026-07-30 16:00:29,0,-8.56,-0.35,30-Jul-2025,30-Jun-2026,20.002481697481077,-3.168506961113778,,,RELIANCE INDUSTRIES LIMITED,1.06,2026-07-30 19:53:18
0,TCSEQN,-12.6,TCS,EQ,N,2434.0,4901582,2440.0,2495.0,2423.0,2446.6,12055686008.1,3350.0,1976.8,2478110387443.66,2026-07-30 16:00:29,0,-20.29,19.81,30-Jul-2025,30-Jun-2026,27.34328358208955,-23.128288142452448,,,TATA CONSULTANCY SERVICES LIMITED,-0.52,2026-07-30 19:53:18
0,EICHERMOTEQN,130.0,EICHERMOT,EQ,N,7909.0,1496307,7869.5,7930.0,7730.0,7779.0,11742478665.48,8230.0,5353.0,1086933343021.75,2026-07-30 16:00:29,0,44.3,11.81,30-Jul-2025,30-Jun-2026,3.9003645200486026,-47.748925835979826,,,EICHER MOTORS LIMITED,1.67,2026-07-30 19:53:18
0,BHARTIARTLEQN,-3.6,BHARTIARTL,EQ,N,1946.6,5356472,1954.0,1963.2,1943.9,1950.2,10462475369.28,2174.5,1740.5,6044959384312.81,2026-07-30 16:00:29,0,0.72,5.11,30-Jul-2025,30-Jun-2026,10.48057024603357,-11.841424877908647,,,BHARTI AIRTEL LIMITED,-0.18,2026-07-30 19:53:18
0,BAJFINANCEEQN,3.6,BAJFINANCE,EQ,N,1058.0,9866564,1046.0,1068.0,1035.1,1054.4,10348150988.84,1102.5,787.9,2827745664588.37,2026-07-30 16:00:29,0,19.57,5.3,30-Jul-2025,30-Jun-2026,4.036281179138322,-34.28100012691966,,,BAJAJ FINANCE LIMITED,0.34,2026-07-30 19:53:18
0,WIPROEQN,2.8,WIPRO,EQ,N,186.41,54015268,183.4,191.34,183.4,183.61,10162972674.2,273.1,169.0,502918719962.09,2026-07-30 16:00:29,0,-25.5,9.4,30-Jul-2025,30-Jun-2026,31.74295129989015,-10.301775147928995,,,WIPRO LIMITED,1.52,2026-07-30 19:53:18
0,ETERNALEQN,-1.75,ETERNAL,EQ,N,310.05,32431887,307.0,312.25,305.0,311.8,9972480933.63,368.45,212.6,2235244736574.58,2026-07-30 16:00:29,0,2.17,17.18,30-Jul-2025,30-Jun-2026,15.850183199891438,-45.83725305738476,,,ETERNAL LIMITED,-0.56,2026-07-30 19:53:18
0,COALINDIAEQN,7.35,COALINDIA,EQ,N,417.4,23225454,412.95,418.3,410.1,410.05,9640653700.86,491.25,368.65,997004023159.33,2026-07-30 16:00:29,0,9.87,-4.93,30-Jul-2025,30-Jun-2026,15.033078880407125,-13.223925132239252,,,COAL INDIA LIMITED,1.79,2026-07-30 19:53:18
0,ADANIPORTSEQN,-58.2,ADANIPORTS,EQ,N,1661.5,5395211,1726.7,1727.7,1658.4,1719.7,9016638479.53,1891.1,1290.5,1222323805848.08,2026-07-30 16:00:29,0,19.19,-8.21,30-Jul-2025,30-Jun-2026,12.141081909999471,-28.748547074777218,,,ADANI PORTS AND SPECIAL ECONOMIC ZONE LIMITED,-3.38,2026-07-30 19:53:18
0,MARUTIEQN,232.0,MARUTI,EQ,N,14180.0,626000,13939.0,14250.0,13825.0,13948.0,8763230020.0,17370.0,12201.0,1844681206163.64,2026-07-30 16:00:29,0,12.38,0.46,30-Jul-2025,30-Jun-2026,18.364997121473806,-16.21998196869109,,,MARUTI SUZUKI INDIA LIMITED,1.66,2026-07-30 19:53:18
0,AXISBANKEQN,-4.6,AXISBANK,EQ,N,1230.8,6878684,1229.0,1232.2,1220.2,1235.4,8429689668.32,1418.3,1042.5,3525636537742.45,2026-07-30 16:00:29,0,14.67,-8.54,30-Jul-2025,30-Jun-2026,13.220052175139251,-18.062350119904078,,,AXIS BANK LIMITED,-0.37,2026-07-30 19:53:18
0,LTEQN,9.1,LT,EQ,N,3940.5,2141252,3931.4,3951.7,3883.5,3931.4,8412872045.4,4440.0,3288.1,4599211741518.72,2026-07-30 16:00:29,0,7.51,-4.9,30-Jul-2025,30-Jun-2026,11.25,-19.841245704206077,,,LARSEN & TOUBRO LIMITED,0.23,2026-07-30 19:53:18
0,SBINEQN,10.3,SBIN,EQ,N,1024.0,6847458,1013.5,1028.3,1007.6,1013.7,6986940719.46,1234.7,786.55,4220811397058.94,2026-07-30 16:00:29,0,27.74,-0.28,30-Jul-2025,30-Jun-2026,17.064874058475745,-30.188799186320004,,,STATE BANK OF INDIA,1.02,2026-07-30 19:53:18
0,TECHMEQN,17.2,TECHM,EQ,N,1661.4,4167643,1649.0,1686.6,1638.1,1644.2,6976926117.01,1854.0,1304.1,1052212537214.25,2026-07-30 16:00:29,0,13.55,18.27,30-Jul-2025,30-Jun-2026,10.388349514563107,-27.398205659075224,,,TECH MAHINDRA LIMITED,1.05,2026-07-30 19:53:18
0,ASIANPAINTEQN,-8.4,ASIANPAINT,EQ,N,2750.0,2387024,2758.1,2767.9,2666.2,2758.4,6501966933.12,2985.7,2115.0,1240145623693.76,2026-07-30 16:00:29,0,13.83,4.34,30-Jul-2025,30-Jun-2026,7.894296144957631,-30.023640661938533,,,ASIAN PAINTS LIMITED,-0.3,2026-07-30 19:53:18
0,BELEQN,-2.8,BEL,EQ,N,384.75,16521484,386.0,387.5,382.7,387.55,6356310539.32,473.45,361.2,1374204727253.93,2026-07-30 16:00:29,0,-0.45,-6.57,30-Jul-2025,30-Jun-2026,18.734818882669764,-6.519933554817276,,,BHARAT ELECTRONICS LIMITED,-0.72,2026-07-30 19:53:18
0,NESTLEINDEQN,15.7,NESTLEIND,EQ,N,1519.0,3698063,1503.3,1532.6,1497.0,1503.3,5624568919.85,1532.6,1084.7,1086093281065.1,2026-07-30 16:00:29,0,36.14,8.1,30-Jul-2025,30-Jun-2026,0.8873809213101919,-40.03872038351618,,,NESTLE INDIA LIMITED,1.04,2026-07-30 19:53:18
0,SHRIRAMFINEQN,-15.7,SHRIRAMFIN,EQ,N,1029.0,5425880,1038.0,1051.0,1019.5,1044.7,5574711888.4,1108.0,566.5,1437137311112.52,2026-07-30 16:00:29,0,62.61,-1.26,30-Jul-2025,30-Jun-2026,7.129963898916968,-81.64165931156222,,,SHRIRAM FINANCE LIMITED,-1.5,2026-07-30 19:53:18
0,HINDUNILVREQN,-10.8,HINDUNILVR,EQ,N,2107.0,2602039,2120.0,2132.6,2088.0,2117.8,5478124747.48,2750.0,2016.0,1864069949678.92,2026-07-30 16:00:29,0,-13.56,-0.53,30-Jul-2025,30-Jun-2026,23.381818181818183,-4.513888888888889,,,HINDUSTAN UNILEVER LIMITED,-0.51,2026-07-30 19:53:18
0,ITCEQN,-0.7,ITC,EQ,N,285.55,18283697,286.1,288.4,283.75,286.25,5224200743.81,427.0,275.0,2744908844595.67,2026-07-30 16:00:29,0,-29.94,-0.49,30-Jul-2025,30-Jun-2026,33.12646370023419,-3.8363636363636364,,,ITC LIMITED,-0.24,2026-07-30 19:53:18
0,HCLTECHEQN,7.2,HCLTECH,EQ,N,1351.5,3747919,1349.0,1369.9,1345.6,1344.3,5097507152.71,1780.1,1030.0,1420880972267.0,2026-07-30 16:00:29,0,-8.47,26.1,30-Jul-2025,30-Jun-2026,24.077299028144488,-31.21359223300971,,,HCL TECHNOLOGIES LIMITED,0.54,2026-07-30 19:53:18
0,KOTAKBANKEQN,-2.6,KOTAKBANK,EQ,N,387.6,12205963,385.7,390.2,385.7,390.2,4742993102.54,453.2,345.5,2845977112500.26,2026-07-30 16:00:29,0,-1.11,-1.19,30-Jul-2025,30-Jun-2026,14.474845542806708,-12.185238784370478,,,KOTAK MAHINDRA BANK LIMITED,-0.67,2026-07-30 19:53:18
0,SUNPHARMAEQN,15.1,SUNPHARMA,EQ,N,2005.0,2224264,1993.1,2017.3,1988.0,1989.9,4464453730.24,2017.3,1548.0,2117111838529.49,2026-07-30 16:00:29,0,15.64,7.65,30-Jul-2025,30-Jun-2026,0.6097258712139989,-29.521963824289404,,,SUN PHARMACEUTICAL INDUSTRIES LIMITED,0.76,2026-07-30 19:53:18
0,HINDALCOEQN,7.05,HINDALCO,EQ,N,969.5,4259226,968.0,973.05,960.6,962.45,4118969687.82,1176.0,657.5,1399812364334.5,2026-07-30 16:00:29,0,40.75,1.35,30-Jul-2025,30-Jun-2026,17.55952380952381,-47.452471482889734,,,HINDALCO INDUSTRIES LIMITED,0.73,2026-07-30 19:53:18
0,ADANIENTEQN,25.5,ADANIENT,EQ,N,3050.0,1278332,3024.5,3060.9,2994.6,3024.5,3882677783.6,3245.0,1753.0,913098756508.21,2026-07-30 16:00:29,0,24.03,0.46,30-Jul-2025,30-Jun-2026,6.00924499229584,-73.9874500855676,,,ADANI ENTERPRISES LIMITED,0.84,2026-07-30 19:53:18
0,JIOFINEQN,-2.81,JIOFIN,EQ,N,246.67,15570324,248.75,249.9,245.1,249.48,3842755963.2,338.6,223.3,807083544996.55,2026-07-30 16:00:29,0,-22.99,4.33,30-Jul-2025,30-Jun-2026,27.15002953337271,-10.465741155396328,,,JIO FINANCIAL SERVICES LIMITED,-1.13,2026-07-30 19:53:18
0,TITANEQN,-6.3,TITAN,EQ,N,4843.9,777361,4820.9,4869.9,4820.9,4850.2,3767503407.33,4869.9,3303.1,1994286097671.63,2026-07-30 16:00:29,0,43.46,9.99,30-Jul-2025,30-Jun-2026,0.533891866362759,-46.64708909811995,,,TITAN COMPANY LIMITED,-0.13,2026-07-30 19:53:18
0,ULTRACEMCOEQN,92.0,ULTRACEMCO,EQ,N,11850.0,291418,11800.0,11861.0,11730.0,11998.0,3440801467.8,13110.0,10325.0,1398368106960.24,2026-07-30 16:00:29,0,-3.41,5.31,30-Jul-2025,30-Jun-2026,9.610983981693364,-14.76997578692494,,,ULTRATECH CEMENT LIMITED,0.78,2026-07-30 19:53:18
0,NTPCEQN,1.65,NTPC,EQ,N,345.15,9943764,343.5,347.65,341.85,343.5,3429504765.96,414.4,315.55,1631724403926.03,2026-07-30 16:00:29,0,1.87,-3.22,30-Jul-2025,30-Jun-2026,16.710907335907336,-9.380446838852796,,,NTPC LIMITED,0.48,2026-07-30 19:53:18
0,BAJAJ-AUTOEQN,107.0,BAJAJ-AUTO,EQ,N,11445.0,295600,11338.0,11525.0,11305.5,11338.0,3383889868.0,11532.0,7858.5,1264023467645.08,2026-07-30 16:00:29,0,42.29,17.8,30-Jul-2025,30-Jun-2026,0.7544224765868887,-45.63848062607368,,,BAJAJ AUTO LIMITED,0.94,2026-07-30 19:53:18
0,INDIGOEQN,-58.5,INDIGO,EQ,N,5218.0,549497,5210.0,5258.0,5194.0,5276.5,2872643931.69,6232.5,3895.2,1177843830371.66,2026-07-30 16:00:29,0,-9.09,-2.8,30-Jul-2025,30-Jun-2026,16.277577216205376,-33.95974532758267,,,INTERGLOBE AVIATION LIMITED,-1.11,2026-07-30 19:53:18
0,SBILIFEEQN,-27.8,SBILIFE,EQ,N,1867.1,1513264,1882.2,1910.0,1862.6,1894.9,2858843216.16,2132.0,1700.4,836655989360.71,2026-07-30 16:00:29,0,1.52,5.74,30-Jul-2025,30-Jun-2026,12.424953095684803,-9.803575629263703,,,SBI LIFE INSURANCE COMPANY LIMITED,-1.47,2026-07-30 19:53:18
0,ONGCEQN,2.99,ONGC,EQ,N,241.3,11419363,239.5,244.39,239.06,238.31,2768624559.35,307.5,227.65,934707283642.2,2026-07-30 16:00:29,0,-0.21,2.72,30-Jul-2025,30-Jun-2026,21.528455284552845,-5.996046562705908,,,OIL & NATURAL GAS CORPORATION LIMITED,1.25,2026-07-30 19:53:18
0,TATASTEELEQN,-0.28,TATASTEEL,EQ,N,186.99,13769746,188.01,188.99,186.1,187.27,2576732568.98,224.4,152.51,1541351160652.42,2026-07-30 16:00:29,0,15.88,-0.57,30-Jul-2025,30-Jun-2026,16.671122994652407,-22.60835355058685,,,TATA STEEL LIMITED,-0.15,2026-07-30 19:53:18
0,TRENTEQN,-1.3,TRENT,EQ,N,3003.9,806910,3020.2,3042.6,2982.0,3005.2,2423376664.8,3782.67,2183.67,996732662909.66,2026-07-30 16:00:29,0,-10.66,-8.49,30-Jul-2025,30-Jun-2026,20.58783874882028,-37.56199425737405,,,TRENT LIMITED,-0.04,2026-07-30 19:53:18
0,HDFCLIFEEQN,-11.65,HDFCLIFE,EQ,N,545.05,4394541,557.0,558.85,544.7,556.7,2406538542.42,815.0,543.0,588634041770.54,2026-07-30 16:00:29,0,-28.04,-5.35,30-Jul-2025,30-Jun-2026,33.122699386503065,-0.3775322283609576,,,HDFC LIFE INSURANCE COMPANY LIMITED,-2.09,2026-07-30 19:53:18
0,APOLLOHOSPEQN,24.0,APOLLOHOSP,EQ,N,8959.0,263013,8900.0,9009.0,8865.5,8935.0,2359053021.42,9009.0,6696.5,919392943478.69,2026-07-30 16:00:29,0,20.26,3.19,30-Jul-2025,30-Jun-2026,0.555000555000555,-33.78630627939969,,,APOLLO HOSPITALS ENTERPRISE LIMITED,0.27,2026-07-30 19:53:18
0,POWERGRIDEQN,2.5,POWERGRID,EQ,N,285.35,7903593,283.4,287.1,283.0,282.85,2254974118.83,324.95,250.0,1288609092539.81,2026-07-30 16:00:29,0,-1.25,-0.33,30-Jul-2025,30-Jun-2026,12.186490229266042,-14.14,,,POWER GRID CORPORATION OF INDIA LIMITED,0.88,2026-07-30 19:53:18
0,TMPVEQN,5.1,TMPV,EQ,N,334.9,6078600,328.2,335.0,328.05,329.8,2019797208.0,739.7,294.3,697961149137.43,2026-07-30 16:00:29,0,-49.9,-4.91,30-Jul-2025,30-Jun-2026,54.72488846829796,-13.795446822969758,,,TATA MOTORS PASSENGER VEHICLES LIMITED,1.55,2026-07-30 19:53:18
0,TATACONSUMEQN,-1.1,TATACONSUM,EQ,N,1095.0,1677784,1096.1,1108.9,1090.4,1096.1,1841636385.44,1282.7,1007.2,711099193573.79,2026-07-30 16:00:29,0,2.04,1.8,30-Jul-2025,30-Jun-2026,14.63319560302487,-8.717235901509135,,,TATA CONSUMER PRODUCTS LIMITED,-0.1,2026-07-30 19:53:18
0,MAXHEALTHEQN,12.6,MAXHEALTH,EQ,N,1124.0,1610692,1112.0,1135.9,1110.3,1111.4,1813574764.32,1301.7,903.0,834207449679.87,2026-07-30 16:00:29,0,-11.12,-0.46,30-Jul-2025,30-Jun-2026,13.65137896596758,-24.473975636766333,,,MAX HEALTHCARE INSTITUTE LIMITED,1.13,2026-07-30 19:53:18
0,DRREDDYEQN,2.0,DRREDDY,EQ,N,1144.3,1350714,1143.0,1151.0,1139.0,1142.3,1544257809.06,1414.9,1101.0,695598263003.41,2026-07-30 16:00:29,0,-11.44,-15.68,30-Jul-2025,30-Jun-2026,19.125026503639834,-3.932788374205268,,,DR. REDDY'S LABORATORIES LIMITED,0.18,2026-07-30 19:53:18
0,BAJAJFINSVEQN,-15.4,BAJAJFINSV,EQ,N,1909.0,752615,1918.3,1933.4,1892.3,1924.4,1435951789.25,2195.0,1597.0,1102070234202.81,2026-07-30 16:00:29,0,-2.59,7.24,30-Jul-2025,30-Jun-2026,13.029612756264237,-19.536631183469005,,,BAJAJ FINSERV LIMITED,-0.8,2026-07-30 19:53:18
0,CIPLAEQN,-6.3,CIPLA,EQ,N,1468.0,833068,1478.8,1483.8,1464.1,1474.3,1226700960.68,1673.0,1165.7,823709433326.43,2026-07-30 16:00:29,0,-5.86,0.18,30-Jul-2025,30-Jun-2026,12.253436939629408,-25.93291584455692,,,CIPLA LIMITED,-0.43,2026-07-30 19:53:18
0,JSWSTEELEQN,-8.1,JSWSTEEL,EQ,N,1268.5,923153,1279.1,1304.5,1261.5,1276.6,1171176516.51,1328.0,1018.0,1186453565545.05,2026-07-30 16:00:29,0,22.22,3.43,30-Jul-2025,30-Jun-2026,4.480421686746988,-24.607072691552062,,,JSW STEEL LIMITED,-0.63,2026-07-30 19:53:18
0,GRASIMEQN,-12.9,GRASIM,EQ,N,3100.1,301353,3115.0,3115.5,3085.5,3113.0,933920068.77,3246.0,2502.5,1166435037062.31,2026-07-30 16:00:29,0,12.38,0.0,30-Jul-2025,30-Jun-2026,4.494762784966112,-23.88011988011988,,,GRASIM INDUSTRIES LIMITED,-0.41,2026-07-30 19:53:18
1,NIFTY 50,66.95,NIFTY 50,,,24317.15,400636260,24249.55,24342.95,24187.1,24250.2,335660224755.62,26373.2,22182.55,,2026-07-30 15:39:59,0,-2.16,1.89,29-Jul-2025,29-Jun-2026,7.795982285046942,-9.622879245172443,,,,0.28,2026-07-30 20:09:05
0,HDFCBANKEQN,5.2,HDFCBANK,EQ,N,753.4,35844392,752.8,757.9,745.5,748.2,26916270840.64,1020.5,726.65,11507952979097.49,2026-07-30 16:00:29,0,-25.62,-5.58,30-Jul-2025,30-Jun-2026,26.1734443900049,-3.6812770935113193,,,HDFC BANK LIMITED,0.7,2026-07-30 20:09:05
0,INFYEQN,-0.6,INFY,EQ,N,1155.0,22630218,1168.0,1187.7,1151.3,1155.6,26545698318.36,1728.0,982.4,4040155038730.84,2026-07-30 16:00:29,0,-23.96,15.45,30-Jul-2025,30-Jun-2026,33.15972222222222,-17.569218241042346,,,INFOSYS LIMITED,-0.05,2026-07-30 20:09:05
0,ICICIBANKEQN,-7.9,ICICIBANK,EQ,N,1430.0,14141173,1431.1,1442.2,1422.6,1437.9,20232907504.94,1494.5,1187.6,10218404351568.66,2026-07-30 16:00:29,0,-3.53,3.98,30-Jul-2025,30-Jun-2026,4.315824690531951,-20.410912765240823,,,ICICI BANK LIMITED,-0.55,2026-07-30 20:09:05
0,M&MEQN,72.8,M&M,EQ,N,3294.6,4851980,3220.0,3327.0,3197.5,3221.8,15866023119.8,3839.9,2896.0,2933123350768.73,2026-07-30 16:00:29,0,2.67,7.36,30-Jul-2025,30-Jun-2026,14.200890648193964,-13.763812154696133,,,MAHINDRA & MAHINDRA LIMITED,2.26,2026-07-30 20:09:05
0,RELIANCEEQN,13.5,RELIANCE,EQ,N,1289.4,12158451,1279.8,1297.0,1275.3,1275.9,15689386754.91,1611.8,1249.8,8686354311529.18,2026-07-30 16:00:29,0,-8.56,-0.35,30-Jul-2025,30-Jun-2026,20.002481697481077,-3.168506961113778,,,RELIANCE INDUSTRIES LIMITED,1.06,2026-07-30 20:09:05
0,TCSEQN,-12.6,TCS,EQ,N,2434.0,4901582,2440.0,2495.0,2423.0,2446.6,12055686008.1,3350.0,1976.8,2478110387443.66,2026-07-30 16:00:29,0,-20.29,19.81,30-Jul-2025,30-Jun-2026,27.34328358208955,-23.128288142452448,,,TATA CONSULTANCY SERVICES LIMITED,-0.52,2026-07-30 20:09:05
0,EICHERMOTEQN,130.0,EICHERMOT,EQ,N,7909.0,1496307,7869.5,7930.0,7730.0,7779.0,11742478665.48,8230.0,5353.0,1086933343021.75,2026-07-30 16:00:29,0,44.3,11.81,30-Jul-2025,30-Jun-2026,3.9003645200486026,-47.748925835979826,,,EICHER MOTORS LIMITED,1.67,2026-07-30 20:09:05
0,BHARTIARTLEQN,-3.6,BHARTIARTL,EQ,N,1946.6,5356472,1954.0,1963.2,1943.9,1950.2,10462475369.28,2174.5,1740.5,6044959384312.81,2026-07-30 16:00:29,0,0.72,5.11,30-Jul-2025,30-Jun-2026,10.48057024603357,-11.841424877908647,,,BHARTI AIRTEL LIMITED,-0.18,2026-07-30 20:09:05
0,BAJFINANCEEQN,3.6,BAJFINANCE,EQ,N,1058.0,9866564,1046.0,1068.0,1035.1,1054.4,10348150988.84,1102.5,787.9,2827745664588.37,2026-07-30 16:00:29,0,19.57,5.3,30-Jul-2025,30-Jun-2026,4.036281179138322,-34.28100012691966,,,BAJAJ FINANCE LIMITED,0.34,2026-07-30 20:09:05
0,WIPROEQN,2.8,WIPRO,EQ,N,186.41,54015268,183.4,191.34,183.4,183.61,10162972674.2,273.1,169.0,502918719962.09,2026-07-30 16:00:29,0,-25.5,9.4,30-Jul-2025,30-Jun-2026,31.74295129989015,-10.301775147928995,,,WIPRO LIMITED,1.52,2026-07-30 20:09:05
0,ETERNALEQN,-1.75,ETERNAL,EQ,N,310.05,32431887,307.0,312.25,305.0,311.8,9972480933.63,368.45,212.6,2235244736574.58,2026-07-30 16:00:29,0,2.17,17.18,30-Jul-2025,30-Jun-2026,15.850183199891438,-45.83725305738476,,,ETERNAL LIMITED,-0.56,2026-07-30 20:09:05
0,COALINDIAEQN,7.35,COALINDIA,EQ,N,417.4,23225454,412.95,418.3,410.1,410.05,9640653700.86,491.25,368.65,997004023159.33,2026-07-30 16:00:29,0,9.87,-4.93,30-Jul-2025,30-Jun-2026,15.033078880407125,-13.223925132239252,,,COAL INDIA LIMITED,1.79,2026-07-30 20:09:05
0,ADANIPORTSEQN,-58.2,ADANIPORTS,EQ,N,1661.5,5395211,1726.7,1727.7,1658.4,1719.7,9016638479.53,1891.1,1290.5,1222323805848.08,2026-07-30 16:00:29,0,19.19,-8.21,30-Jul-2025,30-Jun-2026,12.141081909999471,-28.748547074777218,,,ADANI PORTS AND SPECIAL ECONOMIC ZONE LIMITED,-3.38,2026-07-30 20:09:05
0,MARUTIEQN,232.0,MARUTI,EQ,N,14180.0,626000,13939.0,14250.0,13825.0,13948.0,8763230020.0,17370.0,12201.0,1844681206163.64,2026-07-30 16:00:29,0,12.38,0.46,30-Jul-2025,30-Jun-2026,18.364997121473806,-16.21998196869109,,,MARUTI SUZUKI INDIA LIMITED,1.66,2026-07-30 20:09:05
0,AXISBANKEQN,-4.6,AXISBANK,EQ,N,1230.8,6878684,1229.0,1232.2,1220.2,1235.4,8429689668.32,1418.3,1042.5,3525636537742.45,2026-07-30 16:00:29,0,14.67,-8.54,30-Jul-2025,30-Jun-2026,13.220052175139251,-18.062350119904078,,,AXIS BANK LIMITED,-0.37,2026-07-30 20:09:05
0,LTEQN,9.1,LT,EQ,N,3940.5,2141252,3931.4,3951.7,3883.5,3931.4,8412872045.4,4440.0,3288.1,4599211741518.72,2026-07-30 16:00:29,0,7.51,-4.9,30-Jul-2025,30-Jun-2026,11.25,-19.841245704206077,,,LARSEN & TOUBRO LIMITED,0.23,2026-07-30 20:09:05
0,SBINEQN,10.3,SBIN,EQ,N,1024.0,6847458,1013.5,1028.3,1007.6,1013.7,6986940719.46,1234.7,786.55,4220811397058.94,2026-07-30 16:00:29,0,27.74,-0.28,30-Jul-2025,30-Jun-2026,17.064874058475745,-30.188799186320004,,,STATE BANK OF INDIA,1.02,2026-07-30 20:09:05
0,TECHMEQN,17.2,TECHM,EQ,N,1661.4,4167643,1649.0,1686.6,1638.1,1644.2,6976926117.01,1854.0,1304.1,1052212537214.25,2026-07-30 16:00:29,0,13.55,18.27,30-Jul-2025,30-Jun-2026,10.388349514563107,-27.398205659075224,,,TECH MAHINDRA LIMITED,1.05,2026-07-30 20:09:05
0,ASIANPAINTEQN,-8.4,ASIANPAINT,EQ,N,2750.0,2387024,2758.1,2767.9,2666.2,2758.4,6501966933.12,2985.7,2115.0,1240145623693.76,2026-07-30 16:00:29,0,13.83,4.34,30-Jul-2025,30-Jun-2026,7.894296144957631,-30.023640661938533,,,ASIAN PAINTS LIMITED,-0.3,2026-07-30 20:09:05
0,BELEQN,-2.8,BEL,EQ,N,384.75,16521484,386.0,387.5,382.7,387.55,6356310539.32,473.45,361.2,1374204727253.93,2026-07-30 16:00:29,0,-0.45,-6.57,30-Jul-2025,30-Jun-2026,18.734818882669764,-6.519933554817276,,,BHARAT ELECTRONICS LIMITED,-0.72,2026-07-30 20:09:05
0,NESTLEINDEQN,15.7,NESTLEIND,EQ,N,1519.0,3698063,1503.3,1532.6,1497.0,1503.3,5624568919.85,1532.6,1084.7,1086093281065.1,2026-07-30 16:00:29,0,36.14,8.1,30-Jul-2025,30-Jun-2026,0.8873809213101919,-40.03872038351618,,,NESTLE INDIA LIMITED,1.04,2026-07-30 20:09:05
0,SHRIRAMFINEQN,-15.7,SHRIRAMFIN,EQ,N,1029.0,5425880,1038.0,1051.0,1019.5,1044.7,5574711888.4,1108.0,566.5,1437137311112.52,2026-07-30 16:00:29,0,62.61,-1.26,30-Jul-2025,30-Jun-2026,7.129963898916968,-81.64165931156222,,,SHRIRAM FINANCE LIMITED,-1.5,2026-07-30 20:09:05
0,HINDUNILVREQN,-10.8,HINDUNILVR,EQ,N,2107.0,2602039,2120.0,2132.6,2088.0,2117.8,5478124747.48,2750.0,2016.0,1864069949678.92,2026-07-30 16:00:29,0,-13.56,-0.53,30-Jul-2025,30-Jun-2026,23.381818181818183,-4.513888888888889,,,HINDUSTAN UNILEVER LIMITED,-0.51,2026-07-30 20:09:05
0,ITCEQN,-0.7,ITC,EQ,N,285.55,18283697,286.1,288.4,283.75,286.25,5224200743.81,427.0,275.0,2744908844595.67,2026-07-30 16:00:29,0,-29.94,-0.49,30-Jul-2025,30-Jun-2026,33.12646370023419,-3.8363636363636364,,,ITC LIMITED,-0.24,2026-07-30 20:09:05
0,HCLTECHEQN,7.2,HCLTECH,EQ,N,1351.5,3747919,1349.0,1369.9,1345.6,1344.3,5097507152.71,1780.1,1030.0,1420880972267.0,2026-07-30 16:00:29,0,-8.47,26.1,30-Jul-2025,30-Jun-2026,24.077299028144488,-31.21359223300971,,,HCL TECHNOLOGIES LIMITED,0.54,2026-07-30 20:09:05
0,KOTAKBANKEQN,-2.6,KOTAKBANK,EQ,N,387.6,12205963,385.7,390.2,385.7,390.2,4742993102.54,453.2,345.5,2845977112500.26,2026-07-30 16:00:29,0,-1.11,-1.19,30-Jul-2025,30-Jun-2026,14.474845542806708,-12.185238784370478,,,KOTAK MAHINDRA BANK LIMITED,-0.67,2026-07-30 20:09:05
0,SUNPHARMAEQN,15.1,SUNPHARMA,EQ,N,2005.0,2224264,1993.1,2017.3,1988.0,1989.9,4464453730.24,2017.3,1548.0,2117111838529.49,2026-07-30 16:00:29,0,15.64,7.65,30-Jul-2025,30-Jun-2026,0.6097258712139989,-29.521963824289404,,,SUN PHARMACEUTICAL INDUSTRIES LIMITED,0.76,2026-07-30 20:09:05
0,HINDALCOEQN,7.05,HINDALCO,EQ,N,969.5,4259226,968.0,973.05,960.6,962.45,4118969687.82,1176.0,657.5,1399812364334.5,2026-07-30 16:00:29,0,40.75,1.35,30-Jul-2025,30-Jun-2026,17.55952380952381,-47.452471482889734,,,HINDALCO INDUSTRIES LIMITED,0.73,2026-07-30 20:09:05
0,ADANIENTEQN,25.5,ADANIENT,EQ,N,3050.0,1278332,3024.5,3060.9,2994.6,3024.5,3882677783.6,3245.0,1753.0,913098756508.21,2026-07-30 16:00:29,0,24.03,0.46,30-Jul-2025,30-Jun-2026,6.00924499229584,-73.9874500855676,,,ADANI ENTERPRISES LIMITED,0.84,2026-07-30 20:09:05
0,JIOFINEQN,-2.81,JIOFIN,EQ,N,246.67,15570324,248.75,249.9,245.1,249.48,3842755963.2,338.6,223.3,807083544996.55,2026-07-30 16:00:29,0,-22.99,4.33,30-Jul-2025,30-Jun-2026,27.15002953337271,-10.465741155396328,,,JIO FINANCIAL SERVICES LIMITED,-1.13,2026-07-30 20:09:05
0,TITANEQN,-6.3,TITAN,EQ,N,4843.9,777361,4820.9,4869.9,4820.9,4850.2,3767503407.33,4869.9,3303.1,1994286097671.63,2026-07-30 16:00:29,0,43.46,9.99,30-Jul-2025,30-Jun-2026,0.533891866362759,-46.64708909811995,,,TITAN COMPANY LIMITED,-0.13,2026-07-30 20:09:05
0,ULTRACEMCOEQN,92.0,ULTRACEMCO,EQ,N,11850.0,291418,11800.0,11861.0,11730.0,11998.0,3440801467.8,13110.0,10325.0,1398368106960.24,2026-07-30 16:00:29,0,-3.41,5.31,30-Jul-2025,30-Jun-2026,9.610983981693364,-14.76997578692494,,,ULTRATECH CEMENT LIMITED,0.78,2026-07-30 20:09:05
0,NTPCEQN,1.65,NTPC,EQ,N,345.15,9943764,343.5,347.65,341.85,343.5,3429504765.96,414.4,315.55,1631724403926.03,2026-07-30 16:00:29,0,1.87,-3.22,30-Jul-2025,30-Jun-2026,16.710907335907336,-9.380446838852796,,,NTPC LIMITED,0.48,2026-07-30 20:09:05
0,BAJAJ-AUTOEQN,107.0,BAJAJ-AUTO,EQ,N,11445.0,295600,11338.0,11525.0,11305.5,11338.0,3383889868.0,11532.0,7858.5,1264023467645.08,2026-07-30 16:00:29,0,42.29,17.8,30-Jul-2025,30-Jun-2026,0.7544224765868887,-45.63848062607368,,,BAJAJ AUTO LIMITED,0.94,2026-07-30 20:09:05
0,INDIGOEQN,-58.5,INDIGO,EQ,N,5218.0,549497,5210.0,5258.0,5194.0,5276.5,2872643931.69,6232.5,3895.2,1177843830371.66,2026-07-30 16:00:29,0,-9.09,-2.8,30-Jul-2025,30-Jun-2026,16.277577216205376,-33.95974532758267,,,INTERGLOBE AVIATION LIMITED,-1.11,2026-07-30 20:09:05
0,SBILIFEEQN,-27.8,SBILIFE,EQ,N,1867.1,1513264,1882.2,1910.0,1862.6,1894.9,2858843216.16,2132.0,1700.4,836655989360.71,2026-07-30 16:00:29,0,1.52,5.74,30-Jul-2025,30-Jun-2026,12.424953095684803,-9.803575629263703,,,SBI LIFE INSURANCE COMPANY LIMITED,-1.47,2026-07-30 20:09:05
0,ONGCEQN,2.99,ONGC,EQ,N,241.3,11419363,239.5,244.39,239.06,238.31,2768624559.35,307.5,227.65,934707283642.2,2026-07-30 16:00:29,0,-0.21,2.72,30-Jul-2025,30-Jun-2026,21.528455284552845,-5.996046562705908,,,OIL & NATURAL GAS CORPORATION LIMITED,1.25,2026-07-30 20:09:05
0,TATASTEELEQN,-0.28,TATASTEEL,EQ,N,186.99,13769746,188.01,188.99,186.1,187.27,2576732568.98,224.4,152.51,1541351160652.42,2026-07-30 16:00:29,0,15.88,-0.57,30-Jul-2025,30-Jun-2026,16.671122994652407,-22.60835355058685,,,TATA STEEL LIMITED,-0.15,2026-07-30 20:09:05
0,TRENTEQN,-1.3,TRENT,EQ,N,3003.9,806910,3020.2,3042.6,2982.0,3005.2,2423376664.8,3782.67,2183.67,996732662909.66,2026-07-30 16:00:29,0,-10.66,-8.49,30-Jul-2025,30-Jun-2026,20.58783874882028,-37.56199425737405,,,TRENT LIMITED,-0.04,2026-07-30 20:09:05
0,HDFCLIFEEQN,-11.65,HDFCLIFE,EQ,N,545.05,4394541,557.0,558.85,544.7,556.7,2406538542.42,815.0,543.0,588634041770.54,2026-07-30 16:00:29,0,-28.04,-5.35,30-Jul-2025,30-Jun-2026,33.122699386503065,-0.3775322283609576,,,HDFC LIFE INSURANCE COMPANY LIMITED,-2.09,2026-07-30 20:09:05
0,APOLLOHOSPEQN,24.0,APOLLOHOSP,EQ,N,8959.0,263013,8900.0,9009.0,8865.5,8935.0,2359053021.42,9009.0,6696.5,919392943478.69,2026-07-30 16:00:29,0,20.26,3.19,30-Jul-2025,30-Jun-2026,0.555000555000555,-33.78630627939969,,,APOLLO HOSPITALS ENTERPRISE LIMITED,0.27,2026-07-30 20:09:05
0,POWERGRIDEQN,2.5,POWERGRID,EQ,N,285.35,7903593,283.4,287.1,283.0,282.85,2254974118.83,324.95,250.0,1288609092539.81,2026-07-30 16:00:29,0,-1.25,-0.33,30-Jul-2025,30-Jun-2026,12.186490229266042,-14.14,,,POWER GRID CORPORATION OF INDIA LIMITED,0.88,2026-07-30 20:09:05
0,TMPVEQN,5.1,TMPV,EQ,N,334.9,6078600,328.2,335.0,328.05,329.8,2019797208.0,739.7,294.3,697961149137.43,2026-07-30 16:00:29,0,-49.9,-4.91,30-Jul-2025,30-Jun-2026,54.72488846829796,-13.795446822969758,,,TATA MOTORS PASSENGER VEHICLES LIMITED,1.55,2026-07-30 20:09:05
0,TATACONSUMEQN,-1.1,TATACONSUM,EQ,N,1095.0,1677784,1096.1,1108.9,1090.4,1096.1,1841636385.44,1282.7,1007.2,711099193573.79,2026-07-30 16:00:29,0,2.04,1.8,30-Jul-2025,30-Jun-2026,14.63319560302487,-8.717235901509135,,,TATA CONSUMER PRODUCTS LIMITED,-0.1,2026-07-30 20:09:05
0,MAXHEALTHEQN,12.6,MAXHEALTH,EQ,N,1124.0,1610692,1112.0,1135.9,1110.3,1111.4,1813574764.32,1301.7,903.0,834207449679.87,2026-07-30 16:00:29,0,-11.12,-0.46,30-Jul-2025,30-Jun-2026,13.65137896596758,-24.473975636766333,,,MAX HEALTHCARE INSTITUTE LIMITED,1.13,2026-07-30 20:09:05
0,DRREDDYEQN,2.0,DRREDDY,EQ,N,1144.3,1350714,1143.0,1151.0,1139.0,1142.3,1544257809.06,1414.9,1101.0,695598263003.41,2026-07-30 16:00:29,0,-11.44,-15.68,30-Jul-2025,30-Jun-2026,19.125026503639834,-3.932788374205268,,,DR. REDDY'S LABORATORIES LIMITED,0.18,2026-07-30 20:09:05
0,BAJAJFINSVEQN,-15.4,BAJAJFINSV,EQ,N,1909.0,752615,1918.3,1933.4,1892.3,1924.4,1435951789.25,2195.0,1597.0,1102070234202.81,2026-07-30 16:00:29,0,-2.59,7.24,30-Jul-2025,30-Jun-2026,13.029612756264237,-19.536631183469005,,,BAJAJ FINSERV LIMITED,-0.8,2026-07-30 20:09:05
0,CIPLAEQN,-6.3,CIPLA,EQ,N,1468.0,833068,1478.8,1483.8,1464.1,1474.3,1226700960.68,1673.0,1165.7,823709433326.43,2026-07-30 16:00:29,0,-5.86,0.18,30-Jul-2025,30-Jun-2026,12.253436939629408,-25.93291584455692,,,CIPLA LIMITED,-0.43,2026-07-30 20:09:05
0,JSWSTEELEQN,-8.1,JSWSTEEL,EQ,N,1268.5,923153,1279.1,1304.5,1261.5,1276.6,1171176516.51,1328.0,1018.0,1186453565545.05,2026-07-30 16:00:29,0,22.22,3.43,30-Jul-2025,30-Jun-2026,4.480421686746988,-24.607072691552062,,,JSW STEEL LIMITED,-0.63,2026-07-30 20:09:05
0,GRASIMEQN,-12.9,GRASIM,EQ,N,3100.1,301353,3115.0,3115.5,3085.5,3113.0,933920068.77,3246.0,2502.5,1166435037062.31,2026-07-30 16:00:29,0,12.38,0.0,30-Jul-2025,30-Jun-2026,4.494762784966112,-23.88011988011988,,,GRASIM INDUSTRIES LIMITED,-0.41,2026-07-30 20:09:05
1,NIFTY 50,66.95,NIFTY 50,,,24317.15,400636260,24249.55,24342.95,24187.1,24250.2,335660224755.62,26373.2,22182.55,,2026-07-30 15:39:59,0,-2.16,1.89,29-Jul-2025,29-Jun-2026,7.795982285046942,-9.622879245172443,,,,0.28,2026-07-30 20:51:27
0,HDFCBANKEQN,5.2,HDFCBANK,EQ,N,753.4,35844392,752.8,757.9,745.5,748.2,26916270840.64,1020.5,726.65,11507952979097.49,2026-07-30 16:00:29,0,-25.62,-5.58,30-Jul-2025,30-Jun-2026,26.1734443900049,-3.6812770935113193,,,HDFC BANK LIMITED,0.7,2026-07-30 20:51:27
0,INFYEQN,-0.6,INFY,EQ,N,1155.0,22630218,1168.0,1187.7,1151.3,1155.6,26545698318.36,1728.0,982.4,4040155038730.84,2026-07-30 16:00:29,0,-23.96,15.45,30-Jul-2025,30-Jun-2026,33.15972222222222,-17.569218241042346,,,INFOSYS LIMITED,-0.05,2026-07-30 20:51:27
0,ICICIBANKEQN,-7.9,ICICIBANK,EQ,N,1430.0,14141173,1431.1,1442.2,1422.6,1437.9,20232907504.94,1494.5,1187.6,10218404351568.66,2026-07-30 16:00:29,0,-3.53,3.98,30-Jul-2025,30-Jun-2026,4.315824690531951,-20.410912765240823,,,ICICI BANK LIMITED,-0.55,2026-07-30 20:51:27
0,M&MEQN,72.8,M&M,EQ,N,3294.6,4851980,3220.0,3327.0,3197.5,3221.8,15866023119.8,3839.9,2896.0,2933123350768.73,2026-07-30 16:00:29,0,2.67,7.36,30-Jul-2025,30-Jun-2026,14.200890648193964,-13.763812154696133,,,MAHINDRA & MAHINDRA LIMITED,2.26,2026-07-30 20:51:27
0,RELIANCEEQN,13.5,RELIANCE,EQ,N,1289.4,12158451,1279.8,1297.0,1275.3,1275.9,15689386754.91,1611.8,1249.8,8686354311529.18,2026-07-30 16:00:29,0,-8.56,-0.35,30-Jul-2025,30-Jun-2026,20.002481697481077,-3.168506961113778,,,RELIANCE INDUSTRIES LIMITED,1.06,2026-07-30 20:51:27
0,TCSEQN,-12.6,TCS,EQ,N,2434.0,4901582,2440.0,2495.0,2423.0,2446.6,12055686008.1,3350.0,1976.8,2478110387443.66,2026-07-30 16:00:29,0,-20.29,19.81,30-Jul-2025,30-Jun-2026,27.34328358208955,-23.128288142452448,,,TATA CONSULTANCY SERVICES LIMITED,-0.52,2026-07-30 20:51:27
0,EICHERMOTEQN,130.0,EICHERMOT,EQ,N,7909.0,1496307,7869.5,7930.0,7730.0,7779.0,11742478665.48,8230.0,5353.0,1086933343021.75,2026-07-30 16:00:29,0,44.3,11.81,30-Jul-2025,30-Jun-2026,3.9003645200486026,-47.748925835979826,,,EICHER MOTORS LIMITED,1.67,2026-07-30 20:51:27
0,BHARTIARTLEQN,-3.6,BHARTIARTL,EQ,N,1946.6,5356472,1954.0,1963.2,1943.9,1950.2,10462475369.28,2174.5,1740.5,6044959384312.81,2026-07-30 16:00:29,0,0.72,5.11,30-Jul-2025,30-Jun-2026,10.48057024603357,-11.841424877908647,,,BHARTI AIRTEL LIMITED,-0.18,2026-07-30 20:51:27
0,BAJFINANCEEQN,3.6,BAJFINANCE,EQ,N,1058.0,9866564,1046.0,1068.0,1035.1,1054.4,10348150988.84,1102.5,787.9,2827745664588.37,2026-07-30 16:00:29,0,19.57,5.3,30-Jul-2025,30-Jun-2026,4.036281179138322,-34.28100012691966,,,BAJAJ FINANCE LIMITED,0.34,2026-07-30 20:51:27
0,WIPROEQN,2.8,WIPRO,EQ,N,186.41,54015268,183.4,191.34,183.4,183.61,10162972674.2,273.1,169.0,502918719962.09,2026-07-30 16:00:29,0,-25.5,9.4,30-Jul-2025,30-Jun-2026,31.74295129989015,-10.301775147928995,,,WIPRO LIMITED,1.52,2026-07-30 20:51:27
0,ETERNALEQN,-1.75,ETERNAL,EQ,N,310.05,32431887,307.0,312.25,305.0,311.8,9972480933.63,368.45,212.6,2235244736574.58,2026-07-30 16:00:29,0,2.17,17.18,30-Jul-2025,30-Jun-2026,15.850183199891438,-45.83725305738476,,,ETERNAL LIMITED,-0.56,2026-07-30 20:51:27
0,COALINDIAEQN,7.35,COALINDIA,EQ,N,417.4,23225454,412.95,418.3,410.1,410.05,9640653700.86,491.25,368.65,997004023159.33,2026-07-30 16:00:29,0,9.87,-4.93,30-Jul-2025,30-Jun-2026,15.033078880407125,-13.223925132239252,,,COAL INDIA LIMITED,1.79,2026-07-30 20:51:27
0,ADANIPORTSEQN,-58.2,ADANIPORTS,EQ,N,1661.5,5395211,1726.7,1727.7,1658.4,1719.7,9016638479.53,1891.1,1290.5,1222323805848.08,2026-07-30 16:00:29,0,19.19,-8.21,30-Jul-2025,30-Jun-2026,12.141081909999471,-28.748547074777218,,,ADANI PORTS AND SPECIAL ECONOMIC ZONE LIMITED,-3.38,2026-07-30 20:51:27
0,MARUTIEQN,232.0,MARUTI,EQ,N,14180.0,626000,13939.0,14250.0,13825.0,13948.0,8763230020.0,17370.0,12201.0,1844681206163.64,2026-07-30 16:00:29,0,12.38,0.46,30-Jul-2025,30-Jun-2026,18.364997121473806,-16.21998196869109,,,MARUTI SUZUKI INDIA LIMITED,1.66,2026-07-30 20:51:27
0,AXISBANKEQN,-4.6,AXISBANK,EQ,N,1230.8,6878684,1229.0,1232.2,1220.2,1235.4,8429689668.32,1418.3,1042.5,3525636537742.45,2026-07-30 16:00:29,0,14.67,-8.54,30-Jul-2025,30-Jun-2026,13.220052175139251,-18.062350119904078,,,AXIS BANK LIMITED,-0.37,2026-07-30 20:51:27
0,LTEQN,9.1,LT,EQ,N,3940.5,2141252,3931.4,3951.7,3883.5,3931.4,8412872045.4,4440.0,3288.1,4599211741518.72,2026-07-30 16:00:29,0,7.51,-4.9,30-Jul-2025,30-Jun-2026,11.25,-19.841245704206077,,,LARSEN & TOUBRO LIMITED,0.23,2026-07-30 20:51:27
0,SBINEQN,10.3,SBIN,EQ,N,1024.0,6847458,1013.5,1028.3,1007.6,1013.7,6986940719.46,1234.7,786.55,4220811397058.94,2026-07-30 16:00:29,0,27.74,-0.28,30-Jul-2025,30-Jun-2026,17.064874058475745,-30.188799186320004,,,STATE BANK OF INDIA,1.02,2026-07-30 20:51:27
0,TECHMEQN,17.2,TECHM,EQ,N,1661.4,4167643,1649.0,1686.6,1638.1,1644.2,6976926117.01,1854.0,1304.1,1052212537214.25,2026-07-30 16:00:29,0,13.55,18.27,30-Jul-2025,30-Jun-2026,10.388349514563107,-27.398205659075224,,,TECH MAHINDRA LIMITED,1.05,2026-07-30 20:51:27
0,ASIANPAINTEQN,-8.4,ASIANPAINT,EQ,N,2750.0,2387024,2758.1,2767.9,2666.2,2758.4,6501966933.12,2985.7,2115.0,1240145623693.76,2026-07-30 16:00:29,0,13.83,4.34,30-Jul-2025,30-Jun-2026,7.894296144957631,-30.023640661938533,,,ASIAN PAINTS LIMITED,-0.3,2026-07-30 20:51:27
0,BELEQN,-2.8,BEL,EQ,N,384.75,16521484,386.0,387.5,382.7,387.55,6356310539.32,473.45,361.2,1374204727253.93,2026-07-30 16:00:29,0,-0.45,-6.57,30-Jul-2025,30-Jun-2026,18.734818882669764,-6.519933554817276,,,BHARAT ELECTRONICS LIMITED,-0.72,2026-07-30 20:51:27
0,NESTLEINDEQN,15.7,NESTLEIND,EQ,N,1519.0,3698063,1503.3,1532.6,1497.0,1503.3,5624568919.85,1532.6,1084.7,1086093281065.1,2026-07-30 16:00:29,0,36.14,8.1,30-Jul-2025,30-Jun-2026,0.8873809213101919,-40.03872038351618,,,NESTLE INDIA LIMITED,1.04,2026-07-30 20:51:27
0,SHRIRAMFINEQN,-15.7,SHRIRAMFIN,EQ,N,1029.0,5425880,1038.0,1051.0,1019.5,1044.7,5574711888.4,1108.0,566.5,1437137311112.52,2026-07-30 16:00:29,0,62.61,-1.26,30-Jul-2025,30-Jun-2026,7.129963898916968,-81.64165931156222,,,SHRIRAM FINANCE LIMITED,-1.5,2026-07-30 20:51:27
0,HINDUNILVREQN,-10.8,HINDUNILVR,EQ,N,2107.0,2602039,2120.0,2132.6,2088.0,2117.8,5478124747.48,2750.0,2016.0,1864069949678.92,2026-07-30 16:00:29,0,-13.56,-0.53,30-Jul-2025,30-Jun-2026,23.381818181818183,-4.513888888888889,,,HINDUSTAN UNILEVER LIMITED,-0.51,2026-07-30 20:51:27
0,ITCEQN,-0.7,ITC,EQ,N,285.55,18283697,286.1,288.4,283.75,286.25,5224200743.81,427.0,275.0,2744908844595.67,2026-07-30 16:00:29,0,-29.94,-0.49,30-Jul-2025,30-Jun-2026,33.12646370023419,-3.8363636363636364,,,ITC LIMITED,-0.24,2026-07-30 20:51:27
0,HCLTECHEQN,7.2,HCLTECH,EQ,N,1351.5,3747919,1349.0,1369.9,1345.6,1344.3,5097507152.71,1780.1,1030.0,1420880972267.0,2026-07-30 16:00:29,0,-8.47,26.1,30-Jul-2025,30-Jun-2026,24.077299028144488,-31.21359223300971,,,HCL TECHNOLOGIES LIMITED,0.54,2026-07-30 20:51:27
0,KOTAKBANKEQN,-2.6,KOTAKBANK,EQ,N,387.6,12205963,385.7,390.2,385.7,390.2,4742993102.54,453.2,345.5,2845977112500.26,2026-07-30 16:00:29,0,-1.11,-1.19,30-Jul-2025,30-Jun-2026,14.474845542806708,-12.185238784370478,,,KOTAK MAHINDRA BANK LIMITED,-0.67,2026-07-30 20:51:27
0,SUNPHARMAEQN,15.1,SUNPHARMA,EQ,N,2005.0,2224264,1993.1,2017.3,1988.0,1989.9,4464453730.24,2017.3,1548.0,2117111838529.49,2026-07-30 16:00:29,0,15.64,7.65,30-Jul-2025,30-Jun-2026,0.6097258712139989,-29.521963824289404,,,SUN PHARMACEUTICAL INDUSTRIES LIMITED,0.76,2026-07-30 20:51:27
0,HINDALCOEQN,7.05,HINDALCO,EQ,N,969.5,4259226,968.0,973.05,960.6,962.45,4118969687.82,1176.0,657.5,1399812364334.5,2026-07-30 16:00:29,0,40.75,1.35,30-Jul-2025,30-Jun-2026,17.55952380952381,-47.452471482889734,,,HINDALCO INDUSTRIES LIMITED,0.73,2026-07-30 20:51:27
0,ADANIENTEQN,25.5,ADANIENT,EQ,N,3050.0,1278332,3024.5,3060.9,2994.6,3024.5,3882677783.6,3245.0,1753.0,913098756508.21,2026-07-30 16:00:29,0,24.03,0.46,30-Jul-2025,30-Jun-2026,6.00924499229584,-73.9874500855676,,,ADANI ENTERPRISES LIMITED,0.84,2026-07-30 20:51:27
0,JIOFINEQN,-2.81,JIOFIN,EQ,N,246.67,15570324,248.75,249.9,245.1,249.48,3842755963.2,338.6,223.3,807083544996.55,2026-07-30 16:00:29,0,-22.99,4.33,30-Jul-2025,30-Jun-2026,27.15002953337271,-10.465741155396328,,,JIO FINANCIAL SERVICES LIMITED,-1.13,2026-07-30 20:51:27
0,TITANEQN,-6.3,TITAN,EQ,N,4843.9,777361,4820.9,4869.9,4820.9,4850.2,3767503407.33,4869.9,3303.1,1994286097671.63,2026-07-30 16:00:29,0,43.46,9.99,30-Jul-2025,30-Jun-2026,0.533891866362759,-46.64708909811995,,,TITAN COMPANY LIMITED,-0.13,2026-07-30 20:51:27
0,ULTRACEMCOEQN,92.0,ULTRACEMCO,EQ,N,11850.0,291418,11800.0,11861.0,11730.0,11998.0,3440801467.8,13110.0,10325.0,1398368106960.24,2026-07-30 16:00:29,0,-3.41,5.31,30-Jul-2025,30-Jun-2026,9.610983981693364,-14.76997578692494,,,ULTRATECH CEMENT LIMITED,0.78,2026-07-30 20:51:27
0,NTPCEQN,1.65,NTPC,EQ,N,345.15,9943764,343.5,347.65,341.85,343.5,3429504765.96,414.4,315.55,1631724403926.03,2026-07-30 16:00:29,0,1.87,-3.22,30-Jul-2025,30-Jun-2026,16.710907335907336,-9.380446838852796,,,NTPC LIMITED,0.48,2026-07-30 20:51:27
0,BAJAJ-AUTOEQN,107.0,BAJAJ-AUTO,EQ,N,11445.0,295600,11338.0,11525.0,11305.5,11338.0,3383889868.0,11532.0,7858.5,1264023467645.08,2026-07-30 16:00:29,0,42.29,17.8,30-Jul-2025,30-Jun-2026,0.7544224765868887,-45.63848062607368,,,BAJAJ AUTO LIMITED,0.94,2026-07-30 20:51:27
0,INDIGOEQN,-58.5,INDIGO,EQ,N,5218.0,549497,5210.0,5258.0,5194.0,5276.5,2872643931.69,6232.5,3895.2,1177843830371.66,2026-07-30 16:00:29,0,-9.09,-2.8,30-Jul-2025,30-Jun-2026,16.277577216205376,-33.95974532758267,,,INTERGLOBE AVIATION LIMITED,-1.11,2026-07-30 20:51:27
0,SBILIFEEQN,-27.8,SBILIFE,EQ,N,1867.1,1513264,1882.2,1910.0,1862.6,1894.9,2858843216.16,2132.0,1700.4,836655989360.71,2026-07-30 16:00:29,0,1.52,5.74,30-Jul-2025,30-Jun-2026,12.424953095684803,-9.803575629263703,,,SBI LIFE INSURANCE COMPANY LIMITED,-1.47,2026-07-30 20:51:27
0,ONGCEQN,2.99,ONGC,EQ,N,241.3,11419363,239.5,244.39,239.06,238.31,2768624559.35,307.5,227.65,934707283642.2,2026-07-30 16:00:29,0,-0.21,2.72,30-Jul-2025,30-Jun-2026,21.528455284552845,-5.996046562705908,,,OIL & NATURAL GAS CORPORATION LIMITED,1.25,2026-07-30 20:51:27
0,TATASTEELEQN,-0.28,TATASTEEL,EQ,N,186.99,13769746,188.01,188.99,186.1,187.27,2576732568.98,224.4,152.51,1541351160652.42,2026-07-30 16:00:29,0,15.88,-0.57,30-Jul-2025,30-Jun-2026,16.671122994652407,-22.60835355058685,,,TATA STEEL LIMITED,-0.15,2026-07-30 20:51:27
0,TRENTEQN,-1.3,TRENT,EQ,N,3003.9,806910,3020.2,3042.6,2982.0,3005.2,2423376664.8,3782.67,2183.67,996732662909.66,2026-07-30 16:00:29,0,-10.66,-8.49,30-Jul-2025,30-Jun-2026,20.58783874882028,-37.56199425737405,,,TRENT LIMITED,-0.04,2026-07-30 20:51:27
0,HDFCLIFEEQN,-11.65,HDFCLIFE,EQ,N,545.05,4394541,557.0,558.85,544.7,556.7,2406538542.42,815.0,543.0,588634041770.54,2026-07-30 16:00:29,0,-28.04,-5.35,30-Jul-2025,30-Jun-2026,33.122699386503065,-0.3775322283609576,,,HDFC LIFE INSURANCE COMPANY LIMITED,-2.09,2026-07-30 20:51:27
0,APOLLOHOSPEQN,24.0,APOLLOHOSP,EQ,N,8959.0,263013,8900.0,9009.0,8865.5,8935.0,2359053021.42,9009.0,6696.5,919392943478.69,2026-07-30 16:00:29,0,20.26,3.19,30-Jul-2025,30-Jun-2026,0.555000555000555,-33.78630627939969,,,APOLLO HOSPITALS ENTERPRISE LIMITED,0.27,2026-07-30 20:51:27
0,POWERGRIDEQN,2.5,POWERGRID,EQ,N,285.35,7903593,283.4,287.1,283.0,282.85,2254974118.83,324.95,250.0,1288609092539.81,2026-07-30 16:00:29,0,-1.25,-0.33,30-Jul-2025,30-Jun-2026,12.186490229266042,-14.14,,,POWER GRID CORPORATION OF INDIA LIMITED,0.88,2026-07-30 20:51:27
0,TMPVEQN,5.1,TMPV,EQ,N,334.9,6078600,328.2,335.0,328.05,329.8,2019797208.0,739.7,294.3,697961149137.43,2026-07-30 16:00:29,0,-49.9,-4.91,30-Jul-2025,30-Jun-2026,54.72488846829796,-13.795446822969758,,,TATA MOTORS PASSENGER VEHICLES LIMITED,1.55,2026-07-30 20:51:27
0,TATACONSUMEQN,-1.1,TATACONSUM,EQ,N,1095.0,1677784,1096.1,1108.9,1090.4,1096.1,1841636385.44,1282.7,1007.2,711099193573.79,2026-07-30 16:00:29,0,2.04,1.8,30-Jul-2025,30-Jun-2026,14.63319560302487,-8.717235901509135,,,TATA CONSUMER PRODUCTS LIMITED,-0.1,2026-07-30 20:51:27
0,MAXHEALTHEQN,12.6,MAXHEALTH,EQ,N,1124.0,1610692,1112.0,1135.9,1110.3,1111.4,1813574764.32,1301.7,903.0,834207449679.87,2026-07-30 16:00:29,0,-11.12,-0.46,30-Jul-2025,30-Jun-2026,13.65137896596758,-24.473975636766333,,,MAX HEALTHCARE INSTITUTE LIMITED,1.13,2026-07-30 20:51:27
0,DRREDDYEQN,2.0,DRREDDY,EQ,N,1144.3,1350714,1143.0,1151.0,1139.0,1142.3,1544257809.06,1414.9,1101.0,695598263003.41,2026-07-30 16:00:29,0,-11.44,-15.68,30-Jul-2025,30-Jun-2026,19.125026503639834,-3.932788374205268,,,DR. REDDY'S LABORATORIES LIMITED,0.18,2026-07-30 20:51:27
0,BAJAJFINSVEQN,-15.4,BAJAJFINSV,EQ,N,1909.0,752615,1918.3,1933.4,1892.3,1924.4,1435951789.25,2195.0,1597.0,1102070234202.81,2026-07-30 16:00:29,0,-2.59,7.24,30-Jul-2025,30-Jun-2026,13.029612756264237,-19.536631183469005,,,BAJAJ FINSERV LIMITED,-0.8,2026-07-30 20:51:27
0,CIPLAEQN,-6.3,CIPLA,EQ,N,1468.0,833068,1478.8,1483.8,1464.1,1474.3,1226700960.68,1673.0,1165.7,823709433326.43,2026-07-30 16:00:29,0,-5.86,0.18,30-Jul-2025,30-Jun-2026,12.253436939629408,-25.93291584455692,,,CIPLA LIMITED,-0.43,2026-07-30 20:51:27
0,JSWSTEELEQN,-8.1,JSWSTEEL,EQ,N,1268.5,923153,1279.1,1304.5,1261.5,1276.6,1171176516.51,1328.0,1018.0,1186453565545.05,2026-07-30 16:00:29,0,22.22,3.43,30-Jul-2025,30-Jun-2026,4.480421686746988,-24.607072691552062,,,JSW STEEL LIMITED,-0.63,2026-07-30 20:51:27
0,GRASIMEQN,-12.9,GRASIM,EQ,N,3100.1,301353,3115.0,3115.5,3085.5,3113.0,933920068.77,3246.0,2502.5,1166435037062.31,2026-07-30 16:00:29,0,12.38,0.0,30-Jul-2025,30-Jun-2026,4.494762784966112,-23.88011988011988,,,GRASIM INDUSTRIES LIMITED,-0.41,2026-07-30 20:51:27
1,NIFTY 50,66.95,NIFTY 50,,,24317.15,400636260,24249.55,24342.95,24187.1,24250.2,335660224755.62,26373.2,22182.55,,2026-07-30 15:39:59,0,-2.16,1.89,29-Jul-2025,29-Jun-2026,7.795982285046942,-9.622879245172443,,,,0.28,2026-07-30 20:51:44
0,HDFCBANKEQN,5.2,HDFCBANK,EQ,N,753.4,35844392,752.8,757.9,745.5,748.2,26916270840.64,1020.5,726.65,11507952979097.49,2026-07-30 16:00:29,0,-25.62,-5.58,30-Jul-2025,30-Jun-2026,26.1734443900049,-3.6812770935113193,,,HDFC BANK LIMITED,0.7,2026-07-30 20:51:44
0,INFYEQN,-0.6,INFY,EQ,N,1155.0,22630218,1168.0,1187.7,1151.3,1155.6,26545698318.36,1728.0,982.4,4040155038730.84,2026-07-30 16:00:29,0,-23.96,15.45,30-Jul-2025,30-Jun-2026,33.15972222222222,-17.569218241042346,,,INFOSYS LIMITED,-0.05,2026-07-30 20:51:44
0,ICICIBANKEQN,-7.9,ICICIBANK,EQ,N,1430.0,14141173,1431.1,1442.2,1422.6,1437.9,20232907504.94,1494.5,1187.6,10218404351568.66,2026-07-30 16:00:29,0,-3.53,3.98,30-Jul-2025,30-Jun-2026,4.315824690531951,-20.410912765240823,,,ICICI BANK LIMITED,-0.55,2026-07-30 20:51:44
0,M&MEQN,72.8,M&M,EQ,N,3294.6,4851980,3220.0,3327.0,3197.5,3221.8,15866023119.8,3839.9,2896.0,2933123350768.73,2026-07-30 16:00:29,0,2.67,7.36,30-Jul-2025,30-Jun-2026,14.200890648193964,-13.763812154696133,,,MAHINDRA & MAHINDRA LIMITED,2.26,2026-07-30 20:51:44
0,RELIANCEEQN,13.5,RELIANCE,EQ,N,1289.4,12158451,1279.8,1297.0,1275.3,1275.9,15689386754.91,1611.8,1249.8,8686354311529.18,2026-07-30 16:00:29,0,-8.56,-0.35,30-Jul-2025,30-Jun-2026,20.002481697481077,-3.168506961113778,,,RELIANCE INDUSTRIES LIMITED,1.06,2026-07-30 20:51:44
0,TCSEQN,-12.6,TCS,EQ,N,2434.0,4901582,2440.0,2495.0,2423.0,2446.6,12055686008.1,3350.0,1976.8,2478110387443.66,2026-07-30 16:00:29,0,-20.29,19.81,30-Jul-2025,30-Jun-2026,27.34328358208955,-23.128288142452448,,,TATA CONSULTANCY SERVICES LIMITED,-0.52,2026-07-30 20:51:44
0,EICHERMOTEQN,130.0,EICHERMOT,EQ,N,7909.0,1496307,7869.5,7930.0,7730.0,7779.0,11742478665.48,8230.0,5353.0,1086933343021.75,2026-07-30 16:00:29,0,44.3,11.81,30-Jul-2025,30-Jun-2026,3.9003645200486026,-47.748925835979826,,,EICHER MOTORS LIMITED,1.67,2026-07-30 20:51:44
0,BHARTIARTLEQN,-3.6,BHARTIARTL,EQ,N,1946.6,5356472,1954.0,1963.2,1943.9,1950.2,10462475369.28,2174.5,1740.5,6044959384312.81,2026-07-30 16:00:29,0,0.72,5.11,30-Jul-2025,30-Jun-2026,10.48057024603357,-11.841424877908647,,,BHARTI AIRTEL LIMITED,-0.18,2026-07-30 20:51:44
0,BAJFINANCEEQN,3.6,BAJFINANCE,EQ,N,1058.0,9866564,1046.0,1068.0,1035.1,1054.4,10348150988.84,1102.5,787.9,2827745664588.37,2026-07-30 16:00:29,0,19.57,5.3,30-Jul-2025,30-Jun-2026,4.036281179138322,-34.28100012691966,,,BAJAJ FINANCE LIMITED,0.34,2026-07-30 20:51:44
0,WIPROEQN,2.8,WIPRO,EQ,N,186.41,54015268,183.4,191.34,183.4,183.61,10162972674.2,273.1,169.0,502918719962.09,2026-07-30 16:00:29,0,-25.5,9.4,30-Jul-2025,30-Jun-2026,31.74295129989015,-10.301775147928995,,,WIPRO LIMITED,1.52,2026-07-30 20:51:44
0,ETERNALEQN,-1.75,ETERNAL,EQ,N,310.05,32431887,307.0,312.25,305.0,311.8,9972480933.63,368.45,212.6,2235244736574.58,2026-07-30 16:00:29,0,2.17,17.18,30-Jul-2025,30-Jun-2026,15.850183199891438,-45.83725305738476,,,ETERNAL LIMITED,-0.56,2026-07-30 20:51:44
0,COALINDIAEQN,7.35,COALINDIA,EQ,N,417.4,23225454,412.95,418.3,410.1,410.05,9640653700.86,491.25,368.65,997004023159.33,2026-07-30 16:00:29,0,9.87,-4.93,30-Jul-2025,30-Jun-2026,15.033078880407125,-13.223925132239252,,,COAL INDIA LIMITED,1.79,2026-07-30 20:51:44
0,ADANIPORTSEQN,-58.2,ADANIPORTS,EQ,N,1661.5,5395211,1726.7,1727.7,1658.4,1719.7,9016638479.53,1891.1,1290.5,1222323805848.08,2026-07-30 16:00:29,0,19.19,-8.21,30-Jul-2025,30-Jun-2026,12.141081909999471,-28.748547074777218,,,ADANI PORTS AND SPECIAL ECONOMIC ZONE LIMITED,-3.38,2026-07-30 20:51:44
0,MARUTIEQN,232.0,MARUTI,EQ,N,14180.0,626000,13939.0,14250.0,13825.0,13948.0,8763230020.0,17370.0,12201.0,1844681206163.64,2026-07-30 16:00:29,0,12.38,0.46,30-Jul-2025,30-Jun-2026,18.364997121473806,-16.21998196869109,,,MARUTI SUZUKI INDIA LIMITED,1.66,2026-07-30 20:51:44
0,AXISBANKEQN,-4.6,AXISBANK,EQ,N,1230.8,6878684,1229.0,1232.2,1220.2,1235.4,8429689668.32,1418.3,1042.5,3525636537742.45,2026-07-30 16:00:29,0,14.67,-8.54,30-Jul-2025,30-Jun-2026,13.220052175139251,-18.062350119904078,,,AXIS BANK LIMITED,-0.37,2026-07-30 20:51:44
0,LTEQN,9.1,LT,EQ,N,3940.5,2141252,3931.4,3951.7,3883.5,3931.4,8412872045.4,4440.0,3288.1,4599211741518.72,2026-07-30 16:00:29,0,7.51,-4.9,30-Jul-2025,30-Jun-2026,11.25,-19.841245704206077,,,LARSEN & TOUBRO LIMITED,0.23,2026-07-30 20:51:44
0,SBINEQN,10.3,SBIN,EQ,N,1024.0,6847458,1013.5,1028.3,1007.6,1013.7,6986940719.46,1234.7,786.55,4220811397058.94,2026-07-30 16:00:29,0,27.74,-0.28,30-Jul-2025,30-Jun-2026,17.064874058475745,-30.188799186320004,,,STATE BANK OF INDIA,1.02,2026-07-30 20:51:44
0,TECHMEQN,17.2,TECHM,EQ,N,1661.4,4167643,1649.0,1686.6,1638.1,1644.2,6976926117.01,1854.0,1304.1,1052212537214.25,2026-07-30 16:00:29,0,13.55,18.27,30-Jul-2025,30-Jun-2026,10.388349514563107,-27.398205659075224,,,TECH MAHINDRA LIMITED,1.05,2026-07-30 20:51:44
0,ASIANPAINTEQN,-8.4,ASIANPAINT,EQ,N,2750.0,2387024,2758.1,2767.9,2666.2,2758.4,6501966933.12,2985.7,2115.0,1240145623693.76,2026-07-30 16:00:29,0,13.83,4.34,30-Jul-2025,30-Jun-2026,7.894296144957631,-30.023640661938533,,,ASIAN PAINTS LIMITED,-0.3,2026-07-30 20:51:44
0,BELEQN,-2.8,BEL,EQ,N,384.75,16521484,386.0,387.5,382.7,387.55,6356310539.32,473.45,361.2,1374204727253.93,2026-07-30 16:00:29,0,-0.45,-6.57,30-Jul-2025,30-Jun-2026,18.734818882669764,-6.519933554817276,,,BHARAT ELECTRONICS LIMITED,-0.72,2026-07-30 20:51:44
0,NESTLEINDEQN,15.7,NESTLEIND,EQ,N,1519.0,3698063,1503.3,1532.6,1497.0,1503.3,5624568919.85,1532.6,1084.7,1086093281065.1,2026-07-30 16:00:29,0,36.14,8.1,30-Jul-2025,30-Jun-2026,0.8873809213101919,-40.03872038351618,,,NESTLE INDIA LIMITED,1.04,2026-07-30 20:51:44
0,SHRIRAMFINEQN,-15.7,SHRIRAMFIN,EQ,N,1029.0,5425880,1038.0,1051.0,1019.5,1044.7,5574711888.4,1108.0,566.5,1437137311112.52,2026-07-30 16:00:29,0,62.61,-1.26,30-Jul-2025,30-Jun-2026,7.129963898916968,-81.64165931156222,,,SHRIRAM FINANCE LIMITED,-1.5,2026-07-30 20:51:44
0,HINDUNILVREQN,-10.8,HINDUNILVR,EQ,N,2107.0,2602039,2120.0,2132.6,2088.0,2117.8,5478124747.48,2750.0,2016.0,1864069949678.92,2026-07-30 16:00:29,0,-13.56,-0.53,30-Jul-2025,30-Jun-2026,23.381818181818183,-4.513888888888889,,,HINDUSTAN UNILEVER LIMITED,-0.51,2026-07-30 20:51:44
0,ITCEQN,-0.7,ITC,EQ,N,285.55,18283697,286.1,288.4,283.75,286.25,5224200743.81,427.0,275.0,2744908844595.67,2026-07-30 16:00:29,0,-29.94,-0.49,30-Jul-2025,30-Jun-2026,33.12646370023419,-3.8363636363636364,,,ITC LIMITED,-0.24,2026-07-30 20:51:44
0,HCLTECHEQN,7.2,HCLTECH,EQ,N,1351.5,3747919,1349.0,1369.9,1345.6,1344.3,5097507152.71,1780.1,1030.0,1420880972267.0,2026-07-30 16:00:29,0,-8.47,26.1,30-Jul-2025,30-Jun-2026,24.077299028144488,-31.21359223300971,,,HCL TECHNOLOGIES LIMITED,0.54,2026-07-30 20:51:44
0,KOTAKBANKEQN,-2.6,KOTAKBANK,EQ,N,387.6,12205963,385.7,390.2,385.7,390.2,4742993102.54,453.2,345.5,2845977112500.26,2026-07-30 16:00:29,0,-1.11,-1.19,30-Jul-2025,30-Jun-2026,14.474845542806708,-12.185238784370478,,,KOTAK MAHINDRA BANK LIMITED,-0.67,2026-07-30 20:51:44
0,SUNPHARMAEQN,15.1,SUNPHARMA,EQ,N,2005.0,2224264,1993.1,2017.3,1988.0,1989.9,4464453730.24,2017.3,1548.0,2117111838529.49,2026-07-30 16:00:29,0,15.64,7.65,30-Jul-2025,30-Jun-2026,0.6097258712139989,-29.521963824289404,,,SUN PHARMACEUTICAL INDUSTRIES LIMITED,0.76,2026-07-30 20:51:44
0,HINDALCOEQN,7.05,HINDALCO,EQ,N,969.5,4259226,968.0,973.05,960.6,962.45,4118969687.82,1176.0,657.5,1399812364334.5,2026-07-30 16:00:29,0,40.75,1.35,30-Jul-2025,30-Jun-2026,17.55952380952381,-47.452471482889734,,,HINDALCO INDUSTRIES LIMITED,0.73,2026-07-30 20:51:44
0,ADANIENTEQN,25.5,ADANIENT,EQ,N,3050.0,1278332,3024.5,3060.9,2994.6,3024.5,3882677783.6,3245.0,1753.0,913098756508.21,2026-07-30 16:00:29,0,24.03,0.46,30-Jul-2025,30-Jun-2026,6.00924499229584,-73.9874500855676,,,ADANI ENTERPRISES LIMITED,0.84,2026-07-30 20:51:44
0,JIOFINEQN,-2.81,JIOFIN,EQ,N,246.67,15570324,248.75,249.9,245.1,249.48,3842755963.2,338.6,223.3,807083544996.55,2026-07-30 16:00:29,0,-22.99,4.33,30-Jul-2025,30-Jun-2026,27.15002953337271,-10.465741155396328,,,JIO FINANCIAL SERVICES LIMITED,-1.13,2026-07-30 20:51:44
0,TITANEQN,-6.3,TITAN,EQ,N,4843.9,777361,4820.9,4869.9,4820.9,4850.2,3767503407.33,4869.9,3303.1,1994286097671.63,2026-07-30 16:00:29,0,43.46,9.99,30-Jul-2025,30-Jun-2026,0.533891866362759,-46.64708909811995,,,TITAN COMPANY LIMITED,-0.13,2026-07-30 20:51:44
0,ULTRACEMCOEQN,92.0,ULTRACEMCO,EQ,N,11850.0,291418,11800.0,11861.0,11730.0,11998.0,3440801467.8,13110.0,10325.0,1398368106960.24,2026-07-30 16:00:29,0,-3.41,5.31,30-Jul-2025,30-Jun-2026,9.610983981693364,-14.76997578692494,,,ULTRATECH CEMENT LIMITED,0.78,2026-07-30 20:51:44
0,NTPCEQN,1.65,NTPC,EQ,N,345.15,9943764,343.5,347.65,341.85,343.5,3429504765.96,414.4,315.55,1631724403926.03,2026-07-30 16:00:29,0,1.87,-3.22,30-Jul-2025,30-Jun-2026,16.710907335907336,-9.380446838852796,,,NTPC LIMITED,0.48,2026-07-30 20:51:44
0,BAJAJ-AUTOEQN,107.0,BAJAJ-AUTO,EQ,N,11445.0,295600,11338.0,11525.0,11305.5,11338.0,3383889868.0,11532.0,7858.5,1264023467645.08,2026-07-30 16:00:29,0,42.29,17.8,30-Jul-2025,30-Jun-2026,0.7544224765868887,-45.63848062607368,,,BAJAJ AUTO LIMITED,0.94,2026-07-30 20:51:44
0,INDIGOEQN,-58.5,INDIGO,EQ,N,5218.0,549497,5210.0,5258.0,5194.0,5276.5,2872643931.69,6232.5,3895.2,1177843830371.66,2026-07-30 16:00:29,0,-9.09,-2.8,30-Jul-2025,30-Jun-2026,16.277577216205376,-33.95974532758267,,,INTERGLOBE AVIATION LIMITED,-1.11,2026-07-30 20:51:44
0,SBILIFEEQN,-27.8,SBILIFE,EQ,N,1867.1,1513264,1882.2,1910.0,1862.6,1894.9,2858843216.16,2132.0,1700.4,836655989360.71,2026-07-30 16:00:29,0,1.52,5.74,30-Jul-2025,30-Jun-2026,12.424953095684803,-9.803575629263703,,,SBI LIFE INSURANCE COMPANY LIMITED,-1.47,2026-07-30 20:51:44
0,ONGCEQN,2.99,ONGC,EQ,N,241.3,11419363,239.5,244.39,239.06,238.31,2768624559.35,307.5,227.65,934707283642.2,2026-07-30 16:00:29,0,-0.21,2.72,30-Jul-2025,30-Jun-2026,21.528455284552845,-5.996046562705908,,,OIL & NATURAL GAS CORPORATION LIMITED,1.25,2026-07-30 20:51:44
0,TATASTEELEQN,-0.28,TATASTEEL,EQ,N,186.99,13769746,188.01,188.99,186.1,187.27,2576732568.98,224.4,152.51,1541351160652.42,2026-07-30 16:00:29,0,15.88,-0.57,30-Jul-2025,30-Jun-2026,16.671122994652407,-22.60835355058685,,,TATA STEEL LIMITED,-0.15,2026-07-30 20:51:44
0,TRENTEQN,-1.3,TRENT,EQ,N,3003.9,806910,3020.2,3042.6,2982.0,3005.2,2423376664.8,3782.67,2183.67,996732662909.66,2026-07-30 16:00:29,0,-10.66,-8.49,30-Jul-2025,30-Jun-2026,20.58783874882028,-37.56199425737405,,,TRENT LIMITED,-0.04,2026-07-30 20:51:44
0,HDFCLIFEEQN,-11.65,HDFCLIFE,EQ,N,545.05,4394541,557.0,558.85,544.7,556.7,2406538542.42,815.0,543.0,588634041770.54,2026-07-30 16:00:29,0,-28.04,-5.35,30-Jul-2025,30-Jun-2026,33.122699386503065,-0.3775322283609576,,,HDFC LIFE INSURANCE COMPANY LIMITED,-2.09,2026-07-30 20:51:44
0,APOLLOHOSPEQN,24.0,APOLLOHOSP,EQ,N,8959.0,263013,8900.0,9009.0,8865.5,8935.0,2359053021.42,9009.0,6696.5,919392943478.69,2026-07-30 16:00:29,0,20.26,3.19,30-Jul-2025,30-Jun-2026,0.555000555000555,-33.78630627939969,,,APOLLO HOSPITALS ENTERPRISE LIMITED,0.27,2026-07-30 20:51:44
0,POWERGRIDEQN,2.5,POWERGRID,EQ,N,285.35,7903593,283.4,287.1,283.0,282.85,2254974118.83,324.95,250.0,1288609092539.81,2026-07-30 16:00:29,0,-1.25,-0.33,30-Jul-2025,30-Jun-2026,12.186490229266042,-14.14,,,POWER GRID CORPORATION OF INDIA LIMITED,0.88,2026-07-30 20:51:44
0,TMPVEQN,5.1,TMPV,EQ,N,334.9,6078600,328.2,335.0,328.05,329.8,2019797208.0,739.7,294.3,697961149137.43,2026-07-30 16:00:29,0,-49.9,-4.91,30-Jul-2025,30-Jun-2026,54.72488846829796,-13.795446822969758,,,TATA MOTORS PASSENGER VEHICLES LIMITED,1.55,2026-07-30 20:51:44
0,TATACONSUMEQN,-1.1,TATACONSUM,EQ,N,1095.0,1677784,1096.1,1108.9,1090.4,1096.1,1841636385.44,1282.7,1007.2,711099193573.79,2026-07-30 16:00:29,0,2.04,1.8,30-Jul-2025,30-Jun-2026,14.63319560302487,-8.717235901509135,,,TATA CONSUMER PRODUCTS LIMITED,-0.1,2026-07-30 20:51:44
0,MAXHEALTHEQN,12.6,MAXHEALTH,EQ,N,1124.0,1610692,1112.0,1135.9,1110.3,1111.4,1813574764.32,1301.7,903.0,834207449679.87,2026-07-30 16:00:29,0,-11.12,-0.46,30-Jul-2025,30-Jun-2026,13.65137896596758,-24.473975636766333,,,MAX HEALTHCARE INSTITUTE LIMITED,1.13,2026-07-30 20:51:44
0,DRREDDYEQN,2.0,DRREDDY,EQ,N,1144.3,1350714,1143.0,1151.0,1139.0,1142.3,1544257809.06,1414.9,1101.0,695598263003.41,2026-07-30 16:00:29,0,-11.44,-15.68,30-Jul-2025,30-Jun-2026,19.125026503639834,-3.932788374205268,,,DR. REDDY'S LABORATORIES LIMITED,0.18,2026-07-30 20:51:44
0,BAJAJFINSVEQN,-15.4,BAJAJFINSV,EQ,N,1909.0,752615,1918.3,1933.4,1892.3,1924.4,1435951789.25,2195.0,1597.0,1102070234202.81,2026-07-30 16:00:29,0,-2.59,7.24,30-Jul-2025,30-Jun-2026,13.029612756264237,-19.536631183469005,,,BAJAJ FINSERV LIMITED,-0.8,2026-07-30 20:51:44
0,CIPLAEQN,-6.3,CIPLA,EQ,N,1468.0,833068,1478.8,1483.8,1464.1,1474.3,1226700960.68,1673.0,1165.7,823709433326.43,2026-07-30 16:00:29,0,-5.86,0.18,30-Jul-2025,30-Jun-2026,12.253436939629408,-25.93291584455692,,,CIPLA LIMITED,-0.43,2026-07-30 20:51:44
0,JSWSTEELEQN,-8.1,JSWSTEEL,EQ,N,1268.5,923153,1279.1,1304.5,1261.5,1276.6,1171176516.51,1328.0,1018.0,1186453565545.05,2026-07-30 16:00:29,0,22.22,3.43,30-Jul-2025,30-Jun-2026,4.480421686746988,-24.607072691552062,,,JSW STEEL LIMITED,-0.63,2026-07-30 20:51:44
0,GRASIMEQN,-12.9,GRASIM,EQ,N,3100.1,301353,3115.0,3115.5,3085.5,3113.0,933920068.77,3246.0,2502.5,1166435037062.31,2026-07-30 16:00:29,0,12.38,0.0,30-Jul-2025,30-Jun-2026,4.494762784966112,-23.88011988011988,,,GRASIM INDUSTRIES LIMITED,-0.41,2026-07-30 20:51:44
1,NIFTY 50,66.95,NIFTY 50,,,24317.15,400636260,24249.55,24342.95,24187.1,24250.2,335660224755.62,26373.2,22182.55,,2026-07-30 15:39:59,0,-2.16,1.89,29-Jul-2025,29-Jun-2026,7.795982285046942,-9.622879245172443,,,,0.28,2026-07-30 20:54:18
0,HDFCBANKEQN,5.2,HDFCBANK,EQ,N,753.4,35844392,752.8,757.9,745.5,748.2,26916270840.64,1020.5,726.65,11507952979097.49,2026-07-30 16:00:29,0,-25.62,-5.58,30-Jul-2025,30-Jun-2026,26.1734443900049,-3.6812770935113193,,,HDFC BANK LIMITED,0.7,2026-07-30 20:54:18
0,INFYEQN,-0.6,INFY,EQ,N,1155.0,22630218,1168.0,1187.7,1151.3,1155.6,26545698318.36,1728.0,982.4,4040155038730.84,2026-07-30 16:00:29,0,-23.96,15.45,30-Jul-2025,30-Jun-2026,33.15972222222222,-17.569218241042346,,,INFOSYS LIMITED,-0.05,2026-07-30 20:54:18
0,ICICIBANKEQN,-7.9,ICICIBANK,EQ,N,1430.0,14141173,1431.1,1442.2,1422.6,1437.9,20232907504.94,1494.5,1187.6,10218404351568.66,2026-07-30 16:00:29,0,-3.53,3.98,30-Jul-2025,30-Jun-2026,4.315824690531951,-20.410912765240823,,,ICICI BANK LIMITED,-0.55,2026-07-30 20:54:18
0,M&MEQN,72.8,M&M,EQ,N,3294.6,4851980,3220.0,3327.0,3197.5,3221.8,15866023119.8,3839.9,2896.0,2933123350768.73,2026-07-30 16:00:29,0,2.67,7.36,30-Jul-2025,30-Jun-2026,14.200890648193964,-13.763812154696133,,,MAHINDRA & MAHINDRA LIMITED,2.26,2026-07-30 20:54:18
0,RELIANCEEQN,13.5,RELIANCE,EQ,N,1289.4,12158451,1279.8,1297.0,1275.3,1275.9,15689386754.91,1611.8,1249.8,8686354311529.18,2026-07-30 16:00:29,0,-8.56,-0.35,30-Jul-2025,30-Jun-2026,20.002481697481077,-3.168506961113778,,,RELIANCE INDUSTRIES LIMITED,1.06,2026-07-30 20:54:18
0,TCSEQN,-12.6,TCS,EQ,N,2434.0,4901582,2440.0,2495.0,2423.0,2446.6,12055686008.1,3350.0,1976.8,2478110387443.66,2026-07-30 16:00:29,0,-20.29,19.81,30-Jul-2025,30-Jun-2026,27.34328358208955,-23.128288142452448,,,TATA CONSULTANCY SERVICES LIMITED,-0.52,2026-07-30 20:54:18
0,EICHERMOTEQN,130.0,EICHERMOT,EQ,N,7909.0,1496307,7869.5,7930.0,7730.0,7779.0,11742478665.48,8230.0,5353.0,1086933343021.75,2026-07-30 16:00:29,0,44.3,11.81,30-Jul-2025,30-Jun-2026,3.9003645200486026,-47.748925835979826,,,EICHER MOTORS LIMITED,1.67,2026-07-30 20:54:18
0,BHARTIARTLEQN,-3.6,BHARTIARTL,EQ,N,1946.6,5356472,1954.0,1963.2,1943.9,1950.2,10462475369.28,2174.5,1740.5,6044959384312.81,2026-07-30 16:00:29,0,0.72,5.11,30-Jul-2025,30-Jun-2026,10.48057024603357,-11.841424877908647,,,BHARTI AIRTEL LIMITED,-0.18,2026-07-30 20:54:18
0,BAJFINANCEEQN,3.6,BAJFINANCE,EQ,N,1058.0,9866564,1046.0,1068.0,1035.1,1054.4,10348150988.84,1102.5,787.9,2827745664588.37,2026-07-30 16:00:29,0,19.57,5.3,30-Jul-2025,30-Jun-2026,4.036281179138322,-34.28100012691966,,,BAJAJ FINANCE LIMITED,0.34,2026-07-30 20:54:18
0,WIPROEQN,2.8,WIPRO,EQ,N,186.41,54015268,183.4,191.34,183.4,183.61,10162972674.2,273.1,169.0,502918719962.09,2026-07-30 16:00:29,0,-25.5,9.4,30-Jul-2025,30-Jun-2026,31.74295129989015,-10.301775147928995,,,WIPRO LIMITED,1.52,2026-07-30 20:54:18
0,ETERNALEQN,-1.75,ETERNAL,EQ,N,310.05,32431887,307.0,312.25,305.0,311.8,9972480933.63,368.45,212.6,2235244736574.58,2026-07-30 16:00:29,0,2.17,17.18,30-Jul-2025,30-Jun-2026,15.850183199891438,-45.83725305738476,,,ETERNAL LIMITED,-0.56,2026-07-30 20:54:18
0,COALINDIAEQN,7.35,COALINDIA,EQ,N,417.4,23225454,412.95,418.3,410.1,410.05,9640653700.86,491.25,368.65,997004023159.33,2026-07-30 16:00:29,0,9.87,-4.93,30-Jul-2025,30-Jun-2026,15.033078880407125,-13.223925132239252,,,COAL INDIA LIMITED,1.79,2026-07-30 20:54:18
0,ADANIPORTSEQN,-58.2,ADANIPORTS,EQ,N,1661.5,5395211,1726.7,1727.7,1658.4,1719.7,9016638479.53,1891.1,1290.5,1222323805848.08,2026-07-30 16:00:29,0,19.19,-8.21,30-Jul-2025,30-Jun-2026,12.141081909999471,-28.748547074777218,,,ADANI PORTS AND SPECIAL ECONOMIC ZONE LIMITED,-3.38,2026-07-30 20:54:18
0,MARUTIEQN,232.0,MARUTI,EQ,N,14180.0,626000,13939.0,14250.0,13825.0,13948.0,8763230020.0,17370.0,12201.0,1844681206163.64,2026-07-30 16:00:29,0,12.38,0.46,30-Jul-2025,30-Jun-2026,18.364997121473806,-16.21998196869109,,,MARUTI SUZUKI INDIA LIMITED,1.66,2026-07-30 20:54:18
0,AXISBANKEQN,-4.6,AXISBANK,EQ,N,1230.8,6878684,1229.0,1232.2,1220.2,1235.4,8429689668.32,1418.3,1042.5,3525636537742.45,2026-07-30 16:00:29,0,14.67,-8.54,30-Jul-2025,30-Jun-2026,13.220052175139251,-18.062350119904078,,,AXIS BANK LIMITED,-0.37,2026-07-30 20:54:18
0,LTEQN,9.1,LT,EQ,N,3940.5,2141252,3931.4,3951.7,3883.5,3931.4,8412872045.4,4440.0,3288.1,4599211741518.72,2026-07-30 16:00:29,0,7.51,-4.9,30-Jul-2025,30-Jun-2026,11.25,-19.841245704206077,,,LARSEN & TOUBRO LIMITED,0.23,2026-07-30 20:54:18
0,SBINEQN,10.3,SBIN,EQ,N,1024.0,6847458,1013.5,1028.3,1007.6,1013.7,6986940719.46,1234.7,786.55,4220811397058.94,2026-07-30 16:00:29,0,27.74,-0.28,30-Jul-2025,30-Jun-2026,17.064874058475745,-30.188799186320004,,,STATE BANK OF INDIA,1.02,2026-07-30 20:54:18
0,TECHMEQN,17.2,TECHM,EQ,N,1661.4,4167643,1649.0,1686.6,1638.1,1644.2,6976926117.01,1854.0,1304.1,1052212537214.25,2026-07-30 16:00:29,0,13.55,18.27,30-Jul-2025,30-Jun-2026,10.388349514563107,-27.398205659075224,,,TECH MAHINDRA LIMITED,1.05,2026-07-30 20:54:18
0,ASIANPAINTEQN,-8.4,ASIANPAINT,EQ,N,2750.0,2387024,2758.1,2767.9,2666.2,2758.4,6501966933.12,2985.7,2115.0,1240145623693.76,2026-07-30 16:00:29,0,13.83,4.34,30-Jul-2025,30-Jun-2026,7.894296144957631,-30.023640661938533,,,ASIAN PAINTS LIMITED,-0.3,2026-07-30 20:54:18
0,BELEQN,-2.8,BEL,EQ,N,384.75,16521484,386.0,387.5,382.7,387.55,6356310539.32,473.45,361.2,1374204727253.93,2026-07-30 16:00:29,0,-0.45,-6.57,30-Jul-2025,30-Jun-2026,18.734818882669764,-6.519933554817276,,,BHARAT ELECTRONICS LIMITED,-0.72,2026-07-30 20:54:18
0,NESTLEINDEQN,15.7,NESTLEIND,EQ,N,1519.0,3698063,1503.3,1532.6,1497.0,1503.3,5624568919.85,1532.6,1084.7,1086093281065.1,2026-07-30 16:00:29,0,36.14,8.1,30-Jul-2025,30-Jun-2026,0.8873809213101919,-40.03872038351618,,,NESTLE INDIA LIMITED,1.04,2026-07-30 20:54:18
0,SHRIRAMFINEQN,-15.7,SHRIRAMFIN,EQ,N,1029.0,5425880,1038.0,1051.0,1019.5,1044.7,5574711888.4,1108.0,566.5,1437137311112.52,2026-07-30 16:00:29,0,62.61,-1.26,30-Jul-2025,30-Jun-2026,7.129963898916968,-81.64165931156222,,,SHRIRAM FINANCE LIMITED,-1.5,2026-07-30 20:54:18
0,HINDUNILVREQN,-10.8,HINDUNILVR,EQ,N,2107.0,2602039,2120.0,2132.6,2088.0,2117.8,5478124747.48,2750.0,2016.0,1864069949678.92,2026-07-30 16:00:29,0,-13.56,-0.53,30-Jul-2025,30-Jun-2026,23.381818181818183,-4.513888888888889,,,HINDUSTAN UNILEVER LIMITED,-0.51,2026-07-30 20:54:18
0,ITCEQN,-0.7,ITC,EQ,N,285.55,18283697,286.1,288.4,283.75,286.25,5224200743.81,427.0,275.0,2744908844595.67,2026-07-30 16:00:29,0,-29.94,-0.49,30-Jul-2025,30-Jun-2026,33.12646370023419,-3.8363636363636364,,,ITC LIMITED,-0.24,2026-07-30 20:54:18
0,HCLTECHEQN,7.2,HCLTECH,EQ,N,1351.5,3747919,1349.0,1369.9,1345.6,1344.3,5097507152.71,1780.1,1030.0,1420880972267.0,2026-07-30 16:00:29,0,-8.47,26.1,30-Jul-2025,30-Jun-2026,24.077299028144488,-31.21359223300971,,,HCL TECHNOLOGIES LIMITED,0.54,2026-07-30 20:54:18
0,KOTAKBANKEQN,-2.6,KOTAKBANK,EQ,N,387.6,12205963,385.7,390.2,385.7,390.2,4742993102.54,453.2,345.5,2845977112500.26,2026-07-30 16:00:29,0,-1.11,-1.19,30-Jul-2025,30-Jun-2026,14.474845542806708,-12.185238784370478,,,KOTAK MAHINDRA BANK LIMITED,-0.67,2026-07-30 20:54:18
0,SUNPHARMAEQN,15.1,SUNPHARMA,EQ,N,2005.0,2224264,1993.1,2017.3,1988.0,1989.9,4464453730.24,2017.3,1548.0,2117111838529.49,2026-07-30 16:00:29,0,15.64,7.65,30-Jul-2025,30-Jun-2026,0.6097258712139989,-29.521963824289404,,,SUN PHARMACEUTICAL INDUSTRIES LIMITED,0.76,2026-07-30 20:54:18
0,HINDALCOEQN,7.05,HINDALCO,EQ,N,969.5,4259226,968.0,973.05,960.6,962.45,4118969687.82,1176.0,657.5,1399812364334.5,2026-07-30 16:00:29,0,40.75,1.35,30-Jul-2025,30-Jun-2026,17.55952380952381,-47.452471482889734,,,HINDALCO INDUSTRIES LIMITED,0.73,2026-07-30 20:54:18
0,ADANIENTEQN,25.5,ADANIENT,EQ,N,3050.0,1278332,3024.5,3060.9,2994.6,3024.5,3882677783.6,3245.0,1753.0,913098756508.21,2026-07-30 16:00:29,0,24.03,0.46,30-Jul-2025,30-Jun-2026,6.00924499229584,-73.9874500855676,,,ADANI ENTERPRISES LIMITED,0.84,2026-07-30 20:54:18
0,JIOFINEQN,-2.81,JIOFIN,EQ,N,246.67,15570324,248.75,249.9,245.1,249.48,3842755963.2,338.6,223.3,807083544996.55,2026-07-30 16:00:29,0,-22.99,4.33,30-Jul-2025,30-Jun-2026,27.15002953337271,-10.465741155396328,,,JIO FINANCIAL SERVICES LIMITED,-1.13,2026-07-30 20:54:18
0,TITANEQN,-6.3,TITAN,EQ,N,4843.9,777361,4820.9,4869.9,4820.9,4850.2,3767503407.33,4869.9,3303.1,1994286097671.63,2026-07-30 16:00:29,0,43.46,9.99,30-Jul-2025,30-Jun-2026,0.533891866362759,-46.64708909811995,,,TITAN COMPANY LIMITED,-0.13,2026-07-30 20:54:18
0,ULTRACEMCOEQN,92.0,ULTRACEMCO,EQ,N,11850.0,291418,11800.0,11861.0,11730.0,11998.0,3440801467.8,13110.0,10325.0,1398368106960.24,2026-07-30 16:00:29,0,-3.41,5.31,30-Jul-2025,30-Jun-2026,9.610983981693364,-14.76997578692494,,,ULTRATECH CEMENT LIMITED,0.78,2026-07-30 20:54:18
0,NTPCEQN,1.65,NTPC,EQ,N,345.15,9943764,343.5,347.65,341.85,343.5,3429504765.96,414.4,315.55,1631724403926.03,2026-07-30 16:00:29,0,1.87,-3.22,30-Jul-2025,30-Jun-2026,16.710907335907336,-9.380446838852796,,,NTPC LIMITED,0.48,2026-07-30 20:54:18
0,BAJAJ-AUTOEQN,107.0,BAJAJ-AUTO,EQ,N,11445.0,295600,11338.0,11525.0,11305.5,11338.0,3383889868.0,11532.0,7858.5,1264023467645.08,2026-07-30 16:00:29,0,42.29,17.8,30-Jul-2025,30-Jun-2026,0.7544224765868887,-45.63848062607368,,,BAJAJ AUTO LIMITED,0.94,2026-07-30 20:54:18
0,INDIGOEQN,-58.5,INDIGO,EQ,N,5218.0,549497,5210.0,5258.0,5194.0,5276.5,2872643931.69,6232.5,3895.2,1177843830371.66,2026-07-30 16:00:29,0,-9.09,-2.8,30-Jul-2025,30-Jun-2026,16.277577216205376,-33.95974532758267,,,INTERGLOBE AVIATION LIMITED,-1.11,2026-07-30 20:54:18
0,SBILIFEEQN,-27.8,SBILIFE,EQ,N,1867.1,1513264,1882.2,1910.0,1862.6,1894.9,2858843216.16,2132.0,1700.4,836655989360.71,2026-07-30 16:00:29,0,1.52,5.74,30-Jul-2025,30-Jun-2026,12.424953095684803,-9.803575629263703,,,SBI LIFE INSURANCE COMPANY LIMITED,-1.47,2026-07-30 20:54:18
0,ONGCEQN,2.99,ONGC,EQ,N,241.3,11419363,239.5,244.39,239.06,238.31,2768624559.35,307.5,227.65,934707283642.2,2026-07-30 16:00:29,0,-0.21,2.72,30-Jul-2025,30-Jun-2026,21.528455284552845,-5.996046562705908,,,OIL & NATURAL GAS CORPORATION LIMITED,1.25,2026-07-30 20:54:18
0,TATASTEELEQN,-0.28,TATASTEEL,EQ,N,186.99,13769746,188.01,188.99,186.1,187.27,2576732568.98,224.4,152.51,1541351160652.42,2026-07-30 16:00:29,0,15.88,-0.57,30-Jul-2025,30-Jun-2026,16.671122994652407,-22.60835355058685,,,TATA STEEL LIMITED,-0.15,2026-07-30 20:54:18
0,TRENTEQN,-1.3,TRENT,EQ,N,3003.9,806910,3020.2,3042.6,2982.0,3005.2,2423376664.8,3782.67,2183.67,996732662909.66,2026-07-30 16:00:29,0,-10.66,-8.49,30-Jul-2025,30-Jun-2026,20.58783874882028,-37.56199425737405,,,TRENT LIMITED,-0.04,2026-07-30 20:54:18
0,HDFCLIFEEQN,-11.65,HDFCLIFE,EQ,N,545.05,4394541,557.0,558.85,544.7,556.7,2406538542.42,815.0,543.0,588634041770.54,2026-07-30 16:00:29,0,-28.04,-5.35,30-Jul-2025,30-Jun-2026,33.122699386503065,-0.3775322283609576,,,HDFC LIFE INSURANCE COMPANY LIMITED,-2.09,2026-07-30 20:54:18
0,APOLLOHOSPEQN,24.0,APOLLOHOSP,EQ,N,8959.0,263013,8900.0,9009.0,8865.5,8935.0,2359053021.42,9009.0,6696.5,919392943478.69,2026-07-30 16:00:29,0,20.26,3.19,30-Jul-2025,30-Jun-2026,0.555000555000555,-33.78630627939969,,,APOLLO HOSPITALS ENTERPRISE LIMITED,0.27,2026-07-30 20:54:18
0,POWERGRIDEQN,2.5,POWERGRID,EQ,N,285.35,7903593,283.4,287.1,283.0,282.85,2254974118.83,324.95,250.0,1288609092539.81,2026-07-30 16:00:29,0,-1.25,-0.33,30-Jul-2025,30-Jun-2026,12.186490229266042,-14.14,,,POWER GRID CORPORATION OF INDIA LIMITED,0.88,2026-07-30 20:54:18
0,TMPVEQN,5.1,TMPV,EQ,N,334.9,6078600,328.2,335.0,328.05,329.8,2019797208.0,739.7,294.3,697961149137.43,2026-07-30 16:00:29,0,-49.9,-4.91,30-Jul-2025,30-Jun-2026,54.72488846829796,-13.795446822969758,,,TATA MOTORS PASSENGER VEHICLES LIMITED,1.55,2026-07-30 20:54:18
0,TATACONSUMEQN,-1.1,TATACONSUM,EQ,N,1095.0,1677784,1096.1,1108.9,1090.4,1096.1,1841636385.44,1282.7,1007.2,711099193573.79,2026-07-30 16:00:29,0,2.04,1.8,30-Jul-2025,30-Jun-2026,14.63319560302487,-8.717235901509135,,,TATA CONSUMER PRODUCTS LIMITED,-0.1,2026-07-30 20:54:18
0,MAXHEALTHEQN,12.6,MAXHEALTH,EQ,N,1124.0,1610692,1112.0,1135.9,1110.3,1111.4,1813574764.32,1301.7,903.0,834207449679.87,2026-07-30 16:00:29,0,-11.12,-0.46,30-Jul-2025,30-Jun-2026,13.65137896596758,-24.473975636766333,,,MAX HEALTHCARE INSTITUTE LIMITED,1.13,2026-07-30 20:54:18
0,DRREDDYEQN,2.0,DRREDDY,EQ,N,1144.3,1350714,1143.0,1151.0,1139.0,1142.3,1544257809.06,1414.9,1101.0,695598263003.41,2026-07-30 16:00:29,0,-11.44,-15.68,30-Jul-2025,30-Jun-2026,19.125026503639834,-3.932788374205268,,,DR. REDDY'S LABORATORIES LIMITED,0.18,2026-07-30 20:54:18
0,BAJAJFINSVEQN,-15.4,BAJAJFINSV,EQ,N,1909.0,752615,1918.3,1933.4,1892.3,1924.4,1435951789.25,2195.0,1597.0,1102070234202.81,2026-07-30 16:00:29,0,-2.59,7.24,30-Jul-2025,30-Jun-2026,13.029612756264237,-19.536631183469005,,,BAJAJ FINSERV LIMITED,-0.8,2026-07-30 20:54:18
0,CIPLAEQN,-6.3,CIPLA,EQ,N,1468.0,833068,1478.8,1483.8,1464.1,1474.3,1226700960.68,1673.0,1165.7,823709433326.43,2026-07-30 16:00:29,0,-5.86,0.18,30-Jul-2025,30-Jun-2026,12.253436939629408,-25.93291584455692,,,CIPLA LIMITED,-0.43,2026-07-30 20:54:18
0,JSWSTEELEQN,-8.1,JSWSTEEL,EQ,N,1268.5,923153,1279.1,1304.5,1261.5,1276.6,1171176516.51,1328.0,1018.0,1186453565545.05,2026-07-30 16:00:29,0,22.22,3.43,30-Jul-2025,30-Jun-2026,4.480421686746988,-24.607072691552062,,,JSW STEEL LIMITED,-0.63,2026-07-30 20:54:18
0,GRASIMEQN,-12.9,GRASIM,EQ,N,3100.1,301353,3115.0,3115.5,3085.5,3113.0,933920068.77,3246.0,2502.5,1166435037062.31,2026-07-30 16:00:29,0,12.38,0.0,30-Jul-2025,30-Jun-2026,4.494762784966112,-23.88011988011988,,,GRASIM INDUSTRIES LIMITED,-0.41,2026-07-30 20:54:18
1,NIFTY 50,66.95,NIFTY 50,,,24317.15,400636260,24249.55,24342.95,24187.1,24250.2,335660224755.62,26373.2,22182.55,,2026-07-30 15:39:59,0,-2.16,1.89,29-Jul-2025,29-Jun-2026,7.795982285046942,-9.622879245172443,,,,0.28,2026-07-30 20:55:43
0,HDFCBANKEQN,5.2,HDFCBANK,EQ,N,753.4,35844392,752.8,757.9,745.5,748.2,26916270840.64,1020.5,726.65,11507952979097.49,2026-07-30 16:00:29,0,-25.62,-5.58,30-Jul-2025,30-Jun-2026,26.1734443900049,-3.6812770935113193,,,HDFC BANK LIMITED,0.7,2026-07-30 20:55:43
0,INFYEQN,-0.6,INFY,EQ,N,1155.0,22630218,1168.0,1187.7,1151.3,1155.6,26545698318.36,1728.0,982.4,4040155038730.84,2026-07-30 16:00:29,0,-23.96,15.45,30-Jul-2025,30-Jun-2026,33.15972222222222,-17.569218241042346,,,INFOSYS LIMITED,-0.05,2026-07-30 20:55:43
0,ICICIBANKEQN,-7.9,ICICIBANK,EQ,N,1430.0,14141173,1431.1,1442.2,1422.6,1437.9,20232907504.94,1494.5,1187.6,10218404351568.66,2026-07-30 16:00:29,0,-3.53,3.98,30-Jul-2025,30-Jun-2026,4.315824690531951,-20.410912765240823,,,ICICI BANK LIMITED,-0.55,2026-07-30 20:55:43
0,M&MEQN,72.8,M&M,EQ,N,3294.6,4851980,3220.0,3327.0,3197.5,3221.8,15866023119.8,3839.9,2896.0,2933123350768.73,2026-07-30 16:00:29,0,2.67,7.36,30-Jul-2025,30-Jun-2026,14.200890648193964,-13.763812154696133,,,MAHINDRA & MAHINDRA LIMITED,2.26,2026-07-30 20:55:43
0,RELIANCEEQN,13.5,RELIANCE,EQ,N,1289.4,12158451,1279.8,1297.0,1275.3,1275.9,15689386754.91,1611.8,1249.8,8686354311529.18,2026-07-30 16:00:29,0,-8.56,-0.35,30-Jul-2025,30-Jun-2026,20.002481697481077,-3.168506961113778,,,RELIANCE INDUSTRIES LIMITED,1.06,2026-07-30 20:55:43
0,TCSEQN,-12.6,TCS,EQ,N,2434.0,4901582,2440.0,2495.0,2423.0,2446.6,12055686008.1,3350.0,1976.8,2478110387443.66,2026-07-30 16:00:29,0,-20.29,19.81,30-Jul-2025,30-Jun-2026,27.34328358208955,-23.128288142452448,,,TATA CONSULTANCY SERVICES LIMITED,-0.52,2026-07-30 20:55:43
0,EICHERMOTEQN,130.0,EICHERMOT,EQ,N,7909.0,1496307,7869.5,7930.0,7730.0,7779.0,11742478665.48,8230.0,5353.0,1086933343021.75,2026-07-30 16:00:29,0,44.3,11.81,30-Jul-2025,30-Jun-2026,3.9003645200486026,-47.748925835979826,,,EICHER MOTORS LIMITED,1.67,2026-07-30 20:55:43
0,BHARTIARTLEQN,-3.6,BHARTIARTL,EQ,N,1946.6,5356472,1954.0,1963.2,1943.9,1950.2,10462475369.28,2174.5,1740.5,6044959384312.81,2026-07-30 16:00:29,0,0.72,5.11,30-Jul-2025,30-Jun-2026,10.48057024603357,-11.841424877908647,,,BHARTI AIRTEL LIMITED,-0.18,2026-07-30 20:55:43
0,BAJFINANCEEQN,3.6,BAJFINANCE,EQ,N,1058.0,9866564,1046.0,1068.0,1035.1,1054.4,10348150988.84,1102.5,787.9,2827745664588.37,2026-07-30 16:00:29,0,19.57,5.3,30-Jul-2025,30-Jun-2026,4.036281179138322,-34.28100012691966,,,BAJAJ FINANCE LIMITED,0.34,2026-07-30 20:55:43
0,WIPROEQN,2.8,WIPRO,EQ,N,186.41,54015268,183.4,191.34,183.4,183.61,10162972674.2,273.1,169.0,502918719962.09,2026-07-30 16:00:29,0,-25.5,9.4,30-Jul-2025,30-Jun-2026,31.74295129989015,-10.301775147928995,,,WIPRO LIMITED,1.52,2026-07-30 20:55:43
0,ETERNALEQN,-1.75,ETERNAL,EQ,N,310.05,32431887,307.0,312.25,305.0,311.8,9972480933.63,368.45,212.6,2235244736574.58,2026-07-30 16:00:29,0,2.17,17.18,30-Jul-2025,30-Jun-2026,15.850183199891438,-45.83725305738476,,,ETERNAL LIMITED,-0.56,2026-07-30 20:55:43
0,COALINDIAEQN,7.35,COALINDIA,EQ,N,417.4,23225454,412.95,418.3,410.1,410.05,9640653700.86,491.25,368.65,997004023159.33,2026-07-30 16:00:29,0,9.87,-4.93,30-Jul-2025,30-Jun-2026,15.033078880407125,-13.223925132239252,,,COAL INDIA LIMITED,1.79,2026-07-30 20:55:43
0,ADANIPORTSEQN,-58.2,ADANIPORTS,EQ,N,1661.5,5395211,1726.7,1727.7,1658.4,1719.7,9016638479.53,1891.1,1290.5,1222323805848.08,2026-07-30 16:00:29,0,19.19,-8.21,30-Jul-2025,30-Jun-2026,12.141081909999471,-28.748547074777218,,,ADANI PORTS AND SPECIAL ECONOMIC ZONE LIMITED,-3.38,2026-07-30 20:55:43
0,MARUTIEQN,232.0,MARUTI,EQ,N,14180.0,626000,13939.0,14250.0,13825.0,13948.0,8763230020.0,17370.0,12201.0,1844681206163.64,2026-07-30 16:00:29,0,12.38,0.46,30-Jul-2025,30-Jun-2026,18.364997121473806,-16.21998196869109,,,MARUTI SUZUKI INDIA LIMITED,1.66,2026-07-30 20:55:43
0,AXISBANKEQN,-4.6,AXISBANK,EQ,N,1230.8,6878684,1229.0,1232.2,1220.2,1235.4,8429689668.32,1418.3,1042.5,3525636537742.45,2026-07-30 16:00:29,0,14.67,-8.54,30-Jul-2025,30-Jun-2026,13.220052175139251,-18.062350119904078,,,AXIS BANK LIMITED,-0.37,2026-07-30 20:55:43
0,LTEQN,9.1,LT,EQ,N,3940.5,2141252,3931.4,3951.7,3883.5,3931.4,8412872045.4,4440.0,3288.1,4599211741518.72,2026-07-30 16:00:29,0,7.51,-4.9,30-Jul-2025,30-Jun-2026,11.25,-19.841245704206077,,,LARSEN & TOUBRO LIMITED,0.23,2026-07-30 20:55:43
0,SBINEQN,10.3,SBIN,EQ,N,1024.0,6847458,1013.5,1028.3,1007.6,1013.7,6986940719.46,1234.7,786.55,4220811397058.94,2026-07-30 16:00:29,0,27.74,-0.28,30-Jul-2025,30-Jun-2026,17.064874058475745,-30.188799186320004,,,STATE BANK OF INDIA,1.02,2026-07-30 20:55:43
0,TECHMEQN,17.2,TECHM,EQ,N,1661.4,4167643,1649.0,1686.6,1638.1,1644.2,6976926117.01,1854.0,1304.1,1052212537214.25,2026-07-30 16:00:29,0,13.55,18.27,30-Jul-2025,30-Jun-2026,10.388349514563107,-27.398205659075224,,,TECH MAHINDRA LIMITED,1.05,2026-07-30 20:55:43
0,ASIANPAINTEQN,-8.4,ASIANPAINT,EQ,N,2750.0,2387024,2758.1,2767.9,2666.2,2758.4,6501966933.12,2985.7,2115.0,1240145623693.76,2026-07-30 16:00:29,0,13.83,4.34,30-Jul-2025,30-Jun-2026,7.894296144957631,-30.023640661938533,,,ASIAN PAINTS LIMITED,-0.3,2026-07-30 20:55:43
0,BELEQN,-2.8,BEL,EQ,N,384.75,16521484,386.0,387.5,382.7,387.55,6356310539.32,473.45,361.2,1374204727253.93,2026-07-30 16:00:29,0,-0.45,-6.57,30-Jul-2025,30-Jun-2026,18.734818882669764,-6.519933554817276,,,BHARAT ELECTRONICS LIMITED,-0.72,2026-07-30 20:55:43
0,NESTLEINDEQN,15.7,NESTLEIND,EQ,N,1519.0,3698063,1503.3,1532.6,1497.0,1503.3,5624568919.85,1532.6,1084.7,1086093281065.1,2026-07-30 16:00:29,0,36.14,8.1,30-Jul-2025,30-Jun-2026,0.8873809213101919,-40.03872038351618,,,NESTLE INDIA LIMITED,1.04,2026-07-30 20:55:43
0,SHRIRAMFINEQN,-15.7,SHRIRAMFIN,EQ,N,1029.0,5425880,1038.0,1051.0,1019.5,1044.7,5574711888.4,1108.0,566.5,1437137311112.52,2026-07-30 16:00:29,0,62.61,-1.26,30-Jul-2025,30-Jun-2026,7.129963898916968,-81.64165931156222,,,SHRIRAM FINANCE LIMITED,-1.5,2026-07-30 20:55:43
0,HINDUNILVREQN,-10.8,HINDUNILVR,EQ,N,2107.0,2602039,2120.0,2132.6,2088.0,2117.8,5478124747.48,2750.0,2016.0,1864069949678.92,2026-07-30 16:00:29,0,-13.56,-0.53,30-Jul-2025,30-Jun-2026,23.381818181818183,-4.513888888888889,,,HINDUSTAN UNILEVER LIMITED,-0.51,2026-07-30 20:55:43
0,ITCEQN,-0.7,ITC,EQ,N,285.55,18283697,286.1,288.4,283.75,286.25,5224200743.81,427.0,275.0,2744908844595.67,2026-07-30 16:00:29,0,-29.94,-0.49,30-Jul-2025,30-Jun-2026,33.12646370023419,-3.8363636363636364,,,ITC LIMITED,-0.24,2026-07-30 20:55:43
0,HCLTECHEQN,7.2,HCLTECH,EQ,N,1351.5,3747919,1349.0,1369.9,1345.6,1344.3,5097507152.71,1780.1,1030.0,1420880972267.0,2026-07-30 16:00:29,0,-8.47,26.1,30-Jul-2025,30-Jun-2026,24.077299028144488,-31.21359223300971,,,HCL TECHNOLOGIES LIMITED,0.54,2026-07-30 20:55:43
0,KOTAKBANKEQN,-2.6,KOTAKBANK,EQ,N,387.6,12205963,385.7,390.2,385.7,390.2,4742993102.54,453.2,345.5,2845977112500.26,2026-07-30 16:00:29,0,-1.11,-1.19,30-Jul-2025,30-Jun-2026,14.474845542806708,-12.185238784370478,,,KOTAK MAHINDRA BANK LIMITED,-0.67,2026-07-30 20:55:43
0,SUNPHARMAEQN,15.1,SUNPHARMA,EQ,N,2005.0,2224264,1993.1,2017.3,1988.0,1989.9,4464453730.24,2017.3,1548.0,2117111838529.49,2026-07-30 16:00:29,0,15.64,7.65,30-Jul-2025,30-Jun-2026,0.6097258712139989,-29.521963824289404,,,SUN PHARMACEUTICAL INDUSTRIES LIMITED,0.76,2026-07-30 20:55:43
0,HINDALCOEQN,7.05,HINDALCO,EQ,N,969.5,4259226,968.0,973.05,960.6,962.45,4118969687.82,1176.0,657.5,1399812364334.5,2026-07-30 16:00:29,0,40.75,1.35,30-Jul-2025,30-Jun-2026,17.55952380952381,-47.452471482889734,,,HINDALCO INDUSTRIES LIMITED,0.73,2026-07-30 20:55:43
0,ADANIENTEQN,25.5,ADANIENT,EQ,N,3050.0,1278332,3024.5,3060.9,2994.6,3024.5,3882677783.6,3245.0,1753.0,913098756508.21,2026-07-30 16:00:29,0,24.03,0.46,30-Jul-2025,30-Jun-2026,6.00924499229584,-73.9874500855676,,,ADANI ENTERPRISES LIMITED,0.84,2026-07-30 20:55:43
0,JIOFINEQN,-2.81,JIOFIN,EQ,N,246.67,15570324,248.75,249.9,245.1,249.48,3842755963.2,338.6,223.3,807083544996.55,2026-07-30 16:00:29,0,-22.99,4.33,30-Jul-2025,30-Jun-2026,27.15002953337271,-10.465741155396328,,,JIO FINANCIAL SERVICES LIMITED,-1.13,2026-07-30 20:55:43
0,TITANEQN,-6.3,TITAN,EQ,N,4843.9,777361,4820.9,4869.9,4820.9,4850.2,3767503407.33,4869.9,3303.1,1994286097671.63,2026-07-30 16:00:29,0,43.46,9.99,30-Jul-2025,30-Jun-2026,0.533891866362759,-46.64708909811995,,,TITAN COMPANY LIMITED,-0.13,2026-07-30 20:55:43
0,ULTRACEMCOEQN,92.0,ULTRACEMCO,EQ,N,11850.0,291418,11800.0,11861.0,11730.0,11998.0,3440801467.8,13110.0,10325.0,1398368106960.24,2026-07-30 16:00:29,0,-3.41,5.31,30-Jul-2025,30-Jun-2026,9.610983981693364,-14.76997578692494,,,ULTRATECH CEMENT LIMITED,0.78,2026-07-30 20:55:43
0,NTPCEQN,1.65,NTPC,EQ,N,345.15,9943764,343.5,347.65,341.85,343.5,3429504765.96,414.4,315.55,1631724403926.03,2026-07-30 16:00:29,0,1.87,-3.22,30-Jul-2025,30-Jun-2026,16.710907335907336,-9.380446838852796,,,NTPC LIMITED,0.48,2026-07-30 20:55:43
0,BAJAJ-AUTOEQN,107.0,BAJAJ-AUTO,EQ,N,11445.0,295600,11338.0,11525.0,11305.5,11338.0,3383889868.0,11532.0,7858.5,1264023467645.08,2026-07-30 16:00:29,0,42.29,17.8,30-Jul-2025,30-Jun-2026,0.7544224765868887,-45.63848062607368,,,BAJAJ AUTO LIMITED,0.94,2026-07-30 20:55:43
0,INDIGOEQN,-58.5,INDIGO,EQ,N,5218.0,549497,5210.0,5258.0,5194.0,5276.5,2872643931.69,6232.5,3895.2,1177843830371.66,2026-07-30 16:00:29,0,-9.09,-2.8,30-Jul-2025,30-Jun-2026,16.277577216205376,-33.95974532758267,,,INTERGLOBE AVIATION LIMITED,-1.11,2026-07-30 20:55:43
0,SBILIFEEQN,-27.8,SBILIFE,EQ,N,1867.1,1513264,1882.2,1910.0,1862.6,1894.9,2858843216.16,2132.0,1700.4,836655989360.71,2026-07-30 16:00:29,0,1.52,5.74,30-Jul-2025,30-Jun-2026,12.424953095684803,-9.803575629263703,,,SBI LIFE INSURANCE COMPANY LIMITED,-1.47,2026-07-30 20:55:43
0,ONGCEQN,2.99,ONGC,EQ,N,241.3,11419363,239.5,244.39,239.06,238.31,2768624559.35,307.5,227.65,934707283642.2,2026-07-30 16:00:29,0,-0.21,2.72,30-Jul-2025,30-Jun-2026,21.528455284552845,-5.996046562705908,,,OIL & NATURAL GAS CORPORATION LIMITED,1.25,2026-07-30 20:55:43
0,TATASTEELEQN,-0.28,TATASTEEL,EQ,N,186.99,13769746,188.01,188.99,186.1,187.27,2576732568.98,224.4,152.51,1541351160652.42,2026-07-30 16:00:29,0,15.88,-0.57,30-Jul-2025,30-Jun-2026,16.671122994652407,-22.60835355058685,,,TATA STEEL LIMITED,-0.15,2026-07-30 20:55:43
0,TRENTEQN,-1.3,TRENT,EQ,N,3003.9,806910,3020.2,3042.6,2982.0,3005.2,2423376664.8,3782.67,2183.67,996732662909.66,2026-07-30 16:00:29,0,-10.66,-8.49,30-Jul-2025,30-Jun-2026,20.58783874882028,-37.56199425737405,,,TRENT LIMITED,-0.04,2026-07-30 20:55:43
0,HDFCLIFEEQN,-11.65,HDFCLIFE,EQ,N,545.05,4394541,557.0,558.85,544.7,556.7,2406538542.42,815.0,543.0,588634041770.54,2026-07-30 16:00:29,0,-28.04,-5.35,30-Jul-2025,30-Jun-2026,33.122699386503065,-0.3775322283609576,,,HDFC LIFE INSURANCE COMPANY LIMITED,-2.09,2026-07-30 20:55:43
0,APOLLOHOSPEQN,24.0,APOLLOHOSP,EQ,N,8959.0,263013,8900.0,9009.0,8865.5,8935.0,2359053021.42,9009.0,6696.5,919392943478.69,2026-07-30 16:00:29,0,20.26,3.19,30-Jul-2025,30-Jun-2026,0.555000555000555,-33.78630627939969,,,APOLLO HOSPITALS ENTERPRISE LIMITED,0.27,2026-07-30 20:55:43
0,POWERGRIDEQN,2.5,POWERGRID,EQ,N,285.35,7903593,283.4,287.1,283.0,282.85,2254974118.83,324.95,250.0,1288609092539.81,2026-07-30 16:00:29,0,-1.25,-0.33,30-Jul-2025,30-Jun-2026,12.186490229266042,-14.14,,,POWER GRID CORPORATION OF INDIA LIMITED,0.88,2026-07-30 20:55:43
0,TMPVEQN,5.1,TMPV,EQ,N,334.9,6078600,328.2,335.0,328.05,329.8,2019797208.0,739.7,294.3,697961149137.43,2026-07-30 16:00:29,0,-49.9,-4.91,30-Jul-2025,30-Jun-2026,54.72488846829796,-13.795446822969758,,,TATA MOTORS PASSENGER VEHICLES LIMITED,1.55,2026-07-30 20:55:43
0,TATACONSUMEQN,-1.1,TATACONSUM,EQ,N,1095.0,1677784,1096.1,1108.9,1090.4,1096.1,1841636385.44,1282.7,1007.2,711099193573.79,2026-07-30 16:00:29,0,2.04,1.8,30-Jul-2025,30-Jun-2026,14.63319560302487,-8.717235901509135,,,TATA CONSUMER PRODUCTS LIMITED,-0.1,2026-07-30 20:55:43
0,MAXHEALTHEQN,12.6,MAXHEALTH,EQ,N,1124.0,1610692,1112.0,1135.9,1110.3,1111.4,1813574764.32,1301.7,903.0,834207449679.87,2026-07-30 16:00:29,0,-11.12,-0.46,30-Jul-2025,30-Jun-2026,13.65137896596758,-24.473975636766333,,,MAX HEALTHCARE INSTITUTE LIMITED,1.13,2026-07-30 20:55:43
0,DRREDDYEQN,2.0,DRREDDY,EQ,N,1144.3,1350714,1143.0,1151.0,1139.0,1142.3,1544257809.06,1414.9,1101.0,695598263003.41,2026-07-30 16:00:29,0,-11.44,-15.68,30-Jul-2025,30-Jun-2026,19.125026503639834,-3.932788374205268,,,DR. REDDY'S LABORATORIES LIMITED,0.18,2026-07-30 20:55:43
0,BAJAJFINSVEQN,-15.4,BAJAJFINSV,EQ,N,1909.0,752615,1918.3,1933.4,1892.3,1924.4,1435951789.25,2195.0,1597.0,1102070234202.81,2026-07-30 16:00:29,0,-2.59,7.24,30-Jul-2025,30-Jun-2026,13.029612756264237,-19.536631183469005,,,BAJAJ FINSERV LIMITED,-0.8,2026-07-30 20:55:43
0,CIPLAEQN,-6.3,CIPLA,EQ,N,1468.0,833068,1478.8,1483.8,1464.1,1474.3,1226700960.68,1673.0,1165.7,823709433326.43,2026-07-30 16:00:29,0,-5.86,0.18,30-Jul-2025,30-Jun-2026,12.253436939629408,-25.93291584455692,,,CIPLA LIMITED,-0.43,2026-07-30 20:55:43
0,JSWSTEELEQN,-8.1,JSWSTEEL,EQ,N,1268.5,923153,1279.1,1304.5,1261.5,1276.6,1171176516.51,1328.0,1018.0,1186453565545.05,2026-07-30 16:00:29,0,22.22,3.43,30-Jul-2025,30-Jun-2026,4.480421686746988,-24.607072691552062,,,JSW STEEL LIMITED,-0.63,2026-07-30 20:55:43
0,GRASIMEQN,-12.9,GRASIM,EQ,N,3100.1,301353,3115.0,3115.5,3085.5,3113.0,933920068.77,3246.0,2502.5,1166435037062.31,2026-07-30 16:00:29,0,12.38,0.0,30-Jul-2025,30-Jun-2026,4.494762784966112,-23.88011988011988,,,GRASIM INDUSTRIES LIMITED,-0.41,2026-07-30 20:55:43
1,NIFTY 50,66.95,NIFTY 50,,,24317.15,400636260,24249.55,24342.95,24187.1,24250.2,335660224755.62,26373.2,22182.55,,2026-07-30 15:39:59,0,-2.16,1.89,29-Jul-2025,29-Jun-2026,7.795982285046942,-9.622879245172443,,,,0.28,2026-07-30 20:56:04
0,HDFCBANKEQN,5.2,HDFCBANK,EQ,N,753.4,35844392,752.8,757.9,745.5,748.2,26916270840.64,1020.5,726.65,11507952979097.49,2026-07-30 16:00:29,0,-25.62,-5.58,30-Jul-2025,30-Jun-2026,26.1734443900049,-3.6812770935113193,,,HDFC BANK LIMITED,0.7,2026-07-30 20:56:04
0,INFYEQN,-0.6,INFY,EQ,N,1155.0,22630218,1168.0,1187.7,1151.3,1155.6,26545698318.36,1728.0,982.4,4040155038730.84,2026-07-30 16:00:29,0,-23.96,15.45,30-Jul-2025,30-Jun-2026,33.15972222222222,-17.569218241042346,,,INFOSYS LIMITED,-0.05,2026-07-30 20:56:04
0,ICICIBANKEQN,-7.9,ICICIBANK,EQ,N,1430.0,14141173,1431.1,1442.2,1422.6,1437.9,20232907504.94,1494.5,1187.6,10218404351568.66,2026-07-30 16:00:29,0,-3.53,3.98,30-Jul-2025,30-Jun-2026,4.315824690531951,-20.410912765240823,,,ICICI BANK LIMITED,-0.55,2026-07-30 20:56:04
0,M&MEQN,72.8,M&M,EQ,N,3294.6,4851980,3220.0,3327.0,3197.5,3221.8,15866023119.8,3839.9,2896.0,2933123350768.73,2026-07-30 16:00:29,0,2.67,7.36,30-Jul-2025,30-Jun-2026,14.200890648193964,-13.763812154696133,,,MAHINDRA & MAHINDRA LIMITED,2.26,2026-07-30 20:56:04
0,RELIANCEEQN,13.5,RELIANCE,EQ,N,1289.4,12158451,1279.8,1297.0,1275.3,1275.9,15689386754.91,1611.8,1249.8,8686354311529.18,2026-07-30 16:00:29,0,-8.56,-0.35,30-Jul-2025,30-Jun-2026,20.002481697481077,-3.168506961113778,,,RELIANCE INDUSTRIES LIMITED,1.06,2026-07-30 20:56:04
0,TCSEQN,-12.6,TCS,EQ,N,2434.0,4901582,2440.0,2495.0,2423.0,2446.6,12055686008.1,3350.0,1976.8,2478110387443.66,2026-07-30 16:00:29,0,-20.29,19.81,30-Jul-2025,30-Jun-2026,27.34328358208955,-23.128288142452448,,,TATA CONSULTANCY SERVICES LIMITED,-0.52,2026-07-30 20:56:04
0,EICHERMOTEQN,130.0,EICHERMOT,EQ,N,7909.0,1496307,7869.5,7930.0,7730.0,7779.0,11742478665.48,8230.0,5353.0,1086933343021.75,2026-07-30 16:00:29,0,44.3,11.81,30-Jul-2025,30-Jun-2026,3.9003645200486026,-47.748925835979826,,,EICHER MOTORS LIMITED,1.67,2026-07-30 20:56:04
0,BHARTIARTLEQN,-3.6,BHARTIARTL,EQ,N,1946.6,5356472,1954.0,1963.2,1943.9,1950.2,10462475369.28,2174.5,1740.5,6044959384312.81,2026-07-30 16:00:29,0,0.72,5.11,30-Jul-2025,30-Jun-2026,10.48057024603357,-11.841424877908647,,,BHARTI AIRTEL LIMITED,-0.18,2026-07-30 20:56:04
0,BAJFINANCEEQN,3.6,BAJFINANCE,EQ,N,1058.0,9866564,1046.0,1068.0,1035.1,1054.4,10348150988.84,1102.5,787.9,2827745664588.37,2026-07-30 16:00:29,0,19.57,5.3,30-Jul-2025,30-Jun-2026,4.036281179138322,-34.28100012691966,,,BAJAJ FINANCE LIMITED,0.34,2026-07-30 20:56:04
0,WIPROEQN,2.8,WIPRO,EQ,N,186.41,54015268,183.4,191.34,183.4,183.61,10162972674.2,273.1,169.0,502918719962.09,2026-07-30 16:00:29,0,-25.5,9.4,30-Jul-2025,30-Jun-2026,31.74295129989015,-10.301775147928995,,,WIPRO LIMITED,1.52,2026-07-30 20:56:04
0,ETERNALEQN,-1.75,ETERNAL,EQ,N,310.05,32431887,307.0,312.25,305.0,311.8,9972480933.63,368.45,212.6,2235244736574.58,2026-07-30 16:00:29,0,2.17,17.18,30-Jul-2025,30-Jun-2026,15.850183199891438,-45.83725305738476,,,ETERNAL LIMITED,-0.56,2026-07-30 20:56:04
0,COALINDIAEQN,7.35,COALINDIA,EQ,N,417.4,23225454,412.95,418.3,410.1,410.05,9640653700.86,491.25,368.65,997004023159.33,2026-07-30 16:00:29,0,9.87,-4.93,30-Jul-2025,30-Jun-2026,15.033078880407125,-13.223925132239252,,,COAL INDIA LIMITED,1.79,2026-07-30 20:56:04
0,ADANIPORTSEQN,-58.2,ADANIPORTS,EQ,N,1661.5,5395211,1726.7,1727.7,1658.4,1719.7,9016638479.53,1891.1,1290.5,1222323805848.08,2026-07-30 16:00:29,0,19.19,-8.21,30-Jul-2025,30-Jun-2026,12.141081909999471,-28.748547074777218,,,ADANI PORTS AND SPECIAL ECONOMIC ZONE LIMITED,-3.38,2026-07-30 20:56:04
0,MARUTIEQN,232.0,MARUTI,EQ,N,14180.0,626000,13939.0,14250.0,13825.0,13948.0,8763230020.0,17370.0,12201.0,1844681206163.64,2026-07-30 16:00:29,0,12.38,0.46,30-Jul-2025,30-Jun-2026,18.364997121473806,-16.21998196869109,,,MARUTI SUZUKI INDIA LIMITED,1.66,2026-07-30 20:56:04
0,AXISBANKEQN,-4.6,AXISBANK,EQ,N,1230.8,6878684,1229.0,1232.2,1220.2,1235.4,8429689668.32,1418.3,1042.5,3525636537742.45,2026-07-30 16:00:29,0,14.67,-8.54,30-Jul-2025,30-Jun-2026,13.220052175139251,-18.062350119904078,,,AXIS BANK LIMITED,-0.37,2026-07-30 20:56:04
0,LTEQN,9.1,LT,EQ,N,3940.5,2141252,3931.4,3951.7,3883.5,3931.4,8412872045.4,4440.0,3288.1,4599211741518.72,2026-07-30 16:00:29,0,7.51,-4.9,30-Jul-2025,30-Jun-2026,11.25,-19.841245704206077,,,LARSEN & TOUBRO LIMITED,0.23,2026-07-30 20:56:04
0,SBINEQN,10.3,SBIN,EQ,N,1024.0,6847458,1013.5,1028.3,1007.6,1013.7,6986940719.46,1234.7,786.55,4220811397058.94,2026-07-30 16:00:29,0,27.74,-0.28,30-Jul-2025,30-Jun-2026,17.064874058475745,-30.188799186320004,,,STATE BANK OF INDIA,1.02,2026-07-30 20:56:04
0,TECHMEQN,17.2,TECHM,EQ,N,1661.4,4167643,1649.0,1686.6,1638.1,1644.2,6976926117.01,1854.0,1304.1,1052212537214.25,2026-07-30 16:00:29,0,13.55,18.27,30-Jul-2025,30-Jun-2026,10.388349514563107,-27.398205659075224,,,TECH MAHINDRA LIMITED,1.05,2026-07-30 20:56:04
0,ASIANPAINTEQN,-8.4,ASIANPAINT,EQ,N,2750.0,2387024,2758.1,2767.9,2666.2,2758.4,6501966933.12,2985.7,2115.0,1240145623693.76,2026-07-30 16:00:29,0,13.83,4.34,30-Jul-2025,30-Jun-2026,7.894296144957631,-30.023640661938533,,,ASIAN PAINTS LIMITED,-0.3,2026-07-30 20:56:04
0,BELEQN,-2.8,BEL,EQ,N,384.75,16521484,386.0,387.5,382.7,387.55,6356310539.32,473.45,361.2,1374204727253.93,2026-07-30 16:00:29,0,-0.45,-6.57,30-Jul-2025,30-Jun-2026,18.734818882669764,-6.519933554817276,,,BHARAT ELECTRONICS LIMITED,-0.72,2026-07-30 20:56:04
0,NESTLEINDEQN,15.7,NESTLEIND,EQ,N,1519.0,3698063,1503.3,1532.6,1497.0,1503.3,5624568919.85,1532.6,1084.7,1086093281065.1,2026-07-30 16:00:29,0,36.14,8.1,30-Jul-2025,30-Jun-2026,0.8873809213101919,-40.03872038351618,,,NESTLE INDIA LIMITED,1.04,2026-07-30 20:56:04
0,SHRIRAMFINEQN,-15.7,SHRIRAMFIN,EQ,N,1029.0,5425880,1038.0,1051.0,1019.5,1044.7,5574711888.4,1108.0,566.5,1437137311112.52,2026-07-30 16:00:29,0,62.61,-1.26,30-Jul-2025,30-Jun-2026,7.129963898916968,-81.64165931156222,,,SHRIRAM FINANCE LIMITED,-1.5,2026-07-30 20:56:04
0,HINDUNILVREQN,-10.8,HINDUNILVR,EQ,N,2107.0,2602039,2120.0,2132.6,2088.0,2117.8,5478124747.48,2750.0,2016.0,1864069949678.92,2026-07-30 16:00:29,0,-13.56,-0.53,30-Jul-2025,30-Jun-2026,23.381818181818183,-4.513888888888889,,,HINDUSTAN UNILEVER LIMITED,-0.51,2026-07-30 20:56:04
0,ITCEQN,-0.7,ITC,EQ,N,285.55,18283697,286.1,288.4,283.75,286.25,5224200743.81,427.0,275.0,2744908844595.67,2026-07-30 16:00:29,0,-29.94,-0.49,30-Jul-2025,30-Jun-2026,33.12646370023419,-3.8363636363636364,,,ITC LIMITED,-0.24,2026-07-30 20:56:04
0,HCLTECHEQN,7.2,HCLTECH,EQ,N,1351.5,3747919,1349.0,1369.9,1345.6,1344.3,5097507152.71,1780.1,1030.0,1420880972267.0,2026-07-30 16:00:29,0,-8.47,26.1,30-Jul-2025,30-Jun-2026,24.077299028144488,-31.21359223300971,,,HCL TECHNOLOGIES LIMITED,0.54,2026-07-30 20:56:04
0,KOTAKBANKEQN,-2.6,KOTAKBANK,EQ,N,387.6,12205963,385.7,390.2,385.7,390.2,4742993102.54,453.2,345.5,2845977112500.26,2026-07-30 16:00:29,0,-1.11,-1.19,30-Jul-2025,30-Jun-2026,14.474845542806708,-12.185238784370478,,,KOTAK MAHINDRA BANK LIMITED,-0.67,2026-07-30 20:56:04
0,SUNPHARMAEQN,15.1,SUNPHARMA,EQ,N,2005.0,2224264,1993.1,2017.3,1988.0,1989.9,4464453730.24,2017.3,1548.0,2117111838529.49,2026-07-30 16:00:29,0,15.64,7.65,30-Jul-2025,30-Jun-2026,0.6097258712139989,-29.521963824289404,,,SUN PHARMACEUTICAL INDUSTRIES LIMITED,0.76,2026-07-30 20:56:04
0,HINDALCOEQN,7.05,HINDALCO,EQ,N,969.5,4259226,968.0,973.05,960.6,962.45,4118969687.82,1176.0,657.5,1399812364334.5,2026-07-30 16:00:29,0,40.75,1.35,30-Jul-2025,30-Jun-2026,17.55952380952381,-47.452471482889734,,,HINDALCO INDUSTRIES LIMITED,0.73,2026-07-30 20:56:04
0,ADANIENTEQN,25.5,ADANIENT,EQ,N,3050.0,1278332,3024.5,3060.9,2994.6,3024.5,3882677783.6,3245.0,1753.0,913098756508.21,2026-07-30 16:00:29,0,24.03,0.46,30-Jul-2025,30-Jun-2026,6.00924499229584,-73.9874500855676,,,ADANI ENTERPRISES LIMITED,0.84,2026-07-30 20:56:04
0,JIOFINEQN,-2.81,JIOFIN,EQ,N,246.67,15570324,248.75,249.9,245.1,249.48,3842755963.2,338.6,223.3,807083544996.55,2026-07-30 16:00:29,0,-22.99,4.33,30-Jul-2025,30-Jun-2026,27.15002953337271,-10.465741155396328,,,JIO FINANCIAL SERVICES LIMITED,-1.13,2026-07-30 20:56:04
0,TITANEQN,-6.3,TITAN,EQ,N,4843.9,777361,4820.9,4869.9,4820.9,4850.2,3767503407.33,4869.9,3303.1,1994286097671.63,2026-07-30 16:00:29,0,43.46,9.99,30-Jul-2025,30-Jun-2026,0.533891866362759,-46.64708909811995,,,TITAN COMPANY LIMITED,-0.13,2026-07-30 20:56:04
0,ULTRACEMCOEQN,92.0,ULTRACEMCO,EQ,N,11850.0,291418,11800.0,11861.0,11730.0,11998.0,3440801467.8,13110.0,10325.0,1398368106960.24,2026-07-30 16:00:29,0,-3.41,5.31,30-Jul-2025,30-Jun-2026,9.610983981693364,-14.76997578692494,,,ULTRATECH CEMENT LIMITED,0.78,2026-07-30 20:56:04
0,NTPCEQN,1.65,NTPC,EQ,N,345.15,9943764,343.5,347.65,341.85,343.5,3429504765.96,414.4,315.55,1631724403926.03,2026-07-30 16:00:29,0,1.87,-3.22,30-Jul-2025,30-Jun-2026,16.710907335907336,-9.380446838852796,,,NTPC LIMITED,0.48,2026-07-30 20:56:04
0,BAJAJ-AUTOEQN,107.0,BAJAJ-AUTO,EQ,N,11445.0,295600,11338.0,11525.0,11305.5,11338.0,3383889868.0,11532.0,7858.5,1264023467645.08,2026-07-30 16:00:29,0,42.29,17.8,30-Jul-2025,30-Jun-2026,0.7544224765868887,-45.63848062607368,,,BAJAJ AUTO LIMITED,0.94,2026-07-30 20:56:04
0,INDIGOEQN,-58.5,INDIGO,EQ,N,5218.0,549497,5210.0,5258.0,5194.0,5276.5,2872643931.69,6232.5,3895.2,1177843830371.66,2026-07-30 16:00:29,0,-9.09,-2.8,30-Jul-2025,30-Jun-2026,16.277577216205376,-33.95974532758267,,,INTERGLOBE AVIATION LIMITED,-1.11,2026-07-30 20:56:04
0,SBILIFEEQN,-27.8,SBILIFE,EQ,N,1867.1,1513264,1882.2,1910.0,1862.6,1894.9,2858843216.16,2132.0,1700.4,836655989360.71,2026-07-30 16:00:29,0,1.52,5.74,30-Jul-2025,30-Jun-2026,12.424953095684803,-9.803575629263703,,,SBI LIFE INSURANCE COMPANY LIMITED,-1.47,2026-07-30 20:56:04
0,ONGCEQN,2.99,ONGC,EQ,N,241.3,11419363,239.5,244.39,239.06,238.31,2768624559.35,307.5,227.65,934707283642.2,2026-07-30 16:00:29,0,-0.21,2.72,30-Jul-2025,30-Jun-2026,21.528455284552845,-5.996046562705908,,,OIL & NATURAL GAS CORPORATION LIMITED,1.25,2026-07-30 20:56:04
0,TATASTEELEQN,-0.28,TATASTEEL,EQ,N,186.99,13769746,188.01,188.99,186.1,187.27,2576732568.98,224.4,152.51,1541351160652.42,2026-07-30 16:00:29,0,15.88,-0.57,30-Jul-2025,30-Jun-2026,16.671122994652407,-22.60835355058685,,,TATA STEEL LIMITED,-0.15,2026-07-30 20:56:04
0,TRENTEQN,-1.3,TRENT,EQ,N,3003.9,806910,3020.2,3042.6,2982.0,3005.2,2423376664.8,3782.67,2183.67,996732662909.66,2026-07-30 16:00:29,0,-10.66,-8.49,30-Jul-2025,30-Jun-2026,20.58783874882028,-37.56199425737405,,,TRENT LIMITED,-0.04,2026-07-30 20:56:04
0,HDFCLIFEEQN,-11.65,HDFCLIFE,EQ,N,545.05,4394541,557.0,558.85,544.7,556.7,2406538542.42,815.0,543.0,588634041770.54,2026-07-30 16:00:29,0,-28.04,-5.35,30-Jul-2025,30-Jun-2026,33.122699386503065,-0.3775322283609576,,,HDFC LIFE INSURANCE COMPANY LIMITED,-2.09,2026-07-30 20:56:04
0,APOLLOHOSPEQN,24.0,APOLLOHOSP,EQ,N,8959.0,263013,8900.0,9009.0,8865.5,8935.0,2359053021.42,9009.0,6696.5,919392943478.69,2026-07-30 16:00:29,0,20.26,3.19,30-Jul-2025,30-Jun-2026,0.555000555000555,-33.78630627939969,,,APOLLO HOSPITALS ENTERPRISE LIMITED,0.27,2026-07-30 20:56:04
0,POWERGRIDEQN,2.5,POWERGRID,EQ,N,285.35,7903593,283.4,287.1,283.0,282.85,2254974118.83,324.95,250.0,1288609092539.81,2026-07-30 16:00:29,0,-1.25,-0.33,30-Jul-2025,30-Jun-2026,12.186490229266042,-14.14,,,POWER GRID CORPORATION OF INDIA LIMITED,0.88,2026-07-30 20:56:04
0,TMPVEQN,5.1,TMPV,EQ,N,334.9,6078600,328.2,335.0,328.05,329.8,2019797208.0,739.7,294.3,697961149137.43,2026-07-30 16:00:29,0,-49.9,-4.91,30-Jul-2025,30-Jun-2026,54.72488846829796,-13.795446822969758,,,TATA MOTORS PASSENGER VEHICLES LIMITED,1.55,2026-07-30 20:56:04
0,TATACONSUMEQN,-1.1,TATACONSUM,EQ,N,1095.0,1677784,1096.1,1108.9,1090.4,1096.1,1841636385.44,1282.7,1007.2,711099193573.79,2026-07-30 16:00:29,0,2.04,1.8,30-Jul-2025,30-Jun-2026,14.63319560302487,-8.717235901509135,,,TATA CONSUMER PRODUCTS LIMITED,-0.1,2026-07-30 20:56:04
0,MAXHEALTHEQN,12.6,MAXHEALTH,EQ,N,1124.0,1610692,1112.0,1135.9,1110.3,1111.4,1813574764.32,1301.7,903.0,834207449679.87,2026-07-30 16:00:29,0,-11.12,-0.46,30-Jul-2025,30-Jun-2026,13.65137896596758,-24.473975636766333,,,MAX HEALTHCARE INSTITUTE LIMITED,1.13,2026-07-30 20:56:04
0,DRREDDYEQN,2.0,DRREDDY,EQ,N,1144.3,1350714,1143.0,1151.0,1139.0,1142.3,1544257809.06,1414.9,1101.0,695598263003.41,2026-07-30 16:00:29,0,-11.44,-15.68,30-Jul-2025,30-Jun-2026,19.125026503639834,-3.932788374205268,,,DR. REDDY'S LABORATORIES LIMITED,0.18,2026-07-30 20:56:04
0,BAJAJFINSVEQN,-15.4,BAJAJFINSV,EQ,N,1909.0,752615,1918.3,1933.4,1892.3,1924.4,1435951789.25,2195.0,1597.0,1102070234202.81,2026-07-30 16:00:29,0,-2.59,7.24,30-Jul-2025,30-Jun-2026,13.029612756264237,-19.536631183469005,,,BAJAJ FINSERV LIMITED,-0.8,2026-07-30 20:56:04
0,CIPLAEQN,-6.3,CIPLA,EQ,N,1468.0,833068,1478.8,1483.8,1464.1,1474.3,1226700960.68,1673.0,1165.7,823709433326.43,2026-07-30 16:00:29,0,-5.86,0.18,30-Jul-2025,30-Jun-2026,12.253436939629408,-25.93291584455692,,,CIPLA LIMITED,-0.43,2026-07-30 20:56:04
0,JSWSTEELEQN,-8.1,JSWSTEEL,EQ,N,1268.5,923153,1279.1,1304.5,1261.5,1276.6,1171176516.51,1328.0,1018.0,1186453565545.05,2026-07-30 16:00:29,0,22.22,3.43,30-Jul-2025,30-Jun-2026,4.480421686746988,-24.607072691552062,,,JSW STEEL LIMITED,-0.63,2026-07-30 20:56:04
0,GRASIMEQN,-12.9,GRASIM,EQ,N,3100.1,301353,3115.0,3115.5,3085.5,3113.0,933920068.77,3246.0,2502.5,1166435037062.31,2026-07-30 16:00:29,0,12.38,0.0,30-Jul-2025,30-Jun-2026,4.494762784966112,-23.88011988011988,,,GRASIM INDUSTRIES LIMITED,-0.41,2026-07-30 20:56:04
1,NIFTY 50,66.95,NIFTY 50,,,24317.15,400636260,24249.55,24342.95,24187.1,24250.2,335660224755.62,26373.2,22182.55,,2026-07-30 15:39:59,0,-2.16,1.89,29-Jul-2025,29-Jun-2026,7.795982285046942,-9.622879245172443,,,,0.28,2026-07-30 20:56:34
0,HDFCBANKEQN,5.2,HDFCBANK,EQ,N,753.4,35844392,752.8,757.9,745.5,748.2,26916270840.64,1020.5,726.65,11507952979097.49,2026-07-30 16:00:29,0,-25.62,-5.58,30-Jul-2025,30-Jun-2026,26.1734443900049,-3.6812770935113193,,,HDFC BANK LIMITED,0.7,2026-07-30 20:56:34
0,INFYEQN,-0.6,INFY,EQ,N,1155.0,22630218,1168.0,1187.7,1151.3,1155.6,26545698318.36,1728.0,982.4,4040155038730.84,2026-07-30 16:00:29,0,-23.96,15.45,30-Jul-2025,30-Jun-2026,33.15972222222222,-17.569218241042346,,,INFOSYS LIMITED,-0.05,2026-07-30 20:56:34
0,ICICIBANKEQN,-7.9,ICICIBANK,EQ,N,1430.0,14141173,1431.1,1442.2,1422.6,1437.9,20232907504.94,1494.5,1187.6,10218404351568.66,2026-07-30 16:00:29,0,-3.53,3.98,30-Jul-2025,30-Jun-2026,4.315824690531951,-20.410912765240823,,,ICICI BANK LIMITED,-0.55,2026-07-30 20:56:34
0,M&MEQN,72.8,M&M,EQ,N,3294.6,4851980,3220.0,3327.0,3197.5,3221.8,15866023119.8,3839.9,2896.0,2933123350768.73,2026-07-30 16:00:29,0,2.67,7.36,30-Jul-2025,30-Jun-2026,14.200890648193964,-13.763812154696133,,,MAHINDRA & MAHINDRA LIMITED,2.26,2026-07-30 20:56:34
0,RELIANCEEQN,13.5,RELIANCE,EQ,N,1289.4,12158451,1279.8,1297.0,1275.3,1275.9,15689386754.91,1611.8,1249.8,8686354311529.18,2026-07-30 16:00:29,0,-8.56,-0.35,30-Jul-2025,30-Jun-2026,20.002481697481077,-3.168506961113778,,,RELIANCE INDUSTRIES LIMITED,1.06,2026-07-30 20:56:34
0,TCSEQN,-12.6,TCS,EQ,N,2434.0,4901582,2440.0,2495.0,2423.0,2446.6,12055686008.1,3350.0,1976.8,2478110387443.66,2026-07-30 16:00:29,0,-20.29,19.81,30-Jul-2025,30-Jun-2026,27.34328358208955,-23.128288142452448,,,TATA CONSULTANCY SERVICES LIMITED,-0.52,2026-07-30 20:56:34
0,EICHERMOTEQN,130.0,EICHERMOT,EQ,N,7909.0,1496307,7869.5,7930.0,7730.0,7779.0,11742478665.48,8230.0,5353.0,1086933343021.75,2026-07-30 16:00:29,0,44.3,11.81,30-Jul-2025,30-Jun-2026,3.9003645200486026,-47.748925835979826,,,EICHER MOTORS LIMITED,1.67,2026-07-30 20:56:34
0,BHARTIARTLEQN,-3.6,BHARTIARTL,EQ,N,1946.6,5356472,1954.0,1963.2,1943.9,1950.2,10462475369.28,2174.5,1740.5,6044959384312.81,2026-07-30 16:00:29,0,0.72,5.11,30-Jul-2025,30-Jun-2026,10.48057024603357,-11.841424877908647,,,BHARTI AIRTEL LIMITED,-0.18,2026-07-30 20:56:34
0,BAJFINANCEEQN,3.6,BAJFINANCE,EQ,N,1058.0,9866564,1046.0,1068.0,1035.1,1054.4,10348150988.84,1102.5,787.9,2827745664588.37,2026-07-30 16:00:29,0,19.57,5.3,30-Jul-2025,30-Jun-2026,4.036281179138322,-34.28100012691966,,,BAJAJ FINANCE LIMITED,0.34,2026-07-30 20:56:34
0,WIPROEQN,2.8,WIPRO,EQ,N,186.41,54015268,183.4,191.34,183.4,183.61,10162972674.2,273.1,169.0,502918719962.09,2026-07-30 16:00:29,0,-25.5,9.4,30-Jul-2025,30-Jun-2026,31.74295129989015,-10.301775147928995,,,WIPRO LIMITED,1.52,2026-07-30 20:56:34
0,ETERNALEQN,-1.75,ETERNAL,EQ,N,310.05,32431887,307.0,312.25,305.0,311.8,9972480933.63,368.45,212.6,2235244736574.58,2026-07-30 16:00:29,0,2.17,17.18,30-Jul-2025,30-Jun-2026,15.850183199891438,-45.83725305738476,,,ETERNAL LIMITED,-0.56,2026-07-30 20:56:34
0,COALINDIAEQN,7.35,COALINDIA,EQ,N,417.4,23225454,412.95,418.3,410.1,410.05,9640653700.86,491.25,368.65,997004023159.33,2026-07-30 16:00:29,0,9.87,-4.93,30-Jul-2025,30-Jun-2026,15.033078880407125,-13.223925132239252,,,COAL INDIA LIMITED,1.79,2026-07-30 20:56:34
0,ADANIPORTSEQN,-58.2,ADANIPORTS,EQ,N,1661.5,5395211,1726.7,1727.7,1658.4,1719.7,9016638479.53,1891.1,1290.5,1222323805848.08,2026-07-30 16:00:29,0,19.19,-8.21,30-Jul-2025,30-Jun-2026,12.141081909999471,-28.748547074777218,,,ADANI PORTS AND SPECIAL ECONOMIC ZONE LIMITED,-3.38,2026-07-30 20:56:34
0,MARUTIEQN,232.0,MARUTI,EQ,N,14180.0,626000,13939.0,14250.0,13825.0,13948.0,8763230020.0,17370.0,12201.0,1844681206163.64,2026-07-30 16:00:29,0,12.38,0.46,30-Jul-2025,30-Jun-2026,18.364997121473806,-16.21998196869109,,,MARUTI SUZUKI INDIA LIMITED,1.66,2026-07-30 20:56:34
0,AXISBANKEQN,-4.6,AXISBANK,EQ,N,1230.8,6878684,1229.0,1232.2,1220.2,1235.4,8429689668.32,1418.3,1042.5,3525636537742.45,2026-07-30 16:00:29,0,14.67,-8.54,30-Jul-2025,30-Jun-2026,13.220052175139251,-18.062350119904078,,,AXIS BANK LIMITED,-0.37,2026-07-30 20:56:34
0,LTEQN,9.1,LT,EQ,N,3940.5,2141252,3931.4,3951.7,3883.5,3931.4,8412872045.4,4440.0,3288.1,4599211741518.72,2026-07-30 16:00:29,0,7.51,-4.9,30-Jul-2025,30-Jun-2026,11.25,-19.841245704206077,,,LARSEN & TOUBRO LIMITED,0.23,2026-07-30 20:56:34
0,SBINEQN,10.3,SBIN,EQ,N,1024.0,6847458,1013.5,1028.3,1007.6,1013.7,6986940719.46,1234.7,786.55,4220811397058.94,2026-07-30 16:00:29,0,27.74,-0.28,30-Jul-2025,30-Jun-2026,17.064874058475745,-30.188799186320004,,,STATE BANK OF INDIA,1.02,2026-07-30 20:56:34
0,TECHMEQN,17.2,TECHM,EQ,N,1661.4,4167643,1649.0,1686.6,1638.1,1644.2,6976926117.01,1854.0,1304.1,1052212537214.25,2026-07-30 16:00:29,0,13.55,18.27,30-Jul-2025,30-Jun-2026,10.388349514563107,-27.398205659075224,,,TECH MAHINDRA LIMITED,1.05,2026-07-30 20:56:34
0,ASIANPAINTEQN,-8.4,ASIANPAINT,EQ,N,2750.0,2387024,2758.1,2767.9,2666.2,2758.4,6501966933.12,2985.7,2115.0,1240145623693.76,2026-07-30 16:00:29,0,13.83,4.34,30-Jul-2025,30-Jun-2026,7.894296144957631,-30.023640661938533,,,ASIAN PAINTS LIMITED,-0.3,2026-07-30 20:56:34
0,BELEQN,-2.8,BEL,EQ,N,384.75,16521484,386.0,387.5,382.7,387.55,6356310539.32,473.45,361.2,1374204727253.93,2026-07-30 16:00:29,0,-0.45,-6.57,30-Jul-2025,30-Jun-2026,18.734818882669764,-6.519933554817276,,,BHARAT ELECTRONICS LIMITED,-0.72,2026-07-30 20:56:34
0,NESTLEINDEQN,15.7,NESTLEIND,EQ,N,1519.0,3698063,1503.3,1532.6,1497.0,1503.3,5624568919.85,1532.6,1084.7,1086093281065.1,2026-07-30 16:00:29,0,36.14,8.1,30-Jul-2025,30-Jun-2026,0.8873809213101919,-40.03872038351618,,,NESTLE INDIA LIMITED,1.04,2026-07-30 20:56:34
0,SHRIRAMFINEQN,-15.7,SHRIRAMFIN,EQ,N,1029.0,5425880,1038.0,1051.0,1019.5,1044.7,5574711888.4,1108.0,566.5,1437137311112.52,2026-07-30 16:00:29,0,62.61,-1.26,30-Jul-2025,30-Jun-2026,7.129963898916968,-81.64165931156222,,,SHRIRAM FINANCE LIMITED,-1.5,2026-07-30 20:56:34
0,HINDUNILVREQN,-10.8,HINDUNILVR,EQ,N,2107.0,2602039,2120.0,2132.6,2088.0,2117.8,5478124747.48,2750.0,2016.0,1864069949678.92,2026-07-30 16:00:29,0,-13.56,-0.53,30-Jul-2025,30-Jun-2026,23.381818181818183,-4.513888888888889,,,HINDUSTAN UNILEVER LIMITED,-0.51,2026-07-30 20:56:34
0,ITCEQN,-0.7,ITC,EQ,N,285.55,18283697,286.1,288.4,283.75,286.25,5224200743.81,427.0,275.0,2744908844595.67,2026-07-30 16:00:29,0,-29.94,-0.49,30-Jul-2025,30-Jun-2026,33.12646370023419,-3.8363636363636364,,,ITC LIMITED,-0.24,2026-07-30 20:56:34
0,HCLTECHEQN,7.2,HCLTECH,EQ,N,1351.5,3747919,1349.0,1369.9,1345.6,1344.3,5097507152.71,1780.1,1030.0,1420880972267.0,2026-07-30 16:00:29,0,-8.47,26.1,30-Jul-2025,30-Jun-2026,24.077299028144488,-31.21359223300971,,,HCL TECHNOLOGIES LIMITED,0.54,2026-07-30 20:56:34
0,KOTAKBANKEQN,-2.6,KOTAKBANK,EQ,N,387.6,12205963,385.7,390.2,385.7,390.2,4742993102.54,453.2,345.5,2845977112500.26,2026-07-30 16:00:29,0,-1.11,-1.19,30-Jul-2025,30-Jun-2026,14.474845542806708,-12.185238784370478,,,KOTAK MAHINDRA BANK LIMITED,-0.67,2026-07-30 20:56:34
0,SUNPHARMAEQN,15.1,SUNPHARMA,EQ,N,2005.0,2224264,1993.1,2017.3,1988.0,1989.9,4464453730.24,2017.3,1548.0,2117111838529.49,2026-07-30 16:00:29,0,15.64,7.65,30-Jul-2025,30-Jun-2026,0.6097258712139989,-29.521963824289404,,,SUN PHARMACEUTICAL INDUSTRIES LIMITED,0.76,2026-07-30 20:56:34
0,HINDALCOEQN,7.05,HINDALCO,EQ,N,969.5,4259226,968.0,973.05,960.6,962.45,4118969687.82,1176.0,657.5,1399812364334.5,2026-07-30 16:00:29,0,40.75,1.35,30-Jul-2025,30-Jun-2026,17.55952380952381,-47.452471482889734,,,HINDALCO INDUSTRIES LIMITED,0.73,2026-07-30 20:56:34
0,ADANIENTEQN,25.5,ADANIENT,EQ,N,3050.0,1278332,3024.5,3060.9,2994.6,3024.5,3882677783.6,3245.0,1753.0,913098756508.21,2026-07-30 16:00:29,0,24.03,0.46,30-Jul-2025,30-Jun-2026,6.00924499229584,-73.9874500855676,,,ADANI ENTERPRISES LIMITED,0.84,2026-07-30 20:56:34
0,JIOFINEQN,-2.81,JIOFIN,EQ,N,246.67,15570324,248.75,249.9,245.1,249.48,3842755963.2,338.6,223.3,807083544996.55,2026-07-30 16:00:29,0,-22.99,4.33,30-Jul-2025,30-Jun-2026,27.15002953337271,-10.465741155396328,,,JIO FINANCIAL SERVICES LIMITED,-1.13,2026-07-30 20:56:34
0,TITANEQN,-6.3,TITAN,EQ,N,4843.9,777361,4820.9,4869.9,4820.9,4850.2,3767503407.33,4869.9,3303.1,1994286097671.63,2026-07-30 16:00:29,0,43.46,9.99,30-Jul-2025,30-Jun-2026,0.533891866362759,-46.64708909811995,,,TITAN COMPANY LIMITED,-0.13,2026-07-30 20:56:34
0,ULTRACEMCOEQN,92.0,ULTRACEMCO,EQ,N,11850.0,291418,11800.0,11861.0,11730.0,11998.0,3440801467.8,13110.0,10325.0,1398368106960.24,2026-07-30 16:00:29,0,-3.41,5.31,30-Jul-2025,30-Jun-2026,9.610983981693364,-14.76997578692494,,,ULTRATECH CEMENT LIMITED,0.78,2026-07-30 20:56:34
0,NTPCEQN,1.65,NTPC,EQ,N,345.15,9943764,343.5,347.65,341.85,343.5,3429504765.96,414.4,315.55,1631724403926.03,2026-07-30 16:00:29,0,1.87,-3.22,30-Jul-2025,30-Jun-2026,16.710907335907336,-9.380446838852796,,,NTPC LIMITED,0.48,2026-07-30 20:56:34
0,BAJAJ-AUTOEQN,107.0,BAJAJ-AUTO,EQ,N,11445.0,295600,11338.0,11525.0,11305.5,11338.0,3383889868.0,11532.0,7858.5,1264023467645.08,2026-07-30 16:00:29,0,42.29,17.8,30-Jul-2025,30-Jun-2026,0.7544224765868887,-45.63848062607368,,,BAJAJ AUTO LIMITED,0.94,2026-07-30 20:56:34
0,INDIGOEQN,-58.5,INDIGO,EQ,N,5218.0,549497,5210.0,5258.0,5194.0,5276.5,2872643931.69,6232.5,3895.2,1177843830371.66,2026-07-30 16:00:29,0,-9.09,-2.8,30-Jul-2025,30-Jun-2026,16.277577216205376,-33.95974532758267,,,INTERGLOBE AVIATION LIMITED,-1.11,2026-07-30 20:56:34
0,SBILIFEEQN,-27.8,SBILIFE,EQ,N,1867.1,1513264,1882.2,1910.0,1862.6,1894.9,2858843216.16,2132.0,1700.4,836655989360.71,2026-07-30 16:00:29,0,1.52,5.74,30-Jul-2025,30-Jun-2026,12.424953095684803,-9.803575629263703,,,SBI LIFE INSURANCE COMPANY LIMITED,-1.47,2026-07-30 20:56:34
0,ONGCEQN,2.99,ONGC,EQ,N,241.3,11419363,239.5,244.39,239.06,238.31,2768624559.35,307.5,227.65,934707283642.2,2026-07-30 16:00:29,0,-0.21,2.72,30-Jul-2025,30-Jun-2026,21.528455284552845,-5.996046562705908,,,OIL & NATURAL GAS CORPORATION LIMITED,1.25,2026-07-30 20:56:34
0,TATASTEELEQN,-0.28,TATASTEEL,EQ,N,186.99,13769746,188.01,188.99,186.1,187.27,2576732568.98,224.4,152.51,1541351160652.42,2026-07-30 16:00:29,0,15.88,-0.57,30-Jul-2025,30-Jun-2026,16.671122994652407,-22.60835355058685,,,TATA STEEL LIMITED,-0.15,2026-07-30 20:56:34
0,TRENTEQN,-1.3,TRENT,EQ,N,3003.9,806910,3020.2,3042.6,2982.0,3005.2,2423376664.8,3782.67,2183.67,996732662909.66,2026-07-30 16:00:29,0,-10.66,-8.49,30-Jul-2025,30-Jun-2026,20.58783874882028,-37.56199425737405,,,TRENT LIMITED,-0.04,2026-07-30 20:56:34
0,HDFCLIFEEQN,-11.65,HDFCLIFE,EQ,N,545.05,4394541,557.0,558.85,544.7,556.7,2406538542.42,815.0,543.0,588634041770.54,2026-07-30 16:00:29,0,-28.04,-5.35,30-Jul-2025,30-Jun-2026,33.122699386503065,-0.3775322283609576,,,HDFC LIFE INSURANCE COMPANY LIMITED,-2.09,2026-07-30 20:56:34
0,APOLLOHOSPEQN,24.0,APOLLOHOSP,EQ,N,8959.0,263013,8900.0,9009.0,8865.5,8935.0,2359053021.42,9009.0,6696.5,919392943478.69,2026-07-30 16:00:29,0,20.26,3.19,30-Jul-2025,30-Jun-2026,0.555000555000555,-33.78630627939969,,,APOLLO HOSPITALS ENTERPRISE LIMITED,0.27,2026-07-30 20:56:34
0,POWERGRIDEQN,2.5,POWERGRID,EQ,N,285.35,7903593,283.4,287.1,283.0,282.85,2254974118.83,324.95,250.0,1288609092539.81,2026-07-30 16:00:29,0,-1.25,-0.33,30-Jul-2025,30-Jun-2026,12.186490229266042,-14.14,,,POWER GRID CORPORATION OF INDIA LIMITED,0.88,2026-07-30 20:56:34
0,TMPVEQN,5.1,TMPV,EQ,N,334.9,6078600,328.2,335.0,328.05,329.8,2019797208.0,739.7,294.3,697961149137.43,2026-07-30 16:00:29,0,-49.9,-4.91,30-Jul-2025,30-Jun-2026,54.72488846829796,-13.795446822969758,,,TATA MOTORS PASSENGER VEHICLES LIMITED,1.55,2026-07-30 20:56:34
0,TATACONSUMEQN,-1.1,TATACONSUM,EQ,N,1095.0,1677784,1096.1,1108.9,1090.4,1096.1,1841636385.44,1282.7,1007.2,711099193573.79,2026-07-30 16:00:29,0,2.04,1.8,30-Jul-2025,30-Jun-2026,14.63319560302487,-8.717235901509135,,,TATA CONSUMER PRODUCTS LIMITED,-0.1,2026-07-30 20:56:34
0,MAXHEALTHEQN,12.6,MAXHEALTH,EQ,N,1124.0,1610692,1112.0,1135.9,1110.3,1111.4,1813574764.32,1301.7,903.0,834207449679.87,2026-07-30 16:00:29,0,-11.12,-0.46,30-Jul-2025,30-Jun-2026,13.65137896596758,-24.473975636766333,,,MAX HEALTHCARE INSTITUTE LIMITED,1.13,2026-07-30 20:56:34
0,DRREDDYEQN,2.0,DRREDDY,EQ,N,1144.3,1350714,1143.0,1151.0,1139.0,1142.3,1544257809.06,1414.9,1101.0,695598263003.41,2026-07-30 16:00:29,0,-11.44,-15.68,30-Jul-2025,30-Jun-2026,19.125026503639834,-3.932788374205268,,,DR. REDDY'S LABORATORIES LIMITED,0.18,2026-07-30 20:56:34
0,BAJAJFINSVEQN,-15.4,BAJAJFINSV,EQ,N,1909.0,752615,1918.3,1933.4,1892.3,1924.4,1435951789.25,2195.0,1597.0,1102070234202.81,2026-07-30 16:00:29,0,-2.59,7.24,30-Jul-2025,30-Jun-2026,13.029612756264237,-19.536631183469005,,,BAJAJ FINSERV LIMITED,-0.8,2026-07-30 20:56:34
0,CIPLAEQN,-6.3,CIPLA,EQ,N,1468.0,833068,1478.8,1483.8,1464.1,1474.3,1226700960.68,1673.0,1165.7,823709433326.43,2026-07-30 16:00:29,0,-5.86,0.18,30-Jul-2025,30-Jun-2026,12.253436939629408,-25.93291584455692,,,CIPLA LIMITED,-0.43,2026-07-30 20:56:34
0,JSWSTEELEQN,-8.1,JSWSTEEL,EQ,N,1268.5,923153,1279.1,1304.5,1261.5,1276.6,1171176516.51,1328.0,1018.0,1186453565545.05,2026-07-30 16:00:29,0,22.22,3.43,30-Jul-2025,30-Jun-2026,4.480421686746988,-24.607072691552062,,,JSW STEEL LIMITED,-0.63,2026-07-30 20:56:34
0,GRASIMEQN,-12.9,GRASIM,EQ,N,3100.1,301353,3115.0,3115.5,3085.5,3113.0,933920068.77,3246.0,2502.5,1166435037062.31,2026-07-30 16:00:29,0,12.38,0.0,30-Jul-2025,30-Jun-2026,4.494762784966112,-23.88011988011988,,,GRASIM INDUSTRIES LIMITED,-0.41,2026-07-30 20:56:34
1,NIFTY 50,66.95,NIFTY 50,,,24317.15,400636260,24249.55,24342.95,24187.1,24250.2,335660224755.62,26373.2,22182.55,,2026-07-30 15:39:59,0,-2.16,1.89,29-Jul-2025,29-Jun-2026,7.795982285046942,-9.622879245172443,,,,0.28,2026-07-30 20:57:04
0,HDFCBANKEQN,5.2,HDFCBANK,EQ,N,753.4,35844392,752.8,757.9,745.5,748.2,26916270840.64,1020.5,726.65,11507952979097.49,2026-07-30 16:00:29,0,-25.62,-5.58,30-Jul-2025,30-Jun-2026,26.1734443900049,-3.6812770935113193,,,HDFC BANK LIMITED,0.7,2026-07-30 20:57:04
0,INFYEQN,-0.6,INFY,EQ,N,1155.0,22630218,1168.0,1187.7,1151.3,1155.6,26545698318.36,1728.0,982.4,4040155038730.84,2026-07-30 16:00:29,0,-23.96,15.45,30-Jul-2025,30-Jun-2026,33.15972222222222,-17.569218241042346,,,INFOSYS LIMITED,-0.05,2026-07-30 20:57:04
0,ICICIBANKEQN,-7.9,ICICIBANK,EQ,N,1430.0,14141173,1431.1,1442.2,1422.6,1437.9,20232907504.94,1494.5,1187.6,10218404351568.66,2026-07-30 16:00:29,0,-3.53,3.98,30-Jul-2025,30-Jun-2026,4.315824690531951,-20.410912765240823,,,ICICI BANK LIMITED,-0.55,2026-07-30 20:57:04
0,M&MEQN,72.8,M&M,EQ,N,3294.6,4851980,3220.0,3327.0,3197.5,3221.8,15866023119.8,3839.9,2896.0,2933123350768.73,2026-07-30 16:00:29,0,2.67,7.36,30-Jul-2025,30-Jun-2026,14.200890648193964,-13.763812154696133,,,MAHINDRA & MAHINDRA LIMITED,2.26,2026-07-30 20:57:04
0,RELIANCEEQN,13.5,RELIANCE,EQ,N,1289.4,12158451,1279.8,1297.0,1275.3,1275.9,15689386754.91,1611.8,1249.8,8686354311529.18,2026-07-30 16:00:29,0,-8.56,-0.35,30-Jul-2025,30-Jun-2026,20.002481697481077,-3.168506961113778,,,RELIANCE INDUSTRIES LIMITED,1.06,2026-07-30 20:57:04
0,TCSEQN,-12.6,TCS,EQ,N,2434.0,4901582,2440.0,2495.0,2423.0,2446.6,12055686008.1,3350.0,1976.8,2478110387443.66,2026-07-30 16:00:29,0,-20.29,19.81,30-Jul-2025,30-Jun-2026,27.34328358208955,-23.128288142452448,,,TATA CONSULTANCY SERVICES LIMITED,-0.52,2026-07-30 20:57:04
0,EICHERMOTEQN,130.0,EICHERMOT,EQ,N,7909.0,1496307,7869.5,7930.0,7730.0,7779.0,11742478665.48,8230.0,5353.0,1086933343021.75,2026-07-30 16:00:29,0,44.3,11.81,30-Jul-2025,30-Jun-2026,3.9003645200486026,-47.748925835979826,,,EICHER MOTORS LIMITED,1.67,2026-07-30 20:57:04
0,BHARTIARTLEQN,-3.6,BHARTIARTL,EQ,N,1946.6,5356472,1954.0,1963.2,1943.9,1950.2,10462475369.28,2174.5,1740.5,6044959384312.81,2026-07-30 16:00:29,0,0.72,5.11,30-Jul-2025,30-Jun-2026,10.48057024603357,-11.841424877908647,,,BHARTI AIRTEL LIMITED,-0.18,2026-07-30 20:57:04
0,BAJFINANCEEQN,3.6,BAJFINANCE,EQ,N,1058.0,9866564,1046.0,1068.0,1035.1,1054.4,10348150988.84,1102.5,787.9,2827745664588.37,2026-07-30 16:00:29,0,19.57,5.3,30-Jul-2025,30-Jun-2026,4.036281179138322,-34.28100012691966,,,BAJAJ FINANCE LIMITED,0.34,2026-07-30 20:57:04
0,WIPROEQN,2.8,WIPRO,EQ,N,186.41,54015268,183.4,191.34,183.4,183.61,10162972674.2,273.1,169.0,502918719962.09,2026-07-30 16:00:29,0,-25.5,9.4,30-Jul-2025,30-Jun-2026,31.74295129989015,-10.301775147928995,,,WIPRO LIMITED,1.52,2026-07-30 20:57:04
0,ETERNALEQN,-1.75,ETERNAL,EQ,N,310.05,32431887,307.0,312.25,305.0,311.8,9972480933.63,368.45,212.6,2235244736574.58,2026-07-30 16:00:29,0,2.17,17.18,30-Jul-2025,30-Jun-2026,15.850183199891438,-45.83725305738476,,,ETERNAL LIMITED,-0.56,2026-07-30 20:57:04
0,COALINDIAEQN,7.35,COALINDIA,EQ,N,417.4,23225454,412.95,418.3,410.1,410.05,9640653700.86,491.25,368.65,997004023159.33,2026-07-30 16:00:29,0,9.87,-4.93,30-Jul-2025,30-Jun-2026,15.033078880407125,-13.223925132239252,,,COAL INDIA LIMITED,1.79,2026-07-30 20:57:04
0,ADANIPORTSEQN,-58.2,ADANIPORTS,EQ,N,1661.5,5395211,1726.7,1727.7,1658.4,1719.7,9016638479.53,1891.1,1290.5,1222323805848.08,2026-07-30 16:00:29,0,19.19,-8.21,30-Jul-2025,30-Jun-2026,12.141081909999471,-28.748547074777218,,,ADANI PORTS AND SPECIAL ECONOMIC ZONE LIMITED,-3.38,2026-07-30 20:57:04
0,MARUTIEQN,232.0,MARUTI,EQ,N,14180.0,626000,13939.0,14250.0,13825.0,13948.0,8763230020.0,17370.0,12201.0,1844681206163.64,2026-07-30 16:00:29,0,12.38,0.46,30-Jul-2025,30-Jun-2026,18.364997121473806,-16.21998196869109,,,MARUTI SUZUKI INDIA LIMITED,1.66,2026-07-30 20:57:04
0,AXISBANKEQN,-4.6,AXISBANK,EQ,N,1230.8,6878684,1229.0,1232.2,1220.2,1235.4,8429689668.32,1418.3,1042.5,3525636537742.45,2026-07-30 16:00:29,0,14.67,-8.54,30-Jul-2025,30-Jun-2026,13.220052175139251,-18.062350119904078,,,AXIS BANK LIMITED,-0.37,2026-07-30 20:57:04
0,LTEQN,9.1,LT,EQ,N,3940.5,2141252,3931.4,3951.7,3883.5,3931.4,8412872045.4,4440.0,3288.1,4599211741518.72,2026-07-30 16:00:29,0,7.51,-4.9,30-Jul-2025,30-Jun-2026,11.25,-19.841245704206077,,,LARSEN & TOUBRO LIMITED,0.23,2026-07-30 20:57:04
0,SBINEQN,10.3,SBIN,EQ,N,1024.0,6847458,1013.5,1028.3,1007.6,1013.7,6986940719.46,1234.7,786.55,4220811397058.94,2026-07-30 16:00:29,0,27.74,-0.28,30-Jul-2025,30-Jun-2026,17.064874058475745,-30.188799186320004,,,STATE BANK OF INDIA,1.02,2026-07-30 20:57:04
0,TECHMEQN,17.2,TECHM,EQ,N,1661.4,4167643,1649.0,1686.6,1638.1,1644.2,6976926117.01,1854.0,1304.1,1052212537214.25,2026-07-30 16:00:29,0,13.55,18.27,30-Jul-2025,30-Jun-2026,10.388349514563107,-27.398205659075224,,,TECH MAHINDRA LIMITED,1.05,2026-07-30 20:57:04
0,ASIANPAINTEQN,-8.4,ASIANPAINT,EQ,N,2750.0,2387024,2758.1,2767.9,2666.2,2758.4,6501966933.12,2985.7,2115.0,1240145623693.76,2026-07-30 16:00:29,0,13.83,4.34,30-Jul-2025,30-Jun-2026,7.894296144957631,-30.023640661938533,,,ASIAN PAINTS LIMITED,-0.3,2026-07-30 20:57:04
0,BELEQN,-2.8,BEL,EQ,N,384.75,16521484,386.0,387.5,382.7,387.55,6356310539.32,473.45,361.2,1374204727253.93,2026-07-30 16:00:29,0,-0.45,-6.57,30-Jul-2025,30-Jun-2026,18.734818882669764,-6.519933554817276,,,BHARAT ELECTRONICS LIMITED,-0.72,2026-07-30 20:57:04
0,NESTLEINDEQN,15.7,NESTLEIND,EQ,N,1519.0,3698063,1503.3,1532.6,1497.0,1503.3,5624568919.85,1532.6,1084.7,1086093281065.1,2026-07-30 16:00:29,0,36.14,8.1,30-Jul-2025,30-Jun-2026,0.8873809213101919,-40.03872038351618,,,NESTLE INDIA LIMITED,1.04,2026-07-30 20:57:04
0,SHRIRAMFINEQN,-15.7,SHRIRAMFIN,EQ,N,1029.0,5425880,1038.0,1051.0,1019.5,1044.7,5574711888.4,1108.0,566.5,1437137311112.52,2026-07-30 16:00:29,0,62.61,-1.26,30-Jul-2025,30-Jun-2026,7.129963898916968,-81.64165931156222,,,SHRIRAM FINANCE LIMITED,-1.5,2026-07-30 20:57:04
0,HINDUNILVREQN,-10.8,HINDUNILVR,EQ,N,2107.0,2602039,2120.0,2132.6,2088.0,2117.8,5478124747.48,2750.0,2016.0,1864069949678.92,2026-07-30 16:00:29,0,-13.56,-0.53,30-Jul-2025,30-Jun-2026,23.381818181818183,-4.513888888888889,,,HINDUSTAN UNILEVER LIMITED,-0.51,2026-07-30 20:57:04
0,ITCEQN,-0.7,ITC,EQ,N,285.55,18283697,286.1,288.4,283.75,286.25,5224200743.81,427.0,275.0,2744908844595.67,2026-07-30 16:00:29,0,-29.94,-0.49,30-Jul-2025,30-Jun-2026,33.12646370023419,-3.8363636363636364,,,ITC LIMITED,-0.24,2026-07-30 20:57:04
0,HCLTECHEQN,7.2,HCLTECH,EQ,N,1351.5,3747919,1349.0,1369.9,1345.6,1344.3,5097507152.71,1780.1,1030.0,1420880972267.0,2026-07-30 16:00:29,0,-8.47,26.1,30-Jul-2025,30-Jun-2026,24.077299028144488,-31.21359223300971,,,HCL TECHNOLOGIES LIMITED,0.54,2026-07-30 20:57:04
0,KOTAKBANKEQN,-2.6,KOTAKBANK,EQ,N,387.6,12205963,385.7,390.2,385.7,390.2,4742993102.54,453.2,345.5,2845977112500.26,2026-07-30 16:00:29,0,-1.11,-1.19,30-Jul-2025,30-Jun-2026,14.474845542806708,-12.185238784370478,,,KOTAK MAHINDRA BANK LIMITED,-0.67,2026-07-30 20:57:04
0,SUNPHARMAEQN,15.1,SUNPHARMA,EQ,N,2005.0,2224264,1993.1,2017.3,1988.0,1989.9,4464453730.24,2017.3,1548.0,2117111838529.49,2026-07-30 16:00:29,0,15.64,7.65,30-Jul-2025,30-Jun-2026,0.6097258712139989,-29.521963824289404,,,SUN PHARMACEUTICAL INDUSTRIES LIMITED,0.76,2026-07-30 20:57:04
0,HINDALCOEQN,7.05,HINDALCO,EQ,N,969.5,4259226,968.0,973.05,960.6,962.45,4118969687.82,1176.0,657.5,1399812364334.5,2026-07-30 16:00:29,0,40.75,1.35,30-Jul-2025,30-Jun-2026,17.55952380952381,-47.452471482889734,,,HINDALCO INDUSTRIES LIMITED,0.73,2026-07-30 20:57:04
0,ADANIENTEQN,25.5,ADANIENT,EQ,N,3050.0,1278332,3024.5,3060.9,2994.6,3024.5,3882677783.6,3245.0,1753.0,913098756508.21,2026-07-30 16:00:29,0,24.03,0.46,30-Jul-2025,30-Jun-2026,6.00924499229584,-73.9874500855676,,,ADANI ENTERPRISES LIMITED,0.84,2026-07-30 20:57:04
0,JIOFINEQN,-2.81,JIOFIN,EQ,N,246.67,15570324,248.75,249.9,245.1,249.48,3842755963.2,338.6,223.3,807083544996.55,2026-07-30 16:00:29,0,-22.99,4.33,30-Jul-2025,30-Jun-2026,27.15002953337271,-10.465741155396328,,,JIO FINANCIAL SERVICES LIMITED,-1.13,2026-07-30 20:57:04
0,TITANEQN,-6.3,TITAN,EQ,N,4843.9,777361,4820.9,4869.9,4820.9,4850.2,3767503407.33,4869.9,3303.1,1994286097671.63,2026-07-30 16:00:29,0,43.46,9.99,30-Jul-2025,30-Jun-2026,0.533891866362759,-46.64708909811995,,,TITAN COMPANY LIMITED,-0.13,2026-07-30 20:57:04
0,ULTRACEMCOEQN,92.0,ULTRACEMCO,EQ,N,11850.0,291418,11800.0,11861.0,11730.0,11998.0,3440801467.8,13110.0,10325.0,1398368106960.24,2026-07-30 16:00:29,0,-3.41,5.31,30-Jul-2025,30-Jun-2026,9.610983981693364,-14.76997578692494,,,ULTRATECH CEMENT LIMITED,0.78,2026-07-30 20:57:04
0,NTPCEQN,1.65,NTPC,EQ,N,345.15,9943764,343.5,347.65,341.85,343.5,3429504765.96,414.4,315.55,1631724403926.03,2026-07-30 16:00:29,0,1.87,-3.22,30-Jul-2025,30-Jun-2026,16.710907335907336,-9.380446838852796,,,NTPC LIMITED,0.48,2026-07-30 20:57:04
0,BAJAJ-AUTOEQN,107.0,BAJAJ-AUTO,EQ,N,11445.0,295600,11338.0,11525.0,11305.5,11338.0,3383889868.0,11532.0,7858.5,1264023467645.08,2026-07-30 16:00:29,0,42.29,17.8,30-Jul-2025,30-Jun-2026,0.7544224765868887,-45.63848062607368,,,BAJAJ AUTO LIMITED,0.94,2026-07-30 20:57:04
0,INDIGOEQN,-58.5,INDIGO,EQ,N,5218.0,549497,5210.0,5258.0,5194.0,5276.5,2872643931.69,6232.5,3895.2,1177843830371.66,2026-07-30 16:00:29,0,-9.09,-2.8,30-Jul-2025,30-Jun-2026,16.277577216205376,-33.95974532758267,,,INTERGLOBE AVIATION LIMITED,-1.11,2026-07-30 20:57:04
0,SBILIFEEQN,-27.8,SBILIFE,EQ,N,1867.1,1513264,1882.2,1910.0,1862.6,1894.9,2858843216.16,2132.0,1700.4,836655989360.71,2026-07-30 16:00:29,0,1.52,5.74,30-Jul-2025,30-Jun-2026,12.424953095684803,-9.803575629263703,,,SBI LIFE INSURANCE COMPANY LIMITED,-1.47,2026-07-30 20:57:04
0,ONGCEQN,2.99,ONGC,EQ,N,241.3,11419363,239.5,244.39,239.06,238.31,2768624559.35,307.5,227.65,934707283642.2,2026-07-30 16:00:29,0,-0.21,2.72,30-Jul-2025,30-Jun-2026,21.528455284552845,-5.996046562705908,,,OIL & NATURAL GAS CORPORATION LIMITED,1.25,2026-07-30 20:57:04
0,TATASTEELEQN,-0.28,TATASTEEL,EQ,N,186.99,13769746,188.01,188.99,186.1,187.27,2576732568.98,224.4,152.51,1541351160652.42,2026-07-30 16:00:29,0,15.88,-0.57,30-Jul-2025,30-Jun-2026,16.671122994652407,-22.60835355058685,,,TATA STEEL LIMITED,-0.15,2026-07-30 20:57:04
0,TRENTEQN,-1.3,TRENT,EQ,N,3003.9,806910,3020.2,3042.6,2982.0,3005.2,2423376664.8,3782.67,2183.67,996732662909.66,2026-07-30 16:00:29,0,-10.66,-8.49,30-Jul-2025,30-Jun-2026,20.58783874882028,-37.56199425737405,,,TRENT LIMITED,-0.04,2026-07-30 20:57:04
0,HDFCLIFEEQN,-11.65,HDFCLIFE,EQ,N,545.05,4394541,557.0,558.85,544.7,556.7,2406538542.42,815.0,543.0,588634041770.54,2026-07-30 16:00:29,0,-28.04,-5.35,30-Jul-2025,30-Jun-2026,33.122699386503065,-0.3775322283609576,,,HDFC LIFE INSURANCE COMPANY LIMITED,-2.09,2026-07-30 20:57:04
0,APOLLOHOSPEQN,24.0,APOLLOHOSP,EQ,N,8959.0,263013,8900.0,9009.0,8865.5,8935.0,2359053021.42,9009.0,6696.5,919392943478.69,2026-07-30 16:00:29,0,20.26,3.19,30-Jul-2025,30-Jun-2026,0.555000555000555,-33.78630627939969,,,APOLLO HOSPITALS ENTERPRISE LIMITED,0.27,2026-07-30 20:57:04
0,POWERGRIDEQN,2.5,POWERGRID,EQ,N,285.35,7903593,283.4,287.1,283.0,282.85,2254974118.83,324.95,250.0,1288609092539.81,2026-07-30 16:00:29,0,-1.25,-0.33,30-Jul-2025,30-Jun-2026,12.186490229266042,-14.14,,,POWER GRID CORPORATION OF INDIA LIMITED,0.88,2026-07-30 20:57:04
0,TMPVEQN,5.1,TMPV,EQ,N,334.9,6078600,328.2,335.0,328.05,329.8,2019797208.0,739.7,294.3,697961149137.43,2026-07-30 16:00:29,0,-49.9,-4.91,30-Jul-2025,30-Jun-2026,54.72488846829796,-13.795446822969758,,,TATA MOTORS PASSENGER VEHICLES LIMITED,1.55,2026-07-30 20:57:04
0,TATACONSUMEQN,-1.1,TATACONSUM,EQ,N,1095.0,1677784,1096.1,1108.9,1090.4,1096.1,1841636385.44,1282.7,1007.2,711099193573.79,2026-07-30 16:00:29,0,2.04,1.8,30-Jul-2025,30-Jun-2026,14.63319560302487,-8.717235901509135,,,TATA CONSUMER PRODUCTS LIMITED,-0.1,2026-07-30 20:57:04
0,MAXHEALTHEQN,12.6,MAXHEALTH,EQ,N,1124.0,1610692,1112.0,1135.9,1110.3,1111.4,1813574764.32,1301.7,903.0,834207449679.87,2026-07-30 16:00:29,0,-11.12,-0.46,30-Jul-2025,30-Jun-2026,13.65137896596758,-24.473975636766333,,,MAX HEALTHCARE INSTITUTE LIMITED,1.13,2026-07-30 20:57:04
0,DRREDDYEQN,2.0,DRREDDY,EQ,N,1144.3,1350714,1143.0,1151.0,1139.0,1142.3,1544257809.06,1414.9,1101.0,695598263003.41,2026-07-30 16:00:29,0,-11.44,-15.68,30-Jul-2025,30-Jun-2026,19.125026503639834,-3.932788374205268,,,DR. REDDY'S LABORATORIES LIMITED,0.18,2026-07-30 20:57:04
0,BAJAJFINSVEQN,-15.4,BAJAJFINSV,EQ,N,1909.0,752615,1918.3,1933.4,1892.3,1924.4,1435951789.25,2195.0,1597.0,1102070234202.81,2026-07-30 16:00:29,0,-2.59,7.24,30-Jul-2025,30-Jun-2026,13.029612756264237,-19.536631183469005,,,BAJAJ FINSERV LIMITED,-0.8,2026-07-30 20:57:04
0,CIPLAEQN,-6.3,CIPLA,EQ,N,1468.0,833068,1478.8,1483.8,1464.1,1474.3,1226700960.68,1673.0,1165.7,823709433326.43,2026-07-30 16:00:29,0,-5.86,0.18,30-Jul-2025,30-Jun-2026,12.253436939629408,-25.93291584455692,,,CIPLA LIMITED,-0.43,2026-07-30 20:57:04
0,JSWSTEELEQN,-8.1,JSWSTEEL,EQ,N,1268.5,923153,1279.1,1304.5,1261.5,1276.6,1171176516.51,1328.0,1018.0,1186453565545.05,2026-07-30 16:00:29,0,22.22,3.43,30-Jul-2025,30-Jun-2026,4.480421686746988,-24.607072691552062,,,JSW STEEL LIMITED,-0.63,2026-07-30 20:57:04
0,GRASIMEQN,-12.9,GRASIM,EQ,N,3100.1,301353,3115.0,3115.5,3085.5,3113.0,933920068.77,3246.0,2502.5,1166435037062.31,2026-07-30 16:00:29,0,12.38,0.0,30-Jul-2025,30-Jun-2026,4.494762784966112,-23.88011988011988,,,GRASIM INDUSTRIES LIMITED,-0.41,2026-07-30 20:57:04
1,NIFTY 50,66.95,NIFTY 50,,,24317.15,400636260,24249.55,24342.95,24187.1,24250.2,335660224755.62,26373.2,22182.55,,2026-07-30 15:39:59,0,-2.16,1.89,29-Jul-2025,29-Jun-2026,7.795982285046942,-9.622879245172443,,,,0.28,2026-07-30 20:57:46
0,HDFCBANKEQN,5.2,HDFCBANK,EQ,N,753.4,35844392,752.8,757.9,745.5,748.2,26916270840.64,1020.5,726.65,11507952979097.49,2026-07-30 16:00:29,0,-25.62,-5.58,30-Jul-2025,30-Jun-2026,26.1734443900049,-3.6812770935113193,,,HDFC BANK LIMITED,0.7,2026-07-30 20:57:46
0,INFYEQN,-0.6,INFY,EQ,N,1155.0,22630218,1168.0,1187.7,1151.3,1155.6,26545698318.36,1728.0,982.4,4040155038730.84,2026-07-30 16:00:29,0,-23.96,15.45,30-Jul-2025,30-Jun-2026,33.15972222222222,-17.569218241042346,,,INFOSYS LIMITED,-0.05,2026-07-30 20:57:46
0,ICICIBANKEQN,-7.9,ICICIBANK,EQ,N,1430.0,14141173,1431.1,1442.2,1422.6,1437.9,20232907504.94,1494.5,1187.6,10218404351568.66,2026-07-30 16:00:29,0,-3.53,3.98,30-Jul-2025,30-Jun-2026,4.315824690531951,-20.410912765240823,,,ICICI BANK LIMITED,-0.55,2026-07-30 20:57:46
0,M&MEQN,72.8,M&M,EQ,N,3294.6,4851980,3220.0,3327.0,3197.5,3221.8,15866023119.8,3839.9,2896.0,2933123350768.73,2026-07-30 16:00:29,0,2.67,7.36,30-Jul-2025,30-Jun-2026,14.200890648193964,-13.763812154696133,,,MAHINDRA & MAHINDRA LIMITED,2.26,2026-07-30 20:57:46
0,RELIANCEEQN,13.5,RELIANCE,EQ,N,1289.4,12158451,1279.8,1297.0,1275.3,1275.9,15689386754.91,1611.8,1249.8,8686354311529.18,2026-07-30 16:00:29,0,-8.56,-0.35,30-Jul-2025,30-Jun-2026,20.002481697481077,-3.168506961113778,,,RELIANCE INDUSTRIES LIMITED,1.06,2026-07-30 20:57:46
0,TCSEQN,-12.6,TCS,EQ,N,2434.0,4901582,2440.0,2495.0,2423.0,2446.6,12055686008.1,3350.0,1976.8,2478110387443.66,2026-07-30 16:00:29,0,-20.29,19.81,30-Jul-2025,30-Jun-2026,27.34328358208955,-23.128288142452448,,,TATA CONSULTANCY SERVICES LIMITED,-0.52,2026-07-30 20:57:46
0,EICHERMOTEQN,130.0,EICHERMOT,EQ,N,7909.0,1496307,7869.5,7930.0,7730.0,7779.0,11742478665.48,8230.0,5353.0,1086933343021.75,2026-07-30 16:00:29,0,44.3,11.81,30-Jul-2025,30-Jun-2026,3.9003645200486026,-47.748925835979826,,,EICHER MOTORS LIMITED,1.67,2026-07-30 20:57:46
0,BHARTIARTLEQN,-3.6,BHARTIARTL,EQ,N,1946.6,5356472,1954.0,1963.2,1943.9,1950.2,10462475369.28,2174.5,1740.5,6044959384312.81,2026-07-30 16:00:29,0,0.72,5.11,30-Jul-2025,30-Jun-2026,10.48057024603357,-11.841424877908647,,,BHARTI AIRTEL LIMITED,-0.18,2026-07-30 20:57:46
0,BAJFINANCEEQN,3.6,BAJFINANCE,EQ,N,1058.0,9866564,1046.0,1068.0,1035.1,1054.4,10348150988.84,1102.5,787.9,2827745664588.37,2026-07-30 16:00:29,0,19.57,5.3,30-Jul-2025,30-Jun-2026,4.036281179138322,-34.28100012691966,,,BAJAJ FINANCE LIMITED,0.34,2026-07-30 20:57:46
0,WIPROEQN,2.8,WIPRO,EQ,N,186.41,54015268,183.4,191.34,183.4,183.61,10162972674.2,273.1,169.0,502918719962.09,2026-07-30 16:00:29,0,-25.5,9.4,30-Jul-2025,30-Jun-2026,31.74295129989015,-10.301775147928995,,,WIPRO LIMITED,1.52,2026-07-30 20:57:46
0,ETERNALEQN,-1.75,ETERNAL,EQ,N,310.05,32431887,307.0,312.25,305.0,311.8,9972480933.63,368.45,212.6,2235244736574.58,2026-07-30 16:00:29,0,2.17,17.18,30-Jul-2025,30-Jun-2026,15.850183199891438,-45.83725305738476,,,ETERNAL LIMITED,-0.56,2026-07-30 20:57:46
0,COALINDIAEQN,7.35,COALINDIA,EQ,N,417.4,23225454,412.95,418.3,410.1,410.05,9640653700.86,491.25,368.65,997004023159.33,2026-07-30 16:00:29,0,9.87,-4.93,30-Jul-2025,30-Jun-2026,15.033078880407125,-13.223925132239252,,,COAL INDIA LIMITED,1.79,2026-07-30 20:57:46
0,ADANIPORTSEQN,-58.2,ADANIPORTS,EQ,N,1661.5,5395211,1726.7,1727.7,1658.4,1719.7,9016638479.53,1891.1,1290.5,1222323805848.08,2026-07-30 16:00:29,0,19.19,-8.21,30-Jul-2025,30-Jun-2026,12.141081909999471,-28.748547074777218,,,ADANI PORTS AND SPECIAL ECONOMIC ZONE LIMITED,-3.38,2026-07-30 20:57:46
0,MARUTIEQN,232.0,MARUTI,EQ,N,14180.0,626000,13939.0,14250.0,13825.0,13948.0,8763230020.0,17370.0,12201.0,1844681206163.64,2026-07-30 16:00:29,0,12.38,0.46,30-Jul-2025,30-Jun-2026,18.364997121473806,-16.21998196869109,,,MARUTI SUZUKI INDIA LIMITED,1.66,2026-07-30 20:57:46
0,AXISBANKEQN,-4.6,AXISBANK,EQ,N,1230.8,6878684,1229.0,1232.2,1220.2,1235.4,8429689668.32,1418.3,1042.5,3525636537742.45,2026-07-30 16:00:29,0,14.67,-8.54,30-Jul-2025,30-Jun-2026,13.220052175139251,-18.062350119904078,,,AXIS BANK LIMITED,-0.37,2026-07-30 20:57:46
0,LTEQN,9.1,LT,EQ,N,3940.5,2141252,3931.4,3951.7,3883.5,3931.4,8412872045.4,4440.0,3288.1,4599211741518.72,2026-07-30 16:00:29,0,7.51,-4.9,30-Jul-2025,30-Jun-2026,11.25,-19.841245704206077,,,LARSEN & TOUBRO LIMITED,0.23,2026-07-30 20:57:46
0,SBINEQN,10.3,SBIN,EQ,N,1024.0,6847458,1013.5,1028.3,1007.6,1013.7,6986940719.46,1234.7,786.55,4220811397058.94,2026-07-30 16:00:29,0,27.74,-0.28,30-Jul-2025,30-Jun-2026,17.064874058475745,-30.188799186320004,,,STATE BANK OF INDIA,1.02,2026-07-30 20:57:46
0,TECHMEQN,17.2,TECHM,EQ,N,1661.4,4167643,1649.0,1686.6,1638.1,1644.2,6976926117.01,1854.0,1304.1,1052212537214.25,2026-07-30 16:00:29,0,13.55,18.27,30-Jul-2025,30-Jun-2026,10.388349514563107,-27.398205659075224,,,TECH MAHINDRA LIMITED,1.05,2026-07-30 20:57:46
0,ASIANPAINTEQN,-8.4,ASIANPAINT,EQ,N,2750.0,2387024,2758.1,2767.9,2666.2,2758.4,6501966933.12,2985.7,2115.0,1240145623693.76,2026-07-30 16:00:29,0,13.83,4.34,30-Jul-2025,30-Jun-2026,7.894296144957631,-30.023640661938533,,,ASIAN PAINTS LIMITED,-0.3,2026-07-30 20:57:46
0,BELEQN,-2.8,BEL,EQ,N,384.75,16521484,386.0,387.5,382.7,387.55,6356310539.32,473.45,361.2,1374204727253.93,2026-07-30 16:00:29,0,-0.45,-6.57,30-Jul-2025,30-Jun-2026,18.734818882669764,-6.519933554817276,,,BHARAT ELECTRONICS LIMITED,-0.72,2026-07-30 20:57:46
0,NESTLEINDEQN,15.7,NESTLEIND,EQ,N,1519.0,3698063,1503.3,1532.6,1497.0,1503.3,5624568919.85,1532.6,1084.7,1086093281065.1,2026-07-30 16:00:29,0,36.14,8.1,30-Jul-2025,30-Jun-2026,0.8873809213101919,-40.03872038351618,,,NESTLE INDIA LIMITED,1.04,2026-07-30 20:57:46
0,SHRIRAMFINEQN,-15.7,SHRIRAMFIN,EQ,N,1029.0,5425880,1038.0,1051.0,1019.5,1044.7,5574711888.4,1108.0,566.5,1437137311112.52,2026-07-30 16:00:29,0,62.61,-1.26,30-Jul-2025,30-Jun-2026,7.129963898916968,-81.64165931156222,,,SHRIRAM FINANCE LIMITED,-1.5,2026-07-30 20:57:46
0,HINDUNILVREQN,-10.8,HINDUNILVR,EQ,N,2107.0,2602039,2120.0,2132.6,2088.0,2117.8,5478124747.48,2750.0,2016.0,1864069949678.92,2026-07-30 16:00:29,0,-13.56,-0.53,30-Jul-2025,30-Jun-2026,23.381818181818183,-4.513888888888889,,,HINDUSTAN UNILEVER LIMITED,-0.51,2026-07-30 20:57:46
0,ITCEQN,-0.7,ITC,EQ,N,285.55,18283697,286.1,288.4,283.75,286.25,5224200743.81,427.0,275.0,2744908844595.67,2026-07-30 16:00:29,0,-29.94,-0.49,30-Jul-2025,30-Jun-2026,33.12646370023419,-3.8363636363636364,,,ITC LIMITED,-0.24,2026-07-30 20:57:46
0,HCLTECHEQN,7.2,HCLTECH,EQ,N,1351.5,3747919,1349.0,1369.9,1345.6,1344.3,5097507152.71,1780.1,1030.0,1420880972267.0,2026-07-30 16:00:29,0,-8.47,26.1,30-Jul-2025,30-Jun-2026,24.077299028144488,-31.21359223300971,,,HCL TECHNOLOGIES LIMITED,0.54,2026-07-30 20:57:46
0,KOTAKBANKEQN,-2.6,KOTAKBANK,EQ,N,387.6,12205963,385.7,390.2,385.7,390.2,4742993102.54,453.2,345.5,2845977112500.26,2026-07-30 16:00:29,0,-1.11,-1.19,30-Jul-2025,30-Jun-2026,14.474845542806708,-12.185238784370478,,,KOTAK MAHINDRA BANK LIMITED,-0.67,2026-07-30 20:57:46
0,SUNPHARMAEQN,15.1,SUNPHARMA,EQ,N,2005.0,2224264,1993.1,2017.3,1988.0,1989.9,4464453730.24,2017.3,1548.0,2117111838529.49,2026-07-30 16:00:29,0,15.64,7.65,30-Jul-2025,30-Jun-2026,0.6097258712139989,-29.521963824289404,,,SUN PHARMACEUTICAL INDUSTRIES LIMITED,0.76,2026-07-30 20:57:46
0,HINDALCOEQN,7.05,HINDALCO,EQ,N,969.5,4259226,968.0,973.05,960.6,962.45,4118969687.82,1176.0,657.5,1399812364334.5,2026-07-30 16:00:29,0,40.75,1.35,30-Jul-2025,30-Jun-2026,17.55952380952381,-47.452471482889734,,,HINDALCO INDUSTRIES LIMITED,0.73,2026-07-30 20:57:46
0,ADANIENTEQN,25.5,ADANIENT,EQ,N,3050.0,1278332,3024.5,3060.9,2994.6,3024.5,3882677783.6,3245.0,1753.0,913098756508.21,2026-07-30 16:00:29,0,24.03,0.46,30-Jul-2025,30-Jun-2026,6.00924499229584,-73.9874500855676,,,ADANI ENTERPRISES LIMITED,0.84,2026-07-30 20:57:46
0,JIOFINEQN,-2.81,JIOFIN,EQ,N,246.67,15570324,248.75,249.9,245.1,249.48,3842755963.2,338.6,223.3,807083544996.55,2026-07-30 16:00:29,0,-22.99,4.33,30-Jul-2025,30-Jun-2026,27.15002953337271,-10.465741155396328,,,JIO FINANCIAL SERVICES LIMITED,-1.13,2026-07-30 20:57:46
0,TITANEQN,-6.3,TITAN,EQ,N,4843.9,777361,4820.9,4869.9,4820.9,4850.2,3767503407.33,4869.9,3303.1,1994286097671.63,2026-07-30 16:00:29,0,43.46,9.99,30-Jul-2025,30-Jun-2026,0.533891866362759,-46.64708909811995,,,TITAN COMPANY LIMITED,-0.13,2026-07-30 20:57:46
0,ULTRACEMCOEQN,92.0,ULTRACEMCO,EQ,N,11850.0,291418,11800.0,11861.0,11730.0,11998.0,3440801467.8,13110.0,10325.0,1398368106960.24,2026-07-30 16:00:29,0,-3.41,5.31,30-Jul-2025,30-Jun-2026,9.610983981693364,-14.76997578692494,,,ULTRATECH CEMENT LIMITED,0.78,2026-07-30 20:57:46
0,NTPCEQN,1.65,NTPC,EQ,N,345.15,9943764,343.5,347.65,341.85,343.5,3429504765.96,414.4,315.55,1631724403926.03,2026-07-30 16:00:29,0,1.87,-3.22,30-Jul-2025,30-Jun-2026,16.710907335907336,-9.380446838852796,,,NTPC LIMITED,0.48,2026-07-30 20:57:46
0,BAJAJ-AUTOEQN,107.0,BAJAJ-AUTO,EQ,N,11445.0,295600,11338.0,11525.0,11305.5,11338.0,3383889868.0,11532.0,7858.5,1264023467645.08,2026-07-30 16:00:29,0,42.29,17.8,30-Jul-2025,30-Jun-2026,0.7544224765868887,-45.63848062607368,,,BAJAJ AUTO LIMITED,0.94,2026-07-30 20:57:46
0,INDIGOEQN,-58.5,INDIGO,EQ,N,5218.0,549497,5210.0,5258.0,5194.0,5276.5,2872643931.69,6232.5,3895.2,1177843830371.66,2026-07-30 16:00:29,0,-9.09,-2.8,30-Jul-2025,30-Jun-2026,16.277577216205376,-33.95974532758267,,,INTERGLOBE AVIATION LIMITED,-1.11,2026-07-30 20:57:46
0,SBILIFEEQN,-27.8,SBILIFE,EQ,N,1867.1,1513264,1882.2,1910.0,1862.6,1894.9,2858843216.16,2132.0,1700.4,836655989360.71,2026-07-30 16:00:29,0,1.52,5.74,30-Jul-2025,30-Jun-2026,12.424953095684803,-9.803575629263703,,,SBI LIFE INSURANCE COMPANY LIMITED,-1.47,2026-07-30 20:57:46
0,ONGCEQN,2.99,ONGC,EQ,N,241.3,11419363,239.5,244.39,239.06,238.31,2768624559.35,307.5,227.65,934707283642.2,2026-07-30 16:00:29,0,-0.21,2.72,30-Jul-2025,30-Jun-2026,21.528455284552845,-5.996046562705908,,,OIL & NATURAL GAS CORPORATION LIMITED,1.25,2026-07-30 20:57:46
0,TATASTEELEQN,-0.28,TATASTEEL,EQ,N,186.99,13769746,188.01,188.99,186.1,187.27,2576732568.98,224.4,152.51,1541351160652.42,2026-07-30 16:00:29,0,15.88,-0.57,30-Jul-2025,30-Jun-2026,16.671122994652407,-22.60835355058685,,,TATA STEEL LIMITED,-0.15,2026-07-30 20:57:46
0,TRENTEQN,-1.3,TRENT,EQ,N,3003.9,806910,3020.2,3042.6,2982.0,3005.2,2423376664.8,3782.67,2183.67,996732662909.66,2026-07-30 16:00:29,0,-10.66,-8.49,30-Jul-2025,30-Jun-2026,20.58783874882028,-37.56199425737405,,,TRENT LIMITED,-0.04,2026-07-30 20:57:46
0,HDFCLIFEEQN,-11.65,HDFCLIFE,EQ,N,545.05,4394541,557.0,558.85,544.7,556.7,2406538542.42,815.0,543.0,588634041770.54,2026-07-30 16:00:29,0,-28.04,-5.35,30-Jul-2025,30-Jun-2026,33.122699386503065,-0.3775322283609576,,,HDFC LIFE INSURANCE COMPANY LIMITED,-2.09,2026-07-30 20:57:46
0,APOLLOHOSPEQN,24.0,APOLLOHOSP,EQ,N,8959.0,263013,8900.0,9009.0,8865.5,8935.0,2359053021.42,9009.0,6696.5,919392943478.69,2026-07-30 16:00:29,0,20.26,3.19,30-Jul-2025,30-Jun-2026,0.555000555000555,-33.78630627939969,,,APOLLO HOSPITALS ENTERPRISE LIMITED,0.27,2026-07-30 20:57:46
0,POWERGRIDEQN,2.5,POWERGRID,EQ,N,285.35,7903593,283.4,287.1,283.0,282.85,2254974118.83,324.95,250.0,1288609092539.81,2026-07-30 16:00:29,0,-1.25,-0.33,30-Jul-2025,30-Jun-2026,12.186490229266042,-14.14,,,POWER GRID CORPORATION OF INDIA LIMITED,0.88,2026-07-30 20:57:46
0,TMPVEQN,5.1,TMPV,EQ,N,334.9,6078600,328.2,335.0,328.05,329.8,2019797208.0,739.7,294.3,697961149137.43,2026-07-30 16:00:29,0,-49.9,-4.91,30-Jul-2025,30-Jun-2026,54.72488846829796,-13.795446822969758,,,TATA MOTORS PASSENGER VEHICLES LIMITED,1.55,2026-07-30 20:57:46
0,TATACONSUMEQN,-1.1,TATACONSUM,EQ,N,1095.0,1677784,1096.1,1108.9,1090.4,1096.1,1841636385.44,1282.7,1007.2,711099193573.79,2026-07-30 16:00:29,0,2.04,1.8,30-Jul-2025,30-Jun-2026,14.63319560302487,-8.717235901509135,,,TATA CONSUMER PRODUCTS LIMITED,-0.1,2026-07-30 20:57:46
0,MAXHEALTHEQN,12.6,MAXHEALTH,EQ,N,1124.0,1610692,1112.0,1135.9,1110.3,1111.4,1813574764.32,1301.7,903.0,834207449679.87,2026-07-30 16:00:29,0,-11.12,-0.46,30-Jul-2025,30-Jun-2026,13.65137896596758,-24.473975636766333,,,MAX HEALTHCARE INSTITUTE LIMITED,1.13,2026-07-30 20:57:46
0,DRREDDYEQN,2.0,DRREDDY,EQ,N,1144.3,1350714,1143.0,1151.0,1139.0,1142.3,1544257809.06,1414.9,1101.0,695598263003.41,2026-07-30 16:00:29,0,-11.44,-15.68,30-Jul-2025,30-Jun-2026,19.125026503639834,-3.932788374205268,,,DR. REDDY'S LABORATORIES LIMITED,0.18,2026-07-30 20:57:46
0,BAJAJFINSVEQN,-15.4,BAJAJFINSV,EQ,N,1909.0,752615,1918.3,1933.4,1892.3,1924.4,1435951789.25,2195.0,1597.0,1102070234202.81,2026-07-30 16:00:29,0,-2.59,7.24,30-Jul-2025,30-Jun-2026,13.029612756264237,-19.536631183469005,,,BAJAJ FINSERV LIMITED,-0.8,2026-07-30 20:57:46
0,CIPLAEQN,-6.3,CIPLA,EQ,N,1468.0,833068,1478.8,1483.8,1464.1,1474.3,1226700960.68,1673.0,1165.7,823709433326.43,2026-07-30 16:00:29,0,-5.86,0.18,30-Jul-2025,30-Jun-2026,12.253436939629408,-25.93291584455692,,,CIPLA LIMITED,-0.43,2026-07-30 20:57:46
0,JSWSTEELEQN,-8.1,JSWSTEEL,EQ,N,1268.5,923153,1279.1,1304.5,1261.5,1276.6,1171176516.51,1328.0,1018.0,1186453565545.05,2026-07-30 16:00:29,0,22.22,3.43,30-Jul-2025,30-Jun-2026,4.480421686746988,-24.607072691552062,,,JSW STEEL LIMITED,-0.63,2026-07-30 20:57:46
0,GRASIMEQN,-12.9,GRASIM,EQ,N,3100.1,301353,3115.0,3115.5,3085.5,3113.0,933920068.77,3246.0,2502.5,1166435037062.31,2026-07-30 16:00:29,0,12.38,0.0,30-Jul-2025,30-Jun-2026,4.494762784966112,-23.88011988011988,,,GRASIM INDUSTRIES LIMITED,-0.41,2026-07-30 20:57:46
1,NIFTY 50,66.95,NIFTY 50,,,24317.15,400636260,24249.55,24342.95,24187.1,24250.2,335660224755.62,26373.2,22182.55,,2026-07-30 15:39:59,0,-2.16,1.89,29-Jul-2025,29-Jun-2026,7.795982285046942,-9.622879245172443,,,,0.28,2026-07-30 20:58:17
0,HDFCBANKEQN,5.2,HDFCBANK,EQ,N,753.4,35844392,752.8,757.9,745.5,748.2,26916270840.64,1020.5,726.65,11507952979097.49,2026-07-30 16:00:29,0,-25.62,-5.58,30-Jul-2025,30-Jun-2026,26.1734443900049,-3.6812770935113193,,,HDFC BANK LIMITED,0.7,2026-07-30 20:58:17
0,INFYEQN,-0.6,INFY,EQ,N,1155.0,22630218,1168.0,1187.7,1151.3,1155.6,26545698318.36,1728.0,982.4,4040155038730.84,2026-07-30 16:00:29,0,-23.96,15.45,30-Jul-2025,30-Jun-2026,33.15972222222222,-17.569218241042346,,,INFOSYS LIMITED,-0.05,2026-07-30 20:58:17
0,ICICIBANKEQN,-7.9,ICICIBANK,EQ,N,1430.0,14141173,1431.1,1442.2,1422.6,1437.9,20232907504.94,1494.5,1187.6,10218404351568.66,2026-07-30 16:00:29,0,-3.53,3.98,30-Jul-2025,30-Jun-2026,4.315824690531951,-20.410912765240823,,,ICICI BANK LIMITED,-0.55,2026-07-30 20:58:17
0,M&MEQN,72.8,M&M,EQ,N,3294.6,4851980,3220.0,3327.0,3197.5,3221.8,15866023119.8,3839.9,2896.0,2933123350768.73,2026-07-30 16:00:29,0,2.67,7.36,30-Jul-2025,30-Jun-2026,14.200890648193964,-13.763812154696133,,,MAHINDRA & MAHINDRA LIMITED,2.26,2026-07-30 20:58:17
0,RELIANCEEQN,13.5,RELIANCE,EQ,N,1289.4,12158451,1279.8,1297.0,1275.3,1275.9,15689386754.91,1611.8,1249.8,8686354311529.18,2026-07-30 16:00:29,0,-8.56,-0.35,30-Jul-2025,30-Jun-2026,20.002481697481077,-3.168506961113778,,,RELIANCE INDUSTRIES LIMITED,1.06,2026-07-30 20:58:17
0,TCSEQN,-12.6,TCS,EQ,N,2434.0,4901582,2440.0,2495.0,2423.0,2446.6,12055686008.1,3350.0,1976.8,2478110387443.66,2026-07-30 16:00:29,0,-20.29,19.81,30-Jul-2025,30-Jun-2026,27.34328358208955,-23.128288142452448,,,TATA CONSULTANCY SERVICES LIMITED,-0.52,2026-07-30 20:58:17
0,EICHERMOTEQN,130.0,EICHERMOT,EQ,N,7909.0,1496307,7869.5,7930.0,7730.0,7779.0,11742478665.48,8230.0,5353.0,1086933343021.75,2026-07-30 16:00:29,0,44.3,11.81,30-Jul-2025,30-Jun-2026,3.9003645200486026,-47.748925835979826,,,EICHER MOTORS LIMITED,1.67,2026-07-30 20:58:17
0,BHARTIARTLEQN,-3.6,BHARTIARTL,EQ,N,1946.6,5356472,1954.0,1963.2,1943.9,1950.2,10462475369.28,2174.5,1740.5,6044959384312.81,2026-07-30 16:00:29,0,0.72,5.11,30-Jul-2025,30-Jun-2026,10.48057024603357,-11.841424877908647,,,BHARTI AIRTEL LIMITED,-0.18,2026-07-30 20:58:17
0,BAJFINANCEEQN,3.6,BAJFINANCE,EQ,N,1058.0,9866564,1046.0,1068.0,1035.1,1054.4,10348150988.84,1102.5,787.9,2827745664588.37,2026-07-30 16:00:29,0,19.57,5.3,30-Jul-2025,30-Jun-2026,4.036281179138322,-34.28100012691966,,,BAJAJ FINANCE LIMITED,0.34,2026-07-30 20:58:17
0,WIPROEQN,2.8,WIPRO,EQ,N,186.41,54015268,183.4,191.34,183.4,183.61,10162972674.2,273.1,169.0,502918719962.09,2026-07-30 16:00:29,0,-25.5,9.4,30-Jul-2025,30-Jun-2026,31.74295129989015,-10.301775147928995,,,WIPRO LIMITED,1.52,2026-07-30 20:58:17
0,ETERNALEQN,-1.75,ETERNAL,EQ,N,310.05,32431887,307.0,312.25,305.0,311.8,9972480933.63,368.45,212.6,2235244736574.58,2026-07-30 16:00:29,0,2.17,17.18,30-Jul-2025,30-Jun-2026,15.850183199891438,-45.83725305738476,,,ETERNAL LIMITED,-0.56,2026-07-30 20:58:17
0,COALINDIAEQN,7.35,COALINDIA,EQ,N,417.4,23225454,412.95,418.3,410.1,410.05,9640653700.86,491.25,368.65,997004023159.33,2026-07-30 16:00:29,0,9.87,-4.93,30-Jul-2025,30-Jun-2026,15.033078880407125,-13.223925132239252,,,COAL INDIA LIMITED,1.79,2026-07-30 20:58:17
0,ADANIPORTSEQN,-58.2,ADANIPORTS,EQ,N,1661.5,5395211,1726.7,1727.7,1658.4,1719.7,9016638479.53,1891.1,1290.5,1222323805848.08,2026-07-30 16:00:29,0,19.19,-8.21,30-Jul-2025,30-Jun-2026,12.141081909999471,-28.748547074777218,,,ADANI PORTS AND SPECIAL ECONOMIC ZONE LIMITED,-3.38,2026-07-30 20:58:17
0,MARUTIEQN,232.0,MARUTI,EQ,N,14180.0,626000,13939.0,14250.0,13825.0,13948.0,8763230020.0,17370.0,12201.0,1844681206163.64,2026-07-30 16:00:29,0,12.38,0.46,30-Jul-2025,30-Jun-2026,18.364997121473806,-16.21998196869109,,,MARUTI SUZUKI INDIA LIMITED,1.66,2026-07-30 20:58:17
0,AXISBANKEQN,-4.6,AXISBANK,EQ,N,1230.8,6878684,1229.0,1232.2,1220.2,1235.4,8429689668.32,1418.3,1042.5,3525636537742.45,2026-07-30 16:00:29,0,14.67,-8.54,30-Jul-2025,30-Jun-2026,13.220052175139251,-18.062350119904078,,,AXIS BANK LIMITED,-0.37,2026-07-30 20:58:17
0,LTEQN,9.1,LT,EQ,N,3940.5,2141252,3931.4,3951.7,3883.5,3931.4,8412872045.4,4440.0,3288.1,4599211741518.72,2026-07-30 16:00:29,0,7.51,-4.9,30-Jul-2025,30-Jun-2026,11.25,-19.841245704206077,,,LARSEN & TOUBRO LIMITED,0.23,2026-07-30 20:58:17
0,SBINEQN,10.3,SBIN,EQ,N,1024.0,6847458,1013.5,1028.3,1007.6,1013.7,6986940719.46,1234.7,786.55,4220811397058.94,2026-07-30 16:00:29,0,27.74,-0.28,30-Jul-2025,30-Jun-2026,17.064874058475745,-30.188799186320004,,,STATE BANK OF INDIA,1.02,2026-07-30 20:58:17
0,TECHMEQN,17.2,TECHM,EQ,N,1661.4,4167643,1649.0,1686.6,1638.1,1644.2,6976926117.01,1854.0,1304.1,1052212537214.25,2026-07-30 16:00:29,0,13.55,18.27,30-Jul-2025,30-Jun-2026,10.388349514563107,-27.398205659075224,,,TECH MAHINDRA LIMITED,1.05,2026-07-30 20:58:17
0,ASIANPAINTEQN,-8.4,ASIANPAINT,EQ,N,2750.0,2387024,2758.1,2767.9,2666.2,2758.4,6501966933.12,2985.7,2115.0,1240145623693.76,2026-07-30 16:00:29,0,13.83,4.34,30-Jul-2025,30-Jun-2026,7.894296144957631,-30.023640661938533,,,ASIAN PAINTS LIMITED,-0.3,2026-07-30 20:58:17
0,BELEQN,-2.8,BEL,EQ,N,384.75,16521484,386.0,387.5,382.7,387.55,6356310539.32,473.45,361.2,1374204727253.93,2026-07-30 16:00:29,0,-0.45,-6.57,30-Jul-2025,30-Jun-2026,18.734818882669764,-6.519933554817276,,,BHARAT ELECTRONICS LIMITED,-0.72,2026-07-30 20:58:17
0,NESTLEINDEQN,15.7,NESTLEIND,EQ,N,1519.0,3698063,1503.3,1532.6,1497.0,1503.3,5624568919.85,1532.6,1084.7,1086093281065.1,2026-07-30 16:00:29,0,36.14,8.1,30-Jul-2025,30-Jun-2026,0.8873809213101919,-40.03872038351618,,,NESTLE INDIA LIMITED,1.04,2026-07-30 20:58:17
0,SHRIRAMFINEQN,-15.7,SHRIRAMFIN,EQ,N,1029.0,5425880,1038.0,1051.0,1019.5,1044.7,5574711888.4,1108.0,566.5,1437137311112.52,2026-07-30 16:00:29,0,62.61,-1.26,30-Jul-2025,30-Jun-2026,7.129963898916968,-81.64165931156222,,,SHRIRAM FINANCE LIMITED,-1.5,2026-07-30 20:58:17
0,HINDUNILVREQN,-10.8,HINDUNILVR,EQ,N,2107.0,2602039,2120.0,2132.6,2088.0,2117.8,5478124747.48,2750.0,2016.0,1864069949678.92,2026-07-30 16:00:29,0,-13.56,-0.53,30-Jul-2025,30-Jun-2026,23.381818181818183,-4.513888888888889,,,HINDUSTAN UNILEVER LIMITED,-0.51,2026-07-30 20:58:17
0,ITCEQN,-0.7,ITC,EQ,N,285.55,18283697,286.1,288.4,283.75,286.25,5224200743.81,427.0,275.0,2744908844595.67,2026-07-30 16:00:29,0,-29.94,-0.49,30-Jul-2025,30-Jun-2026,33.12646370023419,-3.8363636363636364,,,ITC LIMITED,-0.24,2026-07-30 20:58:17
0,HCLTECHEQN,7.2,HCLTECH,EQ,N,1351.5,3747919,1349.0,1369.9,1345.6,1344.3,5097507152.71,1780.1,1030.0,1420880972267.0,2026-07-30 16:00:29,0,-8.47,26.1,30-Jul-2025,30-Jun-2026,24.077299028144488,-31.21359223300971,,,HCL TECHNOLOGIES LIMITED,0.54,2026-07-30 20:58:17
0,KOTAKBANKEQN,-2.6,KOTAKBANK,EQ,N,387.6,12205963,385.7,390.2,385.7,390.2,4742993102.54,453.2,345.5,2845977112500.26,2026-07-30 16:00:29,0,-1.11,-1.19,30-Jul-2025,30-Jun-2026,14.474845542806708,-12.185238784370478,,,KOTAK MAHINDRA BANK LIMITED,-0.67,2026-07-30 20:58:17
0,SUNPHARMAEQN,15.1,SUNPHARMA,EQ,N,2005.0,2224264,1993.1,2017.3,1988.0,1989.9,4464453730.24,2017.3,1548.0,2117111838529.49,2026-07-30 16:00:29,0,15.64,7.65,30-Jul-2025,30-Jun-2026,0.6097258712139989,-29.521963824289404,,,SUN PHARMACEUTICAL INDUSTRIES LIMITED,0.76,2026-07-30 20:58:17
0,HINDALCOEQN,7.05,HINDALCO,EQ,N,969.5,4259226,968.0,973.05,960.6,962.45,4118969687.82,1176.0,657.5,1399812364334.5,2026-07-30 16:00:29,0,40.75,1.35,30-Jul-2025,30-Jun-2026,17.55952380952381,-47.452471482889734,,,HINDALCO INDUSTRIES LIMITED,0.73,2026-07-30 20:58:17
0,ADANIENTEQN,25.5,ADANIENT,EQ,N,3050.0,1278332,3024.5,3060.9,2994.6,3024.5,3882677783.6,3245.0,1753.0,913098756508.21,2026-07-30 16:00:29,0,24.03,0.46,30-Jul-2025,30-Jun-2026,6.00924499229584,-73.9874500855676,,,ADANI ENTERPRISES LIMITED,0.84,2026-07-30 20:58:17
0,JIOFINEQN,-2.81,JIOFIN,EQ,N,246.67,15570324,248.75,249.9,245.1,249.48,3842755963.2,338.6,223.3,807083544996.55,2026-07-30 16:00:29,0,-22.99,4.33,30-Jul-2025,30-Jun-2026,27.15002953337271,-10.465741155396328,,,JIO FINANCIAL SERVICES LIMITED,-1.13,2026-07-30 20:58:17
0,TITANEQN,-6.3,TITAN,EQ,N,4843.9,777361,4820.9,4869.9,4820.9,4850.2,3767503407.33,4869.9,3303.1,1994286097671.63,2026-07-30 16:00:29,0,43.46,9.99,30-Jul-2025,30-Jun-2026,0.533891866362759,-46.64708909811995,,,TITAN COMPANY LIMITED,-0.13,2026-07-30 20:58:17
0,ULTRACEMCOEQN,92.0,ULTRACEMCO,EQ,N,11850.0,291418,11800.0,11861.0,11730.0,11998.0,3440801467.8,13110.0,10325.0,1398368106960.24,2026-07-30 16:00:29,0,-3.41,5.31,30-Jul-2025,30-Jun-2026,9.610983981693364,-14.76997578692494,,,ULTRATECH CEMENT LIMITED,0.78,2026-07-30 20:58:17
0,NTPCEQN,1.65,NTPC,EQ,N,345.15,9943764,343.5,347.65,341.85,343.5,3429504765.96,414.4,315.55,1631724403926.03,2026-07-30 16:00:29,0,1.87,-3.22,30-Jul-2025,30-Jun-2026,16.710907335907336,-9.380446838852796,,,NTPC LIMITED,0.48,2026-07-30 20:58:17
0,BAJAJ-AUTOEQN,107.0,BAJAJ-AUTO,EQ,N,11445.0,295600,11338.0,11525.0,11305.5,11338.0,3383889868.0,11532.0,7858.5,1264023467645.08,2026-07-30 16:00:29,0,42.29,17.8,30-Jul-2025,30-Jun-2026,0.7544224765868887,-45.63848062607368,,,BAJAJ AUTO LIMITED,0.94,2026-07-30 20:58:17
0,INDIGOEQN,-58.5,INDIGO,EQ,N,5218.0,549497,5210.0,5258.0,5194.0,5276.5,2872643931.69,6232.5,3895.2,1177843830371.66,2026-07-30 16:00:29,0,-9.09,-2.8,30-Jul-2025,30-Jun-2026,16.277577216205376,-33.95974532758267,,,INTERGLOBE AVIATION LIMITED,-1.11,2026-07-30 20:58:17
0,SBILIFEEQN,-27.8,SBILIFE,EQ,N,1867.1,1513264,1882.2,1910.0,1862.6,1894.9,2858843216.16,2132.0,1700.4,836655989360.71,2026-07-30 16:00:29,0,1.52,5.74,30-Jul-2025,30-Jun-2026,12.424953095684803,-9.803575629263703,,,SBI LIFE INSURANCE COMPANY LIMITED,-1.47,2026-07-30 20:58:17
0,ONGCEQN,2.99,ONGC,EQ,N,241.3,11419363,239.5,244.39,239.06,238.31,2768624559.35,307.5,227.65,934707283642.2,2026-07-30 16:00:29,0,-0.21,2.72,30-Jul-2025,30-Jun-2026,21.528455284552845,-5.996046562705908,,,OIL & NATURAL GAS CORPORATION LIMITED,1.25,2026-07-30 20:58:17
0,TATASTEELEQN,-0.28,TATASTEEL,EQ,N,186.99,13769746,188.01,188.99,186.1,187.27,2576732568.98,224.4,152.51,1541351160652.42,2026-07-30 16:00:29,0,15.88,-0.57,30-Jul-2025,30-Jun-2026,16.671122994652407,-22.60835355058685,,,TATA STEEL LIMITED,-0.15,2026-07-30 20:58:17
0,TRENTEQN,-1.3,TRENT,EQ,N,3003.9,806910,3020.2,3042.6,2982.0,3005.2,2423376664.8,3782.67,2183.67,996732662909.66,2026-07-30 16:00:29,0,-10.66,-8.49,30-Jul-2025,30-Jun-2026,20.58783874882028,-37.56199425737405,,,TRENT LIMITED,-0.04,2026-07-30 20:58:17
0,HDFCLIFEEQN,-11.65,HDFCLIFE,EQ,N,545.05,4394541,557.0,558.85,544.7,556.7,2406538542.42,815.0,543.0,588634041770.54,2026-07-30 16:00:29,0,-28.04,-5.35,30-Jul-2025,30-Jun-2026,33.122699386503065,-0.3775322283609576,,,HDFC LIFE INSURANCE COMPANY LIMITED,-2.09,2026-07-30 20:58:17
0,APOLLOHOSPEQN,24.0,APOLLOHOSP,EQ,N,8959.0,263013,8900.0,9009.0,8865.5,8935.0,2359053021.42,9009.0,6696.5,919392943478.69,2026-07-30 16:00:29,0,20.26,3.19,30-Jul-2025,30-Jun-2026,0.555000555000555,-33.78630627939969,,,APOLLO HOSPITALS ENTERPRISE LIMITED,0.27,2026-07-30 20:58:17
0,POWERGRIDEQN,2.5,POWERGRID,EQ,N,285.35,7903593,283.4,287.1,283.0,282.85,2254974118.83,324.95,250.0,1288609092539.81,2026-07-30 16:00:29,0,-1.25,-0.33,30-Jul-2025,30-Jun-2026,12.186490229266042,-14.14,,,POWER GRID CORPORATION OF INDIA LIMITED,0.88,2026-07-30 20:58:17
0,TMPVEQN,5.1,TMPV,EQ,N,334.9,6078600,328.2,335.0,328.05,329.8,2019797208.0,739.7,294.3,697961149137.43,2026-07-30 16:00:29,0,-49.9,-4.91,30-Jul-2025,30-Jun-2026,54.72488846829796,-13.795446822969758,,,TATA MOTORS PASSENGER VEHICLES LIMITED,1.55,2026-07-30 20:58:17
0,TATACONSUMEQN,-1.1,TATACONSUM,EQ,N,1095.0,1677784,1096.1,1108.9,1090.4,1096.1,1841636385.44,1282.7,1007.2,711099193573.79,2026-07-30 16:00:29,0,2.04,1.8,30-Jul-2025,30-Jun-2026,14.63319560302487,-8.717235901509135,,,TATA CONSUMER PRODUCTS LIMITED,-0.1,2026-07-30 20:58:17
0,MAXHEALTHEQN,12.6,MAXHEALTH,EQ,N,1124.0,1610692,1112.0,1135.9,1110.3,1111.4,1813574764.32,1301.7,903.0,834207449679.87,2026-07-30 16:00:29,0,-11.12,-0.46,30-Jul-2025,30-Jun-2026,13.65137896596758,-24.473975636766333,,,MAX HEALTHCARE INSTITUTE LIMITED,1.13,2026-07-30 20:58:17
0,DRREDDYEQN,2.0,DRREDDY,EQ,N,1144.3,1350714,1143.0,1151.0,1139.0,1142.3,1544257809.06,1414.9,1101.0,695598263003.41,2026-07-30 16:00:29,0,-11.44,-15.68,30-Jul-2025,30-Jun-2026,19.125026503639834,-3.932788374205268,,,DR. REDDY'S LABORATORIES LIMITED,0.18,2026-07-30 20:58:17
0,BAJAJFINSVEQN,-15.4,BAJAJFINSV,EQ,N,1909.0,752615,1918.3,1933.4,1892.3,1924.4,1435951789.25,2195.0,1597.0,1102070234202.81,2026-07-30 16:00:29,0,-2.59,7.24,30-Jul-2025,30-Jun-2026,13.029612756264237,-19.536631183469005,,,BAJAJ FINSERV LIMITED,-0.8,2026-07-30 20:58:17
0,CIPLAEQN,-6.3,CIPLA,EQ,N,1468.0,833068,1478.8,1483.8,1464.1,1474.3,1226700960.68,1673.0,1165.7,823709433326.43,2026-07-30 16:00:29,0,-5.86,0.18,30-Jul-2025,30-Jun-2026,12.253436939629408,-25.93291584455692,,,CIPLA LIMITED,-0.43,2026-07-30 20:58:17
0,JSWSTEELEQN,-8.1,JSWSTEEL,EQ,N,1268.5,923153,1279.1,1304.5,1261.5,1276.6,1171176516.51,1328.0,1018.0,1186453565545.05,2026-07-30 16:00:29,0,22.22,3.43,30-Jul-2025,30-Jun-2026,4.480421686746988,-24.607072691552062,,,JSW STEEL LIMITED,-0.63,2026-07-30 20:58:17
0,GRASIMEQN,-12.9,GRASIM,EQ,N,3100.1,301353,3115.0,3115.5,3085.5,3113.0,933920068.77,3246.0,2502.5,1166435037062.31,2026-07-30 16:00:29,0,12.38,0.0,30-Jul-2025,30-Jun-2026,4.494762784966112,-23.88011988011988,,,GRASIM INDUSTRIES LIMITED,-0.41,2026-07-30 20:58:17
1,NIFTY 50,66.95,NIFTY 50,,,24317.15,400636260,24249.55,24342.95,24187.1,24250.2,335660224755.62,26373.2,22182.55,,2026-07-30 15:39:59,0,-2.16,1.89,29-Jul-2025,29-Jun-2026,7.795982285046942,-9.622879245172443,,,,0.28,2026-07-30 20:58:47
0,HDFCBANKEQN,5.2,HDFCBANK,EQ,N,753.4,35844392,752.8,757.9,745.5,748.2,26916270840.64,1020.5,726.65,11507952979097.49,2026-07-30 16:00:29,0,-25.62,-5.58,30-Jul-2025,30-Jun-2026,26.1734443900049,-3.6812770935113193,,,HDFC BANK LIMITED,0.7,2026-07-30 20:58:47
0,INFYEQN,-0.6,INFY,EQ,N,1155.0,22630218,1168.0,1187.7,1151.3,1155.6,26545698318.36,1728.0,982.4,4040155038730.84,2026-07-30 16:00:29,0,-23.96,15.45,30-Jul-2025,30-Jun-2026,33.15972222222222,-17.569218241042346,,,INFOSYS LIMITED,-0.05,2026-07-30 20:58:47
0,ICICIBANKEQN,-7.9,ICICIBANK,EQ,N,1430.0,14141173,1431.1,1442.2,1422.6,1437.9,20232907504.94,1494.5,1187.6,10218404351568.66,2026-07-30 16:00:29,0,-3.53,3.98,30-Jul-2025,30-Jun-2026,4.315824690531951,-20.410912765240823,,,ICICI BANK LIMITED,-0.55,2026-07-30 20:58:47
0,M&MEQN,72.8,M&M,EQ,N,3294.6,4851980,3220.0,3327.0,3197.5,3221.8,15866023119.8,3839.9,2896.0,2933123350768.73,2026-07-30 16:00:29,0,2.67,7.36,30-Jul-2025,30-Jun-2026,14.200890648193964,-13.763812154696133,,,MAHINDRA & MAHINDRA LIMITED,2.26,2026-07-30 20:58:47
0,RELIANCEEQN,13.5,RELIANCE,EQ,N,1289.4,12158451,1279.8,1297.0,1275.3,1275.9,15689386754.91,1611.8,1249.8,8686354311529.18,2026-07-30 16:00:29,0,-8.56,-0.35,30-Jul-2025,30-Jun-2026,20.002481697481077,-3.168506961113778,,,RELIANCE INDUSTRIES LIMITED,1.06,2026-07-30 20:58:47
0,TCSEQN,-12.6,TCS,EQ,N,2434.0,4901582,2440.0,2495.0,2423.0,2446.6,12055686008.1,3350.0,1976.8,2478110387443.66,2026-07-30 16:00:29,0,-20.29,19.81,30-Jul-2025,30-Jun-2026,27.34328358208955,-23.128288142452448,,,TATA CONSULTANCY SERVICES LIMITED,-0.52,2026-07-30 20:58:47
0,EICHERMOTEQN,130.0,EICHERMOT,EQ,N,7909.0,1496307,7869.5,7930.0,7730.0,7779.0,11742478665.48,8230.0,5353.0,1086933343021.75,2026-07-30 16:00:29,0,44.3,11.81,30-Jul-2025,30-Jun-2026,3.9003645200486026,-47.748925835979826,,,EICHER MOTORS LIMITED,1.67,2026-07-30 20:58:47
0,BHARTIARTLEQN,-3.6,BHARTIARTL,EQ,N,1946.6,5356472,1954.0,1963.2,1943.9,1950.2,10462475369.28,2174.5,1740.5,6044959384312.81,2026-07-30 16:00:29,0,0.72,5.11,30-Jul-2025,30-Jun-2026,10.48057024603357,-11.841424877908647,,,BHARTI AIRTEL LIMITED,-0.18,2026-07-30 20:58:47
0,BAJFINANCEEQN,3.6,BAJFINANCE,EQ,N,1058.0,9866564,1046.0,1068.0,1035.1,1054.4,10348150988.84,1102.5,787.9,2827745664588.37,2026-07-30 16:00:29,0,19.57,5.3,30-Jul-2025,30-Jun-2026,4.036281179138322,-34.28100012691966,,,BAJAJ FINANCE LIMITED,0.34,2026-07-30 20:58:47
0,WIPROEQN,2.8,WIPRO,EQ,N,186.41,54015268,183.4,191.34,183.4,183.61,10162972674.2,273.1,169.0,502918719962.09,2026-07-30 16:00:29,0,-25.5,9.4,30-Jul-2025,30-Jun-2026,31.74295129989015,-10.301775147928995,,,WIPRO LIMITED,1.52,2026-07-30 20:58:47
0,ETERNALEQN,-1.75,ETERNAL,EQ,N,310.05,32431887,307.0,312.25,305.0,311.8,9972480933.63,368.45,212.6,2235244736574.58,2026-07-30 16:00:29,0,2.17,17.18,30-Jul-2025,30-Jun-2026,15.850183199891438,-45.83725305738476,,,ETERNAL LIMITED,-0.56,2026-07-30 20:58:47
0,COALINDIAEQN,7.35,COALINDIA,EQ,N,417.4,23225454,412.95,418.3,410.1,410.05,9640653700.86,491.25,368.65,997004023159.33,2026-07-30 16:00:29,0,9.87,-4.93,30-Jul-2025,30-Jun-2026,15.033078880407125,-13.223925132239252,,,COAL INDIA LIMITED,1.79,2026-07-30 20:58:47
0,ADANIPORTSEQN,-58.2,ADANIPORTS,EQ,N,1661.5,5395211,1726.7,1727.7,1658.4,1719.7,9016638479.53,1891.1,1290.5,1222323805848.08,2026-07-30 16:00:29,0,19.19,-8.21,30-Jul-2025,30-Jun-2026,12.141081909999471,-28.748547074777218,,,ADANI PORTS AND SPECIAL ECONOMIC ZONE LIMITED,-3.38,2026-07-30 20:58:47
0,MARUTIEQN,232.0,MARUTI,EQ,N,14180.0,626000,13939.0,14250.0,13825.0,13948.0,8763230020.0,17370.0,12201.0,1844681206163.64,2026-07-30 16:00:29,0,12.38,0.46,30-Jul-2025,30-Jun-2026,18.364997121473806,-16.21998196869109,,,MARUTI SUZUKI INDIA LIMITED,1.66,2026-07-30 20:58:47
0,AXISBANKEQN,-4.6,AXISBANK,EQ,N,1230.8,6878684,1229.0,1232.2,1220.2,1235.4,8429689668.32,1418.3,1042.5,3525636537742.45,2026-07-30 16:00:29,0,14.67,-8.54,30-Jul-2025,30-Jun-2026,13.220052175139251,-18.062350119904078,,,AXIS BANK LIMITED,-0.37,2026-07-30 20:58:47
0,LTEQN,9.1,LT,EQ,N,3940.5,2141252,3931.4,3951.7,3883.5,3931.4,8412872045.4,4440.0,3288.1,4599211741518.72,2026-07-30 16:00:29,0,7.51,-4.9,30-Jul-2025,30-Jun-2026,11.25,-19.841245704206077,,,LARSEN & TOUBRO LIMITED,0.23,2026-07-30 20:58:47
0,SBINEQN,10.3,SBIN,EQ,N,1024.0,6847458,1013.5,1028.3,1007.6,1013.7,6986940719.46,1234.7,786.55,4220811397058.94,2026-07-30 16:00:29,0,27.74,-0.28,30-Jul-2025,30-Jun-2026,17.064874058475745,-30.188799186320004,,,STATE BANK OF INDIA,1.02,2026-07-30 20:58:47
0,TECHMEQN,17.2,TECHM,EQ,N,1661.4,4167643,1649.0,1686.6,1638.1,1644.2,6976926117.01,1854.0,1304.1,1052212537214.25,2026-07-30 16:00:29,0,13.55,18.27,30-Jul-2025,30-Jun-2026,10.388349514563107,-27.398205659075224,,,TECH MAHINDRA LIMITED,1.05,2026-07-30 20:58:47
0,ASIANPAINTEQN,-8.4,ASIANPAINT,EQ,N,2750.0,2387024,2758.1,2767.9,2666.2,2758.4,6501966933.12,2985.7,2115.0,1240145623693.76,2026-07-30 16:00:29,0,13.83,4.34,30-Jul-2025,30-Jun-2026,7.894296144957631,-30.023640661938533,,,ASIAN PAINTS LIMITED,-0.3,2026-07-30 20:58:47
0,BELEQN,-2.8,BEL,EQ,N,384.75,16521484,386.0,387.5,382.7,387.55,6356310539.32,473.45,361.2,1374204727253.93,2026-07-30 16:00:29,0,-0.45,-6.57,30-Jul-2025,30-Jun-2026,18.734818882669764,-6.519933554817276,,,BHARAT ELECTRONICS LIMITED,-0.72,2026-07-30 20:58:47
0,NESTLEINDEQN,15.7,NESTLEIND,EQ,N,1519.0,3698063,1503.3,1532.6,1497.0,1503.3,5624568919.85,1532.6,1084.7,1086093281065.1,2026-07-30 16:00:29,0,36.14,8.1,30-Jul-2025,30-Jun-2026,0.8873809213101919,-40.03872038351618,,,NESTLE INDIA LIMITED,1.04,2026-07-30 20:58:47
0,SHRIRAMFINEQN,-15.7,SHRIRAMFIN,EQ,N,1029.0,5425880,1038.0,1051.0,1019.5,1044.7,5574711888.4,1108.0,566.5,1437137311112.52,2026-07-30 16:00:29,0,62.61,-1.26,30-Jul-2025,30-Jun-2026,7.129963898916968,-81.64165931156222,,,SHRIRAM FINANCE LIMITED,-1.5,2026-07-30 20:58:47
0,HINDUNILVREQN,-10.8,HINDUNILVR,EQ,N,2107.0,2602039,2120.0,2132.6,2088.0,2117.8,5478124747.48,2750.0,2016.0,1864069949678.92,2026-07-30 16:00:29,0,-13.56,-0.53,30-Jul-2025,30-Jun-2026,23.381818181818183,-4.513888888888889,,,HINDUSTAN UNILEVER LIMITED,-0.51,2026-07-30 20:58:47
0,ITCEQN,-0.7,ITC,EQ,N,285.55,18283697,286.1,288.4,283.75,286.25,5224200743.81,427.0,275.0,2744908844595.67,2026-07-30 16:00:29,0,-29.94,-0.49,30-Jul-2025,30-Jun-2026,33.12646370023419,-3.8363636363636364,,,ITC LIMITED,-0.24,2026-07-30 20:58:47
0,HCLTECHEQN,7.2,HCLTECH,EQ,N,1351.5,3747919,1349.0,1369.9,1345.6,1344.3,5097507152.71,1780.1,1030.0,1420880972267.0,2026-07-30 16:00:29,0,-8.47,26.1,30-Jul-2025,30-Jun-2026,24.077299028144488,-31.21359223300971,,,HCL TECHNOLOGIES LIMITED,0.54,2026-07-30 20:58:47
0,KOTAKBANKEQN,-2.6,KOTAKBANK,EQ,N,387.6,12205963,385.7,390.2,385.7,390.2,4742993102.54,453.2,345.5,2845977112500.26,2026-07-30 16:00:29,0,-1.11,-1.19,30-Jul-2025,30-Jun-2026,14.474845542806708,-12.185238784370478,,,KOTAK MAHINDRA BANK LIMITED,-0.67,2026-07-30 20:58:47
0,SUNPHARMAEQN,15.1,SUNPHARMA,EQ,N,2005.0,2224264,1993.1,2017.3,1988.0,1989.9,4464453730.24,2017.3,1548.0,2117111838529.49,2026-07-30 16:00:29,0,15.64,7.65,30-Jul-2025,30-Jun-2026,0.6097258712139989,-29.521963824289404,,,SUN PHARMACEUTICAL INDUSTRIES LIMITED,0.76,2026-07-30 20:58:47
0,HINDALCOEQN,7.05,HINDALCO,EQ,N,969.5,4259226,968.0,973.05,960.6,962.45,4118969687.82,1176.0,657.5,1399812364334.5,2026-07-30 16:00:29,0,40.75,1.35,30-Jul-2025,30-Jun-2026,17.55952380952381,-47.452471482889734,,,HINDALCO INDUSTRIES LIMITED,0.73,2026-07-30 20:58:47
0,ADANIENTEQN,25.5,ADANIENT,EQ,N,3050.0,1278332,3024.5,3060.9,2994.6,3024.5,3882677783.6,3245.0,1753.0,913098756508.21,2026-07-30 16:00:29,0,24.03,0.46,30-Jul-2025,30-Jun-2026,6.00924499229584,-73.9874500855676,,,ADANI ENTERPRISES LIMITED,0.84,2026-07-30 20:58:47
0,JIOFINEQN,-2.81,JIOFIN,EQ,N,246.67,15570324,248.75,249.9,245.1,249.48,3842755963.2,338.6,223.3,807083544996.55,2026-07-30 16:00:29,0,-22.99,4.33,30-Jul-2025,30-Jun-2026,27.15002953337271,-10.465741155396328,,,JIO FINANCIAL SERVICES LIMITED,-1.13,2026-07-30 20:58:47
0,TITANEQN,-6.3,TITAN,EQ,N,4843.9,777361,4820.9,4869.9,4820.9,4850.2,3767503407.33,4869.9,3303.1,1994286097671.63,2026-07-30 16:00:29,0,43.46,9.99,30-Jul-2025,30-Jun-2026,0.533891866362759,-46.64708909811995,,,TITAN COMPANY LIMITED,-0.13,2026-07-30 20:58:47
0,ULTRACEMCOEQN,92.0,ULTRACEMCO,EQ,N,11850.0,291418,11800.0,11861.0,11730.0,11998.0,3440801467.8,13110.0,10325.0,1398368106960.24,2026-07-30 16:00:29,0,-3.41,5.31,30-Jul-2025,30-Jun-2026,9.610983981693364,-14.76997578692494,,,ULTRATECH CEMENT LIMITED,0.78,2026-07-30 20:58:47
0,NTPCEQN,1.65,NTPC,EQ,N,345.15,9943764,343.5,347.65,341.85,343.5,3429504765.96,414.4,315.55,1631724403926.03,2026-07-30 16:00:29,0,1.87,-3.22,30-Jul-2025,30-Jun-2026,16.710907335907336,-9.380446838852796,,,NTPC LIMITED,0.48,2026-07-30 20:58:47
0,BAJAJ-AUTOEQN,107.0,BAJAJ-AUTO,EQ,N,11445.0,295600,11338.0,11525.0,11305.5,11338.0,3383889868.0,11532.0,7858.5,1264023467645.08,2026-07-30 16:00:29,0,42.29,17.8,30-Jul-2025,30-Jun-2026,0.7544224765868887,-45.63848062607368,,,BAJAJ AUTO LIMITED,0.94,2026-07-30 20:58:47
0,INDIGOEQN,-58.5,INDIGO,EQ,N,5218.0,549497,5210.0,5258.0,5194.0,5276.5,2872643931.69,6232.5,3895.2,1177843830371.66,2026-07-30 16:00:29,0,-9.09,-2.8,30-Jul-2025,30-Jun-2026,16.277577216205376,-33.95974532758267,,,INTERGLOBE AVIATION LIMITED,-1.11,2026-07-30 20:58:47
0,SBILIFEEQN,-27.8,SBILIFE,EQ,N,1867.1,1513264,1882.2,1910.0,1862.6,1894.9,2858843216.16,2132.0,1700.4,836655989360.71,2026-07-30 16:00:29,0,1.52,5.74,30-Jul-2025,30-Jun-2026,12.424953095684803,-9.803575629263703,,,SBI LIFE INSURANCE COMPANY LIMITED,-1.47,2026-07-30 20:58:47
0,ONGCEQN,2.99,ONGC,EQ,N,241.3,11419363,239.5,244.39,239.06,238.31,2768624559.35,307.5,227.65,934707283642.2,2026-07-30 16:00:29,0,-0.21,2.72,30-Jul-2025,30-Jun-2026,21.528455284552845,-5.996046562705908,,,OIL & NATURAL GAS CORPORATION LIMITED,1.25,2026-07-30 20:58:47
0,TATASTEELEQN,-0.28,TATASTEEL,EQ,N,186.99,13769746,188.01,188.99,186.1,187.27,2576732568.98,224.4,152.51,1541351160652.42,2026-07-30 16:00:29,0,15.88,-0.57,30-Jul-2025,30-Jun-2026,16.671122994652407,-22.60835355058685,,,TATA STEEL LIMITED,-0.15,2026-07-30 20:58:47
0,TRENTEQN,-1.3,TRENT,EQ,N,3003.9,806910,3020.2,3042.6,2982.0,3005.2,2423376664.8,3782.67,2183.67,996732662909.66,2026-07-30 16:00:29,0,-10.66,-8.49,30-Jul-2025,30-Jun-2026,20.58783874882028,-37.56199425737405,,,TRENT LIMITED,-0.04,2026-07-30 20:58:47
0,HDFCLIFEEQN,-11.65,HDFCLIFE,EQ,N,545.05,4394541,557.0,558.85,544.7,556.7,2406538542.42,815.0,543.0,588634041770.54,2026-07-30 16:00:29,0,-28.04,-5.35,30-Jul-2025,30-Jun-2026,33.122699386503065,-0.3775322283609576,,,HDFC LIFE INSURANCE COMPANY LIMITED,-2.09,2026-07-30 20:58:47
0,APOLLOHOSPEQN,24.0,APOLLOHOSP,EQ,N,8959.0,263013,8900.0,9009.0,8865.5,8935.0,2359053021.42,9009.0,6696.5,919392943478.69,2026-07-30 16:00:29,0,20.26,3.19,30-Jul-2025,30-Jun-2026,0.555000555000555,-33.78630627939969,,,APOLLO HOSPITALS ENTERPRISE LIMITED,0.27,2026-07-30 20:58:47
0,POWERGRIDEQN,2.5,POWERGRID,EQ,N,285.35,7903593,283.4,287.1,283.0,282.85,2254974118.83,324.95,250.0,1288609092539.81,2026-07-30 16:00:29,0,-1.25,-0.33,30-Jul-2025,30-Jun-2026,12.186490229266042,-14.14,,,POWER GRID CORPORATION OF INDIA LIMITED,0.88,2026-07-30 20:58:47
0,TMPVEQN,5.1,TMPV,EQ,N,334.9,6078600,328.2,335.0,328.05,329.8,2019797208.0,739.7,294.3,697961149137.43,2026-07-30 16:00:29,0,-49.9,-4.91,30-Jul-2025,30-Jun-2026,54.72488846829796,-13.795446822969758,,,TATA MOTORS PASSENGER VEHICLES LIMITED,1.55,2026-07-30 20:58:47
0,TATACONSUMEQN,-1.1,TATACONSUM,EQ,N,1095.0,1677784,1096.1,1108.9,1090.4,1096.1,1841636385.44,1282.7,1007.2,711099193573.79,2026-07-30 16:00:29,0,2.04,1.8,30-Jul-2025,30-Jun-2026,14.63319560302487,-8.717235901509135,,,TATA CONSUMER PRODUCTS LIMITED,-0.1,2026-07-30 20:58:47
0,MAXHEALTHEQN,12.6,MAXHEALTH,EQ,N,1124.0,1610692,1112.0,1135.9,1110.3,1111.4,1813574764.32,1301.7,903.0,834207449679.87,2026-07-30 16:00:29,0,-11.12,-0.46,30-Jul-2025,30-Jun-2026,13.65137896596758,-24.473975636766333,,,MAX HEALTHCARE INSTITUTE LIMITED,1.13,2026-07-30 20:58:47
0,DRREDDYEQN,2.0,DRREDDY,EQ,N,1144.3,1350714,1143.0,1151.0,1139.0,1142.3,1544257809.06,1414.9,1101.0,695598263003.41,2026-07-30 16:00:29,0,-11.44,-15.68,30-Jul-2025,30-Jun-2026,19.125026503639834,-3.932788374205268,,,DR. REDDY'S LABORATORIES LIMITED,0.18,2026-07-30 20:58:47
0,BAJAJFINSVEQN,-15.4,BAJAJFINSV,EQ,N,1909.0,752615,1918.3,1933.4,1892.3,1924.4,1435951789.25,2195.0,1597.0,1102070234202.81,2026-07-30 16:00:29,0,-2.59,7.24,30-Jul-2025,30-Jun-2026,13.029612756264237,-19.536631183469005,,,BAJAJ FINSERV LIMITED,-0.8,2026-07-30 20:58:47
0,CIPLAEQN,-6.3,CIPLA,EQ,N,1468.0,833068,1478.8,1483.8,1464.1,1474.3,1226700960.68,1673.0,1165.7,823709433326.43,2026-07-30 16:00:29,0,-5.86,0.18,30-Jul-2025,30-Jun-2026,12.253436939629408,-25.93291584455692,,,CIPLA LIMITED,-0.43,2026-07-30 20:58:47
0,JSWSTEELEQN,-8.1,JSWSTEEL,EQ,N,1268.5,923153,1279.1,1304.5,1261.5,1276.6,1171176516.51,1328.0,1018.0,1186453565545.05,2026-07-30 16:00:29,0,22.22,3.43,30-Jul-2025,30-Jun-2026,4.480421686746988,-24.607072691552062,,,JSW STEEL LIMITED,-0.63,2026-07-30 20:58:47
0,GRASIMEQN,-12.9,GRASIM,EQ,N,3100.1,301353,3115.0,3115.5,3085.5,3113.0,933920068.77,3246.0,2502.5,1166435037062.31,2026-07-30 16:00:29,0,12.38,0.0,30-Jul-2025,30-Jun-2026,4.494762784966112,-23.88011988011988,,,GRASIM INDUSTRIES LIMITED,-0.41,2026-07-30 20:58:47
1,NIFTY 50,66.95,NIFTY 50,,,24317.15,400636260,24249.55,24342.95,24187.1,24250.2,335660224755.62,26373.2,22182.55,,2026-07-30 15:39:59,0,-2.16,1.89,29-Jul-2025,29-Jun-2026,7.795982285046942,-9.622879245172443,,,,0.28,2026-07-30 20:59:15
0,HDFCBANKEQN,5.2,HDFCBANK,EQ,N,753.4,35844392,752.8,757.9,745.5,748.2,26916270840.64,1020.5,726.65,11507952979097.49,2026-07-30 16:00:29,0,-25.62,-5.58,30-Jul-2025,30-Jun-2026,26.1734443900049,-3.6812770935113193,,,HDFC BANK LIMITED,0.7,2026-07-30 20:59:15
0,INFYEQN,-0.6,INFY,EQ,N,1155.0,22630218,1168.0,1187.7,1151.3,1155.6,26545698318.36,1728.0,982.4,4040155038730.84,2026-07-30 16:00:29,0,-23.96,15.45,30-Jul-2025,30-Jun-2026,33.15972222222222,-17.569218241042346,,,INFOSYS LIMITED,-0.05,2026-07-30 20:59:15
0,ICICIBANKEQN,-7.9,ICICIBANK,EQ,N,1430.0,14141173,1431.1,1442.2,1422.6,1437.9,20232907504.94,1494.5,1187.6,10218404351568.66,2026-07-30 16:00:29,0,-3.53,3.98,30-Jul-2025,30-Jun-2026,4.315824690531951,-20.410912765240823,,,ICICI BANK LIMITED,-0.55,2026-07-30 20:59:15
0,M&MEQN,72.8,M&M,EQ,N,3294.6,4851980,3220.0,3327.0,3197.5,3221.8,15866023119.8,3839.9,2896.0,2933123350768.73,2026-07-30 16:00:29,0,2.67,7.36,30-Jul-2025,30-Jun-2026,14.200890648193964,-13.763812154696133,,,MAHINDRA & MAHINDRA LIMITED,2.26,2026-07-30 20:59:15
0,RELIANCEEQN,13.5,RELIANCE,EQ,N,1289.4,12158451,1279.8,1297.0,1275.3,1275.9,15689386754.91,1611.8,1249.8,8686354311529.18,2026-07-30 16:00:29,0,-8.56,-0.35,30-Jul-2025,30-Jun-2026,20.002481697481077,-3.168506961113778,,,RELIANCE INDUSTRIES LIMITED,1.06,2026-07-30 20:59:15
0,TCSEQN,-12.6,TCS,EQ,N,2434.0,4901582,2440.0,2495.0,2423.0,2446.6,12055686008.1,3350.0,1976.8,2478110387443.66,2026-07-30 16:00:29,0,-20.29,19.81,30-Jul-2025,30-Jun-2026,27.34328358208955,-23.128288142452448,,,TATA CONSULTANCY SERVICES LIMITED,-0.52,2026-07-30 20:59:15
0,EICHERMOTEQN,130.0,EICHERMOT,EQ,N,7909.0,1496307,7869.5,7930.0,7730.0,7779.0,11742478665.48,8230.0,5353.0,1086933343021.75,2026-07-30 16:00:29,0,44.3,11.81,30-Jul-2025,30-Jun-2026,3.9003645200486026,-47.748925835979826,,,EICHER MOTORS LIMITED,1.67,2026-07-30 20:59:15
0,BHARTIARTLEQN,-3.6,BHARTIARTL,EQ,N,1946.6,5356472,1954.0,1963.2,1943.9,1950.2,10462475369.28,2174.5,1740.5,6044959384312.81,2026-07-30 16:00:29,0,0.72,5.11,30-Jul-2025,30-Jun-2026,10.48057024603357,-11.841424877908647,,,BHARTI AIRTEL LIMITED,-0.18,2026-07-30 20:59:15
0,BAJFINANCEEQN,3.6,BAJFINANCE,EQ,N,1058.0,9866564,1046.0,1068.0,1035.1,1054.4,10348150988.84,1102.5,787.9,2827745664588.37,2026-07-30 16:00:29,0,19.57,5.3,30-Jul-2025,30-Jun-2026,4.036281179138322,-34.28100012691966,,,BAJAJ FINANCE LIMITED,0.34,2026-07-30 20:59:15
0,WIPROEQN,2.8,WIPRO,EQ,N,186.41,54015268,183.4,191.34,183.4,183.61,10162972674.2,273.1,169.0,502918719962.09,2026-07-30 16:00:29,0,-25.5,9.4,30-Jul-2025,30-Jun-2026,31.74295129989015,-10.301775147928995,,,WIPRO LIMITED,1.52,2026-07-30 20:59:15
0,ETERNALEQN,-1.75,ETERNAL,EQ,N,310.05,32431887,307.0,312.25,305.0,311.8,9972480933.63,368.45,212.6,2235244736574.58,2026-07-30 16:00:29,0,2.17,17.18,30-Jul-2025,30-Jun-2026,15.850183199891438,-45.83725305738476,,,ETERNAL LIMITED,-0.56,2026-07-30 20:59:15
0,COALINDIAEQN,7.35,COALINDIA,EQ,N,417.4,23225454,412.95,418.3,410.1,410.05,9640653700.86,491.25,368.65,997004023159.33,2026-07-30 16:00:29,0,9.87,-4.93,30-Jul-2025,30-Jun-2026,15.033078880407125,-13.223925132239252,,,COAL INDIA LIMITED,1.79,2026-07-30 20:59:15
0,ADANIPORTSEQN,-58.2,ADANIPORTS,EQ,N,1661.5,5395211,1726.7,1727.7,1658.4,1719.7,9016638479.53,1891.1,1290.5,1222323805848.08,2026-07-30 16:00:29,0,19.19,-8.21,30-Jul-2025,30-Jun-2026,12.141081909999471,-28.748547074777218,,,ADANI PORTS AND SPECIAL ECONOMIC ZONE LIMITED,-3.38,2026-07-30 20:59:15
0,MARUTIEQN,232.0,MARUTI,EQ,N,14180.0,626000,13939.0,14250.0,13825.0,13948.0,8763230020.0,17370.0,12201.0,1844681206163.64,2026-07-30 16:00:29,0,12.38,0.46,30-Jul-2025,30-Jun-2026,18.364997121473806,-16.21998196869109,,,MARUTI SUZUKI INDIA LIMITED,1.66,2026-07-30 20:59:15
0,AXISBANKEQN,-4.6,AXISBANK,EQ,N,1230.8,6878684,1229.0,1232.2,1220.2,1235.4,8429689668.32,1418.3,1042.5,3525636537742.45,2026-07-30 16:00:29,0,14.67,-8.54,30-Jul-2025,30-Jun-2026,13.220052175139251,-18.062350119904078,,,AXIS BANK LIMITED,-0.37,2026-07-30 20:59:15
0,LTEQN,9.1,LT,EQ,N,3940.5,2141252,3931.4,3951.7,3883.5,3931.4,8412872045.4,4440.0,3288.1,4599211741518.72,2026-07-30 16:00:29,0,7.51,-4.9,30-Jul-2025,30-Jun-2026,11.25,-19.841245704206077,,,LARSEN & TOUBRO LIMITED,0.23,2026-07-30 20:59:15
0,SBINEQN,10.3,SBIN,EQ,N,1024.0,6847458,1013.5,1028.3,1007.6,1013.7,6986940719.46,1234.7,786.55,4220811397058.94,2026-07-30 16:00:29,0,27.74,-0.28,30-Jul-2025,30-Jun-2026,17.064874058475745,-30.188799186320004,,,STATE BANK OF INDIA,1.02,2026-07-30 20:59:15
0,TECHMEQN,17.2,TECHM,EQ,N,1661.4,4167643,1649.0,1686.6,1638.1,1644.2,6976926117.01,1854.0,1304.1,1052212537214.25,2026-07-30 16:00:29,0,13.55,18.27,30-Jul-2025,30-Jun-2026,10.388349514563107,-27.398205659075224,,,TECH MAHINDRA LIMITED,1.05,2026-07-30 20:59:15
0,ASIANPAINTEQN,-8.4,ASIANPAINT,EQ,N,2750.0,2387024,2758.1,2767.9,2666.2,2758.4,6501966933.12,2985.7,2115.0,1240145623693.76,2026-07-30 16:00:29,0,13.83,4.34,30-Jul-2025,30-Jun-2026,7.894296144957631,-30.023640661938533,,,ASIAN PAINTS LIMITED,-0.3,2026-07-30 20:59:15
0,BELEQN,-2.8,BEL,EQ,N,384.75,16521484,386.0,387.5,382.7,387.55,6356310539.32,473.45,361.2,1374204727253.93,2026-07-30 16:00:29,0,-0.45,-6.57,30-Jul-2025,30-Jun-2026,18.734818882669764,-6.519933554817276,,,BHARAT ELECTRONICS LIMITED,-0.72,2026-07-30 20:59:15
0,NESTLEINDEQN,15.7,NESTLEIND,EQ,N,1519.0,3698063,1503.3,1532.6,1497.0,1503.3,5624568919.85,1532.6,1084.7,1086093281065.1,2026-07-30 16:00:29,0,36.14,8.1,30-Jul-2025,30-Jun-2026,0.8873809213101919,-40.03872038351618,,,NESTLE INDIA LIMITED,1.04,2026-07-30 20:59:15
0,SHRIRAMFINEQN,-15.7,SHRIRAMFIN,EQ,N,1029.0,5425880,1038.0,1051.0,1019.5,1044.7,5574711888.4,1108.0,566.5,1437137311112.52,2026-07-30 16:00:29,0,62.61,-1.26,30-Jul-2025,30-Jun-2026,7.129963898916968,-81.64165931156222,,,SHRIRAM FINANCE LIMITED,-1.5,2026-07-30 20:59:15
0,HINDUNILVREQN,-10.8,HINDUNILVR,EQ,N,2107.0,2602039,2120.0,2132.6,2088.0,2117.8,5478124747.48,2750.0,2016.0,1864069949678.92,2026-07-30 16:00:29,0,-13.56,-0.53,30-Jul-2025,30-Jun-2026,23.381818181818183,-4.513888888888889,,,HINDUSTAN UNILEVER LIMITED,-0.51,2026-07-30 20:59:15
0,ITCEQN,-0.7,ITC,EQ,N,285.55,18283697,286.1,288.4,283.75,286.25,5224200743.81,427.0,275.0,2744908844595.67,2026-07-30 16:00:29,0,-29.94,-0.49,30-Jul-2025,30-Jun-2026,33.12646370023419,-3.8363636363636364,,,ITC LIMITED,-0.24,2026-07-30 20:59:15
0,HCLTECHEQN,7.2,HCLTECH,EQ,N,1351.5,3747919,1349.0,1369.9,1345.6,1344.3,5097507152.71,1780.1,1030.0,1420880972267.0,2026-07-30 16:00:29,0,-8.47,26.1,30-Jul-2025,30-Jun-2026,24.077299028144488,-31.21359223300971,,,HCL TECHNOLOGIES LIMITED,0.54,2026-07-30 20:59:15
0,KOTAKBANKEQN,-2.6,KOTAKBANK,EQ,N,387.6,12205963,385.7,390.2,385.7,390.2,4742993102.54,453.2,345.5,2845977112500.26,2026-07-30 16:00:29,0,-1.11,-1.19,30-Jul-2025,30-Jun-2026,14.474845542806708,-12.185238784370478,,,KOTAK MAHINDRA BANK LIMITED,-0.67,2026-07-30 20:59:15
0,SUNPHARMAEQN,15.1,SUNPHARMA,EQ,N,2005.0,2224264,1993.1,2017.3,1988.0,1989.9,4464453730.24,2017.3,1548.0,2117111838529.49,2026-07-30 16:00:29,0,15.64,7.65,30-Jul-2025,30-Jun-2026,0.6097258712139989,-29.521963824289404,,,SUN PHARMACEUTICAL INDUSTRIES LIMITED,0.76,2026-07-30 20:59:15
0,HINDALCOEQN,7.05,HINDALCO,EQ,N,969.5,4259226,968.0,973.05,960.6,962.45,4118969687.82,1176.0,657.5,1399812364334.5,2026-07-30 16:00:29,0,40.75,1.35,30-Jul-2025,30-Jun-2026,17.55952380952381,-47.452471482889734,,,HINDALCO INDUSTRIES LIMITED,0.73,2026-07-30 20:59:15
0,ADANIENTEQN,25.5,ADANIENT,EQ,N,3050.0,1278332,3024.5,3060.9,2994.6,3024.5,3882677783.6,3245.0,1753.0,913098756508.21,2026-07-30 16:00:29,0,24.03,0.46,30-Jul-2025,30-Jun-2026,6.00924499229584,-73.9874500855676,,,ADANI ENTERPRISES LIMITED,0.84,2026-07-30 20:59:15
0,JIOFINEQN,-2.81,JIOFIN,EQ,N,246.67,15570324,248.75,249.9,245.1,249.48,3842755963.2,338.6,223.3,807083544996.55,2026-07-30 16:00:29,0,-22.99,4.33,30-Jul-2025,30-Jun-2026,27.15002953337271,-10.465741155396328,,,JIO FINANCIAL SERVICES LIMITED,-1.13,2026-07-30 20:59:15
0,TITANEQN,-6.3,TITAN,EQ,N,4843.9,777361,4820.9,4869.9,4820.9,4850.2,3767503407.33,4869.9,3303.1,1994286097671.63,2026-07-30 16:00:29,0,43.46,9.99,30-Jul-2025,30-Jun-2026,0.533891866362759,-46.64708909811995,,,TITAN COMPANY LIMITED,-0.13,2026-07-30 20:59:15
0,ULTRACEMCOEQN,92.0,ULTRACEMCO,EQ,N,11850.0,291418,11800.0,11861.0,11730.0,11998.0,3440801467.8,13110.0,10325.0,1398368106960.24,2026-07-30 16:00:29,0,-3.41,5.31,30-Jul-2025,30-Jun-2026,9.610983981693364,-14.76997578692494,,,ULTRATECH CEMENT LIMITED,0.78,2026-07-30 20:59:15
0,NTPCEQN,1.65,NTPC,EQ,N,345.15,9943764,343.5,347.65,341.85,343.5,3429504765.96,414.4,315.55,1631724403926.03,2026-07-30 16:00:29,0,1.87,-3.22,30-Jul-2025,30-Jun-2026,16.710907335907336,-9.380446838852796,,,NTPC LIMITED,0.48,2026-07-30 20:59:15
0,BAJAJ-AUTOEQN,107.0,BAJAJ-AUTO,EQ,N,11445.0,295600,11338.0,11525.0,11305.5,11338.0,3383889868.0,11532.0,7858.5,1264023467645.08,2026-07-30 16:00:29,0,42.29,17.8,30-Jul-2025,30-Jun-2026,0.7544224765868887,-45.63848062607368,,,BAJAJ AUTO LIMITED,0.94,2026-07-30 20:59:15
0,INDIGOEQN,-58.5,INDIGO,EQ,N,5218.0,549497,5210.0,5258.0,5194.0,5276.5,2872643931.69,6232.5,3895.2,1177843830371.66,2026-07-30 16:00:29,0,-9.09,-2.8,30-Jul-2025,30-Jun-2026,16.277577216205376,-33.95974532758267,,,INTERGLOBE AVIATION LIMITED,-1.11,2026-07-30 20:59:15
0,SBILIFEEQN,-27.8,SBILIFE,EQ,N,1867.1,1513264,1882.2,1910.0,1862.6,1894.9,2858843216.16,2132.0,1700.4,836655989360.71,2026-07-30 16:00:29,0,1.52,5.74,30-Jul-2025,30-Jun-2026,12.424953095684803,-9.803575629263703,,,SBI LIFE INSURANCE COMPANY LIMITED,-1.47,2026-07-30 20:59:15
0,ONGCEQN,2.99,ONGC,EQ,N,241.3,11419363,239.5,244.39,239.06,238.31,2768624559.35,307.5,227.65,934707283642.2,2026-07-30 16:00:29,0,-0.21,2.72,30-Jul-2025,30-Jun-2026,21.528455284552845,-5.996046562705908,,,OIL & NATURAL GAS CORPORATION LIMITED,1.25,2026-07-30 20:59:15
0,TATASTEELEQN,-0.28,TATASTEEL,EQ,N,186.99,13769746,188.01,188.99,186.1,187.27,2576732568.98,224.4,152.51,1541351160652.42,2026-07-30 16:00:29,0,15.88,-0.57,30-Jul-2025,30-Jun-2026,16.671122994652407,-22.60835355058685,,,TATA STEEL LIMITED,-0.15,2026-07-30 20:59:15
0,TRENTEQN,-1.3,TRENT,EQ,N,3003.9,806910,3020.2,3042.6,2982.0,3005.2,2423376664.8,3782.67,2183.67,996732662909.66,2026-07-30 16:00:29,0,-10.66,-8.49,30-Jul-2025,30-Jun-2026,20.58783874882028,-37.56199425737405,,,TRENT LIMITED,-0.04,2026-07-30 20:59:15
0,HDFCLIFEEQN,-11.65,HDFCLIFE,EQ,N,545.05,4394541,557.0,558.85,544.7,556.7,2406538542.42,815.0,543.0,588634041770.54,2026-07-30 16:00:29,0,-28.04,-5.35,30-Jul-2025,30-Jun-2026,33.122699386503065,-0.3775322283609576,,,HDFC LIFE INSURANCE COMPANY LIMITED,-2.09,2026-07-30 20:59:15
0,APOLLOHOSPEQN,24.0,APOLLOHOSP,EQ,N,8959.0,263013,8900.0,9009.0,8865.5,8935.0,2359053021.42,9009.0,6696.5,919392943478.69,2026-07-30 16:00:29,0,20.26,3.19,30-Jul-2025,30-Jun-2026,0.555000555000555,-33.78630627939969,,,APOLLO HOSPITALS ENTERPRISE LIMITED,0.27,2026-07-30 20:59:15
0,POWERGRIDEQN,2.5,POWERGRID,EQ,N,285.35,7903593,283.4,287.1,283.0,282.85,2254974118.83,324.95,250.0,1288609092539.81,2026-07-30 16:00:29,0,-1.25,-0.33,30-Jul-2025,30-Jun-2026,12.186490229266042,-14.14,,,POWER GRID CORPORATION OF INDIA LIMITED,0.88,2026-07-30 20:59:15
0,TMPVEQN,5.1,TMPV,EQ,N,334.9,6078600,328.2,335.0,328.05,329.8,2019797208.0,739.7,294.3,697961149137.43,2026-07-30 16:00:29,0,-49.9,-4.91,30-Jul-2025,30-Jun-2026,54.72488846829796,-13.795446822969758,,,TATA MOTORS PASSENGER VEHICLES LIMITED,1.55,2026-07-30 20:59:15
0,TATACONSUMEQN,-1.1,TATACONSUM,EQ,N,1095.0,1677784,1096.1,1108.9,1090.4,1096.1,1841636385.44,1282.7,1007.2,711099193573.79,2026-07-30 16:00:29,0,2.04,1.8,30-Jul-2025,30-Jun-2026,14.63319560302487,-8.717235901509135,,,TATA CONSUMER PRODUCTS LIMITED,-0.1,2026-07-30 20:59:15
0,MAXHEALTHEQN,12.6,MAXHEALTH,EQ,N,1124.0,1610692,1112.0,1135.9,1110.3,1111.4,1813574764.32,1301.7,903.0,834207449679.87,2026-07-30 16:00:29,0,-11.12,-0.46,30-Jul-2025,30-Jun-2026,13.65137896596758,-24.473975636766333,,,MAX HEALTHCARE INSTITUTE LIMITED,1.13,2026-07-30 20:59:15
0,DRREDDYEQN,2.0,DRREDDY,EQ,N,1144.3,1350714,1143.0,1151.0,1139.0,1142.3,1544257809.06,1414.9,1101.0,695598263003.41,2026-07-30 16:00:29,0,-11.44,-15.68,30-Jul-2025,30-Jun-2026,19.125026503639834,-3.932788374205268,,,DR. REDDY'S LABORATORIES LIMITED,0.18,2026-07-30 20:59:15
0,BAJAJFINSVEQN,-15.4,BAJAJFINSV,EQ,N,1909.0,752615,1918.3,1933.4,1892.3,1924.4,1435951789.25,2195.0,1597.0,1102070234202.81,2026-07-30 16:00:29,0,-2.59,7.24,30-Jul-2025,30-Jun-2026,13.029612756264237,-19.536631183469005,,,BAJAJ FINSERV LIMITED,-0.8,2026-07-30 20:59:15
0,CIPLAEQN,-6.3,CIPLA,EQ,N,1468.0,833068,1478.8,1483.8,1464.1,1474.3,1226700960.68,1673.0,1165.7,823709433326.43,2026-07-30 16:00:29,0,-5.86,0.18,30-Jul-2025,30-Jun-2026,12.253436939629408,-25.93291584455692,,,CIPLA LIMITED,-0.43,2026-07-30 20:59:15
0,JSWSTEELEQN,-8.1,JSWSTEEL,EQ,N,1268.5,923153,1279.1,1304.5,1261.5,1276.6,1171176516.51,1328.0,1018.0,1186453565545.05,2026-07-30 16:00:29,0,22.22,3.43,30-Jul-2025,30-Jun-2026,4.480421686746988,-24.607072691552062,,,JSW STEEL LIMITED,-0.63,2026-07-30 20:59:15
0,GRASIMEQN,-12.9,GRASIM,EQ,N,3100.1,301353,3115.0,3115.5,3085.5,3113.0,933920068.77,3246.0,2502.5,1166435037062.31,2026-07-30 16:00:29,0,12.38,0.0,30-Jul-2025,30-Jun-2026,4.494762784966112,-23.88011988011988,,,GRASIM INDUSTRIES LIMITED,-0.41,2026-07-30 20:59:15
1,NIFTY 50,66.95,NIFTY 50,,,24317.15,400636260,24249.55,24342.95,24187.1,24250.2,335660224755.62,26373.2,22182.55,,2026-07-30 15:39:59,0,-2.16,1.89,29-Jul-2025,29-Jun-2026,7.795982285046942,-9.622879245172443,,,,0.28,2026-07-30 20:59:45
0,HDFCBANKEQN,5.2,HDFCBANK,EQ,N,753.4,35844392,752.8,757.9,745.5,748.2,26916270840.64,1020.5,726.65,11507952979097.49,2026-07-30 16:00:29,0,-25.62,-5.58,30-Jul-2025,30-Jun-2026,26.1734443900049,-3.6812770935113193,,,HDFC BANK LIMITED,0.7,2026-07-30 20:59:45
0,INFYEQN,-0.6,INFY,EQ,N,1155.0,22630218,1168.0,1187.7,1151.3,1155.6,26545698318.36,1728.0,982.4,4040155038730.84,2026-07-30 16:00:29,0,-23.96,15.45,30-Jul-2025,30-Jun-2026,33.15972222222222,-17.569218241042346,,,INFOSYS LIMITED,-0.05,2026-07-30 20:59:45
0,ICICIBANKEQN,-7.9,ICICIBANK,EQ,N,1430.0,14141173,1431.1,1442.2,1422.6,1437.9,20232907504.94,1494.5,1187.6,10218404351568.66,2026-07-30 16:00:29,0,-3.53,3.98,30-Jul-2025,30-Jun-2026,4.315824690531951,-20.410912765240823,,,ICICI BANK LIMITED,-0.55,2026-07-30 20:59:45
0,M&MEQN,72.8,M&M,EQ,N,3294.6,4851980,3220.0,3327.0,3197.5,3221.8,15866023119.8,3839.9,2896.0,2933123350768.73,2026-07-30 16:00:29,0,2.67,7.36,30-Jul-2025,30-Jun-2026,14.200890648193964,-13.763812154696133,,,MAHINDRA & MAHINDRA LIMITED,2.26,2026-07-30 20:59:45
0,RELIANCEEQN,13.5,RELIANCE,EQ,N,1289.4,12158451,1279.8,1297.0,1275.3,1275.9,15689386754.91,1611.8,1249.8,8686354311529.18,2026-07-30 16:00:29,0,-8.56,-0.35,30-Jul-2025,30-Jun-2026,20.002481697481077,-3.168506961113778,,,RELIANCE INDUSTRIES LIMITED,1.06,2026-07-30 20:59:45
0,TCSEQN,-12.6,TCS,EQ,N,2434.0,4901582,2440.0,2495.0,2423.0,2446.6,12055686008.1,3350.0,1976.8,2478110387443.66,2026-07-30 16:00:29,0,-20.29,19.81,30-Jul-2025,30-Jun-2026,27.34328358208955,-23.128288142452448,,,TATA CONSULTANCY SERVICES LIMITED,-0.52,2026-07-30 20:59:45
0,EICHERMOTEQN,130.0,EICHERMOT,EQ,N,7909.0,1496307,7869.5,7930.0,7730.0,7779.0,11742478665.48,8230.0,5353.0,1086933343021.75,2026-07-30 16:00:29,0,44.3,11.81,30-Jul-2025,30-Jun-2026,3.9003645200486026,-47.748925835979826,,,EICHER MOTORS LIMITED,1.67,2026-07-30 20:59:45
0,BHARTIARTLEQN,-3.6,BHARTIARTL,EQ,N,1946.6,5356472,1954.0,1963.2,1943.9,1950.2,10462475369.28,2174.5,1740.5,6044959384312.81,2026-07-30 16:00:29,0,0.72,5.11,30-Jul-2025,30-Jun-2026,10.48057024603357,-11.841424877908647,,,BHARTI AIRTEL LIMITED,-0.18,2026-07-30 20:59:45
0,BAJFINANCEEQN,3.6,BAJFINANCE,EQ,N,1058.0,9866564,1046.0,1068.0,1035.1,1054.4,10348150988.84,1102.5,787.9,2827745664588.37,2026-07-30 16:00:29,0,19.57,5.3,30-Jul-2025,30-Jun-2026,4.036281179138322,-34.28100012691966,,,BAJAJ FINANCE LIMITED,0.34,2026-07-30 20:59:45
0,WIPROEQN,2.8,WIPRO,EQ,N,186.41,54015268,183.4,191.34,183.4,183.61,10162972674.2,273.1,169.0,502918719962.09,2026-07-30 16:00:29,0,-25.5,9.4,30-Jul-2025,30-Jun-2026,31.74295129989015,-10.301775147928995,,,WIPRO LIMITED,1.52,2026-07-30 20:59:45
0,ETERNALEQN,-1.75,ETERNAL,EQ,N,310.05,32431887,307.0,312.25,305.0,311.8,9972480933.63,368.45,212.6,2235244736574.58,2026-07-30 16:00:29,0,2.17,17.18,30-Jul-2025,30-Jun-2026,15.850183199891438,-45.83725305738476,,,ETERNAL LIMITED,-0.56,2026-07-30 20:59:45
0,COALINDIAEQN,7.35,COALINDIA,EQ,N,417.4,23225454,412.95,418.3,410.1,410.05,9640653700.86,491.25,368.65,997004023159.33,2026-07-30 16:00:29,0,9.87,-4.93,30-Jul-2025,30-Jun-2026,15.033078880407125,-13.223925132239252,,,COAL INDIA LIMITED,1.79,2026-07-30 20:59:45
0,ADANIPORTSEQN,-58.2,ADANIPORTS,EQ,N,1661.5,5395211,1726.7,1727.7,1658.4,1719.7,9016638479.53,1891.1,1290.5,1222323805848.08,2026-07-30 16:00:29,0,19.19,-8.21,30-Jul-2025,30-Jun-2026,12.141081909999471,-28.748547074777218,,,ADANI PORTS AND SPECIAL ECONOMIC ZONE LIMITED,-3.38,2026-07-30 20:59:45
0,MARUTIEQN,232.0,MARUTI,EQ,N,14180.0,626000,13939.0,14250.0,13825.0,13948.0,8763230020.0,17370.0,12201.0,1844681206163.64,2026-07-30 16:00:29,0,12.38,0.46,30-Jul-2025,30-Jun-2026,18.364997121473806,-16.21998196869109,,,MARUTI SUZUKI INDIA LIMITED,1.66,2026-07-30 20:59:45
0,AXISBANKEQN,-4.6,AXISBANK,EQ,N,1230.8,6878684,1229.0,1232.2,1220.2,1235.4,8429689668.32,1418.3,1042.5,3525636537742.45,2026-07-30 16:00:29,0,14.67,-8.54,30-Jul-2025,30-Jun-2026,13.220052175139251,-18.062350119904078,,,AXIS BANK LIMITED,-0.37,2026-07-30 20:59:45
0,LTEQN,9.1,LT,EQ,N,3940.5,2141252,3931.4,3951.7,3883.5,3931.4,8412872045.4,4440.0,3288.1,4599211741518.72,2026-07-30 16:00:29,0,7.51,-4.9,30-Jul-2025,30-Jun-2026,11.25,-19.841245704206077,,,LARSEN & TOUBRO LIMITED,0.23,2026-07-30 20:59:45
0,SBINEQN,10.3,SBIN,EQ,N,1024.0,6847458,1013.5,1028.3,1007.6,1013.7,6986940719.46,1234.7,786.55,4220811397058.94,2026-07-30 16:00:29,0,27.74,-0.28,30-Jul-2025,30-Jun-2026,17.064874058475745,-30.188799186320004,,,STATE BANK OF INDIA,1.02,2026-07-30 20:59:45
0,TECHMEQN,17.2,TECHM,EQ,N,1661.4,4167643,1649.0,1686.6,1638.1,1644.2,6976926117.01,1854.0,1304.1,1052212537214.25,2026-07-30 16:00:29,0,13.55,18.27,30-Jul-2025,30-Jun-2026,10.388349514563107,-27.398205659075224,,,TECH MAHINDRA LIMITED,1.05,2026-07-30 20:59:45
0,ASIANPAINTEQN,-8.4,ASIANPAINT,EQ,N,2750.0,2387024,2758.1,2767.9,2666.2,2758.4,6501966933.12,2985.7,2115.0,1240145623693.76,2026-07-30 16:00:29,0,13.83,4.34,30-Jul-2025,30-Jun-2026,7.894296144957631,-30.023640661938533,,,ASIAN PAINTS LIMITED,-0.3,2026-07-30 20:59:45
0,BELEQN,-2.8,BEL,EQ,N,384.75,16521484,386.0,387.5,382.7,387.55,6356310539.32,473.45,361.2,1374204727253.93,2026-07-30 16:00:29,0,-0.45,-6.57,30-Jul-2025,30-Jun-2026,18.734818882669764,-6.519933554817276,,,BHARAT ELECTRONICS LIMITED,-0.72,2026-07-30 20:59:45
0,NESTLEINDEQN,15.7,NESTLEIND,EQ,N,1519.0,3698063,1503.3,1532.6,1497.0,1503.3,5624568919.85,1532.6,1084.7,1086093281065.1,2026-07-30 16:00:29,0,36.14,8.1,30-Jul-2025,30-Jun-2026,0.8873809213101919,-40.03872038351618,,,NESTLE INDIA LIMITED,1.04,2026-07-30 20:59:45
0,SHRIRAMFINEQN,-15.7,SHRIRAMFIN,EQ,N,1029.0,5425880,1038.0,1051.0,1019.5,1044.7,5574711888.4,1108.0,566.5,1437137311112.52,2026-07-30 16:00:29,0,62.61,-1.26,30-Jul-2025,30-Jun-2026,7.129963898916968,-81.64165931156222,,,SHRIRAM FINANCE LIMITED,-1.5,2026-07-30 20:59:45
0,HINDUNILVREQN,-10.8,HINDUNILVR,EQ,N,2107.0,2602039,2120.0,2132.6,2088.0,2117.8,5478124747.48,2750.0,2016.0,1864069949678.92,2026-07-30 16:00:29,0,-13.56,-0.53,30-Jul-2025,30-Jun-2026,23.381818181818183,-4.513888888888889,,,HINDUSTAN UNILEVER LIMITED,-0.51,2026-07-30 20:59:45
0,ITCEQN,-0.7,ITC,EQ,N,285.55,18283697,286.1,288.4,283.75,286.25,5224200743.81,427.0,275.0,2744908844595.67,2026-07-30 16:00:29,0,-29.94,-0.49,30-Jul-2025,30-Jun-2026,33.12646370023419,-3.8363636363636364,,,ITC LIMITED,-0.24,2026-07-30 20:59:45
0,HCLTECHEQN,7.2,HCLTECH,EQ,N,1351.5,3747919,1349.0,1369.9,1345.6,1344.3,5097507152.71,1780.1,1030.0,1420880972267.0,2026-07-30 16:00:29,0,-8.47,26.1,30-Jul-2025,30-Jun-2026,24.077299028144488,-31.21359223300971,,,HCL TECHNOLOGIES LIMITED,0.54,2026-07-30 20:59:45
0,KOTAKBANKEQN,-2.6,KOTAKBANK,EQ,N,387.6,12205963,385.7,390.2,385.7,390.2,4742993102.54,453.2,345.5,2845977112500.26,2026-07-30 16:00:29,0,-1.11,-1.19,30-Jul-2025,30-Jun-2026,14.474845542806708,-12.185238784370478,,,KOTAK MAHINDRA BANK LIMITED,-0.67,2026-07-30 20:59:45
0,SUNPHARMAEQN,15.1,SUNPHARMA,EQ,N,2005.0,2224264,1993.1,2017.3,1988.0,1989.9,4464453730.24,2017.3,1548.0,2117111838529.49,2026-07-30 16:00:29,0,15.64,7.65,30-Jul-2025,30-Jun-2026,0.6097258712139989,-29.521963824289404,,,SUN PHARMACEUTICAL INDUSTRIES LIMITED,0.76,2026-07-30 20:59:45
0,HINDALCOEQN,7.05,HINDALCO,EQ,N,969.5,4259226,968.0,973.05,960.6,962.45,4118969687.82,1176.0,657.5,1399812364334.5,2026-07-30 16:00:29,0,40.75,1.35,30-Jul-2025,30-Jun-2026,17.55952380952381,-47.452471482889734,,,HINDALCO INDUSTRIES LIMITED,0.73,2026-07-30 20:59:45
0,ADANIENTEQN,25.5,ADANIENT,EQ,N,3050.0,1278332,3024.5,3060.9,2994.6,3024.5,3882677783.6,3245.0,1753.0,913098756508.21,2026-07-30 16:00:29,0,24.03,0.46,30-Jul-2025,30-Jun-2026,6.00924499229584,-73.9874500855676,,,ADANI ENTERPRISES LIMITED,0.84,2026-07-30 20:59:45
0,JIOFINEQN,-2.81,JIOFIN,EQ,N,246.67,15570324,248.75,249.9,245.1,249.48,3842755963.2,338.6,223.3,807083544996.55,2026-07-30 16:00:29,0,-22.99,4.33,30-Jul-2025,30-Jun-2026,27.15002953337271,-10.465741155396328,,,JIO FINANCIAL SERVICES LIMITED,-1.13,2026-07-30 20:59:45
0,TITANEQN,-6.3,TITAN,EQ,N,4843.9,777361,4820.9,4869.9,4820.9,4850.2,3767503407.33,4869.9,3303.1,1994286097671.63,2026-07-30 16:00:29,0,43.46,9.99,30-Jul-2025,30-Jun-2026,0.533891866362759,-46.64708909811995,,,TITAN COMPANY LIMITED,-0.13,2026-07-30 20:59:45
0,ULTRACEMCOEQN,92.0,ULTRACEMCO,EQ,N,11850.0,291418,11800.0,11861.0,11730.0,11998.0,3440801467.8,13110.0,10325.0,1398368106960.24,2026-07-30 16:00:29,0,-3.41,5.31,30-Jul-2025,30-Jun-2026,9.610983981693364,-14.76997578692494,,,ULTRATECH CEMENT LIMITED,0.78,2026-07-30 20:59:45
0,NTPCEQN,1.65,NTPC,EQ,N,345.15,9943764,343.5,347.65,341.85,343.5,3429504765.96,414.4,315.55,1631724403926.03,2026-07-30 16:00:29,0,1.87,-3.22,30-Jul-2025,30-Jun-2026,16.710907335907336,-9.380446838852796,,,NTPC LIMITED,0.48,2026-07-30 20:59:45
0,BAJAJ-AUTOEQN,107.0,BAJAJ-AUTO,EQ,N,11445.0,295600,11338.0,11525.0,11305.5,11338.0,3383889868.0,11532.0,7858.5,1264023467645.08,2026-07-30 16:00:29,0,42.29,17.8,30-Jul-2025,30-Jun-2026,0.7544224765868887,-45.63848062607368,,,BAJAJ AUTO LIMITED,0.94,2026-07-30 20:59:45
0,INDIGOEQN,-58.5,INDIGO,EQ,N,5218.0,549497,5210.0,5258.0,5194.0,5276.5,2872643931.69,6232.5,3895.2,1177843830371.66,2026-07-30 16:00:29,0,-9.09,-2.8,30-Jul-2025,30-Jun-2026,16.277577216205376,-33.95974532758267,,,INTERGLOBE AVIATION LIMITED,-1.11,2026-07-30 20:59:45
0,SBILIFEEQN,-27.8,SBILIFE,EQ,N,1867.1,1513264,1882.2,1910.0,1862.6,1894.9,2858843216.16,2132.0,1700.4,836655989360.71,2026-07-30 16:00:29,0,1.52,5.74,30-Jul-2025,30-Jun-2026,12.424953095684803,-9.803575629263703,,,SBI LIFE INSURANCE COMPANY LIMITED,-1.47,2026-07-30 20:59:45
0,ONGCEQN,2.99,ONGC,EQ,N,241.3,11419363,239.5,244.39,239.06,238.31,2768624559.35,307.5,227.65,934707283642.2,2026-07-30 16:00:29,0,-0.21,2.72,30-Jul-2025,30-Jun-2026,21.528455284552845,-5.996046562705908,,,OIL & NATURAL GAS CORPORATION LIMITED,1.25,2026-07-30 20:59:45
0,TATASTEELEQN,-0.28,TATASTEEL,EQ,N,186.99,13769746,188.01,188.99,186.1,187.27,2576732568.98,224.4,152.51,1541351160652.42,2026-07-30 16:00:29,0,15.88,-0.57,30-Jul-2025,30-Jun-2026,16.671122994652407,-22.60835355058685,,,TATA STEEL LIMITED,-0.15,2026-07-30 20:59:45
0,TRENTEQN,-1.3,TRENT,EQ,N,3003.9,806910,3020.2,3042.6,2982.0,3005.2,2423376664.8,3782.67,2183.67,996732662909.66,2026-07-30 16:00:29,0,-10.66,-8.49,30-Jul-2025,30-Jun-2026,20.58783874882028,-37.56199425737405,,,TRENT LIMITED,-0.04,2026-07-30 20:59:45
0,HDFCLIFEEQN,-11.65,HDFCLIFE,EQ,N,545.05,4394541,557.0,558.85,544.7,556.7,2406538542.42,815.0,543.0,588634041770.54,2026-07-30 16:00:29,0,-28.04,-5.35,30-Jul-2025,30-Jun-2026,33.122699386503065,-0.3775322283609576,,,HDFC LIFE INSURANCE COMPANY LIMITED,-2.09,2026-07-30 20:59:45
0,APOLLOHOSPEQN,24.0,APOLLOHOSP,EQ,N,8959.0,263013,8900.0,9009.0,8865.5,8935.0,2359053021.42,9009.0,6696.5,919392943478.69,2026-07-30 16:00:29,0,20.26,3.19,30-Jul-2025,30-Jun-2026,0.555000555000555,-33.78630627939969,,,APOLLO HOSPITALS ENTERPRISE LIMITED,0.27,2026-07-30 20:59:45
0,POWERGRIDEQN,2.5,POWERGRID,EQ,N,285.35,7903593,283.4,287.1,283.0,282.85,2254974118.83,324.95,250.0,1288609092539.81,2026-07-30 16:00:29,0,-1.25,-0.33,30-Jul-2025,30-Jun-2026,12.186490229266042,-14.14,,,POWER GRID CORPORATION OF INDIA LIMITED,0.88,2026-07-30 20:59:45
0,TMPVEQN,5.1,TMPV,EQ,N,334.9,6078600,328.2,335.0,328.05,329.8,2019797208.0,739.7,294.3,697961149137.43,2026-07-30 16:00:29,0,-49.9,-4.91,30-Jul-2025,30-Jun-2026,54.72488846829796,-13.795446822969758,,,TATA MOTORS PASSENGER VEHICLES LIMITED,1.55,2026-07-30 20:59:45
0,TATACONSUMEQN,-1.1,TATACONSUM,EQ,N,1095.0,1677784,1096.1,1108.9,1090.4,1096.1,1841636385.44,1282.7,1007.2,711099193573.79,2026-07-30 16:00:29,0,2.04,1.8,30-Jul-2025,30-Jun-2026,14.63319560302487,-8.717235901509135,,,TATA CONSUMER PRODUCTS LIMITED,-0.1,2026-07-30 20:59:45
0,MAXHEALTHEQN,12.6,MAXHEALTH,EQ,N,1124.0,1610692,1112.0,1135.9,1110.3,1111.4,1813574764.32,1301.7,903.0,834207449679.87,2026-07-30 16:00:29,0,-11.12,-0.46,30-Jul-2025,30-Jun-2026,13.65137896596758,-24.473975636766333,,,MAX HEALTHCARE INSTITUTE LIMITED,1.13,2026-07-30 20:59:45
0,DRREDDYEQN,2.0,DRREDDY,EQ,N,1144.3,1350714,1143.0,1151.0,1139.0,1142.3,1544257809.06,1414.9,1101.0,695598263003.41,2026-07-30 16:00:29,0,-11.44,-15.68,30-Jul-2025,30-Jun-2026,19.125026503639834,-3.932788374205268,,,DR. REDDY'S LABORATORIES LIMITED,0.18,2026-07-30 20:59:45
0,BAJAJFINSVEQN,-15.4,BAJAJFINSV,EQ,N,1909.0,752615,1918.3,1933.4,1892.3,1924.4,1435951789.25,2195.0,1597.0,1102070234202.81,2026-07-30 16:00:29,0,-2.59,7.24,30-Jul-2025,30-Jun-2026,13.029612756264237,-19.536631183469005,,,BAJAJ FINSERV LIMITED,-0.8,2026-07-30 20:59:45
0,CIPLAEQN,-6.3,CIPLA,EQ,N,1468.0,833068,1478.8,1483.8,1464.1,1474.3,1226700960.68,1673.0,1165.7,823709433326.43,2026-07-30 16:00:29,0,-5.86,0.18,30-Jul-2025,30-Jun-2026,12.253436939629408,-25.93291584455692,,,CIPLA LIMITED,-0.43,2026-07-30 20:59:45
0,JSWSTEELEQN,-8.1,JSWSTEEL,EQ,N,1268.5,923153,1279.1,1304.5,1261.5,1276.6,1171176516.51,1328.0,1018.0,1186453565545.05,2026-07-30 16:00:29,0,22.22,3.43,30-Jul-2025,30-Jun-2026,4.480421686746988,-24.607072691552062,,,JSW STEEL LIMITED,-0.63,2026-07-30 20:59:45
0,GRASIMEQN,-12.9,GRASIM,EQ,N,3100.1,301353,3115.0,3115.5,3085.5,3113.0,933920068.77,3246.0,2502.5,1166435037062.31,2026-07-30 16:00:29,0,12.38,0.0,30-Jul-2025,30-Jun-2026,4.494762784966112,-23.88011988011988,,,GRASIM INDUSTRIES LIMITED,-0.41,2026-07-30 20:59:45
1,NIFTY 50,66.95,NIFTY 50,,,24317.15,400636260,24249.55,24342.95,24187.1,24250.2,335660224755.62,26373.2,22182.55,,2026-07-30 15:39:59,0,-2.16,1.89,29-Jul-2025,29-Jun-2026,7.795982285046942,-9.622879245172443,,,,0.28,2026-07-30 21:00:21
0,HDFCBANKEQN,5.2,HDFCBANK,EQ,N,753.4,35844392,752.8,757.9,745.5,748.2,26916270840.64,1020.5,726.65,11507952979097.49,2026-07-30 16:00:29,0,-25.62,-5.58,30-Jul-2025,30-Jun-2026,26.1734443900049,-3.6812770935113193,,,HDFC BANK LIMITED,0.7,2026-07-30 21:00:21
0,INFYEQN,-0.6,INFY,EQ,N,1155.0,22630218,1168.0,1187.7,1151.3,1155.6,26545698318.36,1728.0,982.4,4040155038730.84,2026-07-30 16:00:29,0,-23.96,15.45,30-Jul-2025,30-Jun-2026,33.15972222222222,-17.569218241042346,,,INFOSYS LIMITED,-0.05,2026-07-30 21:00:21
0,ICICIBANKEQN,-7.9,ICICIBANK,EQ,N,1430.0,14141173,1431.1,1442.2,1422.6,1437.9,20232907504.94,1494.5,1187.6,10218404351568.66,2026-07-30 16:00:29,0,-3.53,3.98,30-Jul-2025,30-Jun-2026,4.315824690531951,-20.410912765240823,,,ICICI BANK LIMITED,-0.55,2026-07-30 21:00:21
0,M&MEQN,72.8,M&M,EQ,N,3294.6,4851980,3220.0,3327.0,3197.5,3221.8,15866023119.8,3839.9,2896.0,2933123350768.73,2026-07-30 16:00:29,0,2.67,7.36,30-Jul-2025,30-Jun-2026,14.200890648193964,-13.763812154696133,,,MAHINDRA & MAHINDRA LIMITED,2.26,2026-07-30 21:00:21
0,RELIANCEEQN,13.5,RELIANCE,EQ,N,1289.4,12158451,1279.8,1297.0,1275.3,1275.9,15689386754.91,1611.8,1249.8,8686354311529.18,2026-07-30 16:00:29,0,-8.56,-0.35,30-Jul-2025,30-Jun-2026,20.002481697481077,-3.168506961113778,,,RELIANCE INDUSTRIES LIMITED,1.06,2026-07-30 21:00:21
0,TCSEQN,-12.6,TCS,EQ,N,2434.0,4901582,2440.0,2495.0,2423.0,2446.6,12055686008.1,3350.0,1976.8,2478110387443.66,2026-07-30 16:00:29,0,-20.29,19.81,30-Jul-2025,30-Jun-2026,27.34328358208955,-23.128288142452448,,,TATA CONSULTANCY SERVICES LIMITED,-0.52,2026-07-30 21:00:21
0,EICHERMOTEQN,130.0,EICHERMOT,EQ,N,7909.0,1496307,7869.5,7930.0,7730.0,7779.0,11742478665.48,8230.0,5353.0,1086933343021.75,2026-07-30 16:00:29,0,44.3,11.81,30-Jul-2025,30-Jun-2026,3.9003645200486026,-47.748925835979826,,,EICHER MOTORS LIMITED,1.67,2026-07-30 21:00:21
0,BHARTIARTLEQN,-3.6,BHARTIARTL,EQ,N,1946.6,5356472,1954.0,1963.2,1943.9,1950.2,10462475369.28,2174.5,1740.5,6044959384312.81,2026-07-30 16:00:29,0,0.72,5.11,30-Jul-2025,30-Jun-2026,10.48057024603357,-11.841424877908647,,,BHARTI AIRTEL LIMITED,-0.18,2026-07-30 21:00:21
0,BAJFINANCEEQN,3.6,BAJFINANCE,EQ,N,1058.0,9866564,1046.0,1068.0,1035.1,1054.4,10348150988.84,1102.5,787.9,2827745664588.37,2026-07-30 16:00:29,0,19.57,5.3,30-Jul-2025,30-Jun-2026,4.036281179138322,-34.28100012691966,,,BAJAJ FINANCE LIMITED,0.34,2026-07-30 21:00:21
0,WIPROEQN,2.8,WIPRO,EQ,N,186.41,54015268,183.4,191.34,183.4,183.61,10162972674.2,273.1,169.0,502918719962.09,2026-07-30 16:00:29,0,-25.5,9.4,30-Jul-2025,30-Jun-2026,31.74295129989015,-10.301775147928995,,,WIPRO LIMITED,1.52,2026-07-30 21:00:21
0,ETERNALEQN,-1.75,ETERNAL,EQ,N,310.05,32431887,307.0,312.25,305.0,311.8,9972480933.63,368.45,212.6,2235244736574.58,2026-07-30 16:00:29,0,2.17,17.18,30-Jul-2025,30-Jun-2026,15.850183199891438,-45.83725305738476,,,ETERNAL LIMITED,-0.56,2026-07-30 21:00:21
0,COALINDIAEQN,7.35,COALINDIA,EQ,N,417.4,23225454,412.95,418.3,410.1,410.05,9640653700.86,491.25,368.65,997004023159.33,2026-07-30 16:00:29,0,9.87,-4.93,30-Jul-2025,30-Jun-2026,15.033078880407125,-13.223925132239252,,,COAL INDIA LIMITED,1.79,2026-07-30 21:00:21
0,ADANIPORTSEQN,-58.2,ADANIPORTS,EQ,N,1661.5,5395211,1726.7,1727.7,1658.4,1719.7,9016638479.53,1891.1,1290.5,1222323805848.08,2026-07-30 16:00:29,0,19.19,-8.21,30-Jul-2025,30-Jun-2026,12.141081909999471,-28.748547074777218,,,ADANI PORTS AND SPECIAL ECONOMIC ZONE LIMITED,-3.38,2026-07-30 21:00:21
0,MARUTIEQN,232.0,MARUTI,EQ,N,14180.0,626000,13939.0,14250.0,13825.0,13948.0,8763230020.0,17370.0,12201.0,1844681206163.64,2026-07-30 16:00:29,0,12.38,0.46,30-Jul-2025,30-Jun-2026,18.364997121473806,-16.21998196869109,,,MARUTI SUZUKI INDIA LIMITED,1.66,2026-07-30 21:00:21
0,AXISBANKEQN,-4.6,AXISBANK,EQ,N,1230.8,6878684,1229.0,1232.2,1220.2,1235.4,8429689668.32,1418.3,1042.5,3525636537742.45,2026-07-30 16:00:29,0,14.67,-8.54,30-Jul-2025,30-Jun-2026,13.220052175139251,-18.062350119904078,,,AXIS BANK LIMITED,-0.37,2026-07-30 21:00:21
0,LTEQN,9.1,LT,EQ,N,3940.5,2141252,3931.4,3951.7,3883.5,3931.4,8412872045.4,4440.0,3288.1,4599211741518.72,2026-07-30 16:00:29,0,7.51,-4.9,30-Jul-2025,30-Jun-2026,11.25,-19.841245704206077,,,LARSEN & TOUBRO LIMITED,0.23,2026-07-30 21:00:21
0,SBINEQN,10.3,SBIN,EQ,N,1024.0,6847458,1013.5,1028.3,1007.6,1013.7,6986940719.46,1234.7,786.55,4220811397058.94,2026-07-30 16:00:29,0,27.74,-0.28,30-Jul-2025,30-Jun-2026,17.064874058475745,-30.188799186320004,,,STATE BANK OF INDIA,1.02,2026-07-30 21:00:21
0,TECHMEQN,17.2,TECHM,EQ,N,1661.4,4167643,1649.0,1686.6,1638.1,1644.2,6976926117.01,1854.0,1304.1,1052212537214.25,2026-07-30 16:00:29,0,13.55,18.27,30-Jul-2025,30-Jun-2026,10.388349514563107,-27.398205659075224,,,TECH MAHINDRA LIMITED,1.05,2026-07-30 21:00:21
0,ASIANPAINTEQN,-8.4,ASIANPAINT,EQ,N,2750.0,2387024,2758.1,2767.9,2666.2,2758.4,6501966933.12,2985.7,2115.0,1240145623693.76,2026-07-30 16:00:29,0,13.83,4.34,30-Jul-2025,30-Jun-2026,7.894296144957631,-30.023640661938533,,,ASIAN PAINTS LIMITED,-0.3,2026-07-30 21:00:21
0,BELEQN,-2.8,BEL,EQ,N,384.75,16521484,386.0,387.5,382.7,387.55,6356310539.32,473.45,361.2,1374204727253.93,2026-07-30 16:00:29,0,-0.45,-6.57,30-Jul-2025,30-Jun-2026,18.734818882669764,-6.519933554817276,,,BHARAT ELECTRONICS LIMITED,-0.72,2026-07-30 21:00:21
0,NESTLEINDEQN,15.7,NESTLEIND,EQ,N,1519.0,3698063,1503.3,1532.6,1497.0,1503.3,5624568919.85,1532.6,1084.7,1086093281065.1,2026-07-30 16:00:29,0,36.14,8.1,30-Jul-2025,30-Jun-2026,0.8873809213101919,-40.03872038351618,,,NESTLE INDIA LIMITED,1.04,2026-07-30 21:00:21
0,SHRIRAMFINEQN,-15.7,SHRIRAMFIN,EQ,N,1029.0,5425880,1038.0,1051.0,1019.5,1044.7,5574711888.4,1108.0,566.5,1437137311112.52,2026-07-30 16:00:29,0,62.61,-1.26,30-Jul-2025,30-Jun-2026,7.129963898916968,-81.64165931156222,,,SHRIRAM FINANCE LIMITED,-1.5,2026-07-30 21:00:21
0,HINDUNILVREQN,-10.8,HINDUNILVR,EQ,N,2107.0,2602039,2120.0,2132.6,2088.0,2117.8,5478124747.48,2750.0,2016.0,1864069949678.92,2026-07-30 16:00:29,0,-13.56,-0.53,30-Jul-2025,30-Jun-2026,23.381818181818183,-4.513888888888889,,,HINDUSTAN UNILEVER LIMITED,-0.51,2026-07-30 21:00:21
0,ITCEQN,-0.7,ITC,EQ,N,285.55,18283697,286.1,288.4,283.75,286.25,5224200743.81,427.0,275.0,2744908844595.67,2026-07-30 16:00:29,0,-29.94,-0.49,30-Jul-2025,30-Jun-2026,33.12646370023419,-3.8363636363636364,,,ITC LIMITED,-0.24,2026-07-30 21:00:21
0,HCLTECHEQN,7.2,HCLTECH,EQ,N,1351.5,3747919,1349.0,1369.9,1345.6,1344.3,5097507152.71,1780.1,1030.0,1420880972267.0,2026-07-30 16:00:29,0,-8.47,26.1,30-Jul-2025,30-Jun-2026,24.077299028144488,-31.21359223300971,,,HCL TECHNOLOGIES LIMITED,0.54,2026-07-30 21:00:21
0,KOTAKBANKEQN,-2.6,KOTAKBANK,EQ,N,387.6,12205963,385.7,390.2,385.7,390.2,4742993102.54,453.2,345.5,2845977112500.26,2026-07-30 16:00:29,0,-1.11,-1.19,30-Jul-2025,30-Jun-2026,14.474845542806708,-12.185238784370478,,,KOTAK MAHINDRA BANK LIMITED,-0.67,2026-07-30 21:00:21
0,SUNPHARMAEQN,15.1,SUNPHARMA,EQ,N,2005.0,2224264,1993.1,2017.3,1988.0,1989.9,4464453730.24,2017.3,1548.0,2117111838529.49,2026-07-30 16:00:29,0,15.64,7.65,30-Jul-2025,30-Jun-2026,0.6097258712139989,-29.521963824289404,,,SUN PHARMACEUTICAL INDUSTRIES LIMITED,0.76,2026-07-30 21:00:21
0,HINDALCOEQN,7.05,HINDALCO,EQ,N,969.5,4259226,968.0,973.05,960.6,962.45,4118969687.82,1176.0,657.5,1399812364334.5,2026-07-30 16:00:29,0,40.75,1.35,30-Jul-2025,30-Jun-2026,17.55952380952381,-47.452471482889734,,,HINDALCO INDUSTRIES LIMITED,0.73,2026-07-30 21:00:21
0,ADANIENTEQN,25.5,ADANIENT,EQ,N,3050.0,1278332,3024.5,3060.9,2994.6,3024.5,3882677783.6,3245.0,1753.0,913098756508.21,2026-07-30 16:00:29,0,24.03,0.46,30-Jul-2025,30-Jun-2026,6.00924499229584,-73.9874500855676,,,ADANI ENTERPRISES LIMITED,0.84,2026-07-30 21:00:21
0,JIOFINEQN,-2.81,JIOFIN,EQ,N,246.67,15570324,248.75,249.9,245.1,249.48,3842755963.2,338.6,223.3,807083544996.55,2026-07-30 16:00:29,0,-22.99,4.33,30-Jul-2025,30-Jun-2026,27.15002953337271,-10.465741155396328,,,JIO FINANCIAL SERVICES LIMITED,-1.13,2026-07-30 21:00:21
0,TITANEQN,-6.3,TITAN,EQ,N,4843.9,777361,4820.9,4869.9,4820.9,4850.2,3767503407.33,4869.9,3303.1,1994286097671.63,2026-07-30 16:00:29,0,43.46,9.99,30-Jul-2025,30-Jun-2026,0.533891866362759,-46.64708909811995,,,TITAN COMPANY LIMITED,-0.13,2026-07-30 21:00:21
0,ULTRACEMCOEQN,92.0,ULTRACEMCO,EQ,N,11850.0,291418,11800.0,11861.0,11730.0,11998.0,3440801467.8,13110.0,10325.0,1398368106960.24,2026-07-30 16:00:29,0,-3.41,5.31,30-Jul-2025,30-Jun-2026,9.610983981693364,-14.76997578692494,,,ULTRATECH CEMENT LIMITED,0.78,2026-07-30 21:00:21
0,NTPCEQN,1.65,NTPC,EQ,N,345.15,9943764,343.5,347.65,341.85,343.5,3429504765.96,414.4,315.55,1631724403926.03,2026-07-30 16:00:29,0,1.87,-3.22,30-Jul-2025,30-Jun-2026,16.710907335907336,-9.380446838852796,,,NTPC LIMITED,0.48,2026-07-30 21:00:21
0,BAJAJ-AUTOEQN,107.0,BAJAJ-AUTO,EQ,N,11445.0,295600,11338.0,11525.0,11305.5,11338.0,3383889868.0,11532.0,7858.5,1264023467645.08,2026-07-30 16:00:29,0,42.29,17.8,30-Jul-2025,30-Jun-2026,0.7544224765868887,-45.63848062607368,,,BAJAJ AUTO LIMITED,0.94,2026-07-30 21:00:21
0,INDIGOEQN,-58.5,INDIGO,EQ,N,5218.0,549497,5210.0,5258.0,5194.0,5276.5,2872643931.69,6232.5,3895.2,1177843830371.66,2026-07-30 16:00:29,0,-9.09,-2.8,30-Jul-2025,30-Jun-2026,16.277577216205376,-33.95974532758267,,,INTERGLOBE AVIATION LIMITED,-1.11,2026-07-30 21:00:21
0,SBILIFEEQN,-27.8,SBILIFE,EQ,N,1867.1,1513264,1882.2,1910.0,1862.6,1894.9,2858843216.16,2132.0,1700.4,836655989360.71,2026-07-30 16:00:29,0,1.52,5.74,30-Jul-2025,30-Jun-2026,12.424953095684803,-9.803575629263703,,,SBI LIFE INSURANCE COMPANY LIMITED,-1.47,2026-07-30 21:00:21
0,ONGCEQN,2.99,ONGC,EQ,N,241.3,11419363,239.5,244.39,239.06,238.31,2768624559.35,307.5,227.65,934707283642.2,2026-07-30 16:00:29,0,-0.21,2.72,30-Jul-2025,30-Jun-2026,21.528455284552845,-5.996046562705908,,,OIL & NATURAL GAS CORPORATION LIMITED,1.25,2026-07-30 21:00:21
0,TATASTEELEQN,-0.28,TATASTEEL,EQ,N,186.99,13769746,188.01,188.99,186.1,187.27,2576732568.98,224.4,152.51,1541351160652.42,2026-07-30 16:00:29,0,15.88,-0.57,30-Jul-2025,30-Jun-2026,16.671122994652407,-22.60835355058685,,,TATA STEEL LIMITED,-0.15,2026-07-30 21:00:21
0,TRENTEQN,-1.3,TRENT,EQ,N,3003.9,806910,3020.2,3042.6,2982.0,3005.2,2423376664.8,3782.67,2183.67,996732662909.66,2026-07-30 16:00:29,0,-10.66,-8.49,30-Jul-2025,30-Jun-2026,20.58783874882028,-37.56199425737405,,,TRENT LIMITED,-0.04,2026-07-30 21:00:21
0,HDFCLIFEEQN,-11.65,HDFCLIFE,EQ,N,545.05,4394541,557.0,558.85,544.7,556.7,2406538542.42,815.0,543.0,588634041770.54,2026-07-30 16:00:29,0,-28.04,-5.35,30-Jul-2025,30-Jun-2026,33.122699386503065,-0.3775322283609576,,,HDFC LIFE INSURANCE COMPANY LIMITED,-2.09,2026-07-30 21:00:21
0,APOLLOHOSPEQN,24.0,APOLLOHOSP,EQ,N,8959.0,263013,8900.0,9009.0,8865.5,8935.0,2359053021.42,9009.0,6696.5,919392943478.69,2026-07-30 16:00:29,0,20.26,3.19,30-Jul-2025,30-Jun-2026,0.555000555000555,-33.78630627939969,,,APOLLO HOSPITALS ENTERPRISE LIMITED,0.27,2026-07-30 21:00:21
0,POWERGRIDEQN,2.5,POWERGRID,EQ,N,285.35,7903593,283.4,287.1,283.0,282.85,2254974118.83,324.95,250.0,1288609092539.81,2026-07-30 16:00:29,0,-1.25,-0.33,30-Jul-2025,30-Jun-2026,12.186490229266042,-14.14,,,POWER GRID CORPORATION OF INDIA LIMITED,0.88,2026-07-30 21:00:21
0,TMPVEQN,5.1,TMPV,EQ,N,334.9,6078600,328.2,335.0,328.05,329.8,2019797208.0,739.7,294.3,697961149137.43,2026-07-30 16:00:29,0,-49.9,-4.91,30-Jul-2025,30-Jun-2026,54.72488846829796,-13.795446822969758,,,TATA MOTORS PASSENGER VEHICLES LIMITED,1.55,2026-07-30 21:00:21
0,TATACONSUMEQN,-1.1,TATACONSUM,EQ,N,1095.0,1677784,1096.1,1108.9,1090.4,1096.1,1841636385.44,1282.7,1007.2,711099193573.79,2026-07-30 16:00:29,0,2.04,1.8,30-Jul-2025,30-Jun-2026,14.63319560302487,-8.717235901509135,,,TATA CONSUMER PRODUCTS LIMITED,-0.1,2026-07-30 21:00:21
0,MAXHEALTHEQN,12.6,MAXHEALTH,EQ,N,1124.0,1610692,1112.0,1135.9,1110.3,1111.4,1813574764.32,1301.7,903.0,834207449679.87,2026-07-30 16:00:29,0,-11.12,-0.46,30-Jul-2025,30-Jun-2026,13.65137896596758,-24.473975636766333,,,MAX HEALTHCARE INSTITUTE LIMITED,1.13,2026-07-30 21:00:21
0,DRREDDYEQN,2.0,DRREDDY,EQ,N,1144.3,1350714,1143.0,1151.0,1139.0,1142.3,1544257809.06,1414.9,1101.0,695598263003.41,2026-07-30 16:00:29,0,-11.44,-15.68,30-Jul-2025,30-Jun-2026,19.125026503639834,-3.932788374205268,,,DR. REDDY'S LABORATORIES LIMITED,0.18,2026-07-30 21:00:21
0,BAJAJFINSVEQN,-15.4,BAJAJFINSV,EQ,N,1909.0,752615,1918.3,1933.4,1892.3,1924.4,1435951789.25,2195.0,1597.0,1102070234202.81,2026-07-30 16:00:29,0,-2.59,7.24,30-Jul-2025,30-Jun-2026,13.029612756264237,-19.536631183469005,,,BAJAJ FINSERV LIMITED,-0.8,2026-07-30 21:00:21
0,CIPLAEQN,-6.3,CIPLA,EQ,N,1468.0,833068,1478.8,1483.8,1464.1,1474.3,1226700960.68,1673.0,1165.7,823709433326.43,2026-07-30 16:00:29,0,-5.86,0.18,30-Jul-2025,30-Jun-2026,12.253436939629408,-25.93291584455692,,,CIPLA LIMITED,-0.43,2026-07-30 21:00:21
0,JSWSTEELEQN,-8.1,JSWSTEEL,EQ,N,1268.5,923153,1279.1,1304.5,1261.5,1276.6,1171176516.51,1328.0,1018.0,1186453565545.05,2026-07-30 16:00:29,0,22.22,3.43,30-Jul-2025,30-Jun-2026,4.480421686746988,-24.607072691552062,,,JSW STEEL LIMITED,-0.63,2026-07-30 21:00:21
0,GRASIMEQN,-12.9,GRASIM,EQ,N,3100.1,301353,3115.0,3115.5,3085.5,3113.0,933920068.77,3246.0,2502.5,1166435037062.31,2026-07-30 16:00:29,0,12.38,0.0,30-Jul-2025,30-Jun-2026,4.494762784966112,-23.88011988011988,,,GRASIM INDUSTRIES LIMITED,-0.41,2026-07-30 21:00:21
1,NIFTY 50,66.95,NIFTY 50,,,24317.15,400636260,24249.55,24342.95,24187.1,24250.2,335660224755.62,26373.2,22182.55,,2026-07-30 15:39:59,0,-2.16,1.89,29-Jul-2025,29-Jun-2026,7.795982285046942,-9.622879245172443,,,,0.28,2026-07-30 21:00:51
0,HDFCBANKEQN,5.2,HDFCBANK,EQ,N,753.4,35844392,752.8,757.9,745.5,748.2,26916270840.64,1020.5,726.65,11507952979097.49,2026-07-30 16:00:29,0,-25.62,-5.58,30-Jul-2025,30-Jun-2026,26.1734443900049,-3.6812770935113193,,,HDFC BANK LIMITED,0.7,2026-07-30 21:00:51
0,INFYEQN,-0.6,INFY,EQ,N,1155.0,22630218,1168.0,1187.7,1151.3,1155.6,26545698318.36,1728.0,982.4,4040155038730.84,2026-07-30 16:00:29,0,-23.96,15.45,30-Jul-2025,30-Jun-2026,33.15972222222222,-17.569218241042346,,,INFOSYS LIMITED,-0.05,2026-07-30 21:00:51
0,ICICIBANKEQN,-7.9,ICICIBANK,EQ,N,1430.0,14141173,1431.1,1442.2,1422.6,1437.9,20232907504.94,1494.5,1187.6,10218404351568.66,2026-07-30 16:00:29,0,-3.53,3.98,30-Jul-2025,30-Jun-2026,4.315824690531951,-20.410912765240823,,,ICICI BANK LIMITED,-0.55,2026-07-30 21:00:51
0,M&MEQN,72.8,M&M,EQ,N,3294.6,4851980,3220.0,3327.0,3197.5,3221.8,15866023119.8,3839.9,2896.0,2933123350768.73,2026-07-30 16:00:29,0,2.67,7.36,30-Jul-2025,30-Jun-2026,14.200890648193964,-13.763812154696133,,,MAHINDRA & MAHINDRA LIMITED,2.26,2026-07-30 21:00:51
0,RELIANCEEQN,13.5,RELIANCE,EQ,N,1289.4,12158451,1279.8,1297.0,1275.3,1275.9,15689386754.91,1611.8,1249.8,8686354311529.18,2026-07-30 16:00:29,0,-8.56,-0.35,30-Jul-2025,30-Jun-2026,20.002481697481077,-3.168506961113778,,,RELIANCE INDUSTRIES LIMITED,1.06,2026-07-30 21:00:51
0,TCSEQN,-12.6,TCS,EQ,N,2434.0,4901582,2440.0,2495.0,2423.0,2446.6,12055686008.1,3350.0,1976.8,2478110387443.66,2026-07-30 16:00:29,0,-20.29,19.81,30-Jul-2025,30-Jun-2026,27.34328358208955,-23.128288142452448,,,TATA CONSULTANCY SERVICES LIMITED,-0.52,2026-07-30 21:00:51
0,EICHERMOTEQN,130.0,EICHERMOT,EQ,N,7909.0,1496307,7869.5,7930.0,7730.0,7779.0,11742478665.48,8230.0,5353.0,1086933343021.75,2026-07-30 16:00:29,0,44.3,11.81,30-Jul-2025,30-Jun-2026,3.9003645200486026,-47.748925835979826,,,EICHER MOTORS LIMITED,1.67,2026-07-30 21:00:51
0,BHARTIARTLEQN,-3.6,BHARTIARTL,EQ,N,1946.6,5356472,1954.0,1963.2,1943.9,1950.2,10462475369.28,2174.5,1740.5,6044959384312.81,2026-07-30 16:00:29,0,0.72,5.11,30-Jul-2025,30-Jun-2026,10.48057024603357,-11.841424877908647,,,BHARTI AIRTEL LIMITED,-0.18,2026-07-30 21:00:51
0,BAJFINANCEEQN,3.6,BAJFINANCE,EQ,N,1058.0,9866564,1046.0,1068.0,1035.1,1054.4,10348150988.84,1102.5,787.9,2827745664588.37,2026-07-30 16:00:29,0,19.57,5.3,30-Jul-2025,30-Jun-2026,4.036281179138322,-34.28100012691966,,,BAJAJ FINANCE LIMITED,0.34,2026-07-30 21:00:51
0,WIPROEQN,2.8,WIPRO,EQ,N,186.41,54015268,183.4,191.34,183.4,183.61,10162972674.2,273.1,169.0,502918719962.09,2026-07-30 16:00:29,0,-25.5,9.4,30-Jul-2025,30-Jun-2026,31.74295129989015,-10.301775147928995,,,WIPRO LIMITED,1.52,2026-07-30 21:00:51
0,ETERNALEQN,-1.75,ETERNAL,EQ,N,310.05,32431887,307.0,312.25,305.0,311.8,9972480933.63,368.45,212.6,2235244736574.58,2026-07-30 16:00:29,0,2.17,17.18,30-Jul-2025,30-Jun-2026,15.850183199891438,-45.83725305738476,,,ETERNAL LIMITED,-0.56,2026-07-30 21:00:51
0,COALINDIAEQN,7.35,COALINDIA,EQ,N,417.4,23225454,412.95,418.3,410.1,410.05,9640653700.86,491.25,368.65,997004023159.33,2026-07-30 16:00:29,0,9.87,-4.93,30-Jul-2025,30-Jun-2026,15.033078880407125,-13.223925132239252,,,COAL INDIA LIMITED,1.79,2026-07-30 21:00:51
0,ADANIPORTSEQN,-58.2,ADANIPORTS,EQ,N,1661.5,5395211,1726.7,1727.7,1658.4,1719.7,9016638479.53,1891.1,1290.5,1222323805848.08,2026-07-30 16:00:29,0,19.19,-8.21,30-Jul-2025,30-Jun-2026,12.141081909999471,-28.748547074777218,,,ADANI PORTS AND SPECIAL ECONOMIC ZONE LIMITED,-3.38,2026-07-30 21:00:51
0,MARUTIEQN,232.0,MARUTI,EQ,N,14180.0,626000,13939.0,14250.0,13825.0,13948.0,8763230020.0,17370.0,12201.0,1844681206163.64,2026-07-30 16:00:29,0,12.38,0.46,30-Jul-2025,30-Jun-2026,18.364997121473806,-16.21998196869109,,,MARUTI SUZUKI INDIA LIMITED,1.66,2026-07-30 21:00:51
0,AXISBANKEQN,-4.6,AXISBANK,EQ,N,1230.8,6878684,1229.0,1232.2,1220.2,1235.4,8429689668.32,1418.3,1042.5,3525636537742.45,2026-07-30 16:00:29,0,14.67,-8.54,30-Jul-2025,30-Jun-2026,13.220052175139251,-18.062350119904078,,,AXIS BANK LIMITED,-0.37,2026-07-30 21:00:51
0,LTEQN,9.1,LT,EQ,N,3940.5,2141252,3931.4,3951.7,3883.5,3931.4,8412872045.4,4440.0,3288.1,4599211741518.72,2026-07-30 16:00:29,0,7.51,-4.9,30-Jul-2025,30-Jun-2026,11.25,-19.841245704206077,,,LARSEN & TOUBRO LIMITED,0.23,2026-07-30 21:00:51
0,SBINEQN,10.3,SBIN,EQ,N,1024.0,6847458,1013.5,1028.3,1007.6,1013.7,6986940719.46,1234.7,786.55,4220811397058.94,2026-07-30 16:00:29,0,27.74,-0.28,30-Jul-2025,30-Jun-2026,17.064874058475745,-30.188799186320004,,,STATE BANK OF INDIA,1.02,2026-07-30 21:00:51
0,TECHMEQN,17.2,TECHM,EQ,N,1661.4,4167643,1649.0,1686.6,1638.1,1644.2,6976926117.01,1854.0,1304.1,1052212537214.25,2026-07-30 16:00:29,0,13.55,18.27,30-Jul-2025,30-Jun-2026,10.388349514563107,-27.398205659075224,,,TECH MAHINDRA LIMITED,1.05,2026-07-30 21:00:51
0,ASIANPAINTEQN,-8.4,ASIANPAINT,EQ,N,2750.0,2387024,2758.1,2767.9,2666.2,2758.4,6501966933.12,2985.7,2115.0,1240145623693.76,2026-07-30 16:00:29,0,13.83,4.34,30-Jul-2025,30-Jun-2026,7.894296144957631,-30.023640661938533,,,ASIAN PAINTS LIMITED,-0.3,2026-07-30 21:00:51
0,BELEQN,-2.8,BEL,EQ,N,384.75,16521484,386.0,387.5,382.7,387.55,6356310539.32,473.45,361.2,1374204727253.93,2026-07-30 16:00:29,0,-0.45,-6.57,30-Jul-2025,30-Jun-2026,18.734818882669764,-6.519933554817276,,,BHARAT ELECTRONICS LIMITED,-0.72,2026-07-30 21:00:51
0,NESTLEINDEQN,15.7,NESTLEIND,EQ,N,1519.0,3698063,1503.3,1532.6,1497.0,1503.3,5624568919.85,1532.6,1084.7,1086093281065.1,2026-07-30 16:00:29,0,36.14,8.1,30-Jul-2025,30-Jun-2026,0.8873809213101919,-40.03872038351618,,,NESTLE INDIA LIMITED,1.04,2026-07-30 21:00:51
0,SHRIRAMFINEQN,-15.7,SHRIRAMFIN,EQ,N,1029.0,5425880,1038.0,1051.0,1019.5,1044.7,5574711888.4,1108.0,566.5,1437137311112.52,2026-07-30 16:00:29,0,62.61,-1.26,30-Jul-2025,30-Jun-2026,7.129963898916968,-81.64165931156222,,,SHRIRAM FINANCE LIMITED,-1.5,2026-07-30 21:00:51
0,HINDUNILVREQN,-10.8,HINDUNILVR,EQ,N,2107.0,2602039,2120.0,2132.6,2088.0,2117.8,5478124747.48,2750.0,2016.0,1864069949678.92,2026-07-30 16:00:29,0,-13.56,-0.53,30-Jul-2025,30-Jun-2026,23.381818181818183,-4.513888888888889,,,HINDUSTAN UNILEVER LIMITED,-0.51,2026-07-30 21:00:51
0,ITCEQN,-0.7,ITC,EQ,N,285.55,18283697,286.1,288.4,283.75,286.25,5224200743.81,427.0,275.0,2744908844595.67,2026-07-30 16:00:29,0,-29.94,-0.49,30-Jul-2025,30-Jun-2026,33.12646370023419,-3.8363636363636364,,,ITC LIMITED,-0.24,2026-07-30 21:00:51
0,HCLTECHEQN,7.2,HCLTECH,EQ,N,1351.5,3747919,1349.0,1369.9,1345.6,1344.3,5097507152.71,1780.1,1030.0,1420880972267.0,2026-07-30 16:00:29,0,-8.47,26.1,30-Jul-2025,30-Jun-2026,24.077299028144488,-31.21359223300971,,,HCL TECHNOLOGIES LIMITED,0.54,2026-07-30 21:00:51
0,KOTAKBANKEQN,-2.6,KOTAKBANK,EQ,N,387.6,12205963,385.7,390.2,385.7,390.2,4742993102.54,453.2,345.5,2845977112500.26,2026-07-30 16:00:29,0,-1.11,-1.19,30-Jul-2025,30-Jun-2026,14.474845542806708,-12.185238784370478,,,KOTAK MAHINDRA BANK LIMITED,-0.67,2026-07-30 21:00:51
0,SUNPHARMAEQN,15.1,SUNPHARMA,EQ,N,2005.0,2224264,1993.1,2017.3,1988.0,1989.9,4464453730.24,2017.3,1548.0,2117111838529.49,2026-07-30 16:00:29,0,15.64,7.65,30-Jul-2025,30-Jun-2026,0.6097258712139989,-29.521963824289404,,,SUN PHARMACEUTICAL INDUSTRIES LIMITED,0.76,2026-07-30 21:00:51
0,HINDALCOEQN,7.05,HINDALCO,EQ,N,969.5,4259226,968.0,973.05,960.6,962.45,4118969687.82,1176.0,657.5,1399812364334.5,2026-07-30 16:00:29,0,40.75,1.35,30-Jul-2025,30-Jun-2026,17.55952380952381,-47.452471482889734,,,HINDALCO INDUSTRIES LIMITED,0.73,2026-07-30 21:00:51
0,ADANIENTEQN,25.5,ADANIENT,EQ,N,3050.0,1278332,3024.5,3060.9,2994.6,3024.5,3882677783.6,3245.0,1753.0,913098756508.21,2026-07-30 16:00:29,0,24.03,0.46,30-Jul-2025,30-Jun-2026,6.00924499229584,-73.9874500855676,,,ADANI ENTERPRISES LIMITED,0.84,2026-07-30 21:00:51
0,JIOFINEQN,-2.81,JIOFIN,EQ,N,246.67,15570324,248.75,249.9,245.1,249.48,3842755963.2,338.6,223.3,807083544996.55,2026-07-30 16:00:29,0,-22.99,4.33,30-Jul-2025,30-Jun-2026,27.15002953337271,-10.465741155396328,,,JIO FINANCIAL SERVICES LIMITED,-1.13,2026-07-30 21:00:51
0,TITANEQN,-6.3,TITAN,EQ,N,4843.9,777361,4820.9,4869.9,4820.9,4850.2,3767503407.33,4869.9,3303.1,1994286097671.63,2026-07-30 16:00:29,0,43.46,9.99,30-Jul-2025,30-Jun-2026,0.533891866362759,-46.64708909811995,,,TITAN COMPANY LIMITED,-0.13,2026-07-30 21:00:51
0,ULTRACEMCOEQN,92.0,ULTRACEMCO,EQ,N,11850.0,291418,11800.0,11861.0,11730.0,11998.0,3440801467.8,13110.0,10325.0,1398368106960.24,2026-07-30 16:00:29,0,-3.41,5.31,30-Jul-2025,30-Jun-2026,9.610983981693364,-14.76997578692494,,,ULTRATECH CEMENT LIMITED,0.78,2026-07-30 21:00:51
0,NTPCEQN,1.65,NTPC,EQ,N,345.15,9943764,343.5,347.65,341.85,343.5,3429504765.96,414.4,315.55,1631724403926.03,2026-07-30 16:00:29,0,1.87,-3.22,30-Jul-2025,30-Jun-2026,16.710907335907336,-9.380446838852796,,,NTPC LIMITED,0.48,2026-07-30 21:00:51
0,BAJAJ-AUTOEQN,107.0,BAJAJ-AUTO,EQ,N,11445.0,295600,11338.0,11525.0,11305.5,11338.0,3383889868.0,11532.0,7858.5,1264023467645.08,2026-07-30 16:00:29,0,42.29,17.8,30-Jul-2025,30-Jun-2026,0.7544224765868887,-45.63848062607368,,,BAJAJ AUTO LIMITED,0.94,2026-07-30 21:00:51
0,INDIGOEQN,-58.5,INDIGO,EQ,N,5218.0,549497,5210.0,5258.0,5194.0,5276.5,2872643931.69,6232.5,3895.2,1177843830371.66,2026-07-30 16:00:29,0,-9.09,-2.8,30-Jul-2025,30-Jun-2026,16.277577216205376,-33.95974532758267,,,INTERGLOBE AVIATION LIMITED,-1.11,2026-07-30 21:00:51
0,SBILIFEEQN,-27.8,SBILIFE,EQ,N,1867.1,1513264,1882.2,1910.0,1862.6,1894.9,2858843216.16,2132.0,1700.4,836655989360.71,2026-07-30 16:00:29,0,1.52,5.74,30-Jul-2025,30-Jun-2026,12.424953095684803,-9.803575629263703,,,SBI LIFE INSURANCE COMPANY LIMITED,-1.47,2026-07-30 21:00:51
0,ONGCEQN,2.99,ONGC,EQ,N,241.3,11419363,239.5,244.39,239.06,238.31,2768624559.35,307.5,227.65,934707283642.2,2026-07-30 16:00:29,0,-0.21,2.72,30-Jul-2025,30-Jun-2026,21.528455284552845,-5.996046562705908,,,OIL & NATURAL GAS CORPORATION LIMITED,1.25,2026-07-30 21:00:51
0,TATASTEELEQN,-0.28,TATASTEEL,EQ,N,186.99,13769746,188.01,188.99,186.1,187.27,2576732568.98,224.4,152.51,1541351160652.42,2026-07-30 16:00:29,0,15.88,-0.57,30-Jul-2025,30-Jun-2026,16.671122994652407,-22.60835355058685,,,TATA STEEL LIMITED,-0.15,2026-07-30 21:00:51
0,TRENTEQN,-1.3,TRENT,EQ,N,3003.9,806910,3020.2,3042.6,2982.0,3005.2,2423376664.8,3782.67,2183.67,996732662909.66,2026-07-30 16:00:29,0,-10.66,-8.49,30-Jul-2025,30-Jun-2026,20.58783874882028,-37.56199425737405,,,TRENT LIMITED,-0.04,2026-07-30 21:00:51
0,HDFCLIFEEQN,-11.65,HDFCLIFE,EQ,N,545.05,4394541,557.0,558.85,544.7,556.7,2406538542.42,815.0,543.0,588634041770.54,2026-07-30 16:00:29,0,-28.04,-5.35,30-Jul-2025,30-Jun-2026,33.122699386503065,-0.3775322283609576,,,HDFC LIFE INSURANCE COMPANY LIMITED,-2.09,2026-07-30 21:00:51
0,APOLLOHOSPEQN,24.0,APOLLOHOSP,EQ,N,8959.0,263013,8900.0,9009.0,8865.5,8935.0,2359053021.42,9009.0,6696.5,919392943478.69,2026-07-30 16:00:29,0,20.26,3.19,30-Jul-2025,30-Jun-2026,0.555000555000555,-33.78630627939969,,,APOLLO HOSPITALS ENTERPRISE LIMITED,0.27,2026-07-30 21:00:51
0,POWERGRIDEQN,2.5,POWERGRID,EQ,N,285.35,7903593,283.4,287.1,283.0,282.85,2254974118.83,324.95,250.0,1288609092539.81,2026-07-30 16:00:29,0,-1.25,-0.33,30-Jul-2025,30-Jun-2026,12.186490229266042,-14.14,,,POWER GRID CORPORATION OF INDIA LIMITED,0.88,2026-07-30 21:00:51
0,TMPVEQN,5.1,TMPV,EQ,N,334.9,6078600,328.2,335.0,328.05,329.8,2019797208.0,739.7,294.3,697961149137.43,2026-07-30 16:00:29,0,-49.9,-4.91,30-Jul-2025,30-Jun-2026,54.72488846829796,-13.795446822969758,,,TATA MOTORS PASSENGER VEHICLES LIMITED,1.55,2026-07-30 21:00:51
0,TATACONSUMEQN,-1.1,TATACONSUM,EQ,N,1095.0,1677784,1096.1,1108.9,1090.4,1096.1,1841636385.44,1282.7,1007.2,711099193573.79,2026-07-30 16:00:29,0,2.04,1.8,30-Jul-2025,30-Jun-2026,14.63319560302487,-8.717235901509135,,,TATA CONSUMER PRODUCTS LIMITED,-0.1,2026-07-30 21:00:51
0,MAXHEALTHEQN,12.6,MAXHEALTH,EQ,N,1124.0,1610692,1112.0,1135.9,1110.3,1111.4,1813574764.32,1301.7,903.0,834207449679.87,2026-07-30 16:00:29,0,-11.12,-0.46,30-Jul-2025,30-Jun-2026,13.65137896596758,-24.473975636766333,,,MAX HEALTHCARE INSTITUTE LIMITED,1.13,2026-07-30 21:00:51
0,DRREDDYEQN,2.0,DRREDDY,EQ,N,1144.3,1350714,1143.0,1151.0,1139.0,1142.3,1544257809.06,1414.9,1101.0,695598263003.41,2026-07-30 16:00:29,0,-11.44,-15.68,30-Jul-2025,30-Jun-2026,19.125026503639834,-3.932788374205268,,,DR. REDDY'S LABORATORIES LIMITED,0.18,2026-07-30 21:00:51
0,BAJAJFINSVEQN,-15.4,BAJAJFINSV,EQ,N,1909.0,752615,1918.3,1933.4,1892.3,1924.4,1435951789.25,2195.0,1597.0,1102070234202.81,2026-07-30 16:00:29,0,-2.59,7.24,30-Jul-2025,30-Jun-2026,13.029612756264237,-19.536631183469005,,,BAJAJ FINSERV LIMITED,-0.8,2026-07-30 21:00:51
0,CIPLAEQN,-6.3,CIPLA,EQ,N,1468.0,833068,1478.8,1483.8,1464.1,1474.3,1226700960.68,1673.0,1165.7,823709433326.43,2026-07-30 16:00:29,0,-5.86,0.18,30-Jul-2025,30-Jun-2026,12.253436939629408,-25.93291584455692,,,CIPLA LIMITED,-0.43,2026-07-30 21:00:51
0,JSWSTEELEQN,-8.1,JSWSTEEL,EQ,N,1268.5,923153,1279.1,1304.5,1261.5,1276.6,1171176516.51,1328.0,1018.0,1186453565545.05,2026-07-30 16:00:29,0,22.22,3.43,30-Jul-2025,30-Jun-2026,4.480421686746988,-24.607072691552062,,,JSW STEEL LIMITED,-0.63,2026-07-30 21:00:51
0,GRASIMEQN,-12.9,GRASIM,EQ,N,3100.1,301353,3115.0,3115.5,3085.5,3113.0,933920068.77,3246.0,2502.5,1166435037062.31,2026-07-30 16:00:29,0,12.38,0.0,30-Jul-2025,30-Jun-2026,4.494762784966112,-23.88011988011988,,,GRASIM INDUSTRIES LIMITED,-0.41,2026-07-30 21:00:51
1,NIFTY 50,66.95,NIFTY 50,,,24317.15,400636260,24249.55,24342.95,24187.1,24250.2,335660224755.62,26373.2,22182.55,,2026-07-30 15:39:59,0,-2.16,1.89,29-Jul-2025,29-Jun-2026,7.795982285046942,-9.622879245172443,,,,0.28,2026-07-30 21:01:21
0,HDFCBANKEQN,5.2,HDFCBANK,EQ,N,753.4,35844392,752.8,757.9,745.5,748.2,26916270840.64,1020.5,726.65,11507952979097.49,2026-07-30 16:00:29,0,-25.62,-5.58,30-Jul-2025,30-Jun-2026,26.1734443900049,-3.6812770935113193,,,HDFC BANK LIMITED,0.7,2026-07-30 21:01:21
0,INFYEQN,-0.6,INFY,EQ,N,1155.0,22630218,1168.0,1187.7,1151.3,1155.6,26545698318.36,1728.0,982.4,4040155038730.84,2026-07-30 16:00:29,0,-23.96,15.45,30-Jul-2025,30-Jun-2026,33.15972222222222,-17.569218241042346,,,INFOSYS LIMITED,-0.05,2026-07-30 21:01:21
0,ICICIBANKEQN,-7.9,ICICIBANK,EQ,N,1430.0,14141173,1431.1,1442.2,1422.6,1437.9,20232907504.94,1494.5,1187.6,10218404351568.66,2026-07-30 16:00:29,0,-3.53,3.98,30-Jul-2025,30-Jun-2026,4.315824690531951,-20.410912765240823,,,ICICI BANK LIMITED,-0.55,2026-07-30 21:01:21
0,M&MEQN,72.8,M&M,EQ,N,3294.6,4851980,3220.0,3327.0,3197.5,3221.8,15866023119.8,3839.9,2896.0,2933123350768.73,2026-07-30 16:00:29,0,2.67,7.36,30-Jul-2025,30-Jun-2026,14.200890648193964,-13.763812154696133,,,MAHINDRA & MAHINDRA LIMITED,2.26,2026-07-30 21:01:21
0,RELIANCEEQN,13.5,RELIANCE,EQ,N,1289.4,12158451,1279.8,1297.0,1275.3,1275.9,15689386754.91,1611.8,1249.8,8686354311529.18,2026-07-30 16:00:29,0,-8.56,-0.35,30-Jul-2025,30-Jun-2026,20.002481697481077,-3.168506961113778,,,RELIANCE INDUSTRIES LIMITED,1.06,2026-07-30 21:01:21
0,TCSEQN,-12.6,TCS,EQ,N,2434.0,4901582,2440.0,2495.0,2423.0,2446.6,12055686008.1,3350.0,1976.8,2478110387443.66,2026-07-30 16:00:29,0,-20.29,19.81,30-Jul-2025,30-Jun-2026,27.34328358208955,-23.128288142452448,,,TATA CONSULTANCY SERVICES LIMITED,-0.52,2026-07-30 21:01:21
0,EICHERMOTEQN,130.0,EICHERMOT,EQ,N,7909.0,1496307,7869.5,7930.0,7730.0,7779.0,11742478665.48,8230.0,5353.0,1086933343021.75,2026-07-30 16:00:29,0,44.3,11.81,30-Jul-2025,30-Jun-2026,3.9003645200486026,-47.748925835979826,,,EICHER MOTORS LIMITED,1.67,2026-07-30 21:01:21
0,BHARTIARTLEQN,-3.6,BHARTIARTL,EQ,N,1946.6,5356472,1954.0,1963.2,1943.9,1950.2,10462475369.28,2174.5,1740.5,6044959384312.81,2026-07-30 16:00:29,0,0.72,5.11,30-Jul-2025,30-Jun-2026,10.48057024603357,-11.841424877908647,,,BHARTI AIRTEL LIMITED,-0.18,2026-07-30 21:01:21
0,BAJFINANCEEQN,3.6,BAJFINANCE,EQ,N,1058.0,9866564,1046.0,1068.0,1035.1,1054.4,10348150988.84,1102.5,787.9,2827745664588.37,2026-07-30 16:00:29,0,19.57,5.3,30-Jul-2025,30-Jun-2026,4.036281179138322,-34.28100012691966,,,BAJAJ FINANCE LIMITED,0.34,2026-07-30 21:01:21
0,WIPROEQN,2.8,WIPRO,EQ,N,186.41,54015268,183.4,191.34,183.4,183.61,10162972674.2,273.1,169.0,502918719962.09,2026-07-30 16:00:29,0,-25.5,9.4,30-Jul-2025,30-Jun-2026,31.74295129989015,-10.301775147928995,,,WIPRO LIMITED,1.52,2026-07-30 21:01:21
0,ETERNALEQN,-1.75,ETERNAL,EQ,N,310.05,32431887,307.0,312.25,305.0,311.8,9972480933.63,368.45,212.6,2235244736574.58,2026-07-30 16:00:29,0,2.17,17.18,30-Jul-2025,30-Jun-2026,15.850183199891438,-45.83725305738476,,,ETERNAL LIMITED,-0.56,2026-07-30 21:01:21
0,COALINDIAEQN,7.35,COALINDIA,EQ,N,417.4,23225454,412.95,418.3,410.1,410.05,9640653700.86,491.25,368.65,997004023159.33,2026-07-30 16:00:29,0,9.87,-4.93,30-Jul-2025,30-Jun-2026,15.033078880407125,-13.223925132239252,,,COAL INDIA LIMITED,1.79,2026-07-30 21:01:21
0,ADANIPORTSEQN,-58.2,ADANIPORTS,EQ,N,1661.5,5395211,1726.7,1727.7,1658.4,1719.7,9016638479.53,1891.1,1290.5,1222323805848.08,2026-07-30 16:00:29,0,19.19,-8.21,30-Jul-2025,30-Jun-2026,12.141081909999471,-28.748547074777218,,,ADANI PORTS AND SPECIAL ECONOMIC ZONE LIMITED,-3.38,2026-07-30 21:01:21
0,MARUTIEQN,232.0,MARUTI,EQ,N,14180.0,626000,13939.0,14250.0,13825.0,13948.0,8763230020.0,17370.0,12201.0,1844681206163.64,2026-07-30 16:00:29,0,12.38,0.46,30-Jul-2025,30-Jun-2026,18.364997121473806,-16.21998196869109,,,MARUTI SUZUKI INDIA LIMITED,1.66,2026-07-30 21:01:21
0,AXISBANKEQN,-4.6,AXISBANK,EQ,N,1230.8,6878684,1229.0,1232.2,1220.2,1235.4,8429689668.32,1418.3,1042.5,3525636537742.45,2026-07-30 16:00:29,0,14.67,-8.54,30-Jul-2025,30-Jun-2026,13.220052175139251,-18.062350119904078,,,AXIS BANK LIMITED,-0.37,2026-07-30 21:01:21
0,LTEQN,9.1,LT,EQ,N,3940.5,2141252,3931.4,3951.7,3883.5,3931.4,8412872045.4,4440.0,3288.1,4599211741518.72,2026-07-30 16:00:29,0,7.51,-4.9,30-Jul-2025,30-Jun-2026,11.25,-19.841245704206077,,,LARSEN & TOUBRO LIMITED,0.23,2026-07-30 21:01:21
0,SBINEQN,10.3,SBIN,EQ,N,1024.0,6847458,1013.5,1028.3,1007.6,1013.7,6986940719.46,1234.7,786.55,4220811397058.94,2026-07-30 16:00:29,0,27.74,-0.28,30-Jul-2025,30-Jun-2026,17.064874058475745,-30.188799186320004,,,STATE BANK OF INDIA,1.02,2026-07-30 21:01:21
0,TECHMEQN,17.2,TECHM,EQ,N,1661.4,4167643,1649.0,1686.6,1638.1,1644.2,6976926117.01,1854.0,1304.1,1052212537214.25,2026-07-30 16:00:29,0,13.55,18.27,30-Jul-2025,30-Jun-2026,10.388349514563107,-27.398205659075224,,,TECH MAHINDRA LIMITED,1.05,2026-07-30 21:01:21
0,ASIANPAINTEQN,-8.4,ASIANPAINT,EQ,N,2750.0,2387024,2758.1,2767.9,2666.2,2758.4,6501966933.12,2985.7,2115.0,1240145623693.76,2026-07-30 16:00:29,0,13.83,4.34,30-Jul-2025,30-Jun-2026,7.894296144957631,-30.023640661938533,,,ASIAN PAINTS LIMITED,-0.3,2026-07-30 21:01:21
0,BELEQN,-2.8,BEL,EQ,N,384.75,16521484,386.0,387.5,382.7,387.55,6356310539.32,473.45,361.2,1374204727253.93,2026-07-30 16:00:29,0,-0.45,-6.57,30-Jul-2025,30-Jun-2026,18.734818882669764,-6.519933554817276,,,BHARAT ELECTRONICS LIMITED,-0.72,2026-07-30 21:01:21
0,NESTLEINDEQN,15.7,NESTLEIND,EQ,N,1519.0,3698063,1503.3,1532.6,1497.0,1503.3,5624568919.85,1532.6,1084.7,1086093281065.1,2026-07-30 16:00:29,0,36.14,8.1,30-Jul-2025,30-Jun-2026,0.8873809213101919,-40.03872038351618,,,NESTLE INDIA LIMITED,1.04,2026-07-30 21:01:21
0,SHRIRAMFINEQN,-15.7,SHRIRAMFIN,EQ,N,1029.0,5425880,1038.0,1051.0,1019.5,1044.7,5574711888.4,1108.0,566.5,1437137311112.52,2026-07-30 16:00:29,0,62.61,-1.26,30-Jul-2025,30-Jun-2026,7.129963898916968,-81.64165931156222,,,SHRIRAM FINANCE LIMITED,-1.5,2026-07-30 21:01:21
0,HINDUNILVREQN,-10.8,HINDUNILVR,EQ,N,2107.0,2602039,2120.0,2132.6,2088.0,2117.8,5478124747.48,2750.0,2016.0,1864069949678.92,2026-07-30 16:00:29,0,-13.56,-0.53,30-Jul-2025,30-Jun-2026,23.381818181818183,-4.513888888888889,,,HINDUSTAN UNILEVER LIMITED,-0.51,2026-07-30 21:01:21
0,ITCEQN,-0.7,ITC,EQ,N,285.55,18283697,286.1,288.4,283.75,286.25,5224200743.81,427.0,275.0,2744908844595.67,2026-07-30 16:00:29,0,-29.94,-0.49,30-Jul-2025,30-Jun-2026,33.12646370023419,-3.8363636363636364,,,ITC LIMITED,-0.24,2026-07-30 21:01:21
0,HCLTECHEQN,7.2,HCLTECH,EQ,N,1351.5,3747919,1349.0,1369.9,1345.6,1344.3,5097507152.71,1780.1,1030.0,1420880972267.0,2026-07-30 16:00:29,0,-8.47,26.1,30-Jul-2025,30-Jun-2026,24.077299028144488,-31.21359223300971,,,HCL TECHNOLOGIES LIMITED,0.54,2026-07-30 21:01:21
0,KOTAKBANKEQN,-2.6,KOTAKBANK,EQ,N,387.6,12205963,385.7,390.2,385.7,390.2,4742993102.54,453.2,345.5,2845977112500.26,2026-07-30 16:00:29,0,-1.11,-1.19,30-Jul-2025,30-Jun-2026,14.474845542806708,-12.185238784370478,,,KOTAK MAHINDRA BANK LIMITED,-0.67,2026-07-30 21:01:21
0,SUNPHARMAEQN,15.1,SUNPHARMA,EQ,N,2005.0,2224264,1993.1,2017.3,1988.0,1989.9,4464453730.24,2017.3,1548.0,2117111838529.49,2026-07-30 16:00:29,0,15.64,7.65,30-Jul-2025,30-Jun-2026,0.6097258712139989,-29.521963824289404,,,SUN PHARMACEUTICAL INDUSTRIES LIMITED,0.76,2026-07-30 21:01:21
0,HINDALCOEQN,7.05,HINDALCO,EQ,N,969.5,4259226,968.0,973.05,960.6,962.45,4118969687.82,1176.0,657.5,1399812364334.5,2026-07-30 16:00:29,0,40.75,1.35,30-Jul-2025,30-Jun-2026,17.55952380952381,-47.452471482889734,,,HINDALCO INDUSTRIES LIMITED,0.73,2026-07-30 21:01:21
0,ADANIENTEQN,25.5,ADANIENT,EQ,N,3050.0,1278332,3024.5,3060.9,2994.6,3024.5,3882677783.6,3245.0,1753.0,913098756508.21,2026-07-30 16:00:29,0,24.03,0.46,30-Jul-2025,30-Jun-2026,6.00924499229584,-73.9874500855676,,,ADANI ENTERPRISES LIMITED,0.84,2026-07-30 21:01:21
0,JIOFINEQN,-2.81,JIOFIN,EQ,N,246.67,15570324,248.75,249.9,245.1,249.48,3842755963.2,338.6,223.3,807083544996.55,2026-07-30 16:00:29,0,-22.99,4.33,30-Jul-2025,30-Jun-2026,27.15002953337271,-10.465741155396328,,,JIO FINANCIAL SERVICES LIMITED,-1.13,2026-07-30 21:01:21
0,TITANEQN,-6.3,TITAN,EQ,N,4843.9,777361,4820.9,4869.9,4820.9,4850.2,3767503407.33,4869.9,3303.1,1994286097671.63,2026-07-30 16:00:29,0,43.46,9.99,30-Jul-2025,30-Jun-2026,0.533891866362759,-46.64708909811995,,,TITAN COMPANY LIMITED,-0.13,2026-07-30 21:01:21
0,ULTRACEMCOEQN,92.0,ULTRACEMCO,EQ,N,11850.0,291418,11800.0,11861.0,11730.0,11998.0,3440801467.8,13110.0,10325.0,1398368106960.24,2026-07-30 16:00:29,0,-3.41,5.31,30-Jul-2025,30-Jun-2026,9.610983981693364,-14.76997578692494,,,ULTRATECH CEMENT LIMITED,0.78,2026-07-30 21:01:21
0,NTPCEQN,1.65,NTPC,EQ,N,345.15,9943764,343.5,347.65,341.85,343.5,3429504765.96,414.4,315.55,1631724403926.03,2026-07-30 16:00:29,0,1.87,-3.22,30-Jul-2025,30-Jun-2026,16.710907335907336,-9.380446838852796,,,NTPC LIMITED,0.48,2026-07-30 21:01:21
0,BAJAJ-AUTOEQN,107.0,BAJAJ-AUTO,EQ,N,11445.0,295600,11338.0,11525.0,11305.5,11338.0,3383889868.0,11532.0,7858.5,1264023467645.08,2026-07-30 16:00:29,0,42.29,17.8,30-Jul-2025,30-Jun-2026,0.7544224765868887,-45.63848062607368,,,BAJAJ AUTO LIMITED,0.94,2026-07-30 21:01:21
0,INDIGOEQN,-58.5,INDIGO,EQ,N,5218.0,549497,5210.0,5258.0,5194.0,5276.5,2872643931.69,6232.5,3895.2,1177843830371.66,2026-07-30 16:00:29,0,-9.09,-2.8,30-Jul-2025,30-Jun-2026,16.277577216205376,-33.95974532758267,,,INTERGLOBE AVIATION LIMITED,-1.11,2026-07-30 21:01:21
0,SBILIFEEQN,-27.8,SBILIFE,EQ,N,1867.1,1513264,1882.2,1910.0,1862.6,1894.9,2858843216.16,2132.0,1700.4,836655989360.71,2026-07-30 16:00:29,0,1.52,5.74,30-Jul-2025,30-Jun-2026,12.424953095684803,-9.803575629263703,,,SBI LIFE INSURANCE COMPANY LIMITED,-1.47,2026-07-30 21:01:21
0,ONGCEQN,2.99,ONGC,EQ,N,241.3,11419363,239.5,244.39,239.06,238.31,2768624559.35,307.5,227.65,934707283642.2,2026-07-30 16:00:29,0,-0.21,2.72,30-Jul-2025,30-Jun-2026,21.528455284552845,-5.996046562705908,,,OIL & NATURAL GAS CORPORATION LIMITED,1.25,2026-07-30 21:01:21
0,TATASTEELEQN,-0.28,TATASTEEL,EQ,N,186.99,13769746,188.01,188.99,186.1,187.27,2576732568.98,224.4,152.51,1541351160652.42,2026-07-30 16:00:29,0,15.88,-0.57,30-Jul-2025,30-Jun-2026,16.671122994652407,-22.60835355058685,,,TATA STEEL LIMITED,-0.15,2026-07-30 21:01:21
0,TRENTEQN,-1.3,TRENT,EQ,N,3003.9,806910,3020.2,3042.6,2982.0,3005.2,2423376664.8,3782.67,2183.67,996732662909.66,2026-07-30 16:00:29,0,-10.66,-8.49,30-Jul-2025,30-Jun-2026,20.58783874882028,-37.56199425737405,,,TRENT LIMITED,-0.04,2026-07-30 21:01:21
0,HDFCLIFEEQN,-11.65,HDFCLIFE,EQ,N,545.05,4394541,557.0,558.85,544.7,556.7,2406538542.42,815.0,543.0,588634041770.54,2026-07-30 16:00:29,0,-28.04,-5.35,30-Jul-2025,30-Jun-2026,33.122699386503065,-0.3775322283609576,,,HDFC LIFE INSURANCE COMPANY LIMITED,-2.09,2026-07-30 21:01:21
0,APOLLOHOSPEQN,24.0,APOLLOHOSP,EQ,N,8959.0,263013,8900.0,9009.0,8865.5,8935.0,2359053021.42,9009.0,6696.5,919392943478.69,2026-07-30 16:00:29,0,20.26,3.19,30-Jul-2025,30-Jun-2026,0.555000555000555,-33.78630627939969,,,APOLLO HOSPITALS ENTERPRISE LIMITED,0.27,2026-07-30 21:01:21
0,POWERGRIDEQN,2.5,POWERGRID,EQ,N,285.35,7903593,283.4,287.1,283.0,282.85,2254974118.83,324.95,250.0,1288609092539.81,2026-07-30 16:00:29,0,-1.25,-0.33,30-Jul-2025,30-Jun-2026,12.186490229266042,-14.14,,,POWER GRID CORPORATION OF INDIA LIMITED,0.88,2026-07-30 21:01:21
0,TMPVEQN,5.1,TMPV,EQ,N,334.9,6078600,328.2,335.0,328.05,329.8,2019797208.0,739.7,294.3,697961149137.43,2026-07-30 16:00:29,0,-49.9,-4.91,30-Jul-2025,30-Jun-2026,54.72488846829796,-13.795446822969758,,,TATA MOTORS PASSENGER VEHICLES LIMITED,1.55,2026-07-30 21:01:21
0,TATACONSUMEQN,-1.1,TATACONSUM,EQ,N,1095.0,1677784,1096.1,1108.9,1090.4,1096.1,1841636385.44,1282.7,1007.2,711099193573.79,2026-07-30 16:00:29,0,2.04,1.8,30-Jul-2025,30-Jun-2026,14.63319560302487,-8.717235901509135,,,TATA CONSUMER PRODUCTS LIMITED,-0.1,2026-07-30 21:01:21
0,MAXHEALTHEQN,12.6,MAXHEALTH,EQ,N,1124.0,1610692,1112.0,1135.9,1110.3,1111.4,1813574764.32,1301.7,903.0,834207449679.87,2026-07-30 16:00:29,0,-11.12,-0.46,30-Jul-2025,30-Jun-2026,13.65137896596758,-24.473975636766333,,,MAX HEALTHCARE INSTITUTE LIMITED,1.13,2026-07-30 21:01:21
0,DRREDDYEQN,2.0,DRREDDY,EQ,N,1144.3,1350714,1143.0,1151.0,1139.0,1142.3,1544257809.06,1414.9,1101.0,695598263003.41,2026-07-30 16:00:29,0,-11.44,-15.68,30-Jul-2025,30-Jun-2026,19.125026503639834,-3.932788374205268,,,DR. REDDY'S LABORATORIES LIMITED,0.18,2026-07-30 21:01:21
0,BAJAJFINSVEQN,-15.4,BAJAJFINSV,EQ,N,1909.0,752615,1918.3,1933.4,1892.3,1924.4,1435951789.25,2195.0,1597.0,1102070234202.81,2026-07-30 16:00:29,0,-2.59,7.24,30-Jul-2025,30-Jun-2026,13.029612756264237,-19.536631183469005,,,BAJAJ FINSERV LIMITED,-0.8,2026-07-30 21:01:21
0,CIPLAEQN,-6.3,CIPLA,EQ,N,1468.0,833068,1478.8,1483.8,1464.1,1474.3,1226700960.68,1673.0,1165.7,823709433326.43,2026-07-30 16:00:29,0,-5.86,0.18,30-Jul-2025,30-Jun-2026,12.253436939629408,-25.93291584455692,,,CIPLA LIMITED,-0.43,2026-07-30 21:01:21
0,JSWSTEELEQN,-8.1,JSWSTEEL,EQ,N,1268.5,923153,1279.1,1304.5,1261.5,1276.6,1171176516.51,1328.0,1018.0,1186453565545.05,2026-07-30 16:00:29,0,22.22,3.43,30-Jul-2025,30-Jun-2026,4.480421686746988,-24.607072691552062,,,JSW STEEL LIMITED,-0.63,2026-07-30 21:01:21
0,GRASIMEQN,-12.9,GRASIM,EQ,N,3100.1,301353,3115.0,3115.5,3085.5,3113.0,933920068.77,3246.0,2502.5,1166435037062.31,2026-07-30 16:00:29,0,12.38,0.0,30-Jul-2025,30-Jun-2026,4.494762784966112,-23.88011988011988,,,GRASIM INDUSTRIES LIMITED,-0.41,2026-07-30 21:01:21
1,NIFTY 50,66.95,NIFTY 50,,,24317.15,400636260,24249.55,24342.95,24187.1,24250.2,335660224755.62,26373.2,22182.55,,2026-07-30 15:39:59,0,-2.16,1.89,29-Jul-2025,29-Jun-2026,7.795982285046942,-9.622879245172443,,,,0.28,2026-07-30 21:02:02
0,HDFCBANKEQN,5.2,HDFCBANK,EQ,N,753.4,35844392,752.8,757.9,745.5,748.2,26916270840.64,1020.5,726.65,11507952979097.49,2026-07-30 16:00:29,0,-25.62,-5.58,30-Jul-2025,30-Jun-2026,26.1734443900049,-3.6812770935113193,,,HDFC BANK LIMITED,0.7,2026-07-30 21:02:02
0,INFYEQN,-0.6,INFY,EQ,N,1155.0,22630218,1168.0,1187.7,1151.3,1155.6,26545698318.36,1728.0,982.4,4040155038730.84,2026-07-30 16:00:29,0,-23.96,15.45,30-Jul-2025,30-Jun-2026,33.15972222222222,-17.569218241042346,,,INFOSYS LIMITED,-0.05,2026-07-30 21:02:02
0,ICICIBANKEQN,-7.9,ICICIBANK,EQ,N,1430.0,14141173,1431.1,1442.2,1422.6,1437.9,20232907504.94,1494.5,1187.6,10218404351568.66,2026-07-30 16:00:29,0,-3.53,3.98,30-Jul-2025,30-Jun-2026,4.315824690531951,-20.410912765240823,,,ICICI BANK LIMITED,-0.55,2026-07-30 21:02:02
0,M&MEQN,72.8,M&M,EQ,N,3294.6,4851980,3220.0,3327.0,3197.5,3221.8,15866023119.8,3839.9,2896.0,2933123350768.73,2026-07-30 16:00:29,0,2.67,7.36,30-Jul-2025,30-Jun-2026,14.200890648193964,-13.763812154696133,,,MAHINDRA & MAHINDRA LIMITED,2.26,2026-07-30 21:02:02
0,RELIANCEEQN,13.5,RELIANCE,EQ,N,1289.4,12158451,1279.8,1297.0,1275.3,1275.9,15689386754.91,1611.8,1249.8,8686354311529.18,2026-07-30 16:00:29,0,-8.56,-0.35,30-Jul-2025,30-Jun-2026,20.002481697481077,-3.168506961113778,,,RELIANCE INDUSTRIES LIMITED,1.06,2026-07-30 21:02:02
0,TCSEQN,-12.6,TCS,EQ,N,2434.0,4901582,2440.0,2495.0,2423.0,2446.6,12055686008.1,3350.0,1976.8,2478110387443.66,2026-07-30 16:00:29,0,-20.29,19.81,30-Jul-2025,30-Jun-2026,27.34328358208955,-23.128288142452448,,,TATA CONSULTANCY SERVICES LIMITED,-0.52,2026-07-30 21:02:02
0,EICHERMOTEQN,130.0,EICHERMOT,EQ,N,7909.0,1496307,7869.5,7930.0,7730.0,7779.0,11742478665.48,8230.0,5353.0,1086933343021.75,2026-07-30 16:00:29,0,44.3,11.81,30-Jul-2025,30-Jun-2026,3.9003645200486026,-47.748925835979826,,,EICHER MOTORS LIMITED,1.67,2026-07-30 21:02:02
0,BHARTIARTLEQN,-3.6,BHARTIARTL,EQ,N,1946.6,5356472,1954.0,1963.2,1943.9,1950.2,10462475369.28,2174.5,1740.5,6044959384312.81,2026-07-30 16:00:29,0,0.72,5.11,30-Jul-2025,30-Jun-2026,10.48057024603357,-11.841424877908647,,,BHARTI AIRTEL LIMITED,-0.18,2026-07-30 21:02:02
0,BAJFINANCEEQN,3.6,BAJFINANCE,EQ,N,1058.0,9866564,1046.0,1068.0,1035.1,1054.4,10348150988.84,1102.5,787.9,2827745664588.37,2026-07-30 16:00:29,0,19.57,5.3,30-Jul-2025,30-Jun-2026,4.036281179138322,-34.28100012691966,,,BAJAJ FINANCE LIMITED,0.34,2026-07-30 21:02:02
0,WIPROEQN,2.8,WIPRO,EQ,N,186.41,54015268,183.4,191.34,183.4,183.61,10162972674.2,273.1,169.0,502918719962.09,2026-07-30 16:00:29,0,-25.5,9.4,30-Jul-2025,30-Jun-2026,31.74295129989015,-10.301775147928995,,,WIPRO LIMITED,1.52,2026-07-30 21:02:02
0,ETERNALEQN,-1.75,ETERNAL,EQ,N,310.05,32431887,307.0,312.25,305.0,311.8,9972480933.63,368.45,212.6,2235244736574.58,2026-07-30 16:00:29,0,2.17,17.18,30-Jul-2025,30-Jun-2026,15.850183199891438,-45.83725305738476,,,ETERNAL LIMITED,-0.56,2026-07-30 21:02:02
0,COALINDIAEQN,7.35,COALINDIA,EQ,N,417.4,23225454,412.95,418.3,410.1,410.05,9640653700.86,491.25,368.65,997004023159.33,2026-07-30 16:00:29,0,9.87,-4.93,30-Jul-2025,30-Jun-2026,15.033078880407125,-13.223925132239252,,,COAL INDIA LIMITED,1.79,2026-07-30 21:02:02
0,ADANIPORTSEQN,-58.2,ADANIPORTS,EQ,N,1661.5,5395211,1726.7,1727.7,1658.4,1719.7,9016638479.53,1891.1,1290.5,1222323805848.08,2026-07-30 16:00:29,0,19.19,-8.21,30-Jul-2025,30-Jun-2026,12.141081909999471,-28.748547074777218,,,ADANI PORTS AND SPECIAL ECONOMIC ZONE LIMITED,-3.38,2026-07-30 21:02:02
0,MARUTIEQN,232.0,MARUTI,EQ,N,14180.0,626000,13939.0,14250.0,13825.0,13948.0,8763230020.0,17370.0,12201.0,1844681206163.64,2026-07-30 16:00:29,0,12.38,0.46,30-Jul-2025,30-Jun-2026,18.364997121473806,-16.21998196869109,,,MARUTI SUZUKI INDIA LIMITED,1.66,2026-07-30 21:02:02
0,AXISBANKEQN,-4.6,AXISBANK,EQ,N,1230.8,6878684,1229.0,1232.2,1220.2,1235.4,8429689668.32,1418.3,1042.5,3525636537742.45,2026-07-30 16:00:29,0,14.67,-8.54,30-Jul-2025,30-Jun-2026,13.220052175139251,-18.062350119904078,,,AXIS BANK LIMITED,-0.37,2026-07-30 21:02:02
0,LTEQN,9.1,LT,EQ,N,3940.5,2141252,3931.4,3951.7,3883.5,3931.4,8412872045.4,4440.0,3288.1,4599211741518.72,2026-07-30 16:00:29,0,7.51,-4.9,30-Jul-2025,30-Jun-2026,11.25,-19.841245704206077,,,LARSEN & TOUBRO LIMITED,0.23,2026-07-30 21:02:02
0,SBINEQN,10.3,SBIN,EQ,N,1024.0,6847458,1013.5,1028.3,1007.6,1013.7,6986940719.46,1234.7,786.55,4220811397058.94,2026-07-30 16:00:29,0,27.74,-0.28,30-Jul-2025,30-Jun-2026,17.064874058475745,-30.188799186320004,,,STATE BANK OF INDIA,1.02,2026-07-30 21:02:02
0,TECHMEQN,17.2,TECHM,EQ,N,1661.4,4167643,1649.0,1686.6,1638.1,1644.2,6976926117.01,1854.0,1304.1,1052212537214.25,2026-07-30 16:00:29,0,13.55,18.27,30-Jul-2025,30-Jun-2026,10.388349514563107,-27.398205659075224,,,TECH MAHINDRA LIMITED,1.05,2026-07-30 21:02:02
0,ASIANPAINTEQN,-8.4,ASIANPAINT,EQ,N,2750.0,2387024,2758.1,2767.9,2666.2,2758.4,6501966933.12,2985.7,2115.0,1240145623693.76,2026-07-30 16:00:29,0,13.83,4.34,30-Jul-2025,30-Jun-2026,7.894296144957631,-30.023640661938533,,,ASIAN PAINTS LIMITED,-0.3,2026-07-30 21:02:02
0,BELEQN,-2.8,BEL,EQ,N,384.75,16521484,386.0,387.5,382.7,387.55,6356310539.32,473.45,361.2,1374204727253.93,2026-07-30 16:00:29,0,-0.45,-6.57,30-Jul-2025,30-Jun-2026,18.734818882669764,-6.519933554817276,,,BHARAT ELECTRONICS LIMITED,-0.72,2026-07-30 21:02:02
0,NESTLEINDEQN,15.7,NESTLEIND,EQ,N,1519.0,3698063,1503.3,1532.6,1497.0,1503.3,5624568919.85,1532.6,1084.7,1086093281065.1,2026-07-30 16:00:29,0,36.14,8.1,30-Jul-2025,30-Jun-2026,0.8873809213101919,-40.03872038351618,,,NESTLE INDIA LIMITED,1.04,2026-07-30 21:02:02
0,SHRIRAMFINEQN,-15.7,SHRIRAMFIN,EQ,N,1029.0,5425880,1038.0,1051.0,1019.5,1044.7,5574711888.4,1108.0,566.5,1437137311112.52,2026-07-30 16:00:29,0,62.61,-1.26,30-Jul-2025,30-Jun-2026,7.129963898916968,-81.64165931156222,,,SHRIRAM FINANCE LIMITED,-1.5,2026-07-30 21:02:02
0,HINDUNILVREQN,-10.8,HINDUNILVR,EQ,N,2107.0,2602039,2120.0,2132.6,2088.0,2117.8,5478124747.48,2750.0,2016.0,1864069949678.92,2026-07-30 16:00:29,0,-13.56,-0.53,30-Jul-2025,30-Jun-2026,23.381818181818183,-4.513888888888889,,,HINDUSTAN UNILEVER LIMITED,-0.51,2026-07-30 21:02:02
0,ITCEQN,-0.7,ITC,EQ,N,285.55,18283697,286.1,288.4,283.75,286.25,5224200743.81,427.0,275.0,2744908844595.67,2026-07-30 16:00:29,0,-29.94,-0.49,30-Jul-2025,30-Jun-2026,33.12646370023419,-3.8363636363636364,,,ITC LIMITED,-0.24,2026-07-30 21:02:02
0,HCLTECHEQN,7.2,HCLTECH,EQ,N,1351.5,3747919,1349.0,1369.9,1345.6,1344.3,5097507152.71,1780.1,1030.0,1420880972267.0,2026-07-30 16:00:29,0,-8.47,26.1,30-Jul-2025,30-Jun-2026,24.077299028144488,-31.21359223300971,,,HCL TECHNOLOGIES LIMITED,0.54,2026-07-30 21:02:02
0,KOTAKBANKEQN,-2.6,KOTAKBANK,EQ,N,387.6,12205963,385.7,390.2,385.7,390.2,4742993102.54,453.2,345.5,2845977112500.26,2026-07-30 16:00:29,0,-1.11,-1.19,30-Jul-2025,30-Jun-2026,14.474845542806708,-12.185238784370478,,,KOTAK MAHINDRA BANK LIMITED,-0.67,2026-07-30 21:02:02
0,SUNPHARMAEQN,15.1,SUNPHARMA,EQ,N,2005.0,2224264,1993.1,2017.3,1988.0,1989.9,4464453730.24,2017.3,1548.0,2117111838529.49,2026-07-30 16:00:29,0,15.64,7.65,30-Jul-2025,30-Jun-2026,0.6097258712139989,-29.521963824289404,,,SUN PHARMACEUTICAL INDUSTRIES LIMITED,0.76,2026-07-30 21:02:02
0,HINDALCOEQN,7.05,HINDALCO,EQ,N,969.5,4259226,968.0,973.05,960.6,962.45,4118969687.82,1176.0,657.5,1399812364334.5,2026-07-30 16:00:29,0,40.75,1.35,30-Jul-2025,30-Jun-2026,17.55952380952381,-47.452471482889734,,,HINDALCO INDUSTRIES LIMITED,0.73,2026-07-30 21:02:02
0,ADANIENTEQN,25.5,ADANIENT,EQ,N,3050.0,1278332,3024.5,3060.9,2994.6,3024.5,3882677783.6,3245.0,1753.0,913098756508.21,2026-07-30 16:00:29,0,24.03,0.46,30-Jul-2025,30-Jun-2026,6.00924499229584,-73.9874500855676,,,ADANI ENTERPRISES LIMITED,0.84,2026-07-30 21:02:02
0,JIOFINEQN,-2.81,JIOFIN,EQ,N,246.67,15570324,248.75,249.9,245.1,249.48,3842755963.2,338.6,223.3,807083544996.55,2026-07-30 16:00:29,0,-22.99,4.33,30-Jul-2025,30-Jun-2026,27.15002953337271,-10.465741155396328,,,JIO FINANCIAL SERVICES LIMITED,-1.13,2026-07-30 21:02:02
0,TITANEQN,-6.3,TITAN,EQ,N,4843.9,777361,4820.9,4869.9,4820.9,4850.2,3767503407.33,4869.9,3303.1,1994286097671.63,2026-07-30 16:00:29,0,43.46,9.99,30-Jul-2025,30-Jun-2026,0.533891866362759,-46.64708909811995,,,TITAN COMPANY LIMITED,-0.13,2026-07-30 21:02:02
0,ULTRACEMCOEQN,92.0,ULTRACEMCO,EQ,N,11850.0,291418,11800.0,11861.0,11730.0,11998.0,3440801467.8,13110.0,10325.0,1398368106960.24,2026-07-30 16:00:29,0,-3.41,5.31,30-Jul-2025,30-Jun-2026,9.610983981693364,-14.76997578692494,,,ULTRATECH CEMENT LIMITED,0.78,2026-07-30 21:02:02
0,NTPCEQN,1.65,NTPC,EQ,N,345.15,9943764,343.5,347.65,341.85,343.5,3429504765.96,414.4,315.55,1631724403926.03,2026-07-30 16:00:29,0,1.87,-3.22,30-Jul-2025,30-Jun-2026,16.710907335907336,-9.380446838852796,,,NTPC LIMITED,0.48,2026-07-30 21:02:02
0,BAJAJ-AUTOEQN,107.0,BAJAJ-AUTO,EQ,N,11445.0,295600,11338.0,11525.0,11305.5,11338.0,3383889868.0,11532.0,7858.5,1264023467645.08,2026-07-30 16:00:29,0,42.29,17.8,30-Jul-2025,30-Jun-2026,0.7544224765868887,-45.63848062607368,,,BAJAJ AUTO LIMITED,0.94,2026-07-30 21:02:02
0,INDIGOEQN,-58.5,INDIGO,EQ,N,5218.0,549497,5210.0,5258.0,5194.0,5276.5,2872643931.69,6232.5,3895.2,1177843830371.66,2026-07-30 16:00:29,0,-9.09,-2.8,30-Jul-2025,30-Jun-2026,16.277577216205376,-33.95974532758267,,,INTERGLOBE AVIATION LIMITED,-1.11,2026-07-30 21:02:02
0,SBILIFEEQN,-27.8,SBILIFE,EQ,N,1867.1,1513264,1882.2,1910.0,1862.6,1894.9,2858843216.16,2132.0,1700.4,836655989360.71,2026-07-30 16:00:29,0,1.52,5.74,30-Jul-2025,30-Jun-2026,12.424953095684803,-9.803575629263703,,,SBI LIFE INSURANCE COMPANY LIMITED,-1.47,2026-07-30 21:02:02
0,ONGCEQN,2.99,ONGC,EQ,N,241.3,11419363,239.5,244.39,239.06,238.31,2768624559.35,307.5,227.65,934707283642.2,2026-07-30 16:00:29,0,-0.21,2.72,30-Jul-2025,30-Jun-2026,21.528455284552845,-5.996046562705908,,,OIL & NATURAL GAS CORPORATION LIMITED,1.25,2026-07-30 21:02:02
0,TATASTEELEQN,-0.28,TATASTEEL,EQ,N,186.99,13769746,188.01,188.99,186.1,187.27,2576732568.98,224.4,152.51,1541351160652.42,2026-07-30 16:00:29,0,15.88,-0.57,30-Jul-2025,30-Jun-2026,16.671122994652407,-22.60835355058685,,,TATA STEEL LIMITED,-0.15,2026-07-30 21:02:02
0,TRENTEQN,-1.3,TRENT,EQ,N,3003.9,806910,3020.2,3042.6,2982.0,3005.2,2423376664.8,3782.67,2183.67,996732662909.66,2026-07-30 16:00:29,0,-10.66,-8.49,30-Jul-2025,30-Jun-2026,20.58783874882028,-37.56199425737405,,,TRENT LIMITED,-0.04,2026-07-30 21:02:02
0,HDFCLIFEEQN,-11.65,HDFCLIFE,EQ,N,545.05,4394541,557.0,558.85,544.7,556.7,2406538542.42,815.0,543.0,588634041770.54,2026-07-30 16:00:29,0,-28.04,-5.35,30-Jul-2025,30-Jun-2026,33.122699386503065,-0.3775322283609576,,,HDFC LIFE INSURANCE COMPANY LIMITED,-2.09,2026-07-30 21:02:02
0,APOLLOHOSPEQN,24.0,APOLLOHOSP,EQ,N,8959.0,263013,8900.0,9009.0,8865.5,8935.0,2359053021.42,9009.0,6696.5,919392943478.69,2026-07-30 16:00:29,0,20.26,3.19,30-Jul-2025,30-Jun-2026,0.555000555000555,-33.78630627939969,,,APOLLO HOSPITALS ENTERPRISE LIMITED,0.27,2026-07-30 21:02:02
0,POWERGRIDEQN,2.5,POWERGRID,EQ,N,285.35,7903593,283.4,287.1,283.0,282.85,2254974118.83,324.95,250.0,1288609092539.81,2026-07-30 16:00:29,0,-1.25,-0.33,30-Jul-2025,30-Jun-2026,12.186490229266042,-14.14,,,POWER GRID CORPORATION OF INDIA LIMITED,0.88,2026-07-30 21:02:02
0,TMPVEQN,5.1,TMPV,EQ,N,334.9,6078600,328.2,335.0,328.05,329.8,2019797208.0,739.7,294.3,697961149137.43,2026-07-30 16:00:29,0,-49.9,-4.91,30-Jul-2025,30-Jun-2026,54.72488846829796,-13.795446822969758,,,TATA MOTORS PASSENGER VEHICLES LIMITED,1.55,2026-07-30 21:02:02
0,TATACONSUMEQN,-1.1,TATACONSUM,EQ,N,1095.0,1677784,1096.1,1108.9,1090.4,1096.1,1841636385.44,1282.7,1007.2,711099193573.79,2026-07-30 16:00:29,0,2.04,1.8,30-Jul-2025,30-Jun-2026,14.63319560302487,-8.717235901509135,,,TATA CONSUMER PRODUCTS LIMITED,-0.1,2026-07-30 21:02:02
0,MAXHEALTHEQN,12.6,MAXHEALTH,EQ,N,1124.0,1610692,1112.0,1135.9,1110.3,1111.4,1813574764.32,1301.7,903.0,834207449679.87,2026-07-30 16:00:29,0,-11.12,-0.46,30-Jul-2025,30-Jun-2026,13.65137896596758,-24.473975636766333,,,MAX HEALTHCARE INSTITUTE LIMITED,1.13,2026-07-30 21:02:02
0,DRREDDYEQN,2.0,DRREDDY,EQ,N,1144.3,1350714,1143.0,1151.0,1139.0,1142.3,1544257809.06,1414.9,1101.0,695598263003.41,2026-07-30 16:00:29,0,-11.44,-15.68,30-Jul-2025,30-Jun-2026,19.125026503639834,-3.932788374205268,,,DR. REDDY'S LABORATORIES LIMITED,0.18,2026-07-30 21:02:02
0,BAJAJFINSVEQN,-15.4,BAJAJFINSV,EQ,N,1909.0,752615,1918.3,1933.4,1892.3,1924.4,1435951789.25,2195.0,1597.0,1102070234202.81,2026-07-30 16:00:29,0,-2.59,7.24,30-Jul-2025,30-Jun-2026,13.029612756264237,-19.536631183469005,,,BAJAJ FINSERV LIMITED,-0.8,2026-07-30 21:02:02
0,CIPLAEQN,-6.3,CIPLA,EQ,N,1468.0,833068,1478.8,1483.8,1464.1,1474.3,1226700960.68,1673.0,1165.7,823709433326.43,2026-07-30 16:00:29,0,-5.86,0.18,30-Jul-2025,30-Jun-2026,12.253436939629408,-25.93291584455692,,,CIPLA LIMITED,-0.43,2026-07-30 21:02:02
0,JSWSTEELEQN,-8.1,JSWSTEEL,EQ,N,1268.5,923153,1279.1,1304.5,1261.5,1276.6,1171176516.51,1328.0,1018.0,1186453565545.05,2026-07-30 16:00:29,0,22.22,3.43,30-Jul-2025,30-Jun-2026,4.480421686746988,-24.607072691552062,,,JSW STEEL LIMITED,-0.63,2026-07-30 21:02:02
0,GRASIMEQN,-12.9,GRASIM,EQ,N,3100.1,301353,3115.0,3115.5,3085.5,3113.0,933920068.77,3246.0,2502.5,1166435037062.31,2026-07-30 16:00:29,0,12.38,0.0,30-Jul-2025,30-Jun-2026,4.494762784966112,-23.88011988011988,,,GRASIM INDUSTRIES LIMITED,-0.41,2026-07-30 21:02:02
1,NIFTY 50,66.95,NIFTY 50,,,24317.15,400636260,24249.55,24342.95,24187.1,24250.2,335660224755.62,26373.2,22182.55,,2026-07-30 15:39:59,0,-2.16,1.89,29-Jul-2025,29-Jun-2026,7.795982285046942,-9.622879245172443,,,,0.28,2026-07-30 21:02:32
0,HDFCBANKEQN,5.2,HDFCBANK,EQ,N,753.4,35844392,752.8,757.9,745.5,748.2,26916270840.64,1020.5,726.65,11507952979097.49,2026-07-30 16:00:29,0,-25.62,-5.58,30-Jul-2025,30-Jun-2026,26.1734443900049,-3.6812770935113193,,,HDFC BANK LIMITED,0.7,2026-07-30 21:02:32
0,INFYEQN,-0.6,INFY,EQ,N,1155.0,22630218,1168.0,1187.7,1151.3,1155.6,26545698318.36,1728.0,982.4,4040155038730.84,2026-07-30 16:00:29,0,-23.96,15.45,30-Jul-2025,30-Jun-2026,33.15972222222222,-17.569218241042346,,,INFOSYS LIMITED,-0.05,2026-07-30 21:02:32
0,ICICIBANKEQN,-7.9,ICICIBANK,EQ,N,1430.0,14141173,1431.1,1442.2,1422.6,1437.9,20232907504.94,1494.5,1187.6,10218404351568.66,2026-07-30 16:00:29,0,-3.53,3.98,30-Jul-2025,30-Jun-2026,4.315824690531951,-20.410912765240823,,,ICICI BANK LIMITED,-0.55,2026-07-30 21:02:32
0,M&MEQN,72.8,M&M,EQ,N,3294.6,4851980,3220.0,3327.0,3197.5,3221.8,15866023119.8,3839.9,2896.0,2933123350768.73,2026-07-30 16:00:29,0,2.67,7.36,30-Jul-2025,30-Jun-2026,14.200890648193964,-13.763812154696133,,,MAHINDRA & MAHINDRA LIMITED,2.26,2026-07-30 21:02:32
0,RELIANCEEQN,13.5,RELIANCE,EQ,N,1289.4,12158451,1279.8,1297.0,1275.3,1275.9,15689386754.91,1611.8,1249.8,8686354311529.18,2026-07-30 16:00:29,0,-8.56,-0.35,30-Jul-2025,30-Jun-2026,20.002481697481077,-3.168506961113778,,,RELIANCE INDUSTRIES LIMITED,1.06,2026-07-30 21:02:32
0,TCSEQN,-12.6,TCS,EQ,N,2434.0,4901582,2440.0,2495.0,2423.0,2446.6,12055686008.1,3350.0,1976.8,2478110387443.66,2026-07-30 16:00:29,0,-20.29,19.81,30-Jul-2025,30-Jun-2026,27.34328358208955,-23.128288142452448,,,TATA CONSULTANCY SERVICES LIMITED,-0.52,2026-07-30 21:02:32
0,EICHERMOTEQN,130.0,EICHERMOT,EQ,N,7909.0,1496307,7869.5,7930.0,7730.0,7779.0,11742478665.48,8230.0,5353.0,1086933343021.75,2026-07-30 16:00:29,0,44.3,11.81,30-Jul-2025,30-Jun-2026,3.9003645200486026,-47.748925835979826,,,EICHER MOTORS LIMITED,1.67,2026-07-30 21:02:32
0,BHARTIARTLEQN,-3.6,BHARTIARTL,EQ,N,1946.6,5356472,1954.0,1963.2,1943.9,1950.2,10462475369.28,2174.5,1740.5,6044959384312.81,2026-07-30 16:00:29,0,0.72,5.11,30-Jul-2025,30-Jun-2026,10.48057024603357,-11.841424877908647,,,BHARTI AIRTEL LIMITED,-0.18,2026-07-30 21:02:32
0,BAJFINANCEEQN,3.6,BAJFINANCE,EQ,N,1058.0,9866564,1046.0,1068.0,1035.1,1054.4,10348150988.84,1102.5,787.9,2827745664588.37,2026-07-30 16:00:29,0,19.57,5.3,30-Jul-2025,30-Jun-2026,4.036281179138322,-34.28100012691966,,,BAJAJ FINANCE LIMITED,0.34,2026-07-30 21:02:32
0,WIPROEQN,2.8,WIPRO,EQ,N,186.41,54015268,183.4,191.34,183.4,183.61,10162972674.2,273.1,169.0,502918719962.09,2026-07-30 16:00:29,0,-25.5,9.4,30-Jul-2025,30-Jun-2026,31.74295129989015,-10.301775147928995,,,WIPRO LIMITED,1.52,2026-07-30 21:02:32
0,ETERNALEQN,-1.75,ETERNAL,EQ,N,310.05,32431887,307.0,312.25,305.0,311.8,9972480933.63,368.45,212.6,2235244736574.58,2026-07-30 16:00:29,0,2.17,17.18,30-Jul-2025,30-Jun-2026,15.850183199891438,-45.83725305738476,,,ETERNAL LIMITED,-0.56,2026-07-30 21:02:32
0,COALINDIAEQN,7.35,COALINDIA,EQ,N,417.4,23225454,412.95,418.3,410.1,410.05,9640653700.86,491.25,368.65,997004023159.33,2026-07-30 16:00:29,0,9.87,-4.93,30-Jul-2025,30-Jun-2026,15.033078880407125,-13.223925132239252,,,COAL INDIA LIMITED,1.79,2026-07-30 21:02:32
0,ADANIPORTSEQN,-58.2,ADANIPORTS,EQ,N,1661.5,5395211,1726.7,1727.7,1658.4,1719.7,9016638479.53,1891.1,1290.5,1222323805848.08,2026-07-30 16:00:29,0,19.19,-8.21,30-Jul-2025,30-Jun-2026,12.141081909999471,-28.748547074777218,,,ADANI PORTS AND SPECIAL ECONOMIC ZONE LIMITED,-3.38,2026-07-30 21:02:32
0,MARUTIEQN,232.0,MARUTI,EQ,N,14180.0,626000,13939.0,14250.0,13825.0,13948.0,8763230020.0,17370.0,12201.0,1844681206163.64,2026-07-30 16:00:29,0,12.38,0.46,30-Jul-2025,30-Jun-2026,18.364997121473806,-16.21998196869109,,,MARUTI SUZUKI INDIA LIMITED,1.66,2026-07-30 21:02:32
0,AXISBANKEQN,-4.6,AXISBANK,EQ,N,1230.8,6878684,1229.0,1232.2,1220.2,1235.4,8429689668.32,1418.3,1042.5,3525636537742.45,2026-07-30 16:00:29,0,14.67,-8.54,30-Jul-2025,30-Jun-2026,13.220052175139251,-18.062350119904078,,,AXIS BANK LIMITED,-0.37,2026-07-30 21:02:32
0,LTEQN,9.1,LT,EQ,N,3940.5,2141252,3931.4,3951.7,3883.5,3931.4,8412872045.4,4440.0,3288.1,4599211741518.72,2026-07-30 16:00:29,0,7.51,-4.9,30-Jul-2025,30-Jun-2026,11.25,-19.841245704206077,,,LARSEN & TOUBRO LIMITED,0.23,2026-07-30 21:02:32
0,SBINEQN,10.3,SBIN,EQ,N,1024.0,6847458,1013.5,1028.3,1007.6,1013.7,6986940719.46,1234.7,786.55,4220811397058.94,2026-07-30 16:00:29,0,27.74,-0.28,30-Jul-2025,30-Jun-2026,17.064874058475745,-30.188799186320004,,,STATE BANK OF INDIA,1.02,2026-07-30 21:02:32
0,TECHMEQN,17.2,TECHM,EQ,N,1661.4,4167643,1649.0,1686.6,1638.1,1644.2,6976926117.01,1854.0,1304.1,1052212537214.25,2026-07-30 16:00:29,0,13.55,18.27,30-Jul-2025,30-Jun-2026,10.388349514563107,-27.398205659075224,,,TECH MAHINDRA LIMITED,1.05,2026-07-30 21:02:32
0,ASIANPAINTEQN,-8.4,ASIANPAINT,EQ,N,2750.0,2387024,2758.1,2767.9,2666.2,2758.4,6501966933.12,2985.7,2115.0,1240145623693.76,2026-07-30 16:00:29,0,13.83,4.34,30-Jul-2025,30-Jun-2026,7.894296144957631,-30.023640661938533,,,ASIAN PAINTS LIMITED,-0.3,2026-07-30 21:02:32
0,BELEQN,-2.8,BEL,EQ,N,384.75,16521484,386.0,387.5,382.7,387.55,6356310539.32,473.45,361.2,1374204727253.93,2026-07-30 16:00:29,0,-0.45,-6.57,30-Jul-2025,30-Jun-2026,18.734818882669764,-6.519933554817276,,,BHARAT ELECTRONICS LIMITED,-0.72,2026-07-30 21:02:32
0,NESTLEINDEQN,15.7,NESTLEIND,EQ,N,1519.0,3698063,1503.3,1532.6,1497.0,1503.3,5624568919.85,1532.6,1084.7,1086093281065.1,2026-07-30 16:00:29,0,36.14,8.1,30-Jul-2025,30-Jun-2026,0.8873809213101919,-40.03872038351618,,,NESTLE INDIA LIMITED,1.04,2026-07-30 21:02:32
0,SHRIRAMFINEQN,-15.7,SHRIRAMFIN,EQ,N,1029.0,5425880,1038.0,1051.0,1019.5,1044.7,5574711888.4,1108.0,566.5,1437137311112.52,2026-07-30 16:00:29,0,62.61,-1.26,30-Jul-2025,30-Jun-2026,7.129963898916968,-81.64165931156222,,,SHRIRAM FINANCE LIMITED,-1.5,2026-07-30 21:02:32
0,HINDUNILVREQN,-10.8,HINDUNILVR,EQ,N,2107.0,2602039,2120.0,2132.6,2088.0,2117.8,5478124747.48,2750.0,2016.0,1864069949678.92,2026-07-30 16:00:29,0,-13.56,-0.53,30-Jul-2025,30-Jun-2026,23.381818181818183,-4.513888888888889,,,HINDUSTAN UNILEVER LIMITED,-0.51,2026-07-30 21:02:32
0,ITCEQN,-0.7,ITC,EQ,N,285.55,18283697,286.1,288.4,283.75,286.25,5224200743.81,427.0,275.0,2744908844595.67,2026-07-30 16:00:29,0,-29.94,-0.49,30-Jul-2025,30-Jun-2026,33.12646370023419,-3.8363636363636364,,,ITC LIMITED,-0.24,2026-07-30 21:02:32
0,HCLTECHEQN,7.2,HCLTECH,EQ,N,1351.5,3747919,1349.0,1369.9,1345.6,1344.3,5097507152.71,1780.1,1030.0,1420880972267.0,2026-07-30 16:00:29,0,-8.47,26.1,30-Jul-2025,30-Jun-2026,24.077299028144488,-31.21359223300971,,,HCL TECHNOLOGIES LIMITED,0.54,2026-07-30 21:02:32
0,KOTAKBANKEQN,-2.6,KOTAKBANK,EQ,N,387.6,12205963,385.7,390.2,385.7,390.2,4742993102.54,453.2,345.5,2845977112500.26,2026-07-30 16:00:29,0,-1.11,-1.19,30-Jul-2025,30-Jun-2026,14.474845542806708,-12.185238784370478,,,KOTAK MAHINDRA BANK LIMITED,-0.67,2026-07-30 21:02:32
0,SUNPHARMAEQN,15.1,SUNPHARMA,EQ,N,2005.0,2224264,1993.1,2017.3,1988.0,1989.9,4464453730.24,2017.3,1548.0,2117111838529.49,2026-07-30 16:00:29,0,15.64,7.65,30-Jul-2025,30-Jun-2026,0.6097258712139989,-29.521963824289404,,,SUN PHARMACEUTICAL INDUSTRIES LIMITED,0.76,2026-07-30 21:02:32
0,HINDALCOEQN,7.05,HINDALCO,EQ,N,969.5,4259226,968.0,973.05,960.6,962.45,4118969687.82,1176.0,657.5,1399812364334.5,2026-07-30 16:00:29,0,40.75,1.35,30-Jul-2025,30-Jun-2026,17.55952380952381,-47.452471482889734,,,HINDALCO INDUSTRIES LIMITED,0.73,2026-07-30 21:02:32
0,ADANIENTEQN,25.5,ADANIENT,EQ,N,3050.0,1278332,3024.5,3060.9,2994.6,3024.5,3882677783.6,3245.0,1753.0,913098756508.21,2026-07-30 16:00:29,0,24.03,0.46,30-Jul-2025,30-Jun-2026,6.00924499229584,-73.9874500855676,,,ADANI ENTERPRISES LIMITED,0.84,2026-07-30 21:02:32
0,JIOFINEQN,-2.81,JIOFIN,EQ,N,246.67,15570324,248.75,249.9,245.1,249.48,3842755963.2,338.6,223.3,807083544996.55,2026-07-30 16:00:29,0,-22.99,4.33,30-Jul-2025,30-Jun-2026,27.15002953337271,-10.465741155396328,,,JIO FINANCIAL SERVICES LIMITED,-1.13,2026-07-30 21:02:32
0,TITANEQN,-6.3,TITAN,EQ,N,4843.9,777361,4820.9,4869.9,4820.9,4850.2,3767503407.33,4869.9,3303.1,1994286097671.63,2026-07-30 16:00:29,0,43.46,9.99,30-Jul-2025,30-Jun-2026,0.533891866362759,-46.64708909811995,,,TITAN COMPANY LIMITED,-0.13,2026-07-30 21:02:32
0,ULTRACEMCOEQN,92.0,ULTRACEMCO,EQ,N,11850.0,291418,11800.0,11861.0,11730.0,11998.0,3440801467.8,13110.0,10325.0,1398368106960.24,2026-07-30 16:00:29,0,-3.41,5.31,30-Jul-2025,30-Jun-2026,9.610983981693364,-14.76997578692494,,,ULTRATECH CEMENT LIMITED,0.78,2026-07-30 21:02:32
0,NTPCEQN,1.65,NTPC,EQ,N,345.15,9943764,343.5,347.65,341.85,343.5,3429504765.96,414.4,315.55,1631724403926.03,2026-07-30 16:00:29,0,1.87,-3.22,30-Jul-2025,30-Jun-2026,16.710907335907336,-9.380446838852796,,,NTPC LIMITED,0.48,2026-07-30 21:02:32
0,BAJAJ-AUTOEQN,107.0,BAJAJ-AUTO,EQ,N,11445.0,295600,11338.0,11525.0,11305.5,11338.0,3383889868.0,11532.0,7858.5,1264023467645.08,2026-07-30 16:00:29,0,42.29,17.8,30-Jul-2025,30-Jun-2026,0.7544224765868887,-45.63848062607368,,,BAJAJ AUTO LIMITED,0.94,2026-07-30 21:02:32
0,INDIGOEQN,-58.5,INDIGO,EQ,N,5218.0,549497,5210.0,5258.0,5194.0,5276.5,2872643931.69,6232.5,3895.2,1177843830371.66,2026-07-30 16:00:29,0,-9.09,-2.8,30-Jul-2025,30-Jun-2026,16.277577216205376,-33.95974532758267,,,INTERGLOBE AVIATION LIMITED,-1.11,2026-07-30 21:02:32
0,SBILIFEEQN,-27.8,SBILIFE,EQ,N,1867.1,1513264,1882.2,1910.0,1862.6,1894.9,2858843216.16,2132.0,1700.4,836655989360.71,2026-07-30 16:00:29,0,1.52,5.74,30-Jul-2025,30-Jun-2026,12.424953095684803,-9.803575629263703,,,SBI LIFE INSURANCE COMPANY LIMITED,-1.47,2026-07-30 21:02:32
0,ONGCEQN,2.99,ONGC,EQ,N,241.3,11419363,239.5,244.39,239.06,238.31,2768624559.35,307.5,227.65,934707283642.2,2026-07-30 16:00:29,0,-0.21,2.72,30-Jul-2025,30-Jun-2026,21.528455284552845,-5.996046562705908,,,OIL & NATURAL GAS CORPORATION LIMITED,1.25,2026-07-30 21:02:32
0,TATASTEELEQN,-0.28,TATASTEEL,EQ,N,186.99,13769746,188.01,188.99,186.1,187.27,2576732568.98,224.4,152.51,1541351160652.42,2026-07-30 16:00:29,0,15.88,-0.57,30-Jul-2025,30-Jun-2026,16.671122994652407,-22.60835355058685,,,TATA STEEL LIMITED,-0.15,2026-07-30 21:02:32
0,TRENTEQN,-1.3,TRENT,EQ,N,3003.9,806910,3020.2,3042.6,2982.0,3005.2,2423376664.8,3782.67,2183.67,996732662909.66,2026-07-30 16:00:29,0,-10.66,-8.49,30-Jul-2025,30-Jun-2026,20.58783874882028,-37.56199425737405,,,TRENT LIMITED,-0.04,2026-07-30 21:02:32
0,HDFCLIFEEQN,-11.65,HDFCLIFE,EQ,N,545.05,4394541,557.0,558.85,544.7,556.7,2406538542.42,815.0,543.0,588634041770.54,2026-07-30 16:00:29,0,-28.04,-5.35,30-Jul-2025,30-Jun-2026,33.122699386503065,-0.3775322283609576,,,HDFC LIFE INSURANCE COMPANY LIMITED,-2.09,2026-07-30 21:02:32
0,APOLLOHOSPEQN,24.0,APOLLOHOSP,EQ,N,8959.0,263013,8900.0,9009.0,8865.5,8935.0,2359053021.42,9009.0,6696.5,919392943478.69,2026-07-30 16:00:29,0,20.26,3.19,30-Jul-2025,30-Jun-2026,0.555000555000555,-33.78630627939969,,,APOLLO HOSPITALS ENTERPRISE LIMITED,0.27,2026-07-30 21:02:32
0,POWERGRIDEQN,2.5,POWERGRID,EQ,N,285.35,7903593,283.4,287.1,283.0,282.85,2254974118.83,324.95,250.0,1288609092539.81,2026-07-30 16:00:29,0,-1.25,-0.33,30-Jul-2025,30-Jun-2026,12.186490229266042,-14.14,,,POWER GRID CORPORATION OF INDIA LIMITED,0.88,2026-07-30 21:02:32
0,TMPVEQN,5.1,TMPV,EQ,N,334.9,6078600,328.2,335.0,328.05,329.8,2019797208.0,739.7,294.3,697961149137.43,2026-07-30 16:00:29,0,-49.9,-4.91,30-Jul-2025,30-Jun-2026,54.72488846829796,-13.795446822969758,,,TATA MOTORS PASSENGER VEHICLES LIMITED,1.55,2026-07-30 21:02:32
0,TATACONSUMEQN,-1.1,TATACONSUM,EQ,N,1095.0,1677784,1096.1,1108.9,1090.4,1096.1,1841636385.44,1282.7,1007.2,711099193573.79,2026-07-30 16:00:29,0,2.04,1.8,30-Jul-2025,30-Jun-2026,14.63319560302487,-8.717235901509135,,,TATA CONSUMER PRODUCTS LIMITED,-0.1,2026-07-30 21:02:32
0,MAXHEALTHEQN,12.6,MAXHEALTH,EQ,N,1124.0,1610692,1112.0,1135.9,1110.3,1111.4,1813574764.32,1301.7,903.0,834207449679.87,2026-07-30 16:00:29,0,-11.12,-0.46,30-Jul-2025,30-Jun-2026,13.65137896596758,-24.473975636766333,,,MAX HEALTHCARE INSTITUTE LIMITED,1.13,2026-07-30 21:02:32
0,DRREDDYEQN,2.0,DRREDDY,EQ,N,1144.3,1350714,1143.0,1151.0,1139.0,1142.3,1544257809.06,1414.9,1101.0,695598263003.41,2026-07-30 16:00:29,0,-11.44,-15.68,30-Jul-2025,30-Jun-2026,19.125026503639834,-3.932788374205268,,,DR. REDDY'S LABORATORIES LIMITED,0.18,2026-07-30 21:02:32
0,BAJAJFINSVEQN,-15.4,BAJAJFINSV,EQ,N,1909.0,752615,1918.3,1933.4,1892.3,1924.4,1435951789.25,2195.0,1597.0,1102070234202.81,2026-07-30 16:00:29,0,-2.59,7.24,30-Jul-2025,30-Jun-2026,13.029612756264237,-19.536631183469005,,,BAJAJ FINSERV LIMITED,-0.8,2026-07-30 21:02:32
0,CIPLAEQN,-6.3,CIPLA,EQ,N,1468.0,833068,1478.8,1483.8,1464.1,1474.3,1226700960.68,1673.0,1165.7,823709433326.43,2026-07-30 16:00:29,0,-5.86,0.18,30-Jul-2025,30-Jun-2026,12.253436939629408,-25.93291584455692,,,CIPLA LIMITED,-0.43,2026-07-30 21:02:32
0,JSWSTEELEQN,-8.1,JSWSTEEL,EQ,N,1268.5,923153,1279.1,1304.5,1261.5,1276.6,1171176516.51,1328.0,1018.0,1186453565545.05,2026-07-30 16:00:29,0,22.22,3.43,30-Jul-2025,30-Jun-2026,4.480421686746988,-24.607072691552062,,,JSW STEEL LIMITED,-0.63,2026-07-30 21:02:32
0,GRASIMEQN,-12.9,GRASIM,EQ,N,3100.1,301353,3115.0,3115.5,3085.5,3113.0,933920068.77,3246.0,2502.5,1166435037062.31,2026-07-30 16:00:29,0,12.38,0.0,30-Jul-2025,30-Jun-2026,4.494762784966112,-23.88011988011988,,,GRASIM INDUSTRIES LIMITED,-0.41,2026-07-30 21:02:32
1,NIFTY 50,83.3,NIFTY 50,,,24400.45,283028956,24361.45,24429.4,24299.7,24317.15,239130593687.06,26373.2,22182.55,,2026-07-31 14:30:34,0,-1.49,2.24,30-Jul-2025,30-Jun-2026,7.480131345456751,-9.9983996429626,,,,0.34,2026-07-31 14:31:02
0,BAJFINANCEEQN,95.5,BAJFINANCE,EQ,N,1149.0,33832594,1095.0,1151.5,1083.6,1053.5,37885738761.2,1151.5,787.9,3072300228208.26,2026-07-31 14:29:47,0,30.45,14.41,31-Jul-2025,30-Jun-2026,0.21710811984368214,-45.830689173753015,,,BAJAJ FINANCE LIMITED,9.07,2026-07-31 14:31:02
0,M&MEQN,128.8,M&M,EQ,N,3412.5,5202709,3379.9,3457.0,3243.3,3283.7,17633853776.24,3839.9,2896.0,3037820523733.71,2026-07-31 14:29:47,0,6.6,11.26,31-Jul-2025,30-Jun-2026,11.130498190057033,-17.834944751381215,,,MAHINDRA & MAHINDRA LIMITED,3.92,2026-07-31 14:31:02
0,HDFCBANKEQN,-5.45,HDFCBANK,EQ,N,748.5,13757233,753.95,757.55,748.0,753.95,10329343253.39,1020.5,726.65,11433106988126.46,2026-07-31 14:29:46,0,-25.82,-6.2,31-Jul-2025,30-Jun-2026,26.65360117589417,-3.0069497006812083,,,HDFC BANK LIMITED,-0.72,2026-07-31 14:31:02
0,INFYEQN,-22.5,INFY,EQ,N,1132.6,9063700,1118.9,1139.3,1107.2,1155.1,10214699263.0,1728.0,982.4,3963549501632.82,2026-07-31 14:29:46,0,-24.92,13.24,31-Jul-2025,30-Jun-2026,34.45601851851852,-15.289087947882736,,,INFOSYS LIMITED,-1.95,2026-07-31 14:31:02
0,BHARTIARTLEQN,14.3,BHARTIARTL,EQ,N,1971.1,4476702,1969.0,1976.4,1947.4,1956.8,8793406670.52,2174.5,1740.5,6122594226914.18,2026-07-31 14:29:46,0,2.97,6.44,31-Jul-2025,30-Jun-2026,9.353874453897447,-13.24906636024131,,,BHARTI AIRTEL LIMITED,0.73,2026-07-31 14:31:02
0,ETERNALEQN,-6.45,ETERNAL,EQ,N,304.2,26685449,312.5,316.0,301.8,310.65,8194834533.41,368.45,212.6,2191267981557.31,2026-07-31 14:29:46,0,-1.19,14.95,31-Jul-2025,30-Jun-2026,17.437915592346314,-43.08560677328316,,,ETERNAL LIMITED,-2.08,2026-07-31 14:31:02
0,SBINEQN,2.8,SBIN,EQ,N,1028.1,7845566,1028.1,1034.3,1023.5,1025.3,8063202000.84,1234.7,786.55,4240184261869.66,2026-07-31 14:29:46,0,29.09,0.14,31-Jul-2025,30-Jun-2026,16.732809589373936,-30.710062933062108,,,STATE BANK OF INDIA,0.27,2026-07-31 14:31:02
0,ICICIBANKEQN,0.5,ICICIBANK,EQ,N,1434.4,5515167,1434.3,1441.9,1431.4,1433.9,7914044038.32,1494.5,1187.6,10251989316919.97,2026-07-31 14:29:47,0,-3.17,4.3,31-Jul-2025,30-Jun-2026,4.021411843425895,-20.781407881441563,,,ICICI BANK LIMITED,0.03,2026-07-31 14:31:02
0,TCSEQN,-68.9,TCS,EQ,N,2362.9,3169800,2385.0,2391.0,2326.1,2431.8,7493629086.0,3350.0,1976.8,2406841806046.35,2026-07-31 14:29:47,0,-22.17,16.34,31-Jul-2025,30-Jun-2026,29.465671641791044,-19.531566167543506,,,TATA CONSULTANCY SERVICES LIMITED,-2.83,2026-07-31 14:31:02
0,JIOFINEQN,8.1,JIOFIN,EQ,N,255.05,28928469,247.5,255.84,247.0,246.95,7285345632.96,338.6,223.3,834731236062.43,2026-07-31 14:29:47,0,-22.52,7.89,31-Jul-2025,30-Jun-2026,24.6751329001772,-14.218540080609046,,,JIO FINANCIAL SERVICES LIMITED,3.28,2026-07-31 14:31:02
0,ADANIPORTSEQN,35.9,ADANIPORTS,EQ,N,1700.0,4230139,1674.0,1708.1,1650.0,1664.1,7150288554.48,1891.1,1290.5,1249690911221.27,2026-07-31 14:29:46,0,23.88,-6.03,31-Jul-2025,30-Jun-2026,10.105229760456877,-31.731886865555985,,,ADANI PORTS AND SPECIAL ECONOMIC ZONE LIMITED,2.16,2026-07-31 14:31:02
0,AXISBANKEQN,0.9,AXISBANK,EQ,N,1229.8,5761408,1226.2,1239.7,1226.0,1228.9,7085610014.72,1418.3,1042.5,3522517500979.84,2026-07-31 14:29:46,0,15.06,-8.65,31-Jul-2025,30-Jun-2026,13.290559120073327,-17.966426858513188,,,AXIS BANK LIMITED,0.07,2026-07-31 14:31:02
0,RELIANCEEQN,12.2,RELIANCE,EQ,N,1305.1,4782939,1295.0,1305.4,1293.6,1292.9,6217820700.0,1611.8,1249.8,8791447476768.72,2026-07-31 14:29:46,0,-6.11,0.88,31-Jul-2025,30-Jun-2026,19.028415436158333,-4.424707953272524,,,RELIANCE INDUSTRIES LIMITED,0.94,2026-07-31 14:31:02
0,BAJAJFINSVEQN,114.0,BAJAJFINSV,EQ,N,2023.4,3020450,1932.0,2026.8,1930.0,1909.4,6030962719.5,2195.0,1597.0,1168113625922.46,2026-07-31 14:29:47,0,3.88,13.67,31-Jul-2025,30-Jun-2026,7.817767653758542,-26.70006261740764,,,BAJAJ FINSERV LIMITED,5.97,2026-07-31 14:31:02
0,MARUTIEQN,34.0,MARUTI,EQ,N,14222.0,402561,14250.0,14348.0,14124.0,14188.0,5729920428.87,17370.0,12201.0,1850014910638.44,2026-07-31 14:29:44,0,12.81,0.77,31-Jul-2025,30-Jun-2026,18.123200921128383,-16.564216047864928,,,MARUTI SUZUKI INDIA LIMITED,0.24,2026-07-31 14:31:02
0,LTEQN,-5.6,LT,EQ,N,3932.1,1368171,3962.9,3973.1,3923.2,3937.7,5393138538.06,4440.0,3288.1,4592208754474.15,2026-07-31 14:29:43,0,8.21,-5.03,31-Jul-2025,30-Jun-2026,11.43918918918919,-19.585779021319304,,,LARSEN & TOUBRO LIMITED,-0.14,2026-07-31 14:31:02
0,BELEQN,4.05,BEL,EQ,N,388.95,13594718,385.0,390.6,385.0,384.9,5274342742.46,473.45,361.2,1389205792502.71,2026-07-31 14:29:46,0,1.59,-5.49,31-Jul-2025,30-Jun-2026,17.84771359172035,-7.6827242524916945,,,BHARAT ELECTRONICS LIMITED,1.05,2026-07-31 14:31:02
0,HDFCLIFEEQN,2.15,HDFCLIFE,EQ,N,547.55,8411541,548.7,550.5,544.05,545.4,4592028462.72,815.0,543.0,590739970366.91,2026-07-31 14:29:47,0,-27.5,-4.88,31-Jul-2025,30-Jun-2026,32.8159509202454,-0.8379373848987108,,,HDFC LIFE INSURANCE COMPANY LIMITED,0.39,2026-07-31 14:31:02
0,TATASTEELEQN,3.11,TATASTEEL,EQ,N,190.03,23620600,188.25,191.84,186.31,186.92,4465474430.0,224.4,152.51,1568223211477.21,2026-07-31 14:29:42,0,20.41,1.12,31-Jul-2025,30-Jun-2026,15.316399286987522,-24.6016654645597,,,TATA STEEL LIMITED,1.66,2026-07-31 14:31:02
0,EICHERMOTEQN,-0.5,EICHERMOT,EQ,N,7830.0,547552,7899.0,7899.0,7794.0,7912.5,4295627572.8,8230.0,5386.5,1076488668085.64,2026-07-31 14:29:42,0,43.19,10.7,31-Jul-2025,30-Jun-2026,4.860267314702309,-45.363408521303256,,,EICHER MOTORS LIMITED,-0.01,2026-07-31 14:31:02
0,SHRIRAMFINEQN,19.4,SHRIRAMFIN,EQ,N,1046.6,4107452,1029.2,1054.6,1029.1,1027.2,4291958743.84,1108.0,566.5,1461857748825.54,2026-07-31 14:29:43,0,65.92,0.44,31-Jul-2025,30-Jun-2026,5.541516245487364,-84.74845542806707,,,SHRIRAM FINANCE LIMITED,1.89,2026-07-31 14:31:02
0,SUNPHARMAEQN,14.6,SUNPHARMA,EQ,N,2015.7,1925486,2016.4,2046.9,2003.4,2001.1,3901092400.58,2046.9,1548.0,2154491269494.05,2026-07-31 14:29:46,0,18.78,8.85,31-Jul-2025,30-Jun-2026,1.5242561922907811,-30.213178294573645,,,SUN PHARMACEUTICAL INDUSTRIES LIMITED,0.73,2026-07-31 14:31:02
0,HINDALCOEQN,8.25,HINDALCO,EQ,N,978.65,3925924,979.8,988.0,971.05,970.4,3853176628.28,1176.0,657.5,1413745514737.63,2026-07-31 14:29:42,0,43.45,2.43,31-Jul-2025,30-Jun-2026,16.781462585034014,-48.844106463878326,,,HINDALCO INDUSTRIES LIMITED,0.85,2026-07-31 14:31:02
0,ULTRACEMCOEQN,28.0,ULTRACEMCO,EQ,N,11875.0,272604,11850.0,12009.0,11799.0,11847.0,3251854951.44,13110.0,10325.0,1401318250645.81,2026-07-31 14:29:47,0,-3.01,5.57,31-Jul-2025,30-Jun-2026,9.420289855072463,-15.012106537530267,,,ULTRATECH CEMENT LIMITED,0.24,2026-07-31 14:31:02
0,HCLTECHEQN,-5.8,HCLTECH,EQ,N,1346.9,2218962,1317.7,1356.5,1294.3,1352.7,2966175263.88,1780.1,1030.0,1416675627177.05,2026-07-31 14:29:47,0,-8.17,25.76,31-Jul-2025,30-Jun-2026,24.335711476883322,-30.766990291262136,,,HCL TECHNOLOGIES LIMITED,-0.43,2026-07-31 14:31:02
0,ITCEQN,-4.05,ITC,EQ,N,281.0,10488209,285.55,285.8,280.05,285.05,2957884702.18,427.0,275.0,2701651657410.65,2026-07-31 14:29:46,0,-31.76,-2.04,31-Jul-2025,30-Jun-2026,34.19203747072599,-2.1818181818181817,,,ITC LIMITED,-1.42,2026-07-31 14:31:02
0,TECHMEQN,-19.2,TECHM,EQ,N,1649.8,1610084,1620.0,1661.5,1610.5,1669.0,2651872751.36,1854.0,1304.1,1045119254189.81,2026-07-31 14:29:42,0,12.74,17.48,31-Jul-2025,30-Jun-2026,11.014023732470335,-26.508703320297524,,,TECH MAHINDRA LIMITED,-1.15,2026-07-31 14:31:02
0,TITANEQN,25.4,TITAN,EQ,N,4875.4,515701,4850.0,4885.5,4820.9,4850.0,2508818323.87,4885.5,3303.1,2007131475620.67,2026-07-31 14:29:43,0,45.66,10.71,31-Jul-2025,30-Jun-2026,0.2067342134888957,-47.60073870000908,,,TITAN COMPANY LIMITED,0.52,2026-07-31 14:31:02
0,WIPROEQN,-1.9,WIPRO,EQ,N,184.43,13639119,184.85,185.24,180.83,186.33,2500732468.65,273.1,169.0,498214196786.87,2026-07-31 14:29:47,0,-25.71,8.26,31-Jul-2025,30-Jun-2026,32.467960454046136,-9.1301775147929,,,WIPRO LIMITED,-1.02,2026-07-31 14:31:02
0,TMPVEQN,6.2,TMPV,EQ,N,340.4,6293241,335.55,341.95,334.5,334.2,2125856809.8,739.7,294.3,709736247652.29,2026-07-31 14:29:42,0,-48.9,-3.38,31-Jul-2025,30-Jun-2026,53.98134378802217,-15.664288141352362,,,TATA MOTORS PASSENGER VEHICLES LIMITED,1.86,2026-07-31 14:31:02
0,NESTLEINDEQN,-20.8,NESTLEIND,EQ,N,1499.9,1406303,1529.0,1529.0,1498.8,1520.7,2124684761.49,1532.6,1084.7,1072436676938.47,2026-07-31 14:29:43,0,33.47,6.75,31-Jul-2025,30-Jun-2026,2.13362912697377,-38.27786484742325,,,NESTLE INDIA LIMITED,-1.37,2026-07-31 14:31:02
0,HINDUNILVREQN,-6.9,HINDUNILVR,EQ,N,2101.0,896378,2119.6,2119.6,2091.1,2107.9,1883550127.62,2750.0,2016.0,1858850199938.48,2026-07-31 14:29:46,0,-16.66,-0.8,31-Jul-2025,30-Jun-2026,23.6,-4.216269841269841,,,HINDUSTAN UNILEVER LIMITED,-0.33,2026-07-31 14:31:02
0,ADANIENTEQN,-25.7,ADANIENT,EQ,N,3023.4,610330,3051.0,3067.5,3006.9,3049.1,1849324313.2,3245.0,1753.0,905015587188.31,2026-07-31 14:29:46,0,28.12,-0.41,31-Jul-2025,30-Jun-2026,6.8289676425269645,-72.47005134055904,,,ADANI ENTERPRISES LIMITED,-0.84,2026-07-31 14:31:02
0,ASIANPAINTEQN,5.8,ASIANPAINT,EQ,N,2752.0,616746,2773.9,2774.9,2732.4,2746.2,1696520226.96,2985.7,2115.0,1241318125010.71,2026-07-31 14:29:47,0,14.85,4.41,31-Jul-2025,30-Jun-2026,7.8273101785176005,-30.11820330969267,,,ASIAN PAINTS LIMITED,0.21,2026-07-31 14:31:02
0,BAJAJ-AUTOEQN,76.5,BAJAJ-AUTO,EQ,N,11508.5,145566,11475.0,11590.0,11329.5,11432.0,1677026583.18,11590.0,7858.5,1270760508407.54,2026-07-31 14:29:46,0,43.71,18.45,31-Jul-2025,30-Jun-2026,0.7031924072476272,-46.44652287332188,,,BAJAJ AUTO LIMITED,0.67,2026-07-31 14:31:02
0,APOLLOHOSPEQN,-45.5,APOLLOHOSP,EQ,N,8942.5,185767,9025.0,9036.5,8931.0,8988.0,1666872429.64,9036.5,6696.5,917853609384.24,2026-07-31 14:29:47,0,19.31,3.04,31-Jul-2025,30-Jun-2026,1.040225751120456,-33.53990890763832,,,APOLLO HOSPITALS ENTERPRISE LIMITED,-0.51,2026-07-31 14:31:02
0,COALINDIAEQN,2.45,COALINDIA,EQ,N,414.15,4033055,413.0,415.1,410.15,417.2,1665974359.4,491.25,368.65,989002194032.39,2026-07-31 14:29:47,0,10.04,-5.67,31-Jul-2025,30-Jun-2026,15.694656488549619,-12.3423301234233,,,COAL INDIA LIMITED,0.6,2026-07-31 14:31:02
0,NTPCEQN,2.3,NTPC,EQ,N,347.15,4761930,344.1,347.4,343.55,344.85,1645199195.7,414.4,315.55,1640943185869.12,2026-07-31 14:29:43,0,3.86,-2.66,31-Jul-2025,30-Jun-2026,16.228281853281853,-10.014260814450958,,,NTPC LIMITED,0.67,2026-07-31 14:31:02
0,KOTAKBANKEQN,0.55,KOTAKBANK,EQ,N,389.95,4033423,390.2,391.85,388.4,389.4,1572752630.39,453.2,345.5,2864700646135.13,2026-07-31 14:29:44,0,-1.42,-0.55,31-Jul-2025,30-Jun-2026,13.95631067961165,-12.865412445730826,,,KOTAK MAHINDRA BANK LIMITED,0.14,2026-07-31 14:31:02
0,MAXHEALTHEQN,-27.6,MAXHEALTH,EQ,N,1097.2,1413136,1126.0,1132.0,1091.2,1124.8,1569584286.56,1301.7,903.0,815059271564.44,2026-07-31 14:29:43,0,-11.92,-2.81,31-Jul-2025,30-Jun-2026,15.710225090266574,-21.50609080841639,,,MAX HEALTHCARE INSTITUTE LIMITED,-2.45,2026-07-31 14:31:02
0,ONGCEQN,0.19,ONGC,EQ,N,241.78,6485074,241.58,242.17,238.17,241.59,1559271192.56,307.5,227.65,936644099397.78,2026-07-31 14:29:46,0,0.35,2.96,31-Jul-2025,30-Jun-2026,21.372357723577235,-6.206896551724138,,,OIL & NATURAL GAS CORPORATION LIMITED,0.08,2026-07-31 14:31:02
0,INDIGOEQN,-57.0,INDIGO,EQ,N,5173.5,268949,5260.0,5282.0,5137.5,5230.5,1405191287.75,6232.5,3895.2,1167798975934.8,2026-07-31 14:29:47,0,-12.46,-3.62,31-Jul-2025,30-Jun-2026,16.991576413959084,-32.81731361675909,,,INTERGLOBE AVIATION LIMITED,-1.09,2026-07-31 14:31:02
0,POWERGRIDEQN,-1.8,POWERGRID,EQ,N,283.9,4870187,286.3,287.4,283.0,285.7,1383717530.44,324.95,250.0,1282061052644.31,2026-07-31 14:29:43,0,-2.44,-0.84,31-Jul-2025,30-Jun-2026,12.63271272503462,-13.56,,,POWER GRID CORPORATION OF INDIA LIMITED,-0.63,2026-07-31 14:31:02
0,TRENTEQN,10.1,TRENT,EQ,N,3009.3,430801,3008.0,3026.7,2990.9,2999.2,1295435839.04,3782.67,2183.67,998955809100.11,2026-07-31 14:29:42,0,-10.02,-8.3,31-Jul-2025,30-Jun-2026,20.445082441767322,-37.80928436989105,,,TRENT LIMITED,0.34,2026-07-31 14:31:02
0,TATACONSUMEQN,-8.4,TATACONSUM,EQ,N,1085.8,981929,1098.9,1098.9,1081.8,1094.2,1066453448.32,1282.7,1007.2,705059720970.83,2026-07-31 14:29:43,0,1.17,0.95,31-Jul-2025,30-Jun-2026,15.350432681063381,-7.803812549642574,,,TATA CONSUMER PRODUCTS LIMITED,-0.77,2026-07-31 14:31:02
0,CIPLAEQN,6.7,CIPLA,EQ,N,1473.1,691737,1473.4,1478.8,1462.3,1466.4,1018942435.74,1673.0,1165.7,826795538151.56,2026-07-31 14:29:46,0,-5.23,0.54,31-Jul-2025,30-Jun-2026,11.948595337716677,-26.370421206142233,,,CIPLA LIMITED,0.46,2026-07-31 14:31:02
0,JSWSTEELEQN,-1.2,JSWSTEEL,EQ,N,1269.6,793295,1276.4,1282.2,1262.0,1270.8,1006992807.1,1328.0,1018.0,1187482417671.26,2026-07-31 14:29:42,0,21.13,3.54,31-Jul-2025,30-Jun-2026,4.397590361445783,-24.715127701375245,,,JSW STEEL LIMITED,-0.09,2026-07-31 14:31:02
0,DRREDDYEQN,7.4,DRREDDY,EQ,N,1152.2,643853,1152.0,1154.3,1141.7,1144.8,739362154.02,1414.9,1101.0,700886827967.26,2026-07-31 14:29:47,0,-9.31,-15.11,31-Jul-2025,30-Jun-2026,18.56668315782034,-4.650317892824705,,,DR. REDDY'S LABORATORIES LIMITED,0.65,2026-07-31 14:31:02
0,SBILIFEEQN,1.3,SBILIFE,EQ,N,1878.8,366232,1885.0,1898.9,1870.6,1877.5,690123918.48,2132.0,1700.4,842212485674.82,2026-07-31 14:29:46,0,2.1,6.44,31-Jul-2025,30-Jun-2026,11.876172607879925,-10.491649023759116,,,SBI LIFE INSURANCE COMPANY LIMITED,0.07,2026-07-31 14:31:02
0,GRASIMEQN,-9.3,GRASIM,EQ,N,3095.5,180015,3115.7,3135.9,3093.5,3104.8,560879936.1,3246.0,2502.5,1166472662785.26,2026-07-31 14:29:44,0,12.91,0.03,31-Jul-2025,30-Jun-2026,4.636475662353666,-23.696303696303698,,,GRASIM INDUSTRIES LIMITED,-0.3,2026-07-31 14:31:02
1,NIFTY 50,83.3,NIFTY 50,,,24400.45,283028956,24361.45,24429.4,24299.7,24317.15,239130593687.06,26373.2,22182.55,,2026-07-31 14:30:34,0,-1.49,2.24,30-Jul-2025,30-Jun-2026,7.480131345456751,-9.9983996429626,,,,0.34,2026-07-31 14:31:32
0,BAJFINANCEEQN,95.5,BAJFINANCE,EQ,N,1149.0,33832594,1095.0,1151.5,1083.6,1053.5,37885738761.2,1151.5,787.9,3072300228208.26,2026-07-31 14:29:47,0,30.45,14.41,31-Jul-2025,30-Jun-2026,0.21710811984368214,-45.830689173753015,,,BAJAJ FINANCE LIMITED,9.07,2026-07-31 14:31:32
0,M&MEQN,128.8,M&M,EQ,N,3412.5,5202709,3379.9,3457.0,3243.3,3283.7,17633853776.24,3839.9,2896.0,3037820523733.71,2026-07-31 14:29:47,0,6.6,11.26,31-Jul-2025,30-Jun-2026,11.130498190057033,-17.834944751381215,,,MAHINDRA & MAHINDRA LIMITED,3.92,2026-07-31 14:31:32
0,HDFCBANKEQN,-5.45,HDFCBANK,EQ,N,748.5,13757233,753.95,757.55,748.0,753.95,10329343253.39,1020.5,726.65,11433106988126.46,2026-07-31 14:29:46,0,-25.82,-6.2,31-Jul-2025,30-Jun-2026,26.65360117589417,-3.0069497006812083,,,HDFC BANK LIMITED,-0.72,2026-07-31 14:31:32
0,INFYEQN,-22.5,INFY,EQ,N,1132.6,9063700,1118.9,1139.3,1107.2,1155.1,10214699263.0,1728.0,982.4,3963549501632.82,2026-07-31 14:29:46,0,-24.92,13.24,31-Jul-2025,30-Jun-2026,34.45601851851852,-15.289087947882736,,,INFOSYS LIMITED,-1.95,2026-07-31 14:31:32
0,BHARTIARTLEQN,14.3,BHARTIARTL,EQ,N,1971.1,4476702,1969.0,1976.4,1947.4,1956.8,8793406670.52,2174.5,1740.5,6122594226914.18,2026-07-31 14:29:46,0,2.97,6.44,31-Jul-2025,30-Jun-2026,9.353874453897447,-13.24906636024131,,,BHARTI AIRTEL LIMITED,0.73,2026-07-31 14:31:32
0,ETERNALEQN,-6.45,ETERNAL,EQ,N,304.2,26685449,312.5,316.0,301.8,310.65,8194834533.41,368.45,212.6,2191267981557.31,2026-07-31 14:29:46,0,-1.19,14.95,31-Jul-2025,30-Jun-2026,17.437915592346314,-43.08560677328316,,,ETERNAL LIMITED,-2.08,2026-07-31 14:31:32
0,SBINEQN,2.8,SBIN,EQ,N,1028.1,7845566,1028.1,1034.3,1023.5,1025.3,8063202000.84,1234.7,786.55,4240184261869.66,2026-07-31 14:29:46,0,29.09,0.14,31-Jul-2025,30-Jun-2026,16.732809589373936,-30.710062933062108,,,STATE BANK OF INDIA,0.27,2026-07-31 14:31:32
0,ICICIBANKEQN,0.5,ICICIBANK,EQ,N,1434.4,5515167,1434.3,1441.9,1431.4,1433.9,7914044038.32,1494.5,1187.6,10251989316919.97,2026-07-31 14:29:47,0,-3.17,4.3,31-Jul-2025,30-Jun-2026,4.021411843425895,-20.781407881441563,,,ICICI BANK LIMITED,0.03,2026-07-31 14:31:32
0,TCSEQN,-68.9,TCS,EQ,N,2362.9,3169800,2385.0,2391.0,2326.1,2431.8,7493629086.0,3350.0,1976.8,2406841806046.35,2026-07-31 14:29:47,0,-22.17,16.34,31-Jul-2025,30-Jun-2026,29.465671641791044,-19.531566167543506,,,TATA CONSULTANCY SERVICES LIMITED,-2.83,2026-07-31 14:31:32
0,JIOFINEQN,8.1,JIOFIN,EQ,N,255.05,28928469,247.5,255.84,247.0,246.95,7285345632.96,338.6,223.3,834731236062.43,2026-07-31 14:29:47,0,-22.52,7.89,31-Jul-2025,30-Jun-2026,24.6751329001772,-14.218540080609046,,,JIO FINANCIAL SERVICES LIMITED,3.28,2026-07-31 14:31:32
0,ADANIPORTSEQN,35.9,ADANIPORTS,EQ,N,1700.0,4230139,1674.0,1708.1,1650.0,1664.1,7150288554.48,1891.1,1290.5,1249690911221.27,2026-07-31 14:29:46,0,23.88,-6.03,31-Jul-2025,30-Jun-2026,10.105229760456877,-31.731886865555985,,,ADANI PORTS AND SPECIAL ECONOMIC ZONE LIMITED,2.16,2026-07-31 14:31:32
0,AXISBANKEQN,0.9,AXISBANK,EQ,N,1229.8,5761408,1226.2,1239.7,1226.0,1228.9,7085610014.72,1418.3,1042.5,3522517500979.84,2026-07-31 14:29:46,0,15.06,-8.65,31-Jul-2025,30-Jun-2026,13.290559120073327,-17.966426858513188,,,AXIS BANK LIMITED,0.07,2026-07-31 14:31:32
0,RELIANCEEQN,12.2,RELIANCE,EQ,N,1305.1,4782939,1295.0,1305.4,1293.6,1292.9,6217820700.0,1611.8,1249.8,8791447476768.72,2026-07-31 14:29:46,0,-6.11,0.88,31-Jul-2025,30-Jun-2026,19.028415436158333,-4.424707953272524,,,RELIANCE INDUSTRIES LIMITED,0.94,2026-07-31 14:31:32
0,BAJAJFINSVEQN,114.0,BAJAJFINSV,EQ,N,2023.4,3020450,1932.0,2026.8,1930.0,1909.4,6030962719.5,2195.0,1597.0,1168113625922.46,2026-07-31 14:29:47,0,3.88,13.67,31-Jul-2025,30-Jun-2026,7.817767653758542,-26.70006261740764,,,BAJAJ FINSERV LIMITED,5.97,2026-07-31 14:31:32
0,MARUTIEQN,34.0,MARUTI,EQ,N,14222.0,402561,14250.0,14348.0,14124.0,14188.0,5729920428.87,17370.0,12201.0,1850014910638.44,2026-07-31 14:29:44,0,12.81,0.77,31-Jul-2025,30-Jun-2026,18.123200921128383,-16.564216047864928,,,MARUTI SUZUKI INDIA LIMITED,0.24,2026-07-31 14:31:32
0,LTEQN,-5.6,LT,EQ,N,3932.1,1368171,3962.9,3973.1,3923.2,3937.7,5393138538.06,4440.0,3288.1,4592208754474.15,2026-07-31 14:29:43,0,8.21,-5.03,31-Jul-2025,30-Jun-2026,11.43918918918919,-19.585779021319304,,,LARSEN & TOUBRO LIMITED,-0.14,2026-07-31 14:31:32
0,BELEQN,4.05,BEL,EQ,N,388.95,13594718,385.0,390.6,385.0,384.9,5274342742.46,473.45,361.2,1389205792502.71,2026-07-31 14:29:46,0,1.59,-5.49,31-Jul-2025,30-Jun-2026,17.84771359172035,-7.6827242524916945,,,BHARAT ELECTRONICS LIMITED,1.05,2026-07-31 14:31:32
0,HDFCLIFEEQN,2.15,HDFCLIFE,EQ,N,547.55,8411541,548.7,550.5,544.05,545.4,4592028462.72,815.0,543.0,590739970366.91,2026-07-31 14:29:47,0,-27.5,-4.88,31-Jul-2025,30-Jun-2026,32.8159509202454,-0.8379373848987108,,,HDFC LIFE INSURANCE COMPANY LIMITED,0.39,2026-07-31 14:31:32
0,TATASTEELEQN,3.11,TATASTEEL,EQ,N,190.03,23620600,188.25,191.84,186.31,186.92,4465474430.0,224.4,152.51,1568223211477.21,2026-07-31 14:29:42,0,20.41,1.12,31-Jul-2025,30-Jun-2026,15.316399286987522,-24.6016654645597,,,TATA STEEL LIMITED,1.66,2026-07-31 14:31:32
0,EICHERMOTEQN,-0.5,EICHERMOT,EQ,N,7830.0,547552,7899.0,7899.0,7794.0,7912.5,4295627572.8,8230.0,5386.5,1076488668085.64,2026-07-31 14:29:42,0,43.19,10.7,31-Jul-2025,30-Jun-2026,4.860267314702309,-45.363408521303256,,,EICHER MOTORS LIMITED,-0.01,2026-07-31 14:31:32
0,SHRIRAMFINEQN,19.4,SHRIRAMFIN,EQ,N,1046.6,4107452,1029.2,1054.6,1029.1,1027.2,4291958743.84,1108.0,566.5,1461857748825.54,2026-07-31 14:29:43,0,65.92,0.44,31-Jul-2025,30-Jun-2026,5.541516245487364,-84.74845542806707,,,SHRIRAM FINANCE LIMITED,1.89,2026-07-31 14:31:32
0,SUNPHARMAEQN,14.6,SUNPHARMA,EQ,N,2015.7,1925486,2016.4,2046.9,2003.4,2001.1,3901092400.58,2046.9,1548.0,2154491269494.05,2026-07-31 14:29:46,0,18.78,8.85,31-Jul-2025,30-Jun-2026,1.5242561922907811,-30.213178294573645,,,SUN PHARMACEUTICAL INDUSTRIES LIMITED,0.73,2026-07-31 14:31:32
0,HINDALCOEQN,8.25,HINDALCO,EQ,N,978.65,3925924,979.8,988.0,971.05,970.4,3853176628.28,1176.0,657.5,1413745514737.63,2026-07-31 14:29:42,0,43.45,2.43,31-Jul-2025,30-Jun-2026,16.781462585034014,-48.844106463878326,,,HINDALCO INDUSTRIES LIMITED,0.85,2026-07-31 14:31:32
0,ULTRACEMCOEQN,28.0,ULTRACEMCO,EQ,N,11875.0,272604,11850.0,12009.0,11799.0,11847.0,3251854951.44,13110.0,10325.0,1401318250645.81,2026-07-31 14:29:47,0,-3.01,5.57,31-Jul-2025,30-Jun-2026,9.420289855072463,-15.012106537530267,,,ULTRATECH CEMENT LIMITED,0.24,2026-07-31 14:31:32
0,HCLTECHEQN,-5.8,HCLTECH,EQ,N,1346.9,2218962,1317.7,1356.5,1294.3,1352.7,2966175263.88,1780.1,1030.0,1416675627177.05,2026-07-31 14:29:47,0,-8.17,25.76,31-Jul-2025,30-Jun-2026,24.335711476883322,-30.766990291262136,,,HCL TECHNOLOGIES LIMITED,-0.43,2026-07-31 14:31:32
0,ITCEQN,-4.05,ITC,EQ,N,281.0,10488209,285.55,285.8,280.05,285.05,2957884702.18,427.0,275.0,2701651657410.65,2026-07-31 14:29:46,0,-31.76,-2.04,31-Jul-2025,30-Jun-2026,34.19203747072599,-2.1818181818181817,,,ITC LIMITED,-1.42,2026-07-31 14:31:32
0,TECHMEQN,-19.2,TECHM,EQ,N,1649.8,1610084,1620.0,1661.5,1610.5,1669.0,2651872751.36,1854.0,1304.1,1045119254189.81,2026-07-31 14:29:42,0,12.74,17.48,31-Jul-2025,30-Jun-2026,11.014023732470335,-26.508703320297524,,,TECH MAHINDRA LIMITED,-1.15,2026-07-31 14:31:32
0,TITANEQN,25.4,TITAN,EQ,N,4875.4,515701,4850.0,4885.5,4820.9,4850.0,2508818323.87,4885.5,3303.1,2007131475620.67,2026-07-31 14:29:43,0,45.66,10.71,31-Jul-2025,30-Jun-2026,0.2067342134888957,-47.60073870000908,,,TITAN COMPANY LIMITED,0.52,2026-07-31 14:31:32
0,WIPROEQN,-1.9,WIPRO,EQ,N,184.43,13639119,184.85,185.24,180.83,186.33,2500732468.65,273.1,169.0,498214196786.87,2026-07-31 14:29:47,0,-25.71,8.26,31-Jul-2025,30-Jun-2026,32.467960454046136,-9.1301775147929,,,WIPRO LIMITED,-1.02,2026-07-31 14:31:32
0,TMPVEQN,6.2,TMPV,EQ,N,340.4,6293241,335.55,341.95,334.5,334.2,2125856809.8,739.7,294.3,709736247652.29,2026-07-31 14:29:42,0,-48.9,-3.38,31-Jul-2025,30-Jun-2026,53.98134378802217,-15.664288141352362,,,TATA MOTORS PASSENGER VEHICLES LIMITED,1.86,2026-07-31 14:31:32
0,NESTLEINDEQN,-20.8,NESTLEIND,EQ,N,1499.9,1406303,1529.0,1529.0,1498.8,1520.7,2124684761.49,1532.6,1084.7,1072436676938.47,2026-07-31 14:29:43,0,33.47,6.75,31-Jul-2025,30-Jun-2026,2.13362912697377,-38.27786484742325,,,NESTLE INDIA LIMITED,-1.37,2026-07-31 14:31:32
0,HINDUNILVREQN,-6.9,HINDUNILVR,EQ,N,2101.0,896378,2119.6,2119.6,2091.1,2107.9,1883550127.62,2750.0,2016.0,1858850199938.48,2026-07-31 14:29:46,0,-16.66,-0.8,31-Jul-2025,30-Jun-2026,23.6,-4.216269841269841,,,HINDUSTAN UNILEVER LIMITED,-0.33,2026-07-31 14:31:32
0,ADANIENTEQN,-25.7,ADANIENT,EQ,N,3023.4,610330,3051.0,3067.5,3006.9,3049.1,1849324313.2,3245.0,1753.0,905015587188.31,2026-07-31 14:29:46,0,28.12,-0.41,31-Jul-2025,30-Jun-2026,6.8289676425269645,-72.47005134055904,,,ADANI ENTERPRISES LIMITED,-0.84,2026-07-31 14:31:32
0,ASIANPAINTEQN,5.8,ASIANPAINT,EQ,N,2752.0,616746,2773.9,2774.9,2732.4,2746.2,1696520226.96,2985.7,2115.0,1241318125010.71,2026-07-31 14:29:47,0,14.85,4.41,31-Jul-2025,30-Jun-2026,7.8273101785176005,-30.11820330969267,,,ASIAN PAINTS LIMITED,0.21,2026-07-31 14:31:32
0,BAJAJ-AUTOEQN,76.5,BAJAJ-AUTO,EQ,N,11508.5,145566,11475.0,11590.0,11329.5,11432.0,1677026583.18,11590.0,7858.5,1270760508407.54,2026-07-31 14:29:46,0,43.71,18.45,31-Jul-2025,30-Jun-2026,0.7031924072476272,-46.44652287332188,,,BAJAJ AUTO LIMITED,0.67,2026-07-31 14:31:32
0,APOLLOHOSPEQN,-45.5,APOLLOHOSP,EQ,N,8942.5,185767,9025.0,9036.5,8931.0,8988.0,1666872429.64,9036.5,6696.5,917853609384.24,2026-07-31 14:29:47,0,19.31,3.04,31-Jul-2025,30-Jun-2026,1.040225751120456,-33.53990890763832,,,APOLLO HOSPITALS ENTERPRISE LIMITED,-0.51,2026-07-31 14:31:32
0,COALINDIAEQN,2.45,COALINDIA,EQ,N,414.15,4033055,413.0,415.1,410.15,417.2,1665974359.4,491.25,368.65,989002194032.39,2026-07-31 14:29:47,0,10.04,-5.67,31-Jul-2025,30-Jun-2026,15.694656488549619,-12.3423301234233,,,COAL INDIA LIMITED,0.6,2026-07-31 14:31:32
0,NTPCEQN,2.3,NTPC,EQ,N,347.15,4761930,344.1,347.4,343.55,344.85,1645199195.7,414.4,315.55,1640943185869.12,2026-07-31 14:29:43,0,3.86,-2.66,31-Jul-2025,30-Jun-2026,16.228281853281853,-10.014260814450958,,,NTPC LIMITED,0.67,2026-07-31 14:31:32
0,KOTAKBANKEQN,0.55,KOTAKBANK,EQ,N,389.95,4033423,390.2,391.85,388.4,389.4,1572752630.39,453.2,345.5,2864700646135.13,2026-07-31 14:29:44,0,-1.42,-0.55,31-Jul-2025,30-Jun-2026,13.95631067961165,-12.865412445730826,,,KOTAK MAHINDRA BANK LIMITED,0.14,2026-07-31 14:31:32
0,MAXHEALTHEQN,-27.6,MAXHEALTH,EQ,N,1097.2,1413136,1126.0,1132.0,1091.2,1124.8,1569584286.56,1301.7,903.0,815059271564.44,2026-07-31 14:29:43,0,-11.92,-2.81,31-Jul-2025,30-Jun-2026,15.710225090266574,-21.50609080841639,,,MAX HEALTHCARE INSTITUTE LIMITED,-2.45,2026-07-31 14:31:32
0,ONGCEQN,0.19,ONGC,EQ,N,241.78,6485074,241.58,242.17,238.17,241.59,1559271192.56,307.5,227.65,936644099397.78,2026-07-31 14:29:46,0,0.35,2.96,31-Jul-2025,30-Jun-2026,21.372357723577235,-6.206896551724138,,,OIL & NATURAL GAS CORPORATION LIMITED,0.08,2026-07-31 14:31:32
0,INDIGOEQN,-57.0,INDIGO,EQ,N,5173.5,268949,5260.0,5282.0,5137.5,5230.5,1405191287.75,6232.5,3895.2,1167798975934.8,2026-07-31 14:29:47,0,-12.46,-3.62,31-Jul-2025,30-Jun-2026,16.991576413959084,-32.81731361675909,,,INTERGLOBE AVIATION LIMITED,-1.09,2026-07-31 14:31:32
0,POWERGRIDEQN,-1.8,POWERGRID,EQ,N,283.9,4870187,286.3,287.4,283.0,285.7,1383717530.44,324.95,250.0,1282061052644.31,2026-07-31 14:29:43,0,-2.44,-0.84,31-Jul-2025,30-Jun-2026,12.63271272503462,-13.56,,,POWER GRID CORPORATION OF INDIA LIMITED,-0.63,2026-07-31 14:31:32
0,TRENTEQN,10.1,TRENT,EQ,N,3009.3,430801,3008.0,3026.7,2990.9,2999.2,1295435839.04,3782.67,2183.67,998955809100.11,2026-07-31 14:29:42,0,-10.02,-8.3,31-Jul-2025,30-Jun-2026,20.445082441767322,-37.80928436989105,,,TRENT LIMITED,0.34,2026-07-31 14:31:32
0,TATACONSUMEQN,-8.4,TATACONSUM,EQ,N,1085.8,981929,1098.9,1098.9,1081.8,1094.2,1066453448.32,1282.7,1007.2,705059720970.83,2026-07-31 14:29:43,0,1.17,0.95,31-Jul-2025,30-Jun-2026,15.350432681063381,-7.803812549642574,,,TATA CONSUMER PRODUCTS LIMITED,-0.77,2026-07-31 14:31:32
0,CIPLAEQN,6.7,CIPLA,EQ,N,1473.1,691737,1473.4,1478.8,1462.3,1466.4,1018942435.74,1673.0,1165.7,826795538151.56,2026-07-31 14:29:46,0,-5.23,0.54,31-Jul-2025,30-Jun-2026,11.948595337716677,-26.370421206142233,,,CIPLA LIMITED,0.46,2026-07-31 14:31:32
0,JSWSTEELEQN,-1.2,JSWSTEEL,EQ,N,1269.6,793295,1276.4,1282.2,1262.0,1270.8,1006992807.1,1328.0,1018.0,1187482417671.26,2026-07-31 14:29:42,0,21.13,3.54,31-Jul-2025,30-Jun-2026,4.397590361445783,-24.715127701375245,,,JSW STEEL LIMITED,-0.09,2026-07-31 14:31:32
0,DRREDDYEQN,7.4,DRREDDY,EQ,N,1152.2,643853,1152.0,1154.3,1141.7,1144.8,739362154.02,1414.9,1101.0,700886827967.26,2026-07-31 14:29:47,0,-9.31,-15.11,31-Jul-2025,30-Jun-2026,18.56668315782034,-4.650317892824705,,,DR. REDDY'S LABORATORIES LIMITED,0.65,2026-07-31 14:31:32
0,SBILIFEEQN,1.3,SBILIFE,EQ,N,1878.8,366232,1885.0,1898.9,1870.6,1877.5,690123918.48,2132.0,1700.4,842212485674.82,2026-07-31 14:29:46,0,2.1,6.44,31-Jul-2025,30-Jun-2026,11.876172607879925,-10.491649023759116,,,SBI LIFE INSURANCE COMPANY LIMITED,0.07,2026-07-31 14:31:32
0,GRASIMEQN,-9.3,GRASIM,EQ,N,3095.5,180015,3115.7,3135.9,3093.5,3104.8,560879936.1,3246.0,2502.5,1166472662785.26,2026-07-31 14:29:44,0,12.91,0.03,31-Jul-2025,30-Jun-2026,4.636475662353666,-23.696303696303698,,,GRASIM INDUSTRIES LIMITED,-0.3,2026-07-31 14:31:32
1,NIFTY 50,79.45,NIFTY 50,,,24396.6,283761418,24361.45,24429.4,24299.7,24317.15,239840480607.7,26373.2,22182.55,,2026-07-31 14:31:23,0,-1.5,2.22,30-Jul-2025,30-Jun-2026,7.494729498126887,-9.981043658190785,,,,0.33,2026-07-31 14:32:02
0,BAJFINANCEEQN,95.9,BAJFINANCE,EQ,N,1149.4,33860047,1095.0,1151.5,1083.6,1053.5,37917496432.01,1151.5,787.9,3071498409966.88,2026-07-31 14:30:46,0,30.24,14.23,31-Jul-2025,30-Jun-2026,0.182370820668693,-45.88145703769514,,,BAJAJ FINANCE LIMITED,9.1,2026-07-31 14:32:02
0,M&MEQN,129.3,M&M,EQ,N,3413.0,5208567,3379.9,3457.0,3243.3,3283.7,17653812818.46,3839.9,2896.0,3039779144316.38,2026-07-31 14:30:46,0,6.56,11.23,31-Jul-2025,30-Jun-2026,11.117477017630668,-17.85220994475138,,,MAHINDRA & MAHINDRA LIMITED,3.94,2026-07-31 14:32:02
0,HDFCBANKEQN,-5.45,HDFCBANK,EQ,N,748.5,13775870,753.95,757.55,748.0,753.95,10343336472.1,1020.5,726.65,11432343253524.71,2026-07-31 14:30:44,0,-25.82,-6.19,31-Jul-2025,30-Jun-2026,26.65360117589417,-3.0069497006812083,,,HDFC BANK LIMITED,-0.72,2026-07-31 14:32:02
0,INFYEQN,-22.3,INFY,EQ,N,1132.8,9083416,1118.9,1139.3,1107.2,1155.1,10237009832.0,1728.0,982.4,3961800516767.57,2026-07-31 14:30:46,0,-24.92,13.25,31-Jul-2025,30-Jun-2026,34.44444444444444,-15.309446254071661,,,INFOSYS LIMITED,-1.93,2026-07-31 14:32:02
0,BHARTIARTLEQN,14.2,BHARTIARTL,EQ,N,1971.0,4485151,1969.0,1976.4,1947.4,1956.8,8810092406.28,2174.5,1740.5,6121352069432.55,2026-07-31 14:30:44,0,2.97,6.43,31-Jul-2025,30-Jun-2026,9.358473212232697,-13.243320884803218,,,BHARTI AIRTEL LIMITED,0.73,2026-07-31 14:32:02
0,ETERNALEQN,-6.5,ETERNAL,EQ,N,304.15,26735483,312.5,316.0,301.8,310.65,8209932119.64,368.45,212.6,2192349377172.49,2026-07-31 14:30:47,0,-1.19,14.95,31-Jul-2025,30-Jun-2026,17.45148595467499,-43.0620884289746,,,ETERNAL LIMITED,-2.09,2026-07-31 14:32:02
0,SBINEQN,3.2,SBIN,EQ,N,1028.5,7862658,1028.1,1034.3,1023.5,1025.3,8080768132.92,1234.7,786.55,4237711130191.69,2026-07-31 14:30:47,0,29.12,0.16,31-Jul-2025,30-Jun-2026,16.70041305580303,-30.760917932744263,,,STATE BANK OF INDIA,0.31,2026-07-31 14:32:02
0,ICICIBANKEQN,0.6,ICICIBANK,EQ,N,1434.5,5525354,1434.3,1441.9,1431.4,1433.9,7928661975.84,1494.5,1187.6,10249845595727.33,2026-07-31 14:30:45,0,-3.17,4.3,31-Jul-2025,30-Jun-2026,4.014720642355303,-20.78982822499158,,,ICICI BANK LIMITED,0.04,2026-07-31 14:32:02
0,TCSEQN,-68.4,TCS,EQ,N,2363.4,3177299,2385.0,2391.0,2326.1,2431.8,7511357246.93,3350.0,1976.8,2405925495714.1,2026-07-31 14:30:46,0,-22.17,16.35,31-Jul-2025,30-Jun-2026,29.450746268656715,-19.556859571023878,,,TATA CONSULTANCY SERVICES LIMITED,-2.81,2026-07-31 14:32:02
0,JIOFINEQN,8.15,JIOFIN,EQ,N,255.1,28987184,247.5,255.84,247.0,246.95,7300422290.4,338.6,223.3,834371325291.16,2026-07-31 14:30:46,0,-22.58,7.81,31-Jul-2025,30-Jun-2026,24.660366213821618,-14.240931482310792,,,JIO FINANCIAL SERVICES LIMITED,3.3,2026-07-31 14:32:02
0,ADANIPORTSEQN,36.5,ADANIPORTS,EQ,N,1700.6,4233304,1674.0,1708.1,1650.0,1664.1,7155680750.32,1891.1,1290.5,1251677233385.45,2026-07-31 14:30:47,0,23.81,-6.09,31-Jul-2025,30-Jun-2026,10.07350219448998,-31.778380472685004,,,ADANI PORTS AND SPECIAL ECONOMIC ZONE LIMITED,2.19,2026-07-31 14:32:02
0,AXISBANKEQN,0.1,AXISBANK,EQ,N,1229.0,5770177,1226.2,1239.7,1226.0,1228.9,7096394481.68,1418.3,1042.5,3521371594180.56,2026-07-31 14:30:44,0,15.07,-8.64,31-Jul-2025,30-Jun-2026,13.346964676020589,-17.88968824940048,,,AXIS BANK LIMITED,0.01,2026-07-31 14:32:02
0,RELIANCEEQN,12.3,RELIANCE,EQ,N,1305.2,4794141,1295.0,1305.4,1293.6,1292.9,6232431241.41,1611.8,1249.8,8791447476768.72,2026-07-31 14:30:46,0,-6.12,0.87,31-Jul-2025,30-Jun-2026,19.02221119245564,-4.432709233477357,,,RELIANCE INDUSTRIES LIMITED,0.95,2026-07-31 14:32:02
0,BAJAJFINSVEQN,114.1,BAJAJFINSV,EQ,N,2023.5,3023076,1932.0,2026.8,1930.0,1909.4,6036296772.24,2195.0,1597.0,1168229086397.49,2026-07-31 14:30:47,0,3.87,13.66,31-Jul-2025,30-Jun-2026,7.813211845102506,-26.70632435817157,,,BAJAJ FINSERV LIMITED,5.98,2026-07-31 14:32:02
0,MARUTIEQN,34.0,MARUTI,EQ,N,14222.0,403288,14250.0,14348.0,14124.0,14188.0,5740260241.2,17370.0,12201.0,1850795452756.7,2026-07-31 14:30:42,0,12.83,0.79,31-Jul-2025,30-Jun-2026,18.123200921128383,-16.564216047864928,,,MARUTI SUZUKI INDIA LIMITED,0.24,2026-07-31 14:32:02
0,LTEQN,-2.1,LT,EQ,N,3935.6,1373725,3962.9,3973.1,3923.2,3937.7,5414990416.75,4440.0,3288.1,4592792336727.87,2026-07-31 14:30:46,0,8.23,-5.01,31-Jul-2025,30-Jun-2026,11.36036036036036,-19.692223472522127,,,LARSEN & TOUBRO LIMITED,-0.05,2026-07-31 14:32:02
0,BELEQN,4.2,BEL,EQ,N,389.1,13687798,385.0,390.6,385.0,384.9,5310591868.04,473.45,361.2,1389384376612.81,2026-07-31 14:30:44,0,1.58,-5.5,31-Jul-2025,30-Jun-2026,17.81603125990073,-7.724252491694352,,,BHARAT ELECTRONICS LIMITED,1.09,2026-07-31 14:32:02
0,HDFCLIFEEQN,2.25,HDFCLIFE,EQ,N,547.65,8414343,548.7,550.5,544.05,545.4,4593558130.56,815.0,543.0,590739970366.91,2026-07-31 14:30:47,0,-27.49,-4.87,31-Jul-2025,30-Jun-2026,32.80368098159509,-0.856353591160221,,,HDFC LIFE INSURANCE COMPANY LIMITED,0.41,2026-07-31 14:32:02
0,TATASTEELEQN,3.19,TATASTEEL,EQ,N,190.11,23716880,188.25,191.84,186.31,186.92,4483913332.8,224.4,152.51,1567481345043.4,2026-07-31 14:30:47,0,20.33,1.06,31-Jul-2025,30-Jun-2026,15.280748663101605,-24.654121041243197,,,TATA STEEL LIMITED,1.71,2026-07-31 14:32:02
0,SHRIRAMFINEQN,19.4,SHRIRAMFIN,EQ,N,1046.6,4122083,1029.2,1054.6,1029.1,1027.2,4307246968.36,1108.0,566.5,1461159431376.02,2026-07-31 14:30:46,0,65.71,0.31,31-Jul-2025,30-Jun-2026,5.541516245487364,-84.74845542806707,,,SHRIRAM FINANCE LIMITED,1.89,2026-07-31 14:32:02
0,EICHERMOTEQN,2.0,EICHERMOT,EQ,N,7832.5,547761,7899.0,7899.0,7794.0,7912.5,4297261731.54,8230.0,5386.5,1076419953118.96,2026-07-31 14:30:45,0,43.23,10.73,31-Jul-2025,30-Jun-2026,4.8298906439854195,-45.40982084841734,,,EICHER MOTORS LIMITED,0.03,2026-07-31 14:32:02
0,SUNPHARMAEQN,18.9,SUNPHARMA,EQ,N,2020.0,2046613,2016.4,2046.9,2003.4,2001.1,4146049081.53,2046.9,1548.0,2132105847560.47,2026-07-31 14:30:47,0,17.81,7.96,31-Jul-2025,30-Jun-2026,1.3141824221994236,-30.49095607235142,,,SUN PHARMACEUTICAL INDUSTRIES LIMITED,0.94,2026-07-31 14:32:02
0,HINDALCOEQN,9.05,HINDALCO,EQ,N,979.45,3944046,979.8,988.0,971.05,970.4,3870923387.16,1176.0,657.5,1413528937270.22,2026-07-31 14:30:46,0,43.44,2.43,31-Jul-2025,30-Jun-2026,16.71343537414966,-48.965779467680605,,,HINDALCO INDUSTRIES LIMITED,0.93,2026-07-31 14:32:02
0,ULTRACEMCOEQN,29.0,ULTRACEMCO,EQ,N,11876.0,273398,11850.0,12009.0,11799.0,11847.0,3261288190.56,13110.0,10325.0,1401318250645.81,2026-07-31 14:30:46,0,-2.94,5.65,31-Jul-2025,30-Jun-2026,9.412662090007627,-15.021791767554479,,,ULTRATECH CEMENT LIMITED,0.24,2026-07-31 14:32:02
0,HCLTECHEQN,-5.1,HCLTECH,EQ,N,1347.6,2225255,1317.7,1356.5,1294.3,1352.7,2974654126.35,1780.1,1030.0,1416780760804.3,2026-07-31 14:30:46,0,-8.13,25.82,31-Jul-2025,30-Jun-2026,24.296387843379584,-30.83495145631068,,,HCL TECHNOLOGIES LIMITED,-0.38,2026-07-31 14:32:02
0,ITCEQN,-3.85,ITC,EQ,N,281.2,10512435,285.55,285.8,280.05,285.05,2964716918.7,427.0,275.0,2703093563650.16,2026-07-31 14:30:47,0,-31.76,-2.04,31-Jul-2025,30-Jun-2026,34.14519906323185,-2.2545454545454544,,,ITC LIMITED,-1.35,2026-07-31 14:32:02
0,TECHMEQN,-18.6,TECHM,EQ,N,1650.4,1623783,1620.0,1661.5,1610.5,1669.0,2674468027.98,1854.0,1304.1,1044929255537.37,2026-07-31 14:30:46,0,12.79,17.53,31-Jul-2025,30-Jun-2026,10.981661272923409,-26.55471206195844,,,TECH MAHINDRA LIMITED,-1.11,2026-07-31 14:32:02
0,TITANEQN,26.0,TITAN,EQ,N,4876.0,516279,4850.0,4885.5,4820.9,4850.0,2511635381.52,4885.5,3303.1,2007502015369.2,2026-07-31 14:30:46,0,45.67,10.72,31-Jul-2025,30-Jun-2026,0.19445297308361478,-47.61890345433078,,,TITAN COMPANY LIMITED,0.54,2026-07-31 14:32:02
0,WIPROEQN,-1.84,WIPRO,EQ,N,184.49,13642528,184.85,185.24,180.83,186.33,2501357508.8,273.1,169.0,498106171158.78,2026-07-31 14:30:45,0,-25.69,8.29,31-Jul-2025,30-Jun-2026,32.445990479677775,-9.165680473372781,,,WIPRO LIMITED,-0.99,2026-07-31 14:32:02
0,TMPVEQN,6.35,TMPV,EQ,N,340.55,6307611,335.55,341.95,334.5,334.2,2130710995.8,739.7,294.3,709632043240.66,2026-07-31 14:30:46,0,-48.89,-3.35,31-Jul-2025,30-Jun-2026,53.96106529674192,-15.715256540944614,,,TATA MOTORS PASSENGER VEHICLES LIMITED,1.9,2026-07-31 14:32:02
0,NESTLEINDEQN,-20.7,NESTLEIND,EQ,N,1500.0,1408050,1529.0,1529.0,1498.8,1520.7,2127296020.5,1532.6,1084.7,1072508177483.64,2026-07-31 14:30:46,0,33.47,6.75,31-Jul-2025,30-Jun-2026,2.127104267258254,-38.287083986355675,,,NESTLE INDIA LIMITED,-1.36,2026-07-31 14:32:02
0,HINDUNILVREQN,-6.7,HINDUNILVR,EQ,N,2101.2,897430,2119.6,2119.6,2091.1,2107.9,1885760684.7,2750.0,2016.0,1858673259269.31,2026-07-31 14:30:44,0,-16.67,-0.81,31-Jul-2025,30-Jun-2026,23.592727272727274,-4.226190476190476,,,HINDUSTAN UNILEVER LIMITED,-0.32,2026-07-31 14:32:02
0,ADANIENTEQN,-25.2,ADANIENT,EQ,N,3023.9,610794,3051.0,3067.5,3006.9,3049.1,1850724143.82,3245.0,1753.0,905195213173.19,2026-07-31 14:30:44,0,28.08,-0.44,31-Jul-2025,30-Jun-2026,6.813559322033898,-72.49857387335996,,,ADANI ENTERPRISES LIMITED,-0.83,2026-07-31 14:32:02
0,ASIANPAINTEQN,5.8,ASIANPAINT,EQ,N,2752.0,617098,2773.9,2774.9,2732.4,2746.2,1697488494.48,2985.7,2115.0,1241047547783.72,2026-07-31 14:30:44,0,14.85,4.41,31-Jul-2025,30-Jun-2026,7.8273101785176005,-30.11820330969267,,,ASIAN PAINTS LIMITED,0.21,2026-07-31 14:32:02
0,BAJAJ-AUTOEQN,76.5,BAJAJ-AUTO,EQ,N,11508.5,145873,11475.0,11590.0,11329.5,11432.0,1680559071.1,11590.0,7858.5,1270981394989.92,2026-07-31 14:30:46,0,43.71,18.45,31-Jul-2025,30-Jun-2026,0.7031924072476272,-46.44652287332188,,,BAJAJ AUTO LIMITED,0.67,2026-07-31 14:32:02
0,APOLLOHOSPEQN,-42.5,APOLLOHOSP,EQ,N,8945.5,186264,9025.0,9036.5,8931.0,8988.0,1671317069.76,9036.5,6696.5,917750987111.27,2026-07-31 14:30:44,0,19.23,2.97,31-Jul-2025,30-Jun-2026,1.0070270569357604,-33.58470842977675,,,APOLLO HOSPITALS ENTERPRISE LIMITED,-0.47,2026-07-31 14:32:02
0,COALINDIAEQN,2.45,COALINDIA,EQ,N,414.15,4045392,413.0,415.1,410.15,417.2,1671070527.36,491.25,368.65,989241054603.34,2026-07-31 14:30:45,0,10.0,-5.71,31-Jul-2025,30-Jun-2026,15.694656488549619,-12.3423301234233,,,COAL INDIA LIMITED,0.6,2026-07-31 14:32:02
0,NTPCEQN,2.3,NTPC,EQ,N,347.15,4764791,344.1,347.4,343.55,344.85,1646187642.59,414.4,315.55,1640943185869.12,2026-07-31 14:30:46,0,3.84,-2.68,31-Jul-2025,30-Jun-2026,16.228281853281853,-10.014260814450958,,,NTPC LIMITED,0.67,2026-07-31 14:32:02
0,KOTAKBANKEQN,0.65,KOTAKBANK,EQ,N,390.05,4038779,390.2,391.85,388.4,389.4,1574841095.47,453.2,345.5,2863966389914.15,2026-07-31 14:30:42,0,-1.43,-0.56,31-Jul-2025,30-Jun-2026,13.934245366284202,-12.894356005788712,,,KOTAK MAHINDRA BANK LIMITED,0.17,2026-07-31 14:32:02
0,MAXHEALTHEQN,-27.3,MAXHEALTH,EQ,N,1097.5,1415791,1126.0,1132.0,1091.2,1124.8,1572504905.79,1301.7,903.0,814613965096.64,2026-07-31 14:30:46,0,-11.97,-2.86,31-Jul-2025,30-Jun-2026,15.687178305293079,-21.539313399778518,,,MAX HEALTHCARE INSTITUTE LIMITED,-2.43,2026-07-31 14:32:02
0,ONGCEQN,0.24,ONGC,EQ,N,241.83,6494189,241.58,242.17,238.17,241.59,1561527745.05,307.5,227.65,936837780973.34,2026-07-31 14:30:44,0,0.36,2.97,31-Jul-2025,30-Jun-2026,21.35609756097561,-6.22886009224687,,,OIL & NATURAL GAS CORPORATION LIMITED,0.1,2026-07-31 14:32:02
0,INDIGOEQN,-56.5,INDIGO,EQ,N,5174.0,269159,5260.0,5282.0,5137.5,5230.5,1406277718.89,6232.5,3895.2,1167460385335.81,2026-07-31 14:30:45,0,-12.48,-3.64,31-Jul-2025,30-Jun-2026,16.983553951062976,-32.830149928116654,,,INTERGLOBE AVIATION LIMITED,-1.08,2026-07-31 14:32:02
0,POWERGRIDEQN,-1.9,POWERGRID,EQ,N,283.8,4881967,286.3,287.4,283.0,285.7,1387015644.37,324.95,250.0,1281609463686.0,2026-07-31 14:30:46,0,-2.44,-0.84,31-Jul-2025,30-Jun-2026,12.66348669026004,-13.52,,,POWER GRID CORPORATION OF INDIA LIMITED,-0.67,2026-07-31 14:32:02
0,TRENTEQN,11.1,TRENT,EQ,N,3010.3,432326,3008.0,3026.7,2990.9,2999.2,1300025898.3,3782.67,2183.67,999022171672.96,2026-07-31 14:30:46,0,-10.02,-8.3,31-Jul-2025,30-Jun-2026,20.418646088609368,-37.85507883517198,,,TRENT LIMITED,0.37,2026-07-31 14:32:02
0,TATACONSUMEQN,-8.4,TATACONSUM,EQ,N,1085.8,983595,1098.9,1098.9,1081.8,1094.2,1068262857.6,1282.7,1007.2,705124661536.45,2026-07-31 14:30:46,0,1.07,0.85,31-Jul-2025,30-Jun-2026,15.350432681063381,-7.803812549642574,,,TATA CONSUMER PRODUCTS LIMITED,-0.77,2026-07-31 14:32:02
0,CIPLAEQN,6.0,CIPLA,EQ,N,1472.4,696215,1473.4,1478.8,1462.3,1466.4,1025538619.3,1673.0,1165.7,826627205161.1,2026-07-31 14:30:47,0,-5.21,0.56,31-Jul-2025,30-Jun-2026,11.990436341900777,-26.310371450630523,,,CIPLA LIMITED,0.41,2026-07-31 14:32:02
0,JSWSTEELEQN,-1.0,JSWSTEEL,EQ,N,1269.8,797271,1276.4,1282.2,1262.0,1270.8,1012039861.98,1328.0,1018.0,1187482417671.26,2026-07-31 14:30:45,0,21.13,3.54,31-Jul-2025,30-Jun-2026,4.382530120481928,-24.73477406679764,,,JSW STEEL LIMITED,-0.08,2026-07-31 14:32:02
0,DRREDDYEQN,7.2,DRREDDY,EQ,N,1152.0,647002,1152.0,1154.3,1141.7,1144.8,742991216.72,1414.9,1101.0,700400523143.0,2026-07-31 14:30:45,0,-9.31,-15.11,31-Jul-2025,30-Jun-2026,18.58081843239805,-4.632152588555858,,,DR. REDDY'S LABORATORIES LIMITED,0.63,2026-07-31 14:32:02
0,SBILIFEEQN,2.0,SBILIFE,EQ,N,1879.5,366662,1885.0,1898.9,1870.6,1877.5,690930539.56,2132.0,1700.4,842212485674.82,2026-07-31 14:30:47,0,2.1,6.44,31-Jul-2025,30-Jun-2026,11.843339587242026,-10.532815808045166,,,SBI LIFE INSURANCE COMPANY LIMITED,0.11,2026-07-31 14:32:02
0,GRASIMEQN,-5.2,GRASIM,EQ,N,3099.6,183217,3115.7,3135.9,3093.5,3104.8,570801570.48,3246.0,2502.5,1165644896880.44,2026-07-31 14:30:47,0,12.9,0.02,31-Jul-2025,30-Jun-2026,4.510166358595194,-23.86013986013986,,,GRASIM INDUSTRIES LIMITED,-0.17,2026-07-31 14:32:02
1,NIFTY 50,77.95,NIFTY 50,,,24395.1,284074459,24361.45,24429.4,24299.7,24317.15,240133957302.65,26373.2,22182.55,,2026-07-31 14:31:44,0,-1.51,2.22,30-Jul-2025,30-Jun-2026,7.500417090076289,-9.974281586201768,,,,0.32,2026-07-31 14:32:33
0,BAJFINANCEEQN,95.1,BAJFINANCE,EQ,N,1148.6,33877629,1095.0,1151.5,1083.6,1053.5,37937524059.36,1151.5,787.9,3071231137219.75,2026-07-31 14:31:02,0,30.24,14.23,31-Jul-2025,30-Jun-2026,0.2518454190186713,-45.77992130981089,,,BAJAJ FINANCE LIMITED,9.03,2026-07-31 14:32:33
0,M&MEQN,130.3,M&M,EQ,N,3414.0,5208932,3379.9,3457.0,3243.3,3283.7,17655102031.48,3839.9,2896.0,3040135257149.6,2026-07-31 14:31:01,0,6.56,11.22,31-Jul-2025,30-Jun-2026,11.091434672777936,-17.886740331491712,,,MAHINDRA & MAHINDRA LIMITED,3.97,2026-07-31 14:32:33
0,HDFCBANKEQN,-5.45,HDFCBANK,EQ,N,748.5,13778382,753.95,757.55,748.0,753.95,10345222557.06,1020.5,726.65,11433106988126.46,2026-07-31 14:30:59,0,-25.82,-6.2,31-Jul-2025,30-Jun-2026,26.65360117589417,-3.0069497006812083,,,HDFC BANK LIMITED,-0.72,2026-07-31 14:32:33
0,INFYEQN,-21.7,INFY,EQ,N,1133.4,9088925,1118.9,1139.3,1107.2,1155.1,10243218475.0,1728.0,982.4,3963199704659.77,2026-07-31 14:31:01,0,-24.93,13.23,31-Jul-2025,30-Jun-2026,34.40972222222222,-15.370521172638437,,,INFOSYS LIMITED,-1.88,2026-07-31 14:32:33
0,BHARTIARTLEQN,14.3,BHARTIARTL,EQ,N,1971.1,4486154,1969.0,1976.4,1947.4,1956.8,8812062579.12,2174.5,1740.5,6121041530062.15,2026-07-31 14:30:59,0,2.96,6.43,31-Jul-2025,30-Jun-2026,9.353874453897447,-13.24906636024131,,,BHARTI AIRTEL LIMITED,0.73,2026-07-31 14:32:33
0,ETERNALEQN,-6.5,ETERNAL,EQ,N,304.15,26744429,312.5,316.0,301.8,310.65,8212679257.32,368.45,212.6,2193070307582.61,2026-07-31 14:31:02,0,-1.22,14.91,31-Jul-2025,30-Jun-2026,17.45148595467499,-43.0620884289746,,,ETERNAL LIMITED,-2.09,2026-07-31 14:32:33
0,SBINEQN,3.3,SBIN,EQ,N,1028.6,7864236,1028.1,1034.3,1023.5,1025.3,8082389906.64,1234.7,786.55,4238535507417.68,2026-07-31 14:31:01,0,29.11,0.15,31-Jul-2025,30-Jun-2026,16.692313922410303,-30.773631682664803,,,STATE BANK OF INDIA,0.32,2026-07-31 14:32:33
0,ICICIBANKEQN,0.5,ICICIBANK,EQ,N,1434.4,5529362,1434.3,1441.9,1431.4,1433.9,7934413295.52,1494.5,1187.6,10249131021996.45,2026-07-31 14:31:00,0,-3.17,4.3,31-Jul-2025,30-Jun-2026,4.021411843425895,-20.781407881441563,,,ICICI BANK LIMITED,0.03,2026-07-31 14:32:33
0,TCSEQN,-67.3,TCS,EQ,N,2364.5,3181860,2385.0,2391.0,2326.1,2431.8,7522139770.2,3350.0,1976.8,2406638181528.07,2026-07-31 14:31:01,0,-22.17,16.34,31-Jul-2025,30-Jun-2026,29.417910447761194,-19.612505058680696,,,TATA CONSULTANCY SERVICES LIMITED,-2.77,2026-07-31 14:32:33
0,JIOFINEQN,8.05,JIOFIN,EQ,N,255.0,29002859,247.5,255.84,247.0,246.95,7304370039.15,338.6,223.3,834698516901.4,2026-07-31 14:31:01,0,-22.58,7.81,31-Jul-2025,30-Jun-2026,24.689899586532782,-14.1961486789073,,,JIO FINANCIAL SERVICES LIMITED,3.26,2026-07-31 14:32:33
0,ADANIPORTSEQN,36.4,ADANIPORTS,EQ,N,1700.5,4233926,1674.0,1708.1,1650.0,1664.1,7156732135.58,1891.1,1290.5,1251088693484.95,2026-07-31 14:31:02,0,23.79,-6.1,31-Jul-2025,30-Jun-2026,10.07879012215113,-31.770631538163503,,,ADANI PORTS AND SPECIAL ECONOMIC ZONE LIMITED,2.19,2026-07-31 14:32:33
0,AXISBANKEQN,0.1,AXISBANK,EQ,N,1229.0,5771166,1226.2,1239.7,1226.0,1228.9,7097610793.44,1418.3,1042.5,3520798640780.92,2026-07-31 14:30:59,0,15.04,-8.66,31-Jul-2025,30-Jun-2026,13.346964676020589,-17.88968824940048,,,AXIS BANK LIMITED,0.01,2026-07-31 14:32:33
0,RELIANCEEQN,12.1,RELIANCE,EQ,N,1305.0,4796034,1295.0,1305.4,1293.6,1292.9,6234892160.34,1611.8,1249.8,8791447476768.72,2026-07-31 14:31:01,0,-6.14,0.85,31-Jul-2025,30-Jun-2026,19.034619679861024,-4.416706673067691,,,RELIANCE INDUSTRIES LIMITED,0.94,2026-07-31 14:32:33
0,BAJAJFINSVEQN,113.1,BAJAJFINSV,EQ,N,2022.5,3025622,1932.0,2026.8,1930.0,1909.4,6041440984.72,2195.0,1597.0,1168171356159.98,2026-07-31 14:31:01,0,3.84,13.63,31-Jul-2025,30-Jun-2026,7.85876993166287,-26.64370695053225,,,BAJAJ FINSERV LIMITED,5.92,2026-07-31 14:32:33
0,MARUTIEQN,33.0,MARUTI,EQ,N,14221.0,403527,14250.0,14348.0,14124.0,14188.0,5743662083.55,17370.0,12201.0,1850145000991.48,2026-07-31 14:30:57,0,12.81,0.77,31-Jul-2025,30-Jun-2026,18.128957973517558,-16.55601999836079,,,MARUTI SUZUKI INDIA LIMITED,0.23,2026-07-31 14:32:33
0,LTEQN,-2.1,LT,EQ,N,3935.6,1373838,3962.9,3973.1,3923.2,3937.7,5415435843.54,4440.0,3288.1,4593025769629.35,2026-07-31 14:31:01,0,8.22,-5.02,31-Jul-2025,30-Jun-2026,11.36036036036036,-19.692223472522127,,,LARSEN & TOUBRO LIMITED,-0.05,2026-07-31 14:32:33
0,BELEQN,4.1,BEL,EQ,N,389.0,13693063,385.0,390.6,385.0,384.9,5312634582.74,473.45,361.2,1389741544833.02,2026-07-31 14:30:59,0,1.59,-5.49,31-Jul-2025,30-Jun-2026,17.837152814447144,-7.69656699889258,,,BHARAT ELECTRONICS LIMITED,1.07,2026-07-31 14:32:33
0,HDFCLIFEEQN,2.25,HDFCLIFE,EQ,N,547.65,8414757,548.7,550.5,544.05,545.4,4593784141.44,815.0,543.0,591495944734.84,2026-07-31 14:31:01,0,-27.51,-4.9,31-Jul-2025,30-Jun-2026,32.80368098159509,-0.856353591160221,,,HDFC LIFE INSURANCE COMPANY LIMITED,0.41,2026-07-31 14:32:33
0,TATASTEELEQN,3.23,TATASTEEL,EQ,N,190.15,23725795,188.25,191.84,186.31,186.92,4485598802.7,224.4,152.51,1567398915439.64,2026-07-31 14:31:01,0,20.22,0.97,31-Jul-2025,30-Jun-2026,15.262923351158646,-24.680348829584947,,,TATA STEEL LIMITED,1.73,2026-07-31 14:32:33
0,SHRIRAMFINEQN,18.6,SHRIRAMFIN,EQ,N,1045.8,4126142,1029.2,1054.6,1029.1,1027.2,4311488298.64,1108.0,566.5,1461857748825.54,2026-07-31 14:31:01,0,65.74,0.33,31-Jul-2025,30-Jun-2026,5.613718411552346,-84.6072374227714,,,SHRIRAM FINANCE LIMITED,1.81,2026-07-31 14:32:33
0,EICHERMOTEQN,0.0,EICHERMOT,EQ,N,7830.5,547792,7899.0,7899.0,7794.0,7912.5,4297504930.88,8230.0,5386.5,1076145093252.22,2026-07-31 14:31:00,0,43.18,10.69,31-Jul-2025,30-Jun-2026,4.854191980558931,-45.37269098672608,,,EICHER MOTORS LIMITED,0.0,2026-07-31 14:32:33
0,SUNPHARMAEQN,13.8,SUNPHARMA,EQ,N,2014.9,2099393,2016.4,2046.9,2003.4,2001.1,4252152570.06,2046.9,1548.0,2139391668850.18,2026-07-31 14:31:01,0,17.96,8.09,31-Jul-2025,30-Jun-2026,1.5633396844008012,-30.161498708010335,,,SUN PHARMACEUTICAL INDUSTRIES LIMITED,0.69,2026-07-31 14:32:33
0,HINDALCOEQN,9.6,HINDALCO,EQ,N,980.0,3948540,979.8,988.0,971.05,970.4,3875334068.4,1176.0,657.5,1414250862161.57,2026-07-31 14:31:01,0,43.43,2.41,31-Jul-2025,30-Jun-2026,16.666666666666668,-49.049429657794676,,,HINDALCO INDUSTRIES LIMITED,0.99,2026-07-31 14:32:33
0,ULTRACEMCOEQN,29.0,ULTRACEMCO,EQ,N,11876.0,273431,11850.0,12009.0,11799.0,11847.0,3261681838.32,13110.0,10325.0,1402026285130.35,2026-07-31 14:31:01,0,-2.93,5.66,31-Jul-2025,30-Jun-2026,9.412662090007627,-15.021791767554479,,,ULTRATECH CEMENT LIMITED,0.24,2026-07-31 14:32:33
0,HCLTECHEQN,-3.5,HCLTECH,EQ,N,1349.2,2231109,1317.7,1356.5,1294.3,1352.7,2982546511.2,1780.1,1030.0,1416780760804.3,2026-07-31 14:31:01,0,-8.11,25.85,31-Jul-2025,30-Jun-2026,24.206505252513903,-30.990291262135923,,,HCL TECHNOLOGIES LIMITED,-0.26,2026-07-31 14:32:33
0,ITCEQN,-3.85,ITC,EQ,N,281.2,10514185,285.55,285.8,280.05,285.05,2965210453.7,427.0,275.0,2702132292823.82,2026-07-31 14:31:02,0,-31.76,-2.04,31-Jul-2025,30-Jun-2026,34.14519906323185,-2.2545454545454544,,,ITC LIMITED,-1.35,2026-07-31 14:32:33
0,TECHMEQN,-17.8,TECHM,EQ,N,1651.2,1634080,1620.0,1661.5,1610.5,1669.0,2691460486.4,1854.0,1304.1,1045182587073.96,2026-07-31 14:31:01,0,12.78,17.51,31-Jul-2025,30-Jun-2026,10.93851132686084,-26.61605705083966,,,TECH MAHINDRA LIMITED,-1.07,2026-07-31 14:32:33
0,TITANEQN,26.0,TITAN,EQ,N,4876.0,516376,4850.0,4885.5,4820.9,4850.0,2512107274.88,4885.5,3303.1,2007502015369.2,2026-07-31 14:31:01,0,45.71,10.75,31-Jul-2025,30-Jun-2026,0.19445297308361478,-47.61890345433078,,,TITAN COMPANY LIMITED,0.54,2026-07-31 14:32:33
0,WIPROEQN,-1.78,WIPRO,EQ,N,184.55,13644955,184.85,185.24,180.83,186.33,2501802499.25,273.1,169.0,498214196786.87,2026-07-31 14:31:00,0,-25.71,8.26,31-Jul-2025,30-Jun-2026,32.42402050530941,-9.201183431952662,,,WIPRO LIMITED,-0.96,2026-07-31 14:32:33
0,TMPVEQN,6.35,TMPV,EQ,N,340.55,6308207,335.55,341.95,334.5,334.2,2130912324.6,739.7,294.3,709632043240.66,2026-07-31 14:31:01,0,-48.87,-3.32,31-Jul-2025,30-Jun-2026,53.96106529674192,-15.715256540944614,,,TATA MOTORS PASSENGER VEHICLES LIMITED,1.9,2026-07-31 14:32:33
0,NESTLEINDEQN,-20.7,NESTLEIND,EQ,N,1500.0,1408371,1529.0,1529.0,1498.8,1520.7,2127780990.51,1532.6,1084.7,1072508177483.64,2026-07-31 14:31:01,0,33.47,6.75,31-Jul-2025,30-Jun-2026,2.127104267258254,-38.287083986355675,,,NESTLE INDIA LIMITED,-1.36,2026-07-31 14:32:33
0,HINDUNILVREQN,-6.9,HINDUNILVR,EQ,N,2101.0,897902,2119.6,2119.6,2091.1,2107.9,1886752493.58,2750.0,2016.0,1858938670273.06,2026-07-31 14:30:59,0,-16.68,-0.83,31-Jul-2025,30-Jun-2026,23.6,-4.216269841269841,,,HINDUSTAN UNILEVER LIMITED,-0.33,2026-07-31 14:32:33
0,ADANIENTEQN,-25.5,ADANIENT,EQ,N,3023.6,610833,3051.0,3067.5,3006.9,3049.1,1850842314.99,3245.0,1753.0,905285026165.64,2026-07-31 14:30:59,0,28.07,-0.45,31-Jul-2025,30-Jun-2026,6.822804314329738,-72.48146035367941,,,ADANI ENTERPRISES LIMITED,-0.84,2026-07-31 14:32:33
0,ASIANPAINTEQN,5.8,ASIANPAINT,EQ,N,2752.0,617234,2773.9,2774.9,2732.4,2746.2,1697862597.84,2985.7,2115.0,1241047547783.72,2026-07-31 14:30:59,0,14.85,4.41,31-Jul-2025,30-Jun-2026,7.8273101785176005,-30.11820330969267,,,ASIAN PAINTS LIMITED,0.21,2026-07-31 14:32:33
0,NTPCEQN,2.25,NTPC,EQ,N,347.1,4873529,344.1,347.7,343.55,344.85,1683950475.37,414.4,315.55,1641179564893.3,2026-07-31 14:31:01,0,3.84,-2.68,31-Jul-2025,30-Jun-2026,16.24034749034749,-9.998415465061004,,,NTPC LIMITED,0.65,2026-07-31 14:32:33
0,BAJAJ-AUTOEQN,81.0,BAJAJ-AUTO,EQ,N,11513.0,146019,11475.0,11590.0,11329.5,11432.0,1682239633.11,11590.0,7858.5,1271147059926.7,2026-07-31 14:31:02,0,43.76,18.49,31-Jul-2025,30-Jun-2026,0.6643658326143227,-46.503785709741045,,,BAJAJ AUTO LIMITED,0.71,2026-07-31 14:32:33
0,APOLLOHOSPEQN,-45.5,APOLLOHOSP,EQ,N,8942.5,186479,9025.0,9036.5,8931.0,8988.0,1673238771.2,9036.5,6696.5,918007542793.68,2026-07-31 14:30:59,0,19.3,3.03,31-Jul-2025,30-Jun-2026,1.040225751120456,-33.53990890763832,,,APOLLO HOSPITALS ENTERPRISE LIMITED,-0.51,2026-07-31 14:32:33
0,COALINDIAEQN,2.45,COALINDIA,EQ,N,414.15,4046190,413.0,415.1,410.15,417.2,1671400165.2,491.25,368.65,989241054603.34,2026-07-31 14:30:59,0,10.04,-5.67,31-Jul-2025,30-Jun-2026,15.694656488549619,-12.3423301234233,,,COAL INDIA LIMITED,0.6,2026-07-31 14:32:33
0,KOTAKBANKEQN,0.7,KOTAKBANK,EQ,N,390.1,4040038,390.2,391.85,388.4,389.4,1575332017.34,453.2,345.5,2863966389914.15,2026-07-31 14:30:57,0,-1.45,-0.57,31-Jul-2025,30-Jun-2026,13.923212709620477,-12.908827785817655,,,KOTAK MAHINDRA BANK LIMITED,0.18,2026-07-31 14:32:33
0,MAXHEALTHEQN,-27.4,MAXHEALTH,EQ,N,1097.4,1416364,1126.0,1132.0,1091.2,1124.8,1573127167.52,1301.7,903.0,814391311862.74,2026-07-31 14:31:01,0,-12.0,-2.9,31-Jul-2025,30-Jun-2026,15.69486056695091,-21.528239202657808,,,MAX HEALTHCARE INSTITUTE LIMITED,-2.44,2026-07-31 14:32:33
0,ONGCEQN,0.23,ONGC,EQ,N,241.82,6505075,241.58,242.17,238.17,241.59,1564145283.75,307.5,227.65,936837780973.34,2026-07-31 14:30:59,0,0.34,2.94,31-Jul-2025,30-Jun-2026,21.359349593495935,-6.224467384142324,,,OIL & NATURAL GAS CORPORATION LIMITED,0.1,2026-07-31 14:32:33
0,INDIGOEQN,-57.5,INDIGO,EQ,N,5173.0,269358,5260.0,5282.0,5137.5,5230.5,1407306661.86,6232.5,3895.2,1167911839467.8,2026-07-31 14:31:00,0,-12.46,-3.62,31-Jul-2025,30-Jun-2026,16.999598876855195,-32.80447730540152,,,INTERGLOBE AVIATION LIMITED,-1.1,2026-07-31 14:32:33
0,POWERGRIDEQN,-1.8,POWERGRID,EQ,N,283.9,4882411,286.3,287.4,283.0,285.7,1387141789.21,324.95,250.0,1282061052644.31,2026-07-31 14:31:01,0,-2.44,-0.84,31-Jul-2025,30-Jun-2026,12.63271272503462,-13.56,,,POWER GRID CORPORATION OF INDIA LIMITED,-0.63,2026-07-31 14:32:33
0,TRENTEQN,11.0,TRENT,EQ,N,3010.2,432438,3008.0,3026.7,2990.9,2999.2,1300362687.9,3782.67,2183.67,999221259391.51,2026-07-31 14:31:01,0,-10.06,-8.34,31-Jul-2025,30-Jun-2026,20.421289723925163,-37.85049938864389,,,TRENT LIMITED,0.37,2026-07-31 14:32:33
0,TATACONSUMEQN,-8.4,TATACONSUM,EQ,N,1085.8,984239,1098.9,1098.9,1081.8,1094.2,1068962293.12,1282.7,1007.2,705124661536.45,2026-07-31 14:31:01,0,1.15,0.92,31-Jul-2025,30-Jun-2026,15.350432681063381,-7.803812549642574,,,TATA CONSUMER PRODUCTS LIMITED,-0.77,2026-07-31 14:32:33
0,CIPLAEQN,5.4,CIPLA,EQ,N,1471.8,700333,1473.4,1478.8,1462.3,1466.4,1031597512.33,1673.0,1165.7,826122206189.72,2026-07-31 14:31:01,0,-5.22,0.55,31-Jul-2025,30-Jun-2026,12.026300059772863,-26.258900231620487,,,CIPLA LIMITED,0.37,2026-07-31 14:32:33
0,JSWSTEELEQN,-0.9,JSWSTEEL,EQ,N,1269.9,797366,1276.4,1282.2,1262.0,1270.8,1012160453.08,1328.0,1018.0,1187575949682.73,2026-07-31 14:31:00,0,21.11,3.52,31-Jul-2025,30-Jun-2026,4.375,-24.74459724950884,,,JSW STEEL LIMITED,-0.07,2026-07-31 14:32:33
0,DRREDDYEQN,7.3,DRREDDY,EQ,N,1152.1,665443,1152.0,1154.3,1141.7,1144.8,764234667.78,1414.9,1101.0,700461311246.03,2026-07-31 14:31:00,0,-9.3,-15.11,31-Jul-2025,30-Jun-2026,18.573750795109195,-4.641235240690282,,,DR. REDDY'S LABORATORIES LIMITED,0.64,2026-07-31 14:32:33
0,SBILIFEEQN,1.8,SBILIFE,EQ,N,1879.3,366752,1885.0,1898.9,1870.6,1877.5,691100133.76,2132.0,1700.4,842212485674.82,2026-07-31 14:31:02,0,2.06,6.39,31-Jul-2025,30-Jun-2026,11.852720450281426,-10.521053869677722,,,SBI LIFE INSURANCE COMPANY LIMITED,0.1,2026-07-31 14:32:33
0,GRASIMEQN,-5.0,GRASIM,EQ,N,3099.8,183379,3115.7,3135.9,3093.5,3104.8,571304437.97,3246.0,2502.5,1166246908447.58,2026-07-31 14:31:01,0,12.92,0.04,31-Jul-2025,30-Jun-2026,4.504004929143561,-23.86813186813187,,,GRASIM INDUSTRIES LIMITED,-0.16,2026-07-31 14:32:33
1,NIFTY 50,72.85,NIFTY 50,,,24390.0,284956649,24361.45,24429.4,24299.7,24317.15,240939419259.22,26373.2,22182.55,,2026-07-31 14:32:04,0,-1.53,2.2,30-Jul-2025,30-Jun-2026,7.5197549027042605,-9.951290541439104,,,,0.3,2026-07-31 14:33:04
0,BAJFINANCEEQN,93.8,BAJFINANCE,EQ,N,1147.3,33951416,1095.0,1151.5,1083.6,1053.5,38022190778.4,1151.5,787.9,3067489318760.0,2026-07-31 14:32:01,0,30.24,14.23,31-Jul-2025,30-Jun-2026,0.364741641337386,-45.61492575199898,,,BAJAJ FINANCE LIMITED,8.9,2026-07-31 14:33:04
0,M&MEQN,129.3,M&M,EQ,N,3413.0,5210511,3379.9,3457.0,3243.3,3283.7,17660453878.29,3839.9,2896.0,3038621777608.44,2026-07-31 14:31:57,0,6.56,11.22,31-Jul-2025,30-Jun-2026,11.117477017630668,-17.85220994475138,,,MAHINDRA & MAHINDRA LIMITED,3.94,2026-07-31 14:33:04
0,HDFCBANKEQN,-5.35,HDFCBANK,EQ,N,748.6,13831511,753.95,757.55,748.0,753.95,10384975089.02,1020.5,726.65,11433870722728.2,2026-07-31 14:32:00,0,-25.82,-6.19,31-Jul-2025,30-Jun-2026,26.643802057814796,-3.0207114842083533,,,HDFC BANK LIMITED,-0.71,2026-07-31 14:33:04
0,INFYEQN,-22.6,INFY,EQ,N,1132.5,9121614,1118.9,1139.3,1107.2,1155.1,10280332626.42,1728.0,982.4,3961450719794.52,2026-07-31 14:32:01,0,-24.95,13.2,31-Jul-2025,30-Jun-2026,34.46180555555556,-15.278908794788274,,,INFOSYS LIMITED,-1.96,2026-07-31 14:33:04
0,BHARTIARTLEQN,14.1,BHARTIARTL,EQ,N,1970.9,4494391,1969.0,1976.4,1947.4,1956.8,8828287297.39,2174.5,1740.5,6121041530062.15,2026-07-31 14:32:00,0,2.97,6.43,31-Jul-2025,30-Jun-2026,9.363071970567947,-13.237575409365125,,,BHARTI AIRTEL LIMITED,0.72,2026-07-31 14:33:04
0,ETERNALEQN,-6.6,ETERNAL,EQ,N,304.05,26776116,312.5,316.0,301.8,310.65,8222409701.28,368.45,212.6,2191988911967.43,2026-07-31 14:32:00,0,-1.22,14.91,31-Jul-2025,30-Jun-2026,17.47862667933234,-43.01505174035748,,,ETERNAL LIMITED,-2.12,2026-07-31 14:33:04
0,SBINEQN,3.1,SBIN,EQ,N,1028.4,7877590,1028.1,1034.3,1023.5,1025.3,8096114346.6,1234.7,786.55,4239772073256.66,2026-07-31 14:32:02,0,29.08,0.13,31-Jul-2025,30-Jun-2026,16.708512189195755,-30.748204182823724,,,STATE BANK OF INDIA,0.3,2026-07-31 14:33:04
0,ICICIBANKEQN,0.5,ICICIBANK,EQ,N,1434.4,5539676,1434.3,1441.9,1431.4,1433.9,7949213472.96,1494.5,1187.6,10249845595727.33,2026-07-31 14:32:01,0,-3.18,4.3,31-Jul-2025,30-Jun-2026,4.021411843425895,-20.781407881441563,,,ICICI BANK LIMITED,0.03,2026-07-31 14:33:04
0,TCSEQN,-68.3,TCS,EQ,N,2363.5,3193233,2385.0,2391.0,2326.1,2431.8,7549026338.31,3350.0,1976.8,2407147242823.76,2026-07-31 14:32:01,0,-22.17,16.34,31-Jul-2025,30-Jun-2026,29.44776119402985,-19.561918251719952,,,TATA CONSULTANCY SERVICES LIMITED,-2.81,2026-07-31 14:33:04
0,JIOFINEQN,7.88,JIOFIN,EQ,N,254.83,29171385,247.5,255.84,247.0,246.95,7347396739.95,338.6,223.3,834044133680.91,2026-07-31 14:32:01,0,-22.61,7.77,31-Jul-2025,30-Jun-2026,24.74010632014176,-14.12001791312136,,,JIO FINANCIAL SERVICES LIMITED,3.19,2026-07-31 14:33:04
0,ADANIPORTSEQN,35.5,ADANIPORTS,EQ,N,1699.6,4236894,1674.0,1708.1,1650.0,1664.1,7161791403.96,1891.1,1290.5,1251088693484.95,2026-07-31 14:32:02,0,23.75,-6.13,31-Jul-2025,30-Jun-2026,10.126381471101475,-31.700891127469973,,,ADANI PORTS AND SPECIAL ECONOMIC ZONE LIMITED,2.13,2026-07-31 14:33:04
0,AXISBANKEQN,0.3,AXISBANK,EQ,N,1229.2,5775670,1226.2,1239.7,1226.0,1228.9,7103149992.8,1418.3,1042.5,3520798640780.92,2026-07-31 14:32:00,0,15.05,-8.66,31-Jul-2025,30-Jun-2026,13.332863287033772,-17.908872901678656,,,AXIS BANK LIMITED,0.02,2026-07-31 14:33:04
0,RELIANCEEQN,11.3,RELIANCE,EQ,N,1304.2,4823353,1295.0,1305.4,1293.6,1292.9,6270551834.12,1611.8,1249.8,8792121150904.87,2026-07-31 14:32:01,0,-6.2,0.78,31-Jul-2025,30-Jun-2026,19.084253629482568,-4.352696431429028,,,RELIANCE INDUSTRIES LIMITED,0.87,2026-07-31 14:33:04
0,BAJAJFINSVEQN,113.3,BAJAJFINSV,EQ,N,2022.7,3028768,1932.0,2026.8,1930.0,1909.4,6047813654.72,2195.0,1597.0,1168055895684.94,2026-07-31 14:32:02,0,3.85,13.64,31-Jul-2025,30-Jun-2026,7.849658314350798,-26.656230432060113,,,BAJAJ FINSERV LIMITED,5.93,2026-07-31 14:33:04
0,MARUTIEQN,37.0,MARUTI,EQ,N,14225.0,403907,14250.0,14348.0,14124.0,14188.0,5749066831.48,17370.0,12201.0,1850145000991.48,2026-07-31 14:31:58,0,12.82,0.77,31-Jul-2025,30-Jun-2026,18.10592976396085,-16.588804196377346,,,MARUTI SUZUKI INDIA LIMITED,0.26,2026-07-31 14:33:04
0,LTEQN,-2.7,LT,EQ,N,3935.0,1374832,3962.9,3973.1,3923.2,3937.7,5419354022.56,4440.0,3288.1,4593726068333.81,2026-07-31 14:31:57,0,8.14,-5.09,31-Jul-2025,30-Jun-2026,11.373873873873874,-19.673975852315927,,,LARSEN & TOUBRO LIMITED,-0.07,2026-07-31 14:33:04
0,BELEQN,4.2,BEL,EQ,N,389.1,13716386,385.0,390.6,385.0,384.9,5321683440.28,473.45,361.2,1389920128943.13,2026-07-31 14:32:00,0,1.57,-5.51,31-Jul-2025,30-Jun-2026,17.81603125990073,-7.724252491694352,,,BHARAT ELECTRONICS LIMITED,1.09,2026-07-31 14:33:04
0,HDFCLIFEEQN,2.3,HDFCLIFE,EQ,N,547.7,8417222,548.7,550.5,544.05,545.4,4595129834.24,815.0,543.0,591657939242.26,2026-07-31 14:32:01,0,-27.52,-4.91,31-Jul-2025,30-Jun-2026,32.79754601226994,-0.8655616942909761,,,HDFC LIFE INSURANCE COMPANY LIMITED,0.42,2026-07-31 14:33:04
0,TATASTEELEQN,2.99,TATASTEEL,EQ,N,189.91,23799166,188.25,191.84,186.31,186.92,4499470323.96,224.4,152.51,1565503034553.23,2026-07-31 14:32:02,0,20.24,0.98,31-Jul-2025,30-Jun-2026,15.369875222816399,-24.522982099534456,,,TATA STEEL LIMITED,1.6,2026-07-31 14:33:04
0,SUNPHARMAEQN,13.9,SUNPHARMA,EQ,N,2015.0,2200225,2016.4,2046.9,2003.4,2001.1,4455235602.5,2046.9,1548.0,2126931858528.66,2026-07-31 14:32:02,0,16.85,7.08,31-Jul-2025,30-Jun-2026,1.5584542478870487,-30.16795865633075,,,SUN PHARMACEUTICAL INDUSTRIES LIMITED,0.69,2026-07-31 14:33:04
0,SHRIRAMFINEQN,18.4,SHRIRAMFIN,EQ,N,1045.6,4132635,1029.2,1054.6,1029.1,1027.2,4318272964.2,1108.0,566.5,1460321450436.59,2026-07-31 14:31:57,0,65.74,0.33,31-Jul-2025,30-Jun-2026,5.631768953068592,-84.57193292144748,,,SHRIRAM FINANCE LIMITED,1.79,2026-07-31 14:33:04
0,EICHERMOTEQN,0.0,EICHERMOT,EQ,N,7830.5,548153,7899.0,7899.0,7794.0,7912.5,4300331544.89,8230.0,5386.5,1076419953118.96,2026-07-31 14:32:01,0,43.22,10.72,31-Jul-2025,30-Jun-2026,4.854191980558931,-45.37269098672608,,,EICHER MOTORS LIMITED,0.0,2026-07-31 14:33:04
0,HINDALCOEQN,9.35,HINDALCO,EQ,N,979.75,3953330,979.8,988.0,971.05,970.4,3880035261.8,1176.0,657.5,1414611824607.25,2026-07-31 14:32:01,0,43.43,2.41,31-Jul-2025,30-Jun-2026,16.687925170068027,-49.01140684410647,,,HINDALCO INDUSTRIES LIMITED,0.96,2026-07-31 14:33:04
0,ULTRACEMCOEQN,38.0,ULTRACEMCO,EQ,N,11885.0,273723,11850.0,12009.0,11799.0,11847.0,3265151338.41,13110.0,10325.0,1403088336857.15,2026-07-31 14:32:01,0,-2.93,5.66,31-Jul-2025,30-Jun-2026,9.344012204424104,-15.108958837772397,,,ULTRATECH CEMENT LIMITED,0.32,2026-07-31 14:33:04
0,HCLTECHEQN,-3.6,HCLTECH,EQ,N,1349.1,2237944,1317.7,1356.5,1294.3,1352.7,2991773056.96,1780.1,1030.0,1418252631585.78,2026-07-31 14:32:01,0,-8.13,25.83,31-Jul-2025,30-Jun-2026,24.212122914443007,-30.980582524271846,,,HCL TECHNOLOGIES LIMITED,-0.27,2026-07-31 14:33:04
0,ITCEQN,-3.95,ITC,EQ,N,281.1,10595844,285.55,285.8,280.05,285.05,2988133966.44,427.0,275.0,2702132292823.82,2026-07-31 14:32:00,0,-31.75,-2.02,31-Jul-2025,30-Jun-2026,34.168618266978925,-2.2181818181818183,,,ITC LIMITED,-1.39,2026-07-31 14:33:04
0,TECHMEQN,-18.3,TECHM,EQ,N,1650.7,1646114,1620.0,1661.5,1610.5,1669.0,2711330830.54,1854.0,1304.1,1045372585726.4,2026-07-31 14:32:01,0,12.78,17.51,31-Jul-2025,30-Jun-2026,10.965480043149945,-26.577716432788897,,,TECH MAHINDRA LIMITED,-1.1,2026-07-31 14:33:04
0,TITANEQN,26.3,TITAN,EQ,N,4876.3,519644,4850.0,4885.5,4820.9,4850.0,2528042077.8,4885.5,3303.1,2007378502119.69,2026-07-31 14:31:57,0,45.72,10.76,31-Jul-2025,30-Jun-2026,0.1883123528809743,-47.62798583149163,,,TITAN COMPANY LIMITED,0.54,2026-07-31 14:33:04
0,WIPROEQN,-1.85,WIPRO,EQ,N,184.48,13657192,184.85,185.24,180.83,186.33,2504046153.2,273.1,169.0,498214196786.87,2026-07-31 14:32:01,0,-25.71,8.25,31-Jul-2025,30-Jun-2026,32.4496521420725,-9.159763313609467,,,WIPRO LIMITED,-0.99,2026-07-31 14:33:04
0,NESTLEINDEQN,-20.7,NESTLEIND,EQ,N,1500.0,1412199,1529.0,1529.0,1498.8,1520.7,2133522005.22,1532.6,1084.7,1072508177483.64,2026-07-31 14:31:57,0,33.47,6.75,31-Jul-2025,30-Jun-2026,2.127104267258254,-38.287083986355675,,,NESTLE INDIA LIMITED,-1.36,2026-07-31 14:33:04
0,TMPVEQN,6.3,TMPV,EQ,N,340.5,6315701,335.55,341.95,334.5,334.2,2133506954.81,739.7,294.3,709736247652.29,2026-07-31 14:32:02,0,-48.89,-3.36,31-Jul-2025,30-Jun-2026,53.96782479383534,-15.698267074413863,,,TATA MOTORS PASSENGER VEHICLES LIMITED,1.89,2026-07-31 14:33:04
0,HINDUNILVREQN,-7.1,HINDUNILVR,EQ,N,2100.8,929381,2119.6,2119.6,2091.1,2107.9,1952880413.87,2750.0,2016.0,1858584788934.73,2026-07-31 14:32:00,0,-16.67,-0.82,31-Jul-2025,30-Jun-2026,23.607272727272726,-4.2063492063492065,,,HINDUSTAN UNILEVER LIMITED,-0.34,2026-07-31 14:33:04
0,ADANIENTEQN,-26.7,ADANIENT,EQ,N,3022.4,611584,3051.0,3067.5,3006.9,3049.1,1853111751.68,3245.0,1753.0,904925774195.86,2026-07-31 14:32:00,0,28.06,-0.46,31-Jul-2025,30-Jun-2026,6.859784283513097,-72.41300627495721,,,ADANI ENTERPRISES LIMITED,-0.88,2026-07-31 14:33:04
0,ASIANPAINTEQN,5.8,ASIANPAINT,EQ,N,2752.0,617648,2773.9,2774.9,2732.4,2746.2,1699001412.48,2985.7,2115.0,1241047547783.72,2026-07-31 14:32:00,0,14.85,4.41,31-Jul-2025,30-Jun-2026,7.8273101785176005,-30.11820330969267,,,ASIAN PAINTS LIMITED,0.21,2026-07-31 14:33:04
0,BAJAJ-AUTOEQN,80.0,BAJAJ-AUTO,EQ,N,11512.0,146373,11475.0,11590.0,11329.5,11432.0,1686315029.91,11590.0,7858.5,1271036616635.51,2026-07-31 14:32:01,0,43.76,18.48,31-Jul-2025,30-Jun-2026,0.6729939603106126,-46.49106063498123,,,BAJAJ AUTO LIMITED,0.7,2026-07-31 14:33:04
0,NTPCEQN,2.2,NTPC,EQ,N,347.05,4879898,344.1,347.7,343.55,344.85,1686199954.92,414.4,315.55,1640943185869.12,2026-07-31 14:31:57,0,3.72,-2.79,31-Jul-2025,30-Jun-2026,16.252413127413128,-9.98257011567105,,,NTPC LIMITED,0.64,2026-07-31 14:33:04
0,APOLLOHOSPEQN,-42.5,APOLLOHOSP,EQ,N,8945.5,186961,9025.0,9036.5,8931.0,8988.0,1677548703.92,9036.5,6696.5,917750987111.27,2026-07-31 14:32:00,0,19.31,3.04,31-Jul-2025,30-Jun-2026,1.0070270569357604,-33.58470842977675,,,APOLLO HOSPITALS ENTERPRISE LIMITED,-0.47,2026-07-31 14:33:04
0,COALINDIAEQN,2.4,COALINDIA,EQ,N,414.1,4055793,413.0,415.1,410.15,417.2,1675407530.37,491.25,368.65,989121624317.87,2026-07-31 14:32:00,0,10.04,-5.67,31-Jul-2025,30-Jun-2026,15.704834605597965,-12.32876712328767,,,COAL INDIA LIMITED,0.58,2026-07-31 14:33:04
0,KOTAKBANKEQN,0.45,KOTAKBANK,EQ,N,389.85,4049489,390.2,391.85,388.4,389.4,1579017245.77,453.2,345.5,2865067774245.62,2026-07-31 14:31:58,0,-1.45,-0.57,31-Jul-2025,30-Jun-2026,13.9783759929391,-12.836468885672938,,,KOTAK MAHINDRA BANK LIMITED,0.12,2026-07-31 14:33:04
0,MAXHEALTHEQN,-28.2,MAXHEALTH,EQ,N,1096.6,1419483,1126.0,1132.0,1091.2,1124.8,1576548793.95,1301.7,903.0,814391311862.74,2026-07-31 14:31:57,0,-11.99,-2.89,31-Jul-2025,30-Jun-2026,15.756318660213568,-21.439645625692137,,,MAX HEALTHCARE INSTITUTE LIMITED,-2.51,2026-07-31 14:33:04
0,ONGCEQN,0.16,ONGC,EQ,N,241.75,6520582,241.58,242.17,238.17,241.59,1567873941.9,307.5,227.65,936837780973.34,2026-07-31 14:32:01,0,0.33,2.94,31-Jul-2025,30-Jun-2026,21.382113821138212,-6.193718427410499,,,OIL & NATURAL GAS CORPORATION LIMITED,0.07,2026-07-31 14:33:04
0,INDIGOEQN,-56.5,INDIGO,EQ,N,5174.0,269552,5260.0,5282.0,5137.5,5230.5,1408309465.76,6232.5,3895.2,1167911839467.8,2026-07-31 14:32:01,0,-12.47,-3.63,31-Jul-2025,30-Jun-2026,16.983553951062976,-32.830149928116654,,,INTERGLOBE AVIATION LIMITED,-1.08,2026-07-31 14:33:04
0,POWERGRIDEQN,-1.9,POWERGRID,EQ,N,283.8,4884241,286.3,287.4,283.0,285.7,1387661710.51,324.95,250.0,1281609463686.0,2026-07-31 14:31:57,0,-2.47,-0.87,31-Jul-2025,30-Jun-2026,12.66348669026004,-13.52,,,POWER GRID CORPORATION OF INDIA LIMITED,-0.67,2026-07-31 14:33:04
0,TRENTEQN,10.1,TRENT,EQ,N,3009.3,436499,3008.0,3026.7,2990.9,2999.2,1312587412.92,3782.67,2183.67,998789902667.99,2026-07-31 14:32:02,0,-10.07,-8.36,31-Jul-2025,30-Jun-2026,20.445082441767322,-37.80928436989105,,,TRENT LIMITED,0.34,2026-07-31 14:33:04
0,TATACONSUMEQN,-8.5,TATACONSUM,EQ,N,1085.7,991389,1098.9,1098.9,1081.8,1094.2,1076717851.23,1282.7,1007.2,704410315314.6,2026-07-31 14:31:57,0,1.18,0.96,31-Jul-2025,30-Jun-2026,15.358228736259452,-7.793884034948372,,,TATA CONSUMER PRODUCTS LIMITED,-0.78,2026-07-31 14:33:04
0,CIPLAEQN,7.0,CIPLA,EQ,N,1473.4,704149,1473.4,1478.8,1462.3,1466.4,1037218518.49,1673.0,1165.7,826571094164.28,2026-07-31 14:32:01,0,-5.27,0.5,31-Jul-2025,30-Jun-2026,11.930663478780634,-26.39615681564725,,,CIPLA LIMITED,0.48,2026-07-31 14:33:04
0,JSWSTEELEQN,-1.0,JSWSTEEL,EQ,N,1269.8,798291,1276.4,1282.2,1262.0,1270.8,1013334629.58,1328.0,1018.0,1187388885659.79,2026-07-31 14:32:01,0,21.13,3.54,31-Jul-2025,30-Jun-2026,4.382530120481928,-24.73477406679764,,,JSW STEEL LIMITED,-0.08,2026-07-31 14:33:04
0,DRREDDYEQN,7.3,DRREDDY,EQ,N,1152.1,667359,1152.0,1154.3,1141.7,1144.8,766441790.73,1414.9,1101.0,700339735039.97,2026-07-31 14:32:01,0,-9.31,-15.11,31-Jul-2025,30-Jun-2026,18.573750795109195,-4.641235240690282,,,DR. REDDY'S LABORATORIES LIMITED,0.64,2026-07-31 14:33:04
0,SBILIFEEQN,1.1,SBILIFE,EQ,N,1878.6,368068,1885.0,1898.9,1870.6,1877.5,693572616.48,2132.0,1700.4,842212485674.82,2026-07-31 14:31:57,0,2.04,6.37,31-Jul-2025,30-Jun-2026,11.885553470919325,-10.479887085391672,,,SBI LIFE INSURANCE COMPANY LIMITED,0.06,2026-07-31 14:33:04
0,GRASIMEQN,-3.6,GRASIM,EQ,N,3101.2,183564,3115.7,3135.9,3093.5,3104.8,571877121.24,3246.0,2502.5,1166773668568.83,2026-07-31 14:31:57,0,12.88,0.01,31-Jul-2025,30-Jun-2026,4.460874922982132,-23.924075924075925,,,GRASIM INDUSTRIES LIMITED,-0.12,2026-07-31 14:33:04
1,NIFTY 50,66.45,NIFTY 50,,,24383.6,411693361,24361.45,24429.4,24299.7,24317.15,344593107548.07,26373.2,22182.55,,2026-07-31 15:39:59,0,-1.55,2.17,30-Jul-2025,30-Jun-2026,7.54402196168838,-9.92243903428596,,,,0.27,2026-07-31 17:15:00
0,BAJFINANCEEQN,87.7,BAJFINANCE,EQ,N,1141.2,40814590,1095.0,1151.5,1083.6,1053.5,45855191865.0,1151.5,787.9,3050116590196.84,2026-07-31 16:00:29,0,29.51,13.58,31-Jul-2025,30-Jun-2026,0.8944854537559704,-44.840715826881585,,,BAJAJ FINANCE LIMITED,8.32,2026-07-31 17:15:00
0,M&MEQN,109.3,M&M,EQ,N,3393.0,6131873,3379.9,3457.0,3243.3,3283.7,20793058705.54,3839.9,2896.0,3020727107739.42,2026-07-31 16:00:29,0,5.93,10.56,31-Jul-2025,30-Jun-2026,11.638323914685278,-17.16160220994475,,,MAHINDRA & MAHINDRA LIMITED,3.33,2026-07-31 17:15:00
0,HDFCBANKEQN,-5.95,HDFCBANK,EQ,N,748.0,25522483,753.95,757.55,747.2,753.95,19132163706.46,1020.5,726.65,11425469642109.01,2026-07-31 16:00:29,0,-25.87,-6.26,31-Jul-2025,30-Jun-2026,26.702596766291034,-2.938140783045483,,,HDFC BANK LIMITED,-0.79,2026-07-31 17:15:00
0,INFYEQN,-25.2,INFY,EQ,N,1129.9,14367075,1118.9,1139.3,1107.2,1155.1,16207640978.25,1728.0,982.4,3952355998495.22,2026-07-31 16:00:29,0,-25.12,12.94,31-Jul-2025,30-Jun-2026,34.61226851851852,-15.014250814332248,,,INFOSYS LIMITED,-2.18,2026-07-31 17:15:00
0,BHARTIARTLEQN,11.2,BHARTIARTL,EQ,N,1968.0,6529385,1969.0,1976.4,1947.4,1956.8,12840492659.45,2174.5,1740.5,6111414809579.58,2026-07-31 16:00:29,0,2.81,6.26,31-Jul-2025,30-Jun-2026,9.496435962290182,-13.070956621660443,,,BHARTI AIRTEL LIMITED,0.57,2026-07-31 17:15:00
0,ICICIBANKEQN,0.0,ICICIBANK,EQ,N,1433.9,8752440,1434.3,1441.9,1431.4,1433.9,12559226253.6,1494.5,1187.6,10246272727072.93,2026-07-31 16:00:29,0,-3.21,4.27,31-Jul-2025,30-Jun-2026,4.054867848778856,-20.739306163691477,,,ICICI BANK LIMITED,0.0,2026-07-31 17:15:00
0,ETERNALEQN,-8.0,ETERNAL,EQ,N,302.65,36770653,312.5,316.0,301.8,310.65,11248142752.7,368.45,212.6,2181895886225.76,2026-07-31 16:00:29,0,-1.67,14.38,31-Jul-2025,30-Jun-2026,17.858596824535216,-42.35653809971778,,,ETERNAL LIMITED,-2.58,2026-07-31 17:15:00
0,RELIANCEEQN,12.1,RELIANCE,EQ,N,1305.0,8624996,1295.0,1309.7,1293.6,1292.9,11239146037.64,1611.8,1249.8,8791447476768.72,2026-07-31 16:00:29,0,-6.13,0.86,31-Jul-2025,30-Jun-2026,19.034619679861024,-4.416706673067691,,,RELIANCE INDUSTRIES LIMITED,0.94,2026-07-31 17:15:00
0,SBINEQN,2.3,SBIN,EQ,N,1027.6,10921417,1028.1,1034.3,1023.5,1025.3,11223394180.05,1234.7,786.55,4235650187126.72,2026-07-31 16:00:29,0,29.01,0.07,31-Jul-2025,30-Jun-2026,16.773305256337572,-30.64649418345941,,,STATE BANK OF INDIA,0.22,2026-07-31 17:15:00
0,JIOFINEQN,9.15,JIOFIN,EQ,N,256.1,42840807,247.5,257.06,247.0,246.95,10849005964.68,338.6,223.3,837937713842.85,2026-07-31 16:00:29,0,-22.22,8.32,31-Jul-2025,30-Jun-2026,24.365032486709982,-14.688759516345723,,,JIO FINANCIAL SERVICES LIMITED,3.71,2026-07-31 17:15:00
0,TCSEQN,-65.8,TCS,EQ,N,2366.0,4343683,2385.0,2391.0,2326.1,2431.8,10269552532.75,3350.0,1976.8,2408878051229.13,2026-07-31 16:00:29,0,-22.09,16.47,31-Jul-2025,30-Jun-2026,29.37313432835821,-19.688385269121813,,,TATA CONSULTANCY SERVICES LIMITED,-2.71,2026-07-31 17:15:00
0,SUNPHARMAEQN,-14.1,SUNPHARMA,EQ,N,1987.0,4954449,2016.4,2046.9,1965.3,2001.1,9927923084.16,2046.9,1548.0,2098105348208.53,2026-07-31 16:00:29,0,16.42,6.68,31-Jul-2025,30-Jun-2026,2.9263764717377496,-28.359173126614987,,,SUN PHARMACEUTICAL INDUSTRIES LIMITED,-0.7,2026-07-31 17:15:00
0,AXISBANKEQN,-1.8,AXISBANK,EQ,N,1227.1,7487936,1226.2,1239.7,1226.0,1228.9,9208139537.28,1418.3,1042.5,3515355583484.35,2026-07-31 16:00:29,0,14.85,-8.81,31-Jul-2025,30-Jun-2026,13.480927871395332,-17.707434052757794,,,AXIS BANK LIMITED,-0.15,2026-07-31 17:15:00
0,ADANIPORTSEQN,27.8,ADANIPORTS,EQ,N,1691.9,4703646,1674.0,1708.1,1650.0,1664.1,7953300948.48,1891.1,1290.5,1244688322067.03,2026-07-31 16:00:29,0,23.22,-6.54,31-Jul-2025,30-Jun-2026,10.533551901009995,-31.10422316931422,,,ADANI PORTS AND SPECIAL ECONOMIC ZONE LIMITED,1.67,2026-07-31 17:15:00
0,MARUTIEQN,52.0,MARUTI,EQ,N,14240.0,535417,14250.0,14348.0,14124.0,14188.0,7620343869.18,17370.0,12201.0,1852486627346.28,2026-07-31 16:00:29,0,12.94,0.89,31-Jul-2025,30-Jun-2026,18.0195739781232,-16.711744938939432,,,MARUTI SUZUKI INDIA LIMITED,0.37,2026-07-31 17:15:00
0,BAJAJFINSVEQN,121.6,BAJAJFINSV,EQ,N,2031.0,3731886,1932.0,2036.6,1930.0,1909.4,7473176352.72,2195.0,1597.0,1172501123973.76,2026-07-31 16:00:29,0,4.26,14.09,31-Jul-2025,30-Jun-2026,7.471526195899772,-27.175954915466498,,,BAJAJ FINSERV LIMITED,6.37,2026-07-31 17:15:00
0,LTEQN,0.3,LT,EQ,N,3938.0,1753377,3962.9,3973.1,3923.2,3937.7,6910128892.08,4440.0,3288.1,4596293830250.15,2026-07-31 16:00:29,0,8.29,-4.96,31-Jul-2025,30-Jun-2026,11.306306306306306,-19.76521395334692,,,LARSEN & TOUBRO LIMITED,0.01,2026-07-31 17:15:00
0,BELEQN,2.9,BEL,EQ,N,387.8,17114563,385.0,390.6,385.0,384.9,6639937007.11,473.45,361.2,1385098357970.31,2026-07-31 16:00:29,0,1.23,-5.83,31-Jul-2025,30-Jun-2026,18.09061146900412,-7.364341085271318,,,BHARAT ELECTRONICS LIMITED,0.75,2026-07-31 17:15:00
0,SHRIRAMFINEQN,19.0,SHRIRAMFIN,EQ,N,1046.2,6318223,1029.2,1054.6,1029.1,1027.2,6604817595.28,1108.0,566.5,1461159431376.02,2026-07-31 16:00:29,0,65.84,0.39,31-Jul-2025,30-Jun-2026,5.577617328519856,-84.67784642541925,,,SHRIRAM FINANCE LIMITED,1.85,2026-07-31 17:15:00
0,TATASTEELEQN,3.07,TATASTEEL,EQ,N,189.99,34249584,188.25,191.84,186.31,186.92,6482076267.84,224.4,152.51,1566080041779.53,2026-07-31 16:00:29,0,20.29,1.03,31-Jul-2025,30-Jun-2026,15.334224598930481,-24.575437676217952,,,TATA STEEL LIMITED,1.64,2026-07-31 17:15:00
0,HDFCLIFEEQN,5.5,HDFCLIFE,EQ,N,550.9,11438476,548.7,550.9,544.05,545.4,6251470288.28,815.0,543.0,594951827559.66,2026-07-31 16:00:29,0,-27.08,-4.33,31-Jul-2025,30-Jun-2026,32.40490797546012,-1.4548802946593002,,,HDFC LIFE INSURANCE COMPANY LIMITED,1.01,2026-07-31 17:15:00
0,EICHERMOTEQN,4.5,EICHERMOT,EQ,N,7835.0,720608,7899.0,7899.0,7794.0,7912.5,5651288973.12,8230.0,5386.5,1076763527952.38,2026-07-31 16:00:29,0,43.28,10.77,31-Jul-2025,30-Jun-2026,4.79951397326853,-45.45623317553142,,,EICHER MOTORS LIMITED,0.06,2026-07-31 17:15:00
0,TECHMEQN,-15.1,TECHM,EQ,N,1653.9,3355677,1620.0,1661.5,1610.5,1669.0,5533947611.01,1854.0,1304.1,1047462570903.24,2026-07-31 16:00:29,0,12.99,17.74,31-Jul-2025,30-Jun-2026,10.792880258899677,-26.82309638831378,,,TECH MAHINDRA LIMITED,-0.9,2026-07-31 17:15:00
0,HINDALCOEQN,4.1,HINDALCO,EQ,N,974.5,5579336,979.8,988.0,971.05,970.4,5465461752.24,1176.0,657.5,1407031613248.04,2026-07-31 16:00:29,0,42.67,1.87,31-Jul-2025,30-Jun-2026,17.1343537414966,-48.21292775665399,,,HINDALCO INDUSTRIES LIMITED,0.42,2026-07-31 17:15:00
0,TITANEQN,35.0,TITAN,EQ,N,4885.0,1003314,4850.0,4886.0,4820.9,4850.0,4886269610.82,4886.0,3303.1,2011207412854.5,2026-07-31 16:00:29,0,45.94,10.92,31-Jul-2025,30-Jun-2026,0.020466639377814164,-47.89137476915625,,,TITAN COMPANY LIMITED,0.72,2026-07-31 17:15:00
0,ITCEQN,-4.05,ITC,EQ,N,281.0,16833813,285.55,285.8,280.05,285.05,4740738417.06,427.0,275.0,2701171021997.49,2026-07-31 16:00:29,0,-31.79,-2.07,31-Jul-2025,30-Jun-2026,34.19203747072599,-2.1818181818181817,,,ITC LIMITED,-1.42,2026-07-31 17:15:00
0,ULTRACEMCOEQN,37.0,ULTRACEMCO,EQ,N,11884.0,390471,11850.0,12009.0,11799.0,11847.0,4654398701.16,13110.0,10325.0,1402380302372.61,2026-07-31 16:00:29,0,-2.98,5.61,31-Jul-2025,30-Jun-2026,9.35163996948894,-15.099273607748184,,,ULTRATECH CEMENT LIMITED,0.31,2026-07-31 17:15:00
0,HCLTECHEQN,-7.0,HCLTECH,EQ,N,1345.7,3369019,1317.7,1356.5,1294.3,1352.7,4514856052.09,1780.1,1030.0,1414783221886.57,2026-07-31 16:00:29,0,-8.32,25.56,31-Jul-2025,30-Jun-2026,24.403123420032582,-30.650485436893202,,,HCL TECHNOLOGIES LIMITED,-0.52,2026-07-31 17:15:00
0,NESTLEINDEQN,-15.7,NESTLEIND,EQ,N,1505.0,2501825,1529.0,1529.0,1497.5,1520.7,3776880111.25,1532.6,1084.7,1076083204741.92,2026-07-31 16:00:29,0,33.91,7.1,31-Jul-2025,30-Jun-2026,1.800861281482448,-38.74804093297686,,,NESTLE INDIA LIMITED,-1.03,2026-07-31 17:15:00
0,HINDUNILVREQN,-8.5,HINDUNILVR,EQ,N,2099.4,1759019,2119.6,2119.6,2091.1,2107.9,3695910001.28,2750.0,2016.0,1857346204250.55,2026-07-31 16:00:29,0,-16.73,-0.89,31-Jul-2025,30-Jun-2026,23.658181818181816,-4.136904761904762,,,HINDUSTAN UNILEVER LIMITED,-0.4,2026-07-31 17:15:00
0,WIPROEQN,-2.58,WIPRO,EQ,N,183.75,18762810,184.85,185.24,180.83,186.33,3442037494.5,273.1,169.0,496242729074.09,2026-07-31 16:00:29,0,-26.0,7.84,31-Jul-2025,30-Jun-2026,32.716953496887584,-8.727810650887575,,,WIPRO LIMITED,-1.38,2026-07-31 17:15:00
0,NTPCEQN,1.75,NTPC,EQ,N,346.6,8519119,344.1,348.25,343.55,344.85,2949830144.94,414.4,315.55,1638579395627.3,2026-07-31 16:00:29,0,3.69,-2.82,31-Jul-2025,30-Jun-2026,16.361003861003862,-9.839961971161465,,,NTPC LIMITED,0.51,2026-07-31 17:15:00
0,TMPVEQN,5.9,TMPV,EQ,N,340.1,8527463,335.55,341.95,334.5,334.2,2885011282.16,739.7,294.3,708798407947.57,2026-07-31 16:00:29,0,-48.93,-3.44,31-Jul-2025,30-Jun-2026,54.02190077058267,-15.562351342167856,,,TATA MOTORS PASSENGER VEHICLES LIMITED,1.77,2026-07-31 17:15:00
0,KOTAKBANKEQN,-0.55,KOTAKBANK,EQ,N,388.85,7014637,390.2,391.85,388.0,389.4,2736129308.22,453.2,345.5,2855155315262.45,2026-07-31 16:00:29,0,-1.74,-0.87,31-Jul-2025,30-Jun-2026,14.199029126213592,-12.547033285094066,,,KOTAK MAHINDRA BANK LIMITED,-0.14,2026-07-31 17:15:00
0,ADANIENTEQN,-40.0,ADANIENT,EQ,N,3009.1,866401,3051.0,3067.5,3002.4,3049.1,2620282536.33,3245.0,1753.0,900854251871.76,2026-07-31 16:00:29,0,27.51,-0.89,31-Jul-2025,30-Jun-2026,7.269645608628659,-71.65430690245294,,,ADANI ENTERPRISES LIMITED,-1.31,2026-07-31 17:15:00
0,BAJAJ-AUTOEQN,87.0,BAJAJ-AUTO,EQ,N,11519.0,214380,11475.0,11590.0,11329.5,11432.0,2469406775.4,11590.0,7858.5,1272196271192.98,2026-07-31 16:00:29,0,43.84,18.56,31-Jul-2025,30-Jun-2026,0.6125970664365833,-46.58013615829993,,,BAJAJ AUTO LIMITED,0.76,2026-07-31 17:15:00
0,COALINDIAEQN,2.7,COALINDIA,EQ,N,414.4,5938134,413.0,415.1,410.15,417.2,2454824595.6,491.25,368.65,989838206030.73,2026-07-31 16:00:29,0,10.11,-5.61,31-Jul-2025,30-Jun-2026,15.643765903307887,-12.41014512410145,,,COAL INDIA LIMITED,0.66,2026-07-31 17:15:00
0,ASIANPAINTEQN,-8.2,ASIANPAINT,EQ,N,2738.0,891738,2773.9,2774.9,2732.4,2746.2,2452136821.92,2985.7,2115.0,1234734079154.01,2026-07-31 16:00:29,0,14.27,3.88,31-Jul-2025,30-Jun-2026,8.296211943597816,-29.45626477541371,,,ASIAN PAINTS LIMITED,-0.3,2026-07-31 17:15:00
0,ONGCEQN,0.71,ONGC,EQ,N,242.3,10070729,241.58,242.96,238.17,241.59,2428657005.64,307.5,227.65,938580915153.36,2026-07-31 16:00:29,0,0.54,3.15,31-Jul-2025,30-Jun-2026,21.203252032520325,-6.4353173731605535,,,OIL & NATURAL GAS CORPORATION LIMITED,0.29,2026-07-31 17:15:00
0,INDIGOEQN,-53.5,INDIGO,EQ,N,5177.0,462900,5260.0,5282.0,5137.5,5230.5,2408445555.0,6232.5,3895.2,1168589020665.79,2026-07-31 16:00:29,0,-12.41,-3.57,31-Jul-2025,30-Jun-2026,16.93541917368632,-32.907167796262065,,,INTERGLOBE AVIATION LIMITED,-1.02,2026-07-31 17:15:00
0,APOLLOHOSPEQN,-47.0,APOLLOHOSP,EQ,N,8941.0,268253,9025.0,9036.5,8931.0,8988.0,2405397825.7,9036.5,6696.5,917545742565.35,2026-07-31 16:00:29,0,19.25,2.98,31-Jul-2025,30-Jun-2026,1.0568250982128036,-33.517509146569104,,,APOLLO HOSPITALS ENTERPRISE LIMITED,-0.52,2026-07-31 17:15:00
0,MAXHEALTHEQN,-23.4,MAXHEALTH,EQ,N,1101.4,2055225,1126.0,1132.0,1091.2,1124.8,2274805239.0,1301.7,903.0,817434239392.71,2026-07-31 16:00:29,0,-11.61,-2.47,31-Jul-2025,30-Jun-2026,15.387570100637628,-21.971207087486157,,,MAX HEALTHCARE INSTITUTE LIMITED,-2.08,2026-07-31 17:15:00
0,POWERGRIDEQN,-1.5,POWERGRID,EQ,N,284.2,7804310,286.3,287.4,283.0,285.7,2217516643.4,324.95,250.0,1283415819519.24,2026-07-31 16:00:29,0,-2.34,-0.73,31-Jul-2025,30-Jun-2026,12.540390829358364,-13.68,,,POWER GRID CORPORATION OF INDIA LIMITED,-0.53,2026-07-31 17:15:00
0,JSWSTEELEQN,0.6,JSWSTEEL,EQ,N,1271.4,1449872,1276.4,1282.2,1262.0,1270.8,1840844483.52,1328.0,1018.0,1189165993877.79,2026-07-31 16:00:29,0,21.28,3.67,31-Jul-2025,30-Jun-2026,4.2620481927710845,-24.891944990176817,,,JSW STEEL LIMITED,0.05,2026-07-31 17:15:00
0,TRENTEQN,1.8,TRENT,EQ,N,3001.0,605222,3008.0,3026.7,2990.9,2999.2,1819714935.18,3782.67,2183.67,995770405603.35,2026-07-31 16:00:29,0,-10.29,-8.58,31-Jul-2025,30-Jun-2026,20.664504172978347,-37.42919030805937,,,TRENT LIMITED,0.06,2026-07-31 17:15:00
0,CIPLAEQN,5.6,CIPLA,EQ,N,1472.0,1223370,1473.4,1478.8,1462.3,1466.4,1801938374.1,1673.0,1165.7,825953873199.26,2026-07-31 16:00:29,0,-5.31,0.45,31-Jul-2025,30-Jun-2026,12.014345487148834,-26.27605730462383,,,CIPLA LIMITED,0.38,2026-07-31 17:15:00
0,TATACONSUMEQN,-12.1,TATACONSUM,EQ,N,1082.1,1479617,1098.9,1098.9,1081.0,1094.2,1605650776.06,1282.7,1007.2,702721860608.4,2026-07-31 16:00:29,0,0.83,0.6,31-Jul-2025,30-Jun-2026,15.638886723318,-7.436457505957109,,,TATA CONSUMER PRODUCTS LIMITED,-1.11,2026-07-31 17:15:00
0,SBILIFEEQN,13.0,SBILIFE,EQ,N,1890.5,723852,1885.0,1898.9,1870.6,1877.5,1362731013.72,2132.0,1700.4,847141635630.89,2026-07-31 16:00:29,0,2.71,7.07,31-Jul-2025,30-Jun-2026,11.327392120075046,-11.179722418254528,,,SBI LIFE INSURANCE COMPANY LIMITED,0.69,2026-07-31 17:15:00
0,DRREDDYEQN,0.7,DRREDDY,EQ,N,1145.5,1085841,1152.0,1154.3,1141.7,1144.8,1247468432.85,1414.9,1101.0,696327720239.81,2026-07-31 16:00:29,0,-9.82,-15.59,31-Jul-2025,30-Jun-2026,19.04021485617358,-4.041780199818347,,,DR. REDDY'S LABORATORIES LIMITED,0.06,2026-07-31 17:15:00
0,GRASIMEQN,-8.8,GRASIM,EQ,N,3096.0,309447,3115.7,3135.9,3092.6,3104.8,962197596.27,3246.0,2502.5,1164892382421.51,2026-07-31 16:00:29,0,12.73,-0.13,31-Jul-2025,30-Jun-2026,4.621072088724584,-23.716283716283716,,,GRASIM INDUSTRIES LIMITED,-0.28,2026-07-31 17:15:00
1,NIFTY 50,66.45,NIFTY 50,,,24383.6,411693361,24361.45,24429.4,24299.7,24317.15,344593107548.07,26373.2,22182.55,,2026-07-31 15:39:59,0,-1.55,2.17,30-Jul-2025,30-Jun-2026,7.54402196168838,-9.92243903428596,,,,0.27,2026-07-31 17:15:30
0,BAJFINANCEEQN,87.7,BAJFINANCE,EQ,N,1141.2,40814590,1095.0,1151.5,1083.6,1053.5,45855191865.0,1151.5,787.9,3050116590196.84,2026-07-31 16:00:29,0,29.51,13.58,31-Jul-2025,30-Jun-2026,0.8944854537559704,-44.840715826881585,,,BAJAJ FINANCE LIMITED,8.32,2026-07-31 17:15:30
0,M&MEQN,109.3,M&M,EQ,N,3393.0,6131873,3379.9,3457.0,3243.3,3283.7,20793058705.54,3839.9,2896.0,3020727107739.42,2026-07-31 16:00:29,0,5.93,10.56,31-Jul-2025,30-Jun-2026,11.638323914685278,-17.16160220994475,,,MAHINDRA & MAHINDRA LIMITED,3.33,2026-07-31 17:15:30
0,HDFCBANKEQN,-5.95,HDFCBANK,EQ,N,748.0,25522483,753.95,757.55,747.2,753.95,19132163706.46,1020.5,726.65,11425469642109.01,2026-07-31 16:00:29,0,-25.87,-6.26,31-Jul-2025,30-Jun-2026,26.702596766291034,-2.938140783045483,,,HDFC BANK LIMITED,-0.79,2026-07-31 17:15:30
0,INFYEQN,-25.2,INFY,EQ,N,1129.9,14367075,1118.9,1139.3,1107.2,1155.1,16207640978.25,1728.0,982.4,3952355998495.22,2026-07-31 16:00:29,0,-25.12,12.94,31-Jul-2025,30-Jun-2026,34.61226851851852,-15.014250814332248,,,INFOSYS LIMITED,-2.18,2026-07-31 17:15:30
0,BHARTIARTLEQN,11.2,BHARTIARTL,EQ,N,1968.0,6529385,1969.0,1976.4,1947.4,1956.8,12840492659.45,2174.5,1740.5,6111414809579.58,2026-07-31 16:00:29,0,2.81,6.26,31-Jul-2025,30-Jun-2026,9.496435962290182,-13.070956621660443,,,BHARTI AIRTEL LIMITED,0.57,2026-07-31 17:15:30
0,ICICIBANKEQN,0.0,ICICIBANK,EQ,N,1433.9,8752440,1434.3,1441.9,1431.4,1433.9,12559226253.6,1494.5,1187.6,10246272727072.93,2026-07-31 16:00:29,0,-3.21,4.27,31-Jul-2025,30-Jun-2026,4.054867848778856,-20.739306163691477,,,ICICI BANK LIMITED,0.0,2026-07-31 17:15:30
0,ETERNALEQN,-8.0,ETERNAL,EQ,N,302.65,36770653,312.5,316.0,301.8,310.65,11248142752.7,368.45,212.6,2181895886225.76,2026-07-31 16:00:29,0,-1.67,14.38,31-Jul-2025,30-Jun-2026,17.858596824535216,-42.35653809971778,,,ETERNAL LIMITED,-2.58,2026-07-31 17:15:30
0,RELIANCEEQN,12.1,RELIANCE,EQ,N,1305.0,8624996,1295.0,1309.7,1293.6,1292.9,11239146037.64,1611.8,1249.8,8791447476768.72,2026-07-31 16:00:29,0,-6.13,0.86,31-Jul-2025,30-Jun-2026,19.034619679861024,-4.416706673067691,,,RELIANCE INDUSTRIES LIMITED,0.94,2026-07-31 17:15:30
0,SBINEQN,2.3,SBIN,EQ,N,1027.6,10921417,1028.1,1034.3,1023.5,1025.3,11223394180.05,1234.7,786.55,4235650187126.72,2026-07-31 16:00:29,0,29.01,0.07,31-Jul-2025,30-Jun-2026,16.773305256337572,-30.64649418345941,,,STATE BANK OF INDIA,0.22,2026-07-31 17:15:30
0,JIOFINEQN,9.15,JIOFIN,EQ,N,256.1,42840807,247.5,257.06,247.0,246.95,10849005964.68,338.6,223.3,837937713842.85,2026-07-31 16:00:29,0,-22.22,8.32,31-Jul-2025,30-Jun-2026,24.365032486709982,-14.688759516345723,,,JIO FINANCIAL SERVICES LIMITED,3.71,2026-07-31 17:15:30
0,TCSEQN,-65.8,TCS,EQ,N,2366.0,4343683,2385.0,2391.0,2326.1,2431.8,10269552532.75,3350.0,1976.8,2408878051229.13,2026-07-31 16:00:29,0,-22.09,16.47,31-Jul-2025,30-Jun-2026,29.37313432835821,-19.688385269121813,,,TATA CONSULTANCY SERVICES LIMITED,-2.71,2026-07-31 17:15:30
0,SUNPHARMAEQN,-14.1,SUNPHARMA,EQ,N,1987.0,4954449,2016.4,2046.9,1965.3,2001.1,9927923084.16,2046.9,1548.0,2098105348208.53,2026-07-31 16:00:29,0,16.42,6.68,31-Jul-2025,30-Jun-2026,2.9263764717377496,-28.359173126614987,,,SUN PHARMACEUTICAL INDUSTRIES LIMITED,-0.7,2026-07-31 17:15:30
0,AXISBANKEQN,-1.8,AXISBANK,EQ,N,1227.1,7487936,1226.2,1239.7,1226.0,1228.9,9208139537.28,1418.3,1042.5,3515355583484.35,2026-07-31 16:00:29,0,14.85,-8.81,31-Jul-2025,30-Jun-2026,13.480927871395332,-17.707434052757794,,,AXIS BANK LIMITED,-0.15,2026-07-31 17:15:30
0,ADANIPORTSEQN,27.8,ADANIPORTS,EQ,N,1691.9,4703646,1674.0,1708.1,1650.0,1664.1,7953300948.48,1891.1,1290.5,1244688322067.03,2026-07-31 16:00:29,0,23.22,-6.54,31-Jul-2025,30-Jun-2026,10.533551901009995,-31.10422316931422,,,ADANI PORTS AND SPECIAL ECONOMIC ZONE LIMITED,1.67,2026-07-31 17:15:30
0,MARUTIEQN,52.0,MARUTI,EQ,N,14240.0,535417,14250.0,14348.0,14124.0,14188.0,7620343869.18,17370.0,12201.0,1852486627346.28,2026-07-31 16:00:29,0,12.94,0.89,31-Jul-2025,30-Jun-2026,18.0195739781232,-16.711744938939432,,,MARUTI SUZUKI INDIA LIMITED,0.37,2026-07-31 17:15:30
0,BAJAJFINSVEQN,121.6,BAJAJFINSV,EQ,N,2031.0,3731886,1932.0,2036.6,1930.0,1909.4,7473176352.72,2195.0,1597.0,1172501123973.76,2026-07-31 16:00:29,0,4.26,14.09,31-Jul-2025,30-Jun-2026,7.471526195899772,-27.175954915466498,,,BAJAJ FINSERV LIMITED,6.37,2026-07-31 17:15:30
0,LTEQN,0.3,LT,EQ,N,3938.0,1753377,3962.9,3973.1,3923.2,3937.7,6910128892.08,4440.0,3288.1,4596293830250.15,2026-07-31 16:00:29,0,8.29,-4.96,31-Jul-2025,30-Jun-2026,11.306306306306306,-19.76521395334692,,,LARSEN & TOUBRO LIMITED,0.01,2026-07-31 17:15:30
0,BELEQN,2.9,BEL,EQ,N,387.8,17114563,385.0,390.6,385.0,384.9,6639937007.11,473.45,361.2,1385098357970.31,2026-07-31 16:00:29,0,1.23,-5.83,31-Jul-2025,30-Jun-2026,18.09061146900412,-7.364341085271318,,,BHARAT ELECTRONICS LIMITED,0.75,2026-07-31 17:15:30
0,SHRIRAMFINEQN,19.0,SHRIRAMFIN,EQ,N,1046.2,6318223,1029.2,1054.6,1029.1,1027.2,6604817595.28,1108.0,566.5,1461159431376.02,2026-07-31 16:00:29,0,65.84,0.39,31-Jul-2025,30-Jun-2026,5.577617328519856,-84.67784642541925,,,SHRIRAM FINANCE LIMITED,1.85,2026-07-31 17:15:30
0,TATASTEELEQN,3.07,TATASTEEL,EQ,N,189.99,34249584,188.25,191.84,186.31,186.92,6482076267.84,224.4,152.51,1566080041779.53,2026-07-31 16:00:29,0,20.29,1.03,31-Jul-2025,30-Jun-2026,15.334224598930481,-24.575437676217952,,,TATA STEEL LIMITED,1.64,2026-07-31 17:15:30
0,HDFCLIFEEQN,5.5,HDFCLIFE,EQ,N,550.9,11438476,548.7,550.9,544.05,545.4,6251470288.28,815.0,543.0,594951827559.66,2026-07-31 16:00:29,0,-27.08,-4.33,31-Jul-2025,30-Jun-2026,32.40490797546012,-1.4548802946593002,,,HDFC LIFE INSURANCE COMPANY LIMITED,1.01,2026-07-31 17:15:30
0,EICHERMOTEQN,4.5,EICHERMOT,EQ,N,7835.0,720608,7899.0,7899.0,7794.0,7912.5,5651288973.12,8230.0,5386.5,1076763527952.38,2026-07-31 16:00:29,0,43.28,10.77,31-Jul-2025,30-Jun-2026,4.79951397326853,-45.45623317553142,,,EICHER MOTORS LIMITED,0.06,2026-07-31 17:15:30
0,TECHMEQN,-15.1,TECHM,EQ,N,1653.9,3355677,1620.0,1661.5,1610.5,1669.0,5533947611.01,1854.0,1304.1,1047462570903.24,2026-07-31 16:00:29,0,12.99,17.74,31-Jul-2025,30-Jun-2026,10.792880258899677,-26.82309638831378,,,TECH MAHINDRA LIMITED,-0.9,2026-07-31 17:15:30
0,HINDALCOEQN,4.1,HINDALCO,EQ,N,974.5,5579336,979.8,988.0,971.05,970.4,5465461752.24,1176.0,657.5,1407031613248.04,2026-07-31 16:00:29,0,42.67,1.87,31-Jul-2025,30-Jun-2026,17.1343537414966,-48.21292775665399,,,HINDALCO INDUSTRIES LIMITED,0.42,2026-07-31 17:15:30
0,TITANEQN,35.0,TITAN,EQ,N,4885.0,1003314,4850.0,4886.0,4820.9,4850.0,4886269610.82,4886.0,3303.1,2011207412854.5,2026-07-31 16:00:29,0,45.94,10.92,31-Jul-2025,30-Jun-2026,0.020466639377814164,-47.89137476915625,,,TITAN COMPANY LIMITED,0.72,2026-07-31 17:15:30
0,ITCEQN,-4.05,ITC,EQ,N,281.0,16833813,285.55,285.8,280.05,285.05,4740738417.06,427.0,275.0,2701171021997.49,2026-07-31 16:00:29,0,-31.79,-2.07,31-Jul-2025,30-Jun-2026,34.19203747072599,-2.1818181818181817,,,ITC LIMITED,-1.42,2026-07-31 17:15:30
0,ULTRACEMCOEQN,37.0,ULTRACEMCO,EQ,N,11884.0,390471,11850.0,12009.0,11799.0,11847.0,4654398701.16,13110.0,10325.0,1402380302372.61,2026-07-31 16:00:29,0,-2.98,5.61,31-Jul-2025,30-Jun-2026,9.35163996948894,-15.099273607748184,,,ULTRATECH CEMENT LIMITED,0.31,2026-07-31 17:15:30
0,HCLTECHEQN,-7.0,HCLTECH,EQ,N,1345.7,3369019,1317.7,1356.5,1294.3,1352.7,4514856052.09,1780.1,1030.0,1414783221886.57,2026-07-31 16:00:29,0,-8.32,25.56,31-Jul-2025,30-Jun-2026,24.403123420032582,-30.650485436893202,,,HCL TECHNOLOGIES LIMITED,-0.52,2026-07-31 17:15:30
0,NESTLEINDEQN,-15.7,NESTLEIND,EQ,N,1505.0,2501825,1529.0,1529.0,1497.5,1520.7,3776880111.25,1532.6,1084.7,1076083204741.92,2026-07-31 16:00:29,0,33.91,7.1,31-Jul-2025,30-Jun-2026,1.800861281482448,-38.74804093297686,,,NESTLE INDIA LIMITED,-1.03,2026-07-31 17:15:30
0,HINDUNILVREQN,-8.5,HINDUNILVR,EQ,N,2099.4,1759019,2119.6,2119.6,2091.1,2107.9,3695910001.28,2750.0,2016.0,1857346204250.55,2026-07-31 16:00:29,0,-16.73,-0.89,31-Jul-2025,30-Jun-2026,23.658181818181816,-4.136904761904762,,,HINDUSTAN UNILEVER LIMITED,-0.4,2026-07-31 17:15:30
0,WIPROEQN,-2.58,WIPRO,EQ,N,183.75,18762810,184.85,185.24,180.83,186.33,3442037494.5,273.1,169.0,496242729074.09,2026-07-31 16:00:29,0,-26.0,7.84,31-Jul-2025,30-Jun-2026,32.716953496887584,-8.727810650887575,,,WIPRO LIMITED,-1.38,2026-07-31 17:15:30
0,NTPCEQN,1.75,NTPC,EQ,N,346.6,8519119,344.1,348.25,343.55,344.85,2949830144.94,414.4,315.55,1638579395627.3,2026-07-31 16:00:29,0,3.69,-2.82,31-Jul-2025,30-Jun-2026,16.361003861003862,-9.839961971161465,,,NTPC LIMITED,0.51,2026-07-31 17:15:30
0,TMPVEQN,5.9,TMPV,EQ,N,340.1,8527463,335.55,341.95,334.5,334.2,2885011282.16,739.7,294.3,708798407947.57,2026-07-31 16:00:29,0,-48.93,-3.44,31-Jul-2025,30-Jun-2026,54.02190077058267,-15.562351342167856,,,TATA MOTORS PASSENGER VEHICLES LIMITED,1.77,2026-07-31 17:15:30
0,KOTAKBANKEQN,-0.55,KOTAKBANK,EQ,N,388.85,7014637,390.2,391.85,388.0,389.4,2736129308.22,453.2,345.5,2855155315262.45,2026-07-31 16:00:29,0,-1.74,-0.87,31-Jul-2025,30-Jun-2026,14.199029126213592,-12.547033285094066,,,KOTAK MAHINDRA BANK LIMITED,-0.14,2026-07-31 17:15:30
0,ADANIENTEQN,-40.0,ADANIENT,EQ,N,3009.1,866401,3051.0,3067.5,3002.4,3049.1,2620282536.33,3245.0,1753.0,900854251871.76,2026-07-31 16:00:29,0,27.51,-0.89,31-Jul-2025,30-Jun-2026,7.269645608628659,-71.65430690245294,,,ADANI ENTERPRISES LIMITED,-1.31,2026-07-31 17:15:30
0,BAJAJ-AUTOEQN,87.0,BAJAJ-AUTO,EQ,N,11519.0,214380,11475.0,11590.0,11329.5,11432.0,2469406775.4,11590.0,7858.5,1272196271192.98,2026-07-31 16:00:29,0,43.84,18.56,31-Jul-2025,30-Jun-2026,0.6125970664365833,-46.58013615829993,,,BAJAJ AUTO LIMITED,0.76,2026-07-31 17:15:30
0,COALINDIAEQN,2.7,COALINDIA,EQ,N,414.4,5938134,413.0,415.1,410.15,417.2,2454824595.6,491.25,368.65,989838206030.73,2026-07-31 16:00:29,0,10.11,-5.61,31-Jul-2025,30-Jun-2026,15.643765903307887,-12.41014512410145,,,COAL INDIA LIMITED,0.66,2026-07-31 17:15:30
0,ASIANPAINTEQN,-8.2,ASIANPAINT,EQ,N,2738.0,891738,2773.9,2774.9,2732.4,2746.2,2452136821.92,2985.7,2115.0,1234734079154.01,2026-07-31 16:00:29,0,14.27,3.88,31-Jul-2025,30-Jun-2026,8.296211943597816,-29.45626477541371,,,ASIAN PAINTS LIMITED,-0.3,2026-07-31 17:15:30
0,ONGCEQN,0.71,ONGC,EQ,N,242.3,10070729,241.58,242.96,238.17,241.59,2428657005.64,307.5,227.65,938580915153.36,2026-07-31 16:00:29,0,0.54,3.15,31-Jul-2025,30-Jun-2026,21.203252032520325,-6.4353173731605535,,,OIL & NATURAL GAS CORPORATION LIMITED,0.29,2026-07-31 17:15:30
0,INDIGOEQN,-53.5,INDIGO,EQ,N,5177.0,462900,5260.0,5282.0,5137.5,5230.5,2408445555.0,6232.5,3895.2,1168589020665.79,2026-07-31 16:00:29,0,-12.41,-3.57,31-Jul-2025,30-Jun-2026,16.93541917368632,-32.907167796262065,,,INTERGLOBE AVIATION LIMITED,-1.02,2026-07-31 17:15:30
0,APOLLOHOSPEQN,-47.0,APOLLOHOSP,EQ,N,8941.0,268253,9025.0,9036.5,8931.0,8988.0,2405397825.7,9036.5,6696.5,917545742565.35,2026-07-31 16:00:29,0,19.25,2.98,31-Jul-2025,30-Jun-2026,1.0568250982128036,-33.517509146569104,,,APOLLO HOSPITALS ENTERPRISE LIMITED,-0.52,2026-07-31 17:15:30
0,MAXHEALTHEQN,-23.4,MAXHEALTH,EQ,N,1101.4,2055225,1126.0,1132.0,1091.2,1124.8,2274805239.0,1301.7,903.0,817434239392.71,2026-07-31 16:00:29,0,-11.61,-2.47,31-Jul-2025,30-Jun-2026,15.387570100637628,-21.971207087486157,,,MAX HEALTHCARE INSTITUTE LIMITED,-2.08,2026-07-31 17:15:30
0,POWERGRIDEQN,-1.5,POWERGRID,EQ,N,284.2,7804310,286.3,287.4,283.0,285.7,2217516643.4,324.95,250.0,1283415819519.24,2026-07-31 16:00:29,0,-2.34,-0.73,31-Jul-2025,30-Jun-2026,12.540390829358364,-13.68,,,POWER GRID CORPORATION OF INDIA LIMITED,-0.53,2026-07-31 17:15:30
0,JSWSTEELEQN,0.6,JSWSTEEL,EQ,N,1271.4,1449872,1276.4,1282.2,1262.0,1270.8,1840844483.52,1328.0,1018.0,1189165993877.79,2026-07-31 16:00:29,0,21.28,3.67,31-Jul-2025,30-Jun-2026,4.2620481927710845,-24.891944990176817,,,JSW STEEL LIMITED,0.05,2026-07-31 17:15:30
0,TRENTEQN,1.8,TRENT,EQ,N,3001.0,605222,3008.0,3026.7,2990.9,2999.2,1819714935.18,3782.67,2183.67,995770405603.35,2026-07-31 16:00:29,0,-10.29,-8.58,31-Jul-2025,30-Jun-2026,20.664504172978347,-37.42919030805937,,,TRENT LIMITED,0.06,2026-07-31 17:15:30
0,CIPLAEQN,5.6,CIPLA,EQ,N,1472.0,1223370,1473.4,1478.8,1462.3,1466.4,1801938374.1,1673.0,1165.7,825953873199.26,2026-07-31 16:00:29,0,-5.31,0.45,31-Jul-2025,30-Jun-2026,12.014345487148834,-26.27605730462383,,,CIPLA LIMITED,0.38,2026-07-31 17:15:30
0,TATACONSUMEQN,-12.1,TATACONSUM,EQ,N,1082.1,1479617,1098.9,1098.9,1081.0,1094.2,1605650776.06,1282.7,1007.2,702721860608.4,2026-07-31 16:00:29,0,0.83,0.6,31-Jul-2025,30-Jun-2026,15.638886723318,-7.436457505957109,,,TATA CONSUMER PRODUCTS LIMITED,-1.11,2026-07-31 17:15:30
0,SBILIFEEQN,13.0,SBILIFE,EQ,N,1890.5,723852,1885.0,1898.9,1870.6,1877.5,1362731013.72,2132.0,1700.4,847141635630.89,2026-07-31 16:00:29,0,2.71,7.07,31-Jul-2025,30-Jun-2026,11.327392120075046,-11.179722418254528,,,SBI LIFE INSURANCE COMPANY LIMITED,0.69,2026-07-31 17:15:30
0,DRREDDYEQN,0.7,DRREDDY,EQ,N,1145.5,1085841,1152.0,1154.3,1141.7,1144.8,1247468432.85,1414.9,1101.0,696327720239.81,2026-07-31 16:00:29,0,-9.82,-15.59,31-Jul-2025,30-Jun-2026,19.04021485617358,-4.041780199818347,,,DR. REDDY'S LABORATORIES LIMITED,0.06,2026-07-31 17:15:30
0,GRASIMEQN,-8.8,GRASIM,EQ,N,3096.0,309447,3115.7,3135.9,3092.6,3104.8,962197596.27,3246.0,2502.5,1164892382421.51,2026-07-31 16:00:29,0,12.73,-0.13,31-Jul-2025,30-Jun-2026,4.621072088724584,-23.716283716283716,,,GRASIM INDUSTRIES LIMITED,-0.28,2026-07-31 17:15:30
1,NIFTY 50,66.45,NIFTY 50,,,24383.6,411693361,24361.45,24429.4,24299.7,24317.15,344593107548.07,26373.2,22182.55,,2026-07-31 15:39:59,0,-1.55,2.17,30-Jul-2025,30-Jun-2026,7.54402196168838,-9.92243903428596,,,,0.27,2026-07-31 17:16:01
0,BAJFINANCEEQN,87.7,BAJFINANCE,EQ,N,1141.2,40814590,1095.0,1151.5,1083.6,1053.5,45855191865.0,1151.5,787.9,3050116590196.84,2026-07-31 16:00:29,0,29.51,13.58,31-Jul-2025,30-Jun-2026,0.8944854537559704,-44.840715826881585,,,BAJAJ FINANCE LIMITED,8.32,2026-07-31 17:16:01
0,M&MEQN,109.3,M&M,EQ,N,3393.0,6131873,3379.9,3457.0,3243.3,3283.7,20793058705.54,3839.9,2896.0,3020727107739.42,2026-07-31 16:00:29,0,5.93,10.56,31-Jul-2025,30-Jun-2026,11.638323914685278,-17.16160220994475,,,MAHINDRA & MAHINDRA LIMITED,3.33,2026-07-31 17:16:01
0,HDFCBANKEQN,-5.95,HDFCBANK,EQ,N,748.0,25522483,753.95,757.55,747.2,753.95,19132163706.46,1020.5,726.65,11425469642109.01,2026-07-31 16:00:29,0,-25.87,-6.26,31-Jul-2025,30-Jun-2026,26.702596766291034,-2.938140783045483,,,HDFC BANK LIMITED,-0.79,2026-07-31 17:16:01
0,INFYEQN,-25.2,INFY,EQ,N,1129.9,14367075,1118.9,1139.3,1107.2,1155.1,16207640978.25,1728.0,982.4,3952355998495.22,2026-07-31 16:00:29,0,-25.12,12.94,31-Jul-2025,30-Jun-2026,34.61226851851852,-15.014250814332248,,,INFOSYS LIMITED,-2.18,2026-07-31 17:16:01
0,BHARTIARTLEQN,11.2,BHARTIARTL,EQ,N,1968.0,6529385,1969.0,1976.4,1947.4,1956.8,12840492659.45,2174.5,1740.5,6111414809579.58,2026-07-31 16:00:29,0,2.81,6.26,31-Jul-2025,30-Jun-2026,9.496435962290182,-13.070956621660443,,,BHARTI AIRTEL LIMITED,0.57,2026-07-31 17:16:01
0,ICICIBANKEQN,0.0,ICICIBANK,EQ,N,1433.9,8752440,1434.3,1441.9,1431.4,1433.9,12559226253.6,1494.5,1187.6,10246272727072.93,2026-07-31 16:00:29,0,-3.21,4.27,31-Jul-2025,30-Jun-2026,4.054867848778856,-20.739306163691477,,,ICICI BANK LIMITED,0.0,2026-07-31 17:16:01
0,ETERNALEQN,-8.0,ETERNAL,EQ,N,302.65,36770653,312.5,316.0,301.8,310.65,11248142752.7,368.45,212.6,2181895886225.76,2026-07-31 16:00:29,0,-1.67,14.38,31-Jul-2025,30-Jun-2026,17.858596824535216,-42.35653809971778,,,ETERNAL LIMITED,-2.58,2026-07-31 17:16:01
0,RELIANCEEQN,12.1,RELIANCE,EQ,N,1305.0,8624996,1295.0,1309.7,1293.6,1292.9,11239146037.64,1611.8,1249.8,8791447476768.72,2026-07-31 16:00:29,0,-6.13,0.86,31-Jul-2025,30-Jun-2026,19.034619679861024,-4.416706673067691,,,RELIANCE INDUSTRIES LIMITED,0.94,2026-07-31 17:16:01
0,SBINEQN,2.3,SBIN,EQ,N,1027.6,10921417,1028.1,1034.3,1023.5,1025.3,11223394180.05,1234.7,786.55,4235650187126.72,2026-07-31 16:00:29,0,29.01,0.07,31-Jul-2025,30-Jun-2026,16.773305256337572,-30.64649418345941,,,STATE BANK OF INDIA,0.22,2026-07-31 17:16:01
0,JIOFINEQN,9.15,JIOFIN,EQ,N,256.1,42840807,247.5,257.06,247.0,246.95,10849005964.68,338.6,223.3,837937713842.85,2026-07-31 16:00:29,0,-22.22,8.32,31-Jul-2025,30-Jun-2026,24.365032486709982,-14.688759516345723,,,JIO FINANCIAL SERVICES LIMITED,3.71,2026-07-31 17:16:01
0,TCSEQN,-65.8,TCS,EQ,N,2366.0,4343683,2385.0,2391.0,2326.1,2431.8,10269552532.75,3350.0,1976.8,2408878051229.13,2026-07-31 16:00:29,0,-22.09,16.47,31-Jul-2025,30-Jun-2026,29.37313432835821,-19.688385269121813,,,TATA CONSULTANCY SERVICES LIMITED,-2.71,2026-07-31 17:16:01
0,SUNPHARMAEQN,-14.1,SUNPHARMA,EQ,N,1987.0,4954449,2016.4,2046.9,1965.3,2001.1,9927923084.16,2046.9,1548.0,2098105348208.53,2026-07-31 16:00:29,0,16.42,6.68,31-Jul-2025,30-Jun-2026,2.9263764717377496,-28.359173126614987,,,SUN PHARMACEUTICAL INDUSTRIES LIMITED,-0.7,2026-07-31 17:16:01
0,AXISBANKEQN,-1.8,AXISBANK,EQ,N,1227.1,7487936,1226.2,1239.7,1226.0,1228.9,9208139537.28,1418.3,1042.5,3515355583484.35,2026-07-31 16:00:29,0,14.85,-8.81,31-Jul-2025,30-Jun-2026,13.480927871395332,-17.707434052757794,,,AXIS BANK LIMITED,-0.15,2026-07-31 17:16:01
0,ADANIPORTSEQN,27.8,ADANIPORTS,EQ,N,1691.9,4703646,1674.0,1708.1,1650.0,1664.1,7953300948.48,1891.1,1290.5,1244688322067.03,2026-07-31 16:00:29,0,23.22,-6.54,31-Jul-2025,30-Jun-2026,10.533551901009995,-31.10422316931422,,,ADANI PORTS AND SPECIAL ECONOMIC ZONE LIMITED,1.67,2026-07-31 17:16:01
0,MARUTIEQN,52.0,MARUTI,EQ,N,14240.0,535417,14250.0,14348.0,14124.0,14188.0,7620343869.18,17370.0,12201.0,1852486627346.28,2026-07-31 16:00:29,0,12.94,0.89,31-Jul-2025,30-Jun-2026,18.0195739781232,-16.711744938939432,,,MARUTI SUZUKI INDIA LIMITED,0.37,2026-07-31 17:16:01
0,BAJAJFINSVEQN,121.6,BAJAJFINSV,EQ,N,2031.0,3731886,1932.0,2036.6,1930.0,1909.4,7473176352.72,2195.0,1597.0,1172501123973.76,2026-07-31 16:00:29,0,4.26,14.09,31-Jul-2025,30-Jun-2026,7.471526195899772,-27.175954915466498,,,BAJAJ FINSERV LIMITED,6.37,2026-07-31 17:16:01
0,LTEQN,0.3,LT,EQ,N,3938.0,1753377,3962.9,3973.1,3923.2,3937.7,6910128892.08,4440.0,3288.1,4596293830250.15,2026-07-31 16:00:29,0,8.29,-4.96,31-Jul-2025,30-Jun-2026,11.306306306306306,-19.76521395334692,,,LARSEN & TOUBRO LIMITED,0.01,2026-07-31 17:16:01
0,BELEQN,2.9,BEL,EQ,N,387.8,17114563,385.0,390.6,385.0,384.9,6639937007.11,473.45,361.2,1385098357970.31,2026-07-31 16:00:29,0,1.23,-5.83,31-Jul-2025,30-Jun-2026,18.09061146900412,-7.364341085271318,,,BHARAT ELECTRONICS LIMITED,0.75,2026-07-31 17:16:01
0,SHRIRAMFINEQN,19.0,SHRIRAMFIN,EQ,N,1046.2,6318223,1029.2,1054.6,1029.1,1027.2,6604817595.28,1108.0,566.5,1461159431376.02,2026-07-31 16:00:29,0,65.84,0.39,31-Jul-2025,30-Jun-2026,5.577617328519856,-84.67784642541925,,,SHRIRAM FINANCE LIMITED,1.85,2026-07-31 17:16:01
0,TATASTEELEQN,3.07,TATASTEEL,EQ,N,189.99,34249584,188.25,191.84,186.31,186.92,6482076267.84,224.4,152.51,1566080041779.53,2026-07-31 16:00:29,0,20.29,1.03,31-Jul-2025,30-Jun-2026,15.334224598930481,-24.575437676217952,,,TATA STEEL LIMITED,1.64,2026-07-31 17:16:01
0,HDFCLIFEEQN,5.5,HDFCLIFE,EQ,N,550.9,11438476,548.7,550.9,544.05,545.4,6251470288.28,815.0,543.0,594951827559.66,2026-07-31 16:00:29,0,-27.08,-4.33,31-Jul-2025,30-Jun-2026,32.40490797546012,-1.4548802946593002,,,HDFC LIFE INSURANCE COMPANY LIMITED,1.01,2026-07-31 17:16:01
0,EICHERMOTEQN,4.5,EICHERMOT,EQ,N,7835.0,720608,7899.0,7899.0,7794.0,7912.5,5651288973.12,8230.0,5386.5,1076763527952.38,2026-07-31 16:00:29,0,43.28,10.77,31-Jul-2025,30-Jun-2026,4.79951397326853,-45.45623317553142,,,EICHER MOTORS LIMITED,0.06,2026-07-31 17:16:01
0,TECHMEQN,-15.1,TECHM,EQ,N,1653.9,3355677,1620.0,1661.5,1610.5,1669.0,5533947611.01,1854.0,1304.1,1047462570903.24,2026-07-31 16:00:29,0,12.99,17.74,31-Jul-2025,30-Jun-2026,10.792880258899677,-26.82309638831378,,,TECH MAHINDRA LIMITED,-0.9,2026-07-31 17:16:01
0,HINDALCOEQN,4.1,HINDALCO,EQ,N,974.5,5579336,979.8,988.0,971.05,970.4,5465461752.24,1176.0,657.5,1407031613248.04,2026-07-31 16:00:29,0,42.67,1.87,31-Jul-2025,30-Jun-2026,17.1343537414966,-48.21292775665399,,,HINDALCO INDUSTRIES LIMITED,0.42,2026-07-31 17:16:01
0,TITANEQN,35.0,TITAN,EQ,N,4885.0,1003314,4850.0,4886.0,4820.9,4850.0,4886269610.82,4886.0,3303.1,2011207412854.5,2026-07-31 16:00:29,0,45.94,10.92,31-Jul-2025,30-Jun-2026,0.020466639377814164,-47.89137476915625,,,TITAN COMPANY LIMITED,0.72,2026-07-31 17:16:01
0,ITCEQN,-4.05,ITC,EQ,N,281.0,16833813,285.55,285.8,280.05,285.05,4740738417.06,427.0,275.0,2701171021997.49,2026-07-31 16:00:29,0,-31.79,-2.07,31-Jul-2025,30-Jun-2026,34.19203747072599,-2.1818181818181817,,,ITC LIMITED,-1.42,2026-07-31 17:16:01
0,ULTRACEMCOEQN,37.0,ULTRACEMCO,EQ,N,11884.0,390471,11850.0,12009.0,11799.0,11847.0,4654398701.16,13110.0,10325.0,1402380302372.61,2026-07-31 16:00:29,0,-2.98,5.61,31-Jul-2025,30-Jun-2026,9.35163996948894,-15.099273607748184,,,ULTRATECH CEMENT LIMITED,0.31,2026-07-31 17:16:01
0,HCLTECHEQN,-7.0,HCLTECH,EQ,N,1345.7,3369019,1317.7,1356.5,1294.3,1352.7,4514856052.09,1780.1,1030.0,1414783221886.57,2026-07-31 16:00:29,0,-8.32,25.56,31-Jul-2025,30-Jun-2026,24.403123420032582,-30.650485436893202,,,HCL TECHNOLOGIES LIMITED,-0.52,2026-07-31 17:16:01
0,NESTLEINDEQN,-15.7,NESTLEIND,EQ,N,1505.0,2501825,1529.0,1529.0,1497.5,1520.7,3776880111.25,1532.6,1084.7,1076083204741.92,2026-07-31 16:00:29,0,33.91,7.1,31-Jul-2025,30-Jun-2026,1.800861281482448,-38.74804093297686,,,NESTLE INDIA LIMITED,-1.03,2026-07-31 17:16:01
0,HINDUNILVREQN,-8.5,HINDUNILVR,EQ,N,2099.4,1759019,2119.6,2119.6,2091.1,2107.9,3695910001.28,2750.0,2016.0,1857346204250.55,2026-07-31 16:00:29,0,-16.73,-0.89,31-Jul-2025,30-Jun-2026,23.658181818181816,-4.136904761904762,,,HINDUSTAN UNILEVER LIMITED,-0.4,2026-07-31 17:16:01
0,WIPROEQN,-2.58,WIPRO,EQ,N,183.75,18762810,184.85,185.24,180.83,186.33,3442037494.5,273.1,169.0,496242729074.09,2026-07-31 16:00:29,0,-26.0,7.84,31-Jul-2025,30-Jun-2026,32.716953496887584,-8.727810650887575,,,WIPRO LIMITED,-1.38,2026-07-31 17:16:01
0,NTPCEQN,1.75,NTPC,EQ,N,346.6,8519119,344.1,348.25,343.55,344.85,2949830144.94,414.4,315.55,1638579395627.3,2026-07-31 16:00:29,0,3.69,-2.82,31-Jul-2025,30-Jun-2026,16.361003861003862,-9.839961971161465,,,NTPC LIMITED,0.51,2026-07-31 17:16:01
0,TMPVEQN,5.9,TMPV,EQ,N,340.1,8527463,335.55,341.95,334.5,334.2,2885011282.16,739.7,294.3,708798407947.57,2026-07-31 16:00:29,0,-48.93,-3.44,31-Jul-2025,30-Jun-2026,54.02190077058267,-15.562351342167856,,,TATA MOTORS PASSENGER VEHICLES LIMITED,1.77,2026-07-31 17:16:01
0,KOTAKBANKEQN,-0.55,KOTAKBANK,EQ,N,388.85,7014637,390.2,391.85,388.0,389.4,2736129308.22,453.2,345.5,2855155315262.45,2026-07-31 16:00:29,0,-1.74,-0.87,31-Jul-2025,30-Jun-2026,14.199029126213592,-12.547033285094066,,,KOTAK MAHINDRA BANK LIMITED,-0.14,2026-07-31 17:16:01
0,ADANIENTEQN,-40.0,ADANIENT,EQ,N,3009.1,866401,3051.0,3067.5,3002.4,3049.1,2620282536.33,3245.0,1753.0,900854251871.76,2026-07-31 16:00:29,0,27.51,-0.89,31-Jul-2025,30-Jun-2026,7.269645608628659,-71.65430690245294,,,ADANI ENTERPRISES LIMITED,-1.31,2026-07-31 17:16:01
0,BAJAJ-AUTOEQN,87.0,BAJAJ-AUTO,EQ,N,11519.0,214380,11475.0,11590.0,11329.5,11432.0,2469406775.4,11590.0,7858.5,1272196271192.98,2026-07-31 16:00:29,0,43.84,18.56,31-Jul-2025,30-Jun-2026,0.6125970664365833,-46.58013615829993,,,BAJAJ AUTO LIMITED,0.76,2026-07-31 17:16:01
0,COALINDIAEQN,2.7,COALINDIA,EQ,N,414.4,5938134,413.0,415.1,410.15,417.2,2454824595.6,491.25,368.65,989838206030.73,2026-07-31 16:00:29,0,10.11,-5.61,31-Jul-2025,30-Jun-2026,15.643765903307887,-12.41014512410145,,,COAL INDIA LIMITED,0.66,2026-07-31 17:16:01
0,ASIANPAINTEQN,-8.2,ASIANPAINT,EQ,N,2738.0,891738,2773.9,2774.9,2732.4,2746.2,2452136821.92,2985.7,2115.0,1234734079154.01,2026-07-31 16:00:29,0,14.27,3.88,31-Jul-2025,30-Jun-2026,8.296211943597816,-29.45626477541371,,,ASIAN PAINTS LIMITED,-0.3,2026-07-31 17:16:01
0,ONGCEQN,0.71,ONGC,EQ,N,242.3,10070729,241.58,242.96,238.17,241.59,2428657005.64,307.5,227.65,938580915153.36,2026-07-31 16:00:29,0,0.54,3.15,31-Jul-2025,30-Jun-2026,21.203252032520325,-6.4353173731605535,,,OIL & NATURAL GAS CORPORATION LIMITED,0.29,2026-07-31 17:16:01
0,INDIGOEQN,-53.5,INDIGO,EQ,N,5177.0,462900,5260.0,5282.0,5137.5,5230.5,2408445555.0,6232.5,3895.2,1168589020665.79,2026-07-31 16:00:29,0,-12.41,-3.57,31-Jul-2025,30-Jun-2026,16.93541917368632,-32.907167796262065,,,INTERGLOBE AVIATION LIMITED,-1.02,2026-07-31 17:16:01
0,APOLLOHOSPEQN,-47.0,APOLLOHOSP,EQ,N,8941.0,268253,9025.0,9036.5,8931.0,8988.0,2405397825.7,9036.5,6696.5,917545742565.35,2026-07-31 16:00:29,0,19.25,2.98,31-Jul-2025,30-Jun-2026,1.0568250982128036,-33.517509146569104,,,APOLLO HOSPITALS ENTERPRISE LIMITED,-0.52,2026-07-31 17:16:01
0,MAXHEALTHEQN,-23.4,MAXHEALTH,EQ,N,1101.4,2055225,1126.0,1132.0,1091.2,1124.8,2274805239.0,1301.7,903.0,817434239392.71,2026-07-31 16:00:29,0,-11.61,-2.47,31-Jul-2025,30-Jun-2026,15.387570100637628,-21.971207087486157,,,MAX HEALTHCARE INSTITUTE LIMITED,-2.08,2026-07-31 17:16:01
0,POWERGRIDEQN,-1.5,POWERGRID,EQ,N,284.2,7804310,286.3,287.4,283.0,285.7,2217516643.4,324.95,250.0,1283415819519.24,2026-07-31 16:00:29,0,-2.34,-0.73,31-Jul-2025,30-Jun-2026,12.540390829358364,-13.68,,,POWER GRID CORPORATION OF INDIA LIMITED,-0.53,2026-07-31 17:16:01
0,JSWSTEELEQN,0.6,JSWSTEEL,EQ,N,1271.4,1449872,1276.4,1282.2,1262.0,1270.8,1840844483.52,1328.0,1018.0,1189165993877.79,2026-07-31 16:00:29,0,21.28,3.67,31-Jul-2025,30-Jun-2026,4.2620481927710845,-24.891944990176817,,,JSW STEEL LIMITED,0.05,2026-07-31 17:16:01
0,TRENTEQN,1.8,TRENT,EQ,N,3001.0,605222,3008.0,3026.7,2990.9,2999.2,1819714935.18,3782.67,2183.67,995770405603.35,2026-07-31 16:00:29,0,-10.29,-8.58,31-Jul-2025,30-Jun-2026,20.664504172978347,-37.42919030805937,,,TRENT LIMITED,0.06,2026-07-31 17:16:01
0,CIPLAEQN,5.6,CIPLA,EQ,N,1472.0,1223370,1473.4,1478.8,1462.3,1466.4,1801938374.1,1673.0,1165.7,825953873199.26,2026-07-31 16:00:29,0,-5.31,0.45,31-Jul-2025,30-Jun-2026,12.014345487148834,-26.27605730462383,,,CIPLA LIMITED,0.38,2026-07-31 17:16:01
0,TATACONSUMEQN,-12.1,TATACONSUM,EQ,N,1082.1,1479617,1098.9,1098.9,1081.0,1094.2,1605650776.06,1282.7,1007.2,702721860608.4,2026-07-31 16:00:29,0,0.83,0.6,31-Jul-2025,30-Jun-2026,15.638886723318,-7.436457505957109,,,TATA CONSUMER PRODUCTS LIMITED,-1.11,2026-07-31 17:16:01
0,SBILIFEEQN,13.0,SBILIFE,EQ,N,1890.5,723852,1885.0,1898.9,1870.6,1877.5,1362731013.72,2132.0,1700.4,847141635630.89,2026-07-31 16:00:29,0,2.71,7.07,31-Jul-2025,30-Jun-2026,11.327392120075046,-11.179722418254528,,,SBI LIFE INSURANCE COMPANY LIMITED,0.69,2026-07-31 17:16:01
0,DRREDDYEQN,0.7,DRREDDY,EQ,N,1145.5,1085841,1152.0,1154.3,1141.7,1144.8,1247468432.85,1414.9,1101.0,696327720239.81,2026-07-31 16:00:29,0,-9.82,-15.59,31-Jul-2025,30-Jun-2026,19.04021485617358,-4.041780199818347,,,DR. REDDY'S LABORATORIES LIMITED,0.06,2026-07-31 17:16:01
0,GRASIMEQN,-8.8,GRASIM,EQ,N,3096.0,309447,3115.7,3135.9,3092.6,3104.8,962197596.27,3246.0,2502.5,1164892382421.51,2026-07-31 16:00:29,0,12.73,-0.13,31-Jul-2025,30-Jun-2026,4.621072088724584,-23.716283716283716,,,GRASIM INDUSTRIES LIMITED,-0.28,2026-07-31 17:16:01
1,NIFTY 50,66.45,NIFTY 50,,,24383.6,411693361,24361.45,24429.4,24299.7,24317.15,344593107548.07,26373.2,22182.55,,2026-07-31 15:39:59,0,-1.55,2.17,30-Jul-2025,30-Jun-2026,7.54402196168838,-9.92243903428596,,,,0.27,2026-07-31 17:16:31
0,BAJFINANCEEQN,87.7,BAJFINANCE,EQ,N,1141.2,40814590,1095.0,1151.5,1083.6,1053.5,45855191865.0,1151.5,787.9,3050116590196.84,2026-07-31 16:00:29,0,29.51,13.58,31-Jul-2025,30-Jun-2026,0.8944854537559704,-44.840715826881585,,,BAJAJ FINANCE LIMITED,8.32,2026-07-31 17:16:31
0,M&MEQN,109.3,M&M,EQ,N,3393.0,6131873,3379.9,3457.0,3243.3,3283.7,20793058705.54,3839.9,2896.0,3020727107739.42,2026-07-31 16:00:29,0,5.93,10.56,31-Jul-2025,30-Jun-2026,11.638323914685278,-17.16160220994475,,,MAHINDRA & MAHINDRA LIMITED,3.33,2026-07-31 17:16:31
0,HDFCBANKEQN,-5.95,HDFCBANK,EQ,N,748.0,25522483,753.95,757.55,747.2,753.95,19132163706.46,1020.5,726.65,11425469642109.01,2026-07-31 16:00:29,0,-25.87,-6.26,31-Jul-2025,30-Jun-2026,26.702596766291034,-2.938140783045483,,,HDFC BANK LIMITED,-0.79,2026-07-31 17:16:31
0,INFYEQN,-25.2,INFY,EQ,N,1129.9,14367075,1118.9,1139.3,1107.2,1155.1,16207640978.25,1728.0,982.4,3952355998495.22,2026-07-31 16:00:29,0,-25.12,12.94,31-Jul-2025,30-Jun-2026,34.61226851851852,-15.014250814332248,,,INFOSYS LIMITED,-2.18,2026-07-31 17:16:31
0,BHARTIARTLEQN,11.2,BHARTIARTL,EQ,N,1968.0,6529385,1969.0,1976.4,1947.4,1956.8,12840492659.45,2174.5,1740.5,6111414809579.58,2026-07-31 16:00:29,0,2.81,6.26,31-Jul-2025,30-Jun-2026,9.496435962290182,-13.070956621660443,,,BHARTI AIRTEL LIMITED,0.57,2026-07-31 17:16:31
0,ICICIBANKEQN,0.0,ICICIBANK,EQ,N,1433.9,8752440,1434.3,1441.9,1431.4,1433.9,12559226253.6,1494.5,1187.6,10246272727072.93,2026-07-31 16:00:29,0,-3.21,4.27,31-Jul-2025,30-Jun-2026,4.054867848778856,-20.739306163691477,,,ICICI BANK LIMITED,0.0,2026-07-31 17:16:31
0,ETERNALEQN,-8.0,ETERNAL,EQ,N,302.65,36770653,312.5,316.0,301.8,310.65,11248142752.7,368.45,212.6,2181895886225.76,2026-07-31 16:00:29,0,-1.67,14.38,31-Jul-2025,30-Jun-2026,17.858596824535216,-42.35653809971778,,,ETERNAL LIMITED,-2.58,2026-07-31 17:16:31
0,RELIANCEEQN,12.1,RELIANCE,EQ,N,1305.0,8624996,1295.0,1309.7,1293.6,1292.9,11239146037.64,1611.8,1249.8,8791447476768.72,2026-07-31 16:00:29,0,-6.13,0.86,31-Jul-2025,30-Jun-2026,19.034619679861024,-4.416706673067691,,,RELIANCE INDUSTRIES LIMITED,0.94,2026-07-31 17:16:31
0,SBINEQN,2.3,SBIN,EQ,N,1027.6,10921417,1028.1,1034.3,1023.5,1025.3,11223394180.05,1234.7,786.55,4235650187126.72,2026-07-31 16:00:29,0,29.01,0.07,31-Jul-2025,30-Jun-2026,16.773305256337572,-30.64649418345941,,,STATE BANK OF INDIA,0.22,2026-07-31 17:16:31
0,JIOFINEQN,9.15,JIOFIN,EQ,N,256.1,42840807,247.5,257.06,247.0,246.95,10849005964.68,338.6,223.3,837937713842.85,2026-07-31 16:00:29,0,-22.22,8.32,31-Jul-2025,30-Jun-2026,24.365032486709982,-14.688759516345723,,,JIO FINANCIAL SERVICES LIMITED,3.71,2026-07-31 17:16:31
0,TCSEQN,-65.8,TCS,EQ,N,2366.0,4343683,2385.0,2391.0,2326.1,2431.8,10269552532.75,3350.0,1976.8,2408878051229.13,2026-07-31 16:00:29,0,-22.09,16.47,31-Jul-2025,30-Jun-2026,29.37313432835821,-19.688385269121813,,,TATA CONSULTANCY SERVICES LIMITED,-2.71,2026-07-31 17:16:31
0,SUNPHARMAEQN,-14.1,SUNPHARMA,EQ,N,1987.0,4954449,2016.4,2046.9,1965.3,2001.1,9927923084.16,2046.9,1548.0,2098105348208.53,2026-07-31 16:00:29,0,16.42,6.68,31-Jul-2025,30-Jun-2026,2.9263764717377496,-28.359173126614987,,,SUN PHARMACEUTICAL INDUSTRIES LIMITED,-0.7,2026-07-31 17:16:31
0,AXISBANKEQN,-1.8,AXISBANK,EQ,N,1227.1,7487936,1226.2,1239.7,1226.0,1228.9,9208139537.28,1418.3,1042.5,3515355583484.35,2026-07-31 16:00:29,0,14.85,-8.81,31-Jul-2025,30-Jun-2026,13.480927871395332,-17.707434052757794,,,AXIS BANK LIMITED,-0.15,2026-07-31 17:16:31
0,ADANIPORTSEQN,27.8,ADANIPORTS,EQ,N,1691.9,4703646,1674.0,1708.1,1650.0,1664.1,7953300948.48,1891.1,1290.5,1244688322067.03,2026-07-31 16:00:29,0,23.22,-6.54,31-Jul-2025,30-Jun-2026,10.533551901009995,-31.10422316931422,,,ADANI PORTS AND SPECIAL ECONOMIC ZONE LIMITED,1.67,2026-07-31 17:16:31
0,MARUTIEQN,52.0,MARUTI,EQ,N,14240.0,535417,14250.0,14348.0,14124.0,14188.0,7620343869.18,17370.0,12201.0,1852486627346.28,2026-07-31 16:00:29,0,12.94,0.89,31-Jul-2025,30-Jun-2026,18.0195739781232,-16.711744938939432,,,MARUTI SUZUKI INDIA LIMITED,0.37,2026-07-31 17:16:31
0,BAJAJFINSVEQN,121.6,BAJAJFINSV,EQ,N,2031.0,3731886,1932.0,2036.6,1930.0,1909.4,7473176352.72,2195.0,1597.0,1172501123973.76,2026-07-31 16:00:29,0,4.26,14.09,31-Jul-2025,30-Jun-2026,7.471526195899772,-27.175954915466498,,,BAJAJ FINSERV LIMITED,6.37,2026-07-31 17:16:31
0,LTEQN,0.3,LT,EQ,N,3938.0,1753377,3962.9,3973.1,3923.2,3937.7,6910128892.08,4440.0,3288.1,4596293830250.15,2026-07-31 16:00:29,0,8.29,-4.96,31-Jul-2025,30-Jun-2026,11.306306306306306,-19.76521395334692,,,LARSEN & TOUBRO LIMITED,0.01,2026-07-31 17:16:31
0,BELEQN,2.9,BEL,EQ,N,387.8,17114563,385.0,390.6,385.0,384.9,6639937007.11,473.45,361.2,1385098357970.31,2026-07-31 16:00:29,0,1.23,-5.83,31-Jul-2025,30-Jun-2026,18.09061146900412,-7.364341085271318,,,BHARAT ELECTRONICS LIMITED,0.75,2026-07-31 17:16:31
0,SHRIRAMFINEQN,19.0,SHRIRAMFIN,EQ,N,1046.2,6318223,1029.2,1054.6,1029.1,1027.2,6604817595.28,1108.0,566.5,1461159431376.02,2026-07-31 16:00:29,0,65.84,0.39,31-Jul-2025,30-Jun-2026,5.577617328519856,-84.67784642541925,,,SHRIRAM FINANCE LIMITED,1.85,2026-07-31 17:16:31
0,TATASTEELEQN,3.07,TATASTEEL,EQ,N,189.99,34249584,188.25,191.84,186.31,186.92,6482076267.84,224.4,152.51,1566080041779.53,2026-07-31 16:00:29,0,20.29,1.03,31-Jul-2025,30-Jun-2026,15.334224598930481,-24.575437676217952,,,TATA STEEL LIMITED,1.64,2026-07-31 17:16:31
0,HDFCLIFEEQN,5.5,HDFCLIFE,EQ,N,550.9,11438476,548.7,550.9,544.05,545.4,6251470288.28,815.0,543.0,594951827559.66,2026-07-31 16:00:29,0,-27.08,-4.33,31-Jul-2025,30-Jun-2026,32.40490797546012,-1.4548802946593002,,,HDFC LIFE INSURANCE COMPANY LIMITED,1.01,2026-07-31 17:16:31
0,EICHERMOTEQN,4.5,EICHERMOT,EQ,N,7835.0,720608,7899.0,7899.0,7794.0,7912.5,5651288973.12,8230.0,5386.5,1076763527952.38,2026-07-31 16:00:29,0,43.28,10.77,31-Jul-2025,30-Jun-2026,4.79951397326853,-45.45623317553142,,,EICHER MOTORS LIMITED,0.06,2026-07-31 17:16:31
0,TECHMEQN,-15.1,TECHM,EQ,N,1653.9,3355677,1620.0,1661.5,1610.5,1669.0,5533947611.01,1854.0,1304.1,1047462570903.24,2026-07-31 16:00:29,0,12.99,17.74,31-Jul-2025,30-Jun-2026,10.792880258899677,-26.82309638831378,,,TECH MAHINDRA LIMITED,-0.9,2026-07-31 17:16:31
0,HINDALCOEQN,4.1,HINDALCO,EQ,N,974.5,5579336,979.8,988.0,971.05,970.4,5465461752.24,1176.0,657.5,1407031613248.04,2026-07-31 16:00:29,0,42.67,1.87,31-Jul-2025,30-Jun-2026,17.1343537414966,-48.21292775665399,,,HINDALCO INDUSTRIES LIMITED,0.42,2026-07-31 17:16:31
0,TITANEQN,35.0,TITAN,EQ,N,4885.0,1003314,4850.0,4886.0,4820.9,4850.0,4886269610.82,4886.0,3303.1,2011207412854.5,2026-07-31 16:00:29,0,45.94,10.92,31-Jul-2025,30-Jun-2026,0.020466639377814164,-47.89137476915625,,,TITAN COMPANY LIMITED,0.72,2026-07-31 17:16:31
0,ITCEQN,-4.05,ITC,EQ,N,281.0,16833813,285.55,285.8,280.05,285.05,4740738417.06,427.0,275.0,2701171021997.49,2026-07-31 16:00:29,0,-31.79,-2.07,31-Jul-2025,30-Jun-2026,34.19203747072599,-2.1818181818181817,,,ITC LIMITED,-1.42,2026-07-31 17:16:31
0,ULTRACEMCOEQN,37.0,ULTRACEMCO,EQ,N,11884.0,390471,11850.0,12009.0,11799.0,11847.0,4654398701.16,13110.0,10325.0,1402380302372.61,2026-07-31 16:00:29,0,-2.98,5.61,31-Jul-2025,30-Jun-2026,9.35163996948894,-15.099273607748184,,,ULTRATECH CEMENT LIMITED,0.31,2026-07-31 17:16:31
0,HCLTECHEQN,-7.0,HCLTECH,EQ,N,1345.7,3369019,1317.7,1356.5,1294.3,1352.7,4514856052.09,1780.1,1030.0,1414783221886.57,2026-07-31 16:00:29,0,-8.32,25.56,31-Jul-2025,30-Jun-2026,24.403123420032582,-30.650485436893202,,,HCL TECHNOLOGIES LIMITED,-0.52,2026-07-31 17:16:31
0,NESTLEINDEQN,-15.7,NESTLEIND,EQ,N,1505.0,2501825,1529.0,1529.0,1497.5,1520.7,3776880111.25,1532.6,1084.7,1076083204741.92,2026-07-31 16:00:29,0,33.91,7.1,31-Jul-2025,30-Jun-2026,1.800861281482448,-38.74804093297686,,,NESTLE INDIA LIMITED,-1.03,2026-07-31 17:16:31
0,HINDUNILVREQN,-8.5,HINDUNILVR,EQ,N,2099.4,1759019,2119.6,2119.6,2091.1,2107.9,3695910001.28,2750.0,2016.0,1857346204250.55,2026-07-31 16:00:29,0,-16.73,-0.89,31-Jul-2025,30-Jun-2026,23.658181818181816,-4.136904761904762,,,HINDUSTAN UNILEVER LIMITED,-0.4,2026-07-31 17:16:31
0,WIPROEQN,-2.58,WIPRO,EQ,N,183.75,18762810,184.85,185.24,180.83,186.33,3442037494.5,273.1,169.0,496242729074.09,2026-07-31 16:00:29,0,-26.0,7.84,31-Jul-2025,30-Jun-2026,32.716953496887584,-8.727810650887575,,,WIPRO LIMITED,-1.38,2026-07-31 17:16:31
0,NTPCEQN,1.75,NTPC,EQ,N,346.6,8519119,344.1,348.25,343.55,344.85,2949830144.94,414.4,315.55,1638579395627.3,2026-07-31 16:00:29,0,3.69,-2.82,31-Jul-2025,30-Jun-2026,16.361003861003862,-9.839961971161465,,,NTPC LIMITED,0.51,2026-07-31 17:16:31
0,TMPVEQN,5.9,TMPV,EQ,N,340.1,8527463,335.55,341.95,334.5,334.2,2885011282.16,739.7,294.3,708798407947.57,2026-07-31 16:00:29,0,-48.93,-3.44,31-Jul-2025,30-Jun-2026,54.02190077058267,-15.562351342167856,,,TATA MOTORS PASSENGER VEHICLES LIMITED,1.77,2026-07-31 17:16:31
0,KOTAKBANKEQN,-0.55,KOTAKBANK,EQ,N,388.85,7014637,390.2,391.85,388.0,389.4,2736129308.22,453.2,345.5,2855155315262.45,2026-07-31 16:00:29,0,-1.74,-0.87,31-Jul-2025,30-Jun-2026,14.199029126213592,-12.547033285094066,,,KOTAK MAHINDRA BANK LIMITED,-0.14,2026-07-31 17:16:31
0,ADANIENTEQN,-40.0,ADANIENT,EQ,N,3009.1,866401,3051.0,3067.5,3002.4,3049.1,2620282536.33,3245.0,1753.0,900854251871.76,2026-07-31 16:00:29,0,27.51,-0.89,31-Jul-2025,30-Jun-2026,7.269645608628659,-71.65430690245294,,,ADANI ENTERPRISES LIMITED,-1.31,2026-07-31 17:16:31
0,BAJAJ-AUTOEQN,87.0,BAJAJ-AUTO,EQ,N,11519.0,214380,11475.0,11590.0,11329.5,11432.0,2469406775.4,11590.0,7858.5,1272196271192.98,2026-07-31 16:00:29,0,43.84,18.56,31-Jul-2025,30-Jun-2026,0.6125970664365833,-46.58013615829993,,,BAJAJ AUTO LIMITED,0.76,2026-07-31 17:16:31
0,COALINDIAEQN,2.7,COALINDIA,EQ,N,414.4,5938134,413.0,415.1,410.15,417.2,2454824595.6,491.25,368.65,989838206030.73,2026-07-31 16:00:29,0,10.11,-5.61,31-Jul-2025,30-Jun-2026,15.643765903307887,-12.41014512410145,,,COAL INDIA LIMITED,0.66,2026-07-31 17:16:31
0,ASIANPAINTEQN,-8.2,ASIANPAINT,EQ,N,2738.0,891738,2773.9,2774.9,2732.4,2746.2,2452136821.92,2985.7,2115.0,1234734079154.01,2026-07-31 16:00:29,0,14.27,3.88,31-Jul-2025,30-Jun-2026,8.296211943597816,-29.45626477541371,,,ASIAN PAINTS LIMITED,-0.3,2026-07-31 17:16:31
0,ONGCEQN,0.71,ONGC,EQ,N,242.3,10070729,241.58,242.96,238.17,241.59,2428657005.64,307.5,227.65,938580915153.36,2026-07-31 16:00:29,0,0.54,3.15,31-Jul-2025,30-Jun-2026,21.203252032520325,-6.4353173731605535,,,OIL & NATURAL GAS CORPORATION LIMITED,0.29,2026-07-31 17:16:31
0,INDIGOEQN,-53.5,INDIGO,EQ,N,5177.0,462900,5260.0,5282.0,5137.5,5230.5,2408445555.0,6232.5,3895.2,1168589020665.79,2026-07-31 16:00:29,0,-12.41,-3.57,31-Jul-2025,30-Jun-2026,16.93541917368632,-32.907167796262065,,,INTERGLOBE AVIATION LIMITED,-1.02,2026-07-31 17:16:31
0,APOLLOHOSPEQN,-47.0,APOLLOHOSP,EQ,N,8941.0,268253,9025.0,9036.5,8931.0,8988.0,2405397825.7,9036.5,6696.5,917545742565.35,2026-07-31 16:00:29,0,19.25,2.98,31-Jul-2025,30-Jun-2026,1.0568250982128036,-33.517509146569104,,,APOLLO HOSPITALS ENTERPRISE LIMITED,-0.52,2026-07-31 17:16:31
0,MAXHEALTHEQN,-23.4,MAXHEALTH,EQ,N,1101.4,2055225,1126.0,1132.0,1091.2,1124.8,2274805239.0,1301.7,903.0,817434239392.71,2026-07-31 16:00:29,0,-11.61,-2.47,31-Jul-2025,30-Jun-2026,15.387570100637628,-21.971207087486157,,,MAX HEALTHCARE INSTITUTE LIMITED,-2.08,2026-07-31 17:16:31
0,POWERGRIDEQN,-1.5,POWERGRID,EQ,N,284.2,7804310,286.3,287.4,283.0,285.7,2217516643.4,324.95,250.0,1283415819519.24,2026-07-31 16:00:29,0,-2.34,-0.73,31-Jul-2025,30-Jun-2026,12.540390829358364,-13.68,,,POWER GRID CORPORATION OF INDIA LIMITED,-0.53,2026-07-31 17:16:31
0,JSWSTEELEQN,0.6,JSWSTEEL,EQ,N,1271.4,1449872,1276.4,1282.2,1262.0,1270.8,1840844483.52,1328.0,1018.0,1189165993877.79,2026-07-31 16:00:29,0,21.28,3.67,31-Jul-2025,30-Jun-2026,4.2620481927710845,-24.891944990176817,,,JSW STEEL LIMITED,0.05,2026-07-31 17:16:31
0,TRENTEQN,1.8,TRENT,EQ,N,3001.0,605222,3008.0,3026.7,2990.9,2999.2,1819714935.18,3782.67,2183.67,995770405603.35,2026-07-31 16:00:29,0,-10.29,-8.58,31-Jul-2025,30-Jun-2026,20.664504172978347,-37.42919030805937,,,TRENT LIMITED,0.06,2026-07-31 17:16:31
0,CIPLAEQN,5.6,CIPLA,EQ,N,1472.0,1223370,1473.4,1478.8,1462.3,1466.4,1801938374.1,1673.0,1165.7,825953873199.26,2026-07-31 16:00:29,0,-5.31,0.45,31-Jul-2025,30-Jun-2026,12.014345487148834,-26.27605730462383,,,CIPLA LIMITED,0.38,2026-07-31 17:16:31
0,TATACONSUMEQN,-12.1,TATACONSUM,EQ,N,1082.1,1479617,1098.9,1098.9,1081.0,1094.2,1605650776.06,1282.7,1007.2,702721860608.4,2026-07-31 16:00:29,0,0.83,0.6,31-Jul-2025,30-Jun-2026,15.638886723318,-7.436457505957109,,,TATA CONSUMER PRODUCTS LIMITED,-1.11,2026-07-31 17:16:31
0,SBILIFEEQN,13.0,SBILIFE,EQ,N,1890.5,723852,1885.0,1898.9,1870.6,1877.5,1362731013.72,2132.0,1700.4,847141635630.89,2026-07-31 16:00:29,0,2.71,7.07,31-Jul-2025,30-Jun-2026,11.327392120075046,-11.179722418254528,,,SBI LIFE INSURANCE COMPANY LIMITED,0.69,2026-07-31 17:16:31
0,DRREDDYEQN,0.7,DRREDDY,EQ,N,1145.5,1085841,1152.0,1154.3,1141.7,1144.8,1247468432.85,1414.9,1101.0,696327720239.81,2026-07-31 16:00:29,0,-9.82,-15.59,31-Jul-2025,30-Jun-2026,19.04021485617358,-4.041780199818347,,,DR. REDDY'S LABORATORIES LIMITED,0.06,2026-07-31 17:16:31
0,GRASIMEQN,-8.8,GRASIM,EQ,N,3096.0,309447,3115.7,3135.9,3092.6,3104.8,962197596.27,3246.0,2502.5,1164892382421.51,2026-07-31 16:00:29,0,12.73,-0.13,31-Jul-2025,30-Jun-2026,4.621072088724584,-23.716283716283716,,,GRASIM INDUSTRIES LIMITED,-0.28,2026-07-31 17:16:31
1,NIFTY 50,66.45,NIFTY 50,,,24383.6,411693361,24361.45,24429.4,24299.7,24317.15,344593107548.07,26373.2,22182.55,,2026-07-31 15:39:59,0,-1.55,2.17,30-Jul-2025,30-Jun-2026,7.54402196168838,-9.92243903428596,,,,0.27,2026-07-31 17:17:01
0,BAJFINANCEEQN,87.7,BAJFINANCE,EQ,N,1141.2,40814590,1095.0,1151.5,1083.6,1053.5,45855191865.0,1151.5,787.9,3050116590196.84,2026-07-31 16:00:29,0,29.51,13.58,31-Jul-2025,30-Jun-2026,0.8944854537559704,-44.840715826881585,,,BAJAJ FINANCE LIMITED,8.32,2026-07-31 17:17:01
0,M&MEQN,109.3,M&M,EQ,N,3393.0,6131873,3379.9,3457.0,3243.3,3283.7,20793058705.54,3839.9,2896.0,3020727107739.42,2026-07-31 16:00:29,0,5.93,10.56,31-Jul-2025,30-Jun-2026,11.638323914685278,-17.16160220994475,,,MAHINDRA & MAHINDRA LIMITED,3.33,2026-07-31 17:17:01
0,HDFCBANKEQN,-5.95,HDFCBANK,EQ,N,748.0,25522483,753.95,757.55,747.2,753.95,19132163706.46,1020.5,726.65,11425469642109.01,2026-07-31 16:00:29,0,-25.87,-6.26,31-Jul-2025,30-Jun-2026,26.702596766291034,-2.938140783045483,,,HDFC BANK LIMITED,-0.79,2026-07-31 17:17:01
0,INFYEQN,-25.2,INFY,EQ,N,1129.9,14367075,1118.9,1139.3,1107.2,1155.1,16207640978.25,1728.0,982.4,3952355998495.22,2026-07-31 16:00:29,0,-25.12,12.94,31-Jul-2025,30-Jun-2026,34.61226851851852,-15.014250814332248,,,INFOSYS LIMITED,-2.18,2026-07-31 17:17:01
0,BHARTIARTLEQN,11.2,BHARTIARTL,EQ,N,1968.0,6529385,1969.0,1976.4,1947.4,1956.8,12840492659.45,2174.5,1740.5,6111414809579.58,2026-07-31 16:00:29,0,2.81,6.26,31-Jul-2025,30-Jun-2026,9.496435962290182,-13.070956621660443,,,BHARTI AIRTEL LIMITED,0.57,2026-07-31 17:17:01
0,ICICIBANKEQN,0.0,ICICIBANK,EQ,N,1433.9,8752440,1434.3,1441.9,1431.4,1433.9,12559226253.6,1494.5,1187.6,10246272727072.93,2026-07-31 16:00:29,0,-3.21,4.27,31-Jul-2025,30-Jun-2026,4.054867848778856,-20.739306163691477,,,ICICI BANK LIMITED,0.0,2026-07-31 17:17:01
0,ETERNALEQN,-8.0,ETERNAL,EQ,N,302.65,36770653,312.5,316.0,301.8,310.65,11248142752.7,368.45,212.6,2181895886225.76,2026-07-31 16:00:29,0,-1.67,14.38,31-Jul-2025,30-Jun-2026,17.858596824535216,-42.35653809971778,,,ETERNAL LIMITED,-2.58,2026-07-31 17:17:01
0,RELIANCEEQN,12.1,RELIANCE,EQ,N,1305.0,8624996,1295.0,1309.7,1293.6,1292.9,11239146037.64,1611.8,1249.8,8791447476768.72,2026-07-31 16:00:29,0,-6.13,0.86,31-Jul-2025,30-Jun-2026,19.034619679861024,-4.416706673067691,,,RELIANCE INDUSTRIES LIMITED,0.94,2026-07-31 17:17:01
0,SBINEQN,2.3,SBIN,EQ,N,1027.6,10921417,1028.1,1034.3,1023.5,1025.3,11223394180.05,1234.7,786.55,4235650187126.72,2026-07-31 16:00:29,0,29.01,0.07,31-Jul-2025,30-Jun-2026,16.773305256337572,-30.64649418345941,,,STATE BANK OF INDIA,0.22,2026-07-31 17:17:01
0,JIOFINEQN,9.15,JIOFIN,EQ,N,256.1,42840807,247.5,257.06,247.0,246.95,10849005964.68,338.6,223.3,837937713842.85,2026-07-31 16:00:29,0,-22.22,8.32,31-Jul-2025,30-Jun-2026,24.365032486709982,-14.688759516345723,,,JIO FINANCIAL SERVICES LIMITED,3.71,2026-07-31 17:17:01
0,TCSEQN,-65.8,TCS,EQ,N,2366.0,4343683,2385.0,2391.0,2326.1,2431.8,10269552532.75,3350.0,1976.8,2408878051229.13,2026-07-31 16:00:29,0,-22.09,16.47,31-Jul-2025,30-Jun-2026,29.37313432835821,-19.688385269121813,,,TATA CONSULTANCY SERVICES LIMITED,-2.71,2026-07-31 17:17:01
0,SUNPHARMAEQN,-14.1,SUNPHARMA,EQ,N,1987.0,4954449,2016.4,2046.9,1965.3,2001.1,9927923084.16,2046.9,1548.0,2098105348208.53,2026-07-31 16:00:29,0,16.42,6.68,31-Jul-2025,30-Jun-2026,2.9263764717377496,-28.359173126614987,,,SUN PHARMACEUTICAL INDUSTRIES LIMITED,-0.7,2026-07-31 17:17:01
0,AXISBANKEQN,-1.8,AXISBANK,EQ,N,1227.1,7487936,1226.2,1239.7,1226.0,1228.9,9208139537.28,1418.3,1042.5,3515355583484.35,2026-07-31 16:00:29,0,14.85,-8.81,31-Jul-2025,30-Jun-2026,13.480927871395332,-17.707434052757794,,,AXIS BANK LIMITED,-0.15,2026-07-31 17:17:01
0,ADANIPORTSEQN,27.8,ADANIPORTS,EQ,N,1691.9,4703646,1674.0,1708.1,1650.0,1664.1,7953300948.48,1891.1,1290.5,1244688322067.03,2026-07-31 16:00:29,0,23.22,-6.54,31-Jul-2025,30-Jun-2026,10.533551901009995,-31.10422316931422,,,ADANI PORTS AND SPECIAL ECONOMIC ZONE LIMITED,1.67,2026-07-31 17:17:01
0,MARUTIEQN,52.0,MARUTI,EQ,N,14240.0,535417,14250.0,14348.0,14124.0,14188.0,7620343869.18,17370.0,12201.0,1852486627346.28,2026-07-31 16:00:29,0,12.94,0.89,31-Jul-2025,30-Jun-2026,18.0195739781232,-16.711744938939432,,,MARUTI SUZUKI INDIA LIMITED,0.37,2026-07-31 17:17:01
0,BAJAJFINSVEQN,121.6,BAJAJFINSV,EQ,N,2031.0,3731886,1932.0,2036.6,1930.0,1909.4,7473176352.72,2195.0,1597.0,1172501123973.76,2026-07-31 16:00:29,0,4.26,14.09,31-Jul-2025,30-Jun-2026,7.471526195899772,-27.175954915466498,,,BAJAJ FINSERV LIMITED,6.37,2026-07-31 17:17:01
0,LTEQN,0.3,LT,EQ,N,3938.0,1753377,3962.9,3973.1,3923.2,3937.7,6910128892.08,4440.0,3288.1,4596293830250.15,2026-07-31 16:00:29,0,8.29,-4.96,31-Jul-2025,30-Jun-2026,11.306306306306306,-19.76521395334692,,,LARSEN & TOUBRO LIMITED,0.01,2026-07-31 17:17:01
0,BELEQN,2.9,BEL,EQ,N,387.8,17114563,385.0,390.6,385.0,384.9,6639937007.11,473.45,361.2,1385098357970.31,2026-07-31 16:00:29,0,1.23,-5.83,31-Jul-2025,30-Jun-2026,18.09061146900412,-7.364341085271318,,,BHARAT ELECTRONICS LIMITED,0.75,2026-07-31 17:17:01
0,SHRIRAMFINEQN,19.0,SHRIRAMFIN,EQ,N,1046.2,6318223,1029.2,1054.6,1029.1,1027.2,6604817595.28,1108.0,566.5,1461159431376.02,2026-07-31 16:00:29,0,65.84,0.39,31-Jul-2025,30-Jun-2026,5.577617328519856,-84.67784642541925,,,SHRIRAM FINANCE LIMITED,1.85,2026-07-31 17:17:01
0,TATASTEELEQN,3.07,TATASTEEL,EQ,N,189.99,34249584,188.25,191.84,186.31,186.92,6482076267.84,224.4,152.51,1566080041779.53,2026-07-31 16:00:29,0,20.29,1.03,31-Jul-2025,30-Jun-2026,15.334224598930481,-24.575437676217952,,,TATA STEEL LIMITED,1.64,2026-07-31 17:17:01
0,HDFCLIFEEQN,5.5,HDFCLIFE,EQ,N,550.9,11438476,548.7,550.9,544.05,545.4,6251470288.28,815.0,543.0,594951827559.66,2026-07-31 16:00:29,0,-27.08,-4.33,31-Jul-2025,30-Jun-2026,32.40490797546012,-1.4548802946593002,,,HDFC LIFE INSURANCE COMPANY LIMITED,1.01,2026-07-31 17:17:01
0,EICHERMOTEQN,4.5,EICHERMOT,EQ,N,7835.0,720608,7899.0,7899.0,7794.0,7912.5,5651288973.12,8230.0,5386.5,1076763527952.38,2026-07-31 16:00:29,0,43.28,10.77,31-Jul-2025,30-Jun-2026,4.79951397326853,-45.45623317553142,,,EICHER MOTORS LIMITED,0.06,2026-07-31 17:17:01
0,TECHMEQN,-15.1,TECHM,EQ,N,1653.9,3355677,1620.0,1661.5,1610.5,1669.0,5533947611.01,1854.0,1304.1,1047462570903.24,2026-07-31 16:00:29,0,12.99,17.74,31-Jul-2025,30-Jun-2026,10.792880258899677,-26.82309638831378,,,TECH MAHINDRA LIMITED,-0.9,2026-07-31 17:17:01
0,HINDALCOEQN,4.1,HINDALCO,EQ,N,974.5,5579336,979.8,988.0,971.05,970.4,5465461752.24,1176.0,657.5,1407031613248.04,2026-07-31 16:00:29,0,42.67,1.87,31-Jul-2025,30-Jun-2026,17.1343537414966,-48.21292775665399,,,HINDALCO INDUSTRIES LIMITED,0.42,2026-07-31 17:17:01
0,TITANEQN,35.0,TITAN,EQ,N,4885.0,1003314,4850.0,4886.0,4820.9,4850.0,4886269610.82,4886.0,3303.1,2011207412854.5,2026-07-31 16:00:29,0,45.94,10.92,31-Jul-2025,30-Jun-2026,0.020466639377814164,-47.89137476915625,,,TITAN COMPANY LIMITED,0.72,2026-07-31 17:17:01
0,ITCEQN,-4.05,ITC,EQ,N,281.0,16833813,285.55,285.8,280.05,285.05,4740738417.06,427.0,275.0,2701171021997.49,2026-07-31 16:00:29,0,-31.79,-2.07,31-Jul-2025,30-Jun-2026,34.19203747072599,-2.1818181818181817,,,ITC LIMITED,-1.42,2026-07-31 17:17:01
0,ULTRACEMCOEQN,37.0,ULTRACEMCO,EQ,N,11884.0,390471,11850.0,12009.0,11799.0,11847.0,4654398701.16,13110.0,10325.0,1402380302372.61,2026-07-31 16:00:29,0,-2.98,5.61,31-Jul-2025,30-Jun-2026,9.35163996948894,-15.099273607748184,,,ULTRATECH CEMENT LIMITED,0.31,2026-07-31 17:17:01
0,HCLTECHEQN,-7.0,HCLTECH,EQ,N,1345.7,3369019,1317.7,1356.5,1294.3,1352.7,4514856052.09,1780.1,1030.0,1414783221886.57,2026-07-31 16:00:29,0,-8.32,25.56,31-Jul-2025,30-Jun-2026,24.403123420032582,-30.650485436893202,,,HCL TECHNOLOGIES LIMITED,-0.52,2026-07-31 17:17:01
0,NESTLEINDEQN,-15.7,NESTLEIND,EQ,N,1505.0,2501825,1529.0,1529.0,1497.5,1520.7,3776880111.25,1532.6,1084.7,1076083204741.92,2026-07-31 16:00:29,0,33.91,7.1,31-Jul-2025,30-Jun-2026,1.800861281482448,-38.74804093297686,,,NESTLE INDIA LIMITED,-1.03,2026-07-31 17:17:01
0,HINDUNILVREQN,-8.5,HINDUNILVR,EQ,N,2099.4,1759019,2119.6,2119.6,2091.1,2107.9,3695910001.28,2750.0,2016.0,1857346204250.55,2026-07-31 16:00:29,0,-16.73,-0.89,31-Jul-2025,30-Jun-2026,23.658181818181816,-4.136904761904762,,,HINDUSTAN UNILEVER LIMITED,-0.4,2026-07-31 17:17:01
0,WIPROEQN,-2.58,WIPRO,EQ,N,183.75,18762810,184.85,185.24,180.83,186.33,3442037494.5,273.1,169.0,496242729074.09,2026-07-31 16:00:29,0,-26.0,7.84,31-Jul-2025,30-Jun-2026,32.716953496887584,-8.727810650887575,,,WIPRO LIMITED,-1.38,2026-07-31 17:17:01
0,NTPCEQN,1.75,NTPC,EQ,N,346.6,8519119,344.1,348.25,343.55,344.85,2949830144.94,414.4,315.55,1638579395627.3,2026-07-31 16:00:29,0,3.69,-2.82,31-Jul-2025,30-Jun-2026,16.361003861003862,-9.839961971161465,,,NTPC LIMITED,0.51,2026-07-31 17:17:01
0,TMPVEQN,5.9,TMPV,EQ,N,340.1,8527463,335.55,341.95,334.5,334.2,2885011282.16,739.7,294.3,708798407947.57,2026-07-31 16:00:29,0,-48.93,-3.44,31-Jul-2025,30-Jun-2026,54.02190077058267,-15.562351342167856,,,TATA MOTORS PASSENGER VEHICLES LIMITED,1.77,2026-07-31 17:17:01
0,KOTAKBANKEQN,-0.55,KOTAKBANK,EQ,N,388.85,7014637,390.2,391.85,388.0,389.4,2736129308.22,453.2,345.5,2855155315262.45,2026-07-31 16:00:29,0,-1.74,-0.87,31-Jul-2025,30-Jun-2026,14.199029126213592,-12.547033285094066,,,KOTAK MAHINDRA BANK LIMITED,-0.14,2026-07-31 17:17:01
0,ADANIENTEQN,-40.0,ADANIENT,EQ,N,3009.1,866401,3051.0,3067.5,3002.4,3049.1,2620282536.33,3245.0,1753.0,900854251871.76,2026-07-31 16:00:29,0,27.51,-0.89,31-Jul-2025,30-Jun-2026,7.269645608628659,-71.65430690245294,,,ADANI ENTERPRISES LIMITED,-1.31,2026-07-31 17:17:01
0,BAJAJ-AUTOEQN,87.0,BAJAJ-AUTO,EQ,N,11519.0,214380,11475.0,11590.0,11329.5,11432.0,2469406775.4,11590.0,7858.5,1272196271192.98,2026-07-31 16:00:29,0,43.84,18.56,31-Jul-2025,30-Jun-2026,0.6125970664365833,-46.58013615829993,,,BAJAJ AUTO LIMITED,0.76,2026-07-31 17:17:01
0,COALINDIAEQN,2.7,COALINDIA,EQ,N,414.4,5938134,413.0,415.1,410.15,417.2,2454824595.6,491.25,368.65,989838206030.73,2026-07-31 16:00:29,0,10.11,-5.61,31-Jul-2025,30-Jun-2026,15.643765903307887,-12.41014512410145,,,COAL INDIA LIMITED,0.66,2026-07-31 17:17:01
0,ASIANPAINTEQN,-8.2,ASIANPAINT,EQ,N,2738.0,891738,2773.9,2774.9,2732.4,2746.2,2452136821.92,2985.7,2115.0,1234734079154.01,2026-07-31 16:00:29,0,14.27,3.88,31-Jul-2025,30-Jun-2026,8.296211943597816,-29.45626477541371,,,ASIAN PAINTS LIMITED,-0.3,2026-07-31 17:17:01
0,ONGCEQN,0.71,ONGC,EQ,N,242.3,10070729,241.58,242.96,238.17,241.59,2428657005.64,307.5,227.65,938580915153.36,2026-07-31 16:00:29,0,0.54,3.15,31-Jul-2025,30-Jun-2026,21.203252032520325,-6.4353173731605535,,,OIL & NATURAL GAS CORPORATION LIMITED,0.29,2026-07-31 17:17:01
0,INDIGOEQN,-53.5,INDIGO,EQ,N,5177.0,462900,5260.0,5282.0,5137.5,5230.5,2408445555.0,6232.5,3895.2,1168589020665.79,2026-07-31 16:00:29,0,-12.41,-3.57,31-Jul-2025,30-Jun-2026,16.93541917368632,-32.907167796262065,,,INTERGLOBE AVIATION LIMITED,-1.02,2026-07-31 17:17:01
0,APOLLOHOSPEQN,-47.0,APOLLOHOSP,EQ,N,8941.0,268253,9025.0,9036.5,8931.0,8988.0,2405397825.7,9036.5,6696.5,917545742565.35,2026-07-31 16:00:29,0,19.25,2.98,31-Jul-2025,30-Jun-2026,1.0568250982128036,-33.517509146569104,,,APOLLO HOSPITALS ENTERPRISE LIMITED,-0.52,2026-07-31 17:17:01
0,MAXHEALTHEQN,-23.4,MAXHEALTH,EQ,N,1101.4,2055225,1126.0,1132.0,1091.2,1124.8,2274805239.0,1301.7,903.0,817434239392.71,2026-07-31 16:00:29,0,-11.61,-2.47,31-Jul-2025,30-Jun-2026,15.387570100637628,-21.971207087486157,,,MAX HEALTHCARE INSTITUTE LIMITED,-2.08,2026-07-31 17:17:01
0,POWERGRIDEQN,-1.5,POWERGRID,EQ,N,284.2,7804310,286.3,287.4,283.0,285.7,2217516643.4,324.95,250.0,1283415819519.24,2026-07-31 16:00:29,0,-2.34,-0.73,31-Jul-2025,30-Jun-2026,12.540390829358364,-13.68,,,POWER GRID CORPORATION OF INDIA LIMITED,-0.53,2026-07-31 17:17:01
0,JSWSTEELEQN,0.6,JSWSTEEL,EQ,N,1271.4,1449872,1276.4,1282.2,1262.0,1270.8,1840844483.52,1328.0,1018.0,1189165993877.79,2026-07-31 16:00:29,0,21.28,3.67,31-Jul-2025,30-Jun-2026,4.2620481927710845,-24.891944990176817,,,JSW STEEL LIMITED,0.05,2026-07-31 17:17:01
0,TRENTEQN,1.8,TRENT,EQ,N,3001.0,605222,3008.0,3026.7,2990.9,2999.2,1819714935.18,3782.67,2183.67,995770405603.35,2026-07-31 16:00:29,0,-10.29,-8.58,31-Jul-2025,30-Jun-2026,20.664504172978347,-37.42919030805937,,,TRENT LIMITED,0.06,2026-07-31 17:17:01
0,CIPLAEQN,5.6,CIPLA,EQ,N,1472.0,1223370,1473.4,1478.8,1462.3,1466.4,1801938374.1,1673.0,1165.7,825953873199.26,2026-07-31 16:00:29,0,-5.31,0.45,31-Jul-2025,30-Jun-2026,12.014345487148834,-26.27605730462383,,,CIPLA LIMITED,0.38,2026-07-31 17:17:01
0,TATACONSUMEQN,-12.1,TATACONSUM,EQ,N,1082.1,1479617,1098.9,1098.9,1081.0,1094.2,1605650776.06,1282.7,1007.2,702721860608.4,2026-07-31 16:00:29,0,0.83,0.6,31-Jul-2025,30-Jun-2026,15.638886723318,-7.436457505957109,,,TATA CONSUMER PRODUCTS LIMITED,-1.11,2026-07-31 17:17:01
0,SBILIFEEQN,13.0,SBILIFE,EQ,N,1890.5,723852,1885.0,1898.9,1870.6,1877.5,1362731013.72,2132.0,1700.4,847141635630.89,2026-07-31 16:00:29,0,2.71,7.07,31-Jul-2025,30-Jun-2026,11.327392120075046,-11.179722418254528,,,SBI LIFE INSURANCE COMPANY LIMITED,0.69,2026-07-31 17:17:01
0,DRREDDYEQN,0.7,DRREDDY,EQ,N,1145.5,1085841,1152.0,1154.3,1141.7,1144.8,1247468432.85,1414.9,1101.0,696327720239.81,2026-07-31 16:00:29,0,-9.82,-15.59,31-Jul-2025,30-Jun-2026,19.04021485617358,-4.041780199818347,,,DR. REDDY'S LABORATORIES LIMITED,0.06,2026-07-31 17:17:01
0,GRASIMEQN,-8.8,GRASIM,EQ,N,3096.0,309447,3115.7,3135.9,3092.6,3104.8,962197596.27,3246.0,2502.5,1164892382421.51,2026-07-31 16:00:29,0,12.73,-0.13,31-Jul-2025,30-Jun-2026,4.621072088724584,-23.716283716283716,,,GRASIM INDUSTRIES LIMITED,-0.28,2026-07-31 17:17:01
1,NIFTY 50,66.45,NIFTY 50,,,24383.6,411693361,24361.45,24429.4,24299.7,24317.15,344593107548.07,26373.2,22182.55,,2026-07-31 15:39:59,0,-1.55,2.17,30-Jul-2025,30-Jun-2026,7.54402196168838,-9.92243903428596,,,,0.27,2026-07-31 17:17:31
0,BAJFINANCEEQN,87.7,BAJFINANCE,EQ,N,1141.2,40814590,1095.0,1151.5,1083.6,1053.5,45855191865.0,1151.5,787.9,3050116590196.84,2026-07-31 16:00:29,0,29.51,13.58,31-Jul-2025,30-Jun-2026,0.8944854537559704,-44.840715826881585,,,BAJAJ FINANCE LIMITED,8.32,2026-07-31 17:17:31
0,M&MEQN,109.3,M&M,EQ,N,3393.0,6131873,3379.9,3457.0,3243.3,3283.7,20793058705.54,3839.9,2896.0,3020727107739.42,2026-07-31 16:00:29,0,5.93,10.56,31-Jul-2025,30-Jun-2026,11.638323914685278,-17.16160220994475,,,MAHINDRA & MAHINDRA LIMITED,3.33,2026-07-31 17:17:31
0,HDFCBANKEQN,-5.95,HDFCBANK,EQ,N,748.0,25522483,753.95,757.55,747.2,753.95,19132163706.46,1020.5,726.65,11425469642109.01,2026-07-31 16:00:29,0,-25.87,-6.26,31-Jul-2025,30-Jun-2026,26.702596766291034,-2.938140783045483,,,HDFC BANK LIMITED,-0.79,2026-07-31 17:17:31
0,INFYEQN,-25.2,INFY,EQ,N,1129.9,14367075,1118.9,1139.3,1107.2,1155.1,16207640978.25,1728.0,982.4,3952355998495.22,2026-07-31 16:00:29,0,-25.12,12.94,31-Jul-2025,30-Jun-2026,34.61226851851852,-15.014250814332248,,,INFOSYS LIMITED,-2.18,2026-07-31 17:17:31
0,BHARTIARTLEQN,11.2,BHARTIARTL,EQ,N,1968.0,6529385,1969.0,1976.4,1947.4,1956.8,12840492659.45,2174.5,1740.5,6111414809579.58,2026-07-31 16:00:29,0,2.81,6.26,31-Jul-2025,30-Jun-2026,9.496435962290182,-13.070956621660443,,,BHARTI AIRTEL LIMITED,0.57,2026-07-31 17:17:31
0,ICICIBANKEQN,0.0,ICICIBANK,EQ,N,1433.9,8752440,1434.3,1441.9,1431.4,1433.9,12559226253.6,1494.5,1187.6,10246272727072.93,2026-07-31 16:00:29,0,-3.21,4.27,31-Jul-2025,30-Jun-2026,4.054867848778856,-20.739306163691477,,,ICICI BANK LIMITED,0.0,2026-07-31 17:17:31
0,ETERNALEQN,-8.0,ETERNAL,EQ,N,302.65,36770653,312.5,316.0,301.8,310.65,11248142752.7,368.45,212.6,2181895886225.76,2026-07-31 16:00:29,0,-1.67,14.38,31-Jul-2025,30-Jun-2026,17.858596824535216,-42.35653809971778,,,ETERNAL LIMITED,-2.58,2026-07-31 17:17:31
0,RELIANCEEQN,12.1,RELIANCE,EQ,N,1305.0,8624996,1295.0,1309.7,1293.6,1292.9,11239146037.64,1611.8,1249.8,8791447476768.72,2026-07-31 16:00:29,0,-6.13,0.86,31-Jul-2025,30-Jun-2026,19.034619679861024,-4.416706673067691,,,RELIANCE INDUSTRIES LIMITED,0.94,2026-07-31 17:17:31
0,SBINEQN,2.3,SBIN,EQ,N,1027.6,10921417,1028.1,1034.3,1023.5,1025.3,11223394180.05,1234.7,786.55,4235650187126.72,2026-07-31 16:00:29,0,29.01,0.07,31-Jul-2025,30-Jun-2026,16.773305256337572,-30.64649418345941,,,STATE BANK OF INDIA,0.22,2026-07-31 17:17:31
0,JIOFINEQN,9.15,JIOFIN,EQ,N,256.1,42840807,247.5,257.06,247.0,246.95,10849005964.68,338.6,223.3,837937713842.85,2026-07-31 16:00:29,0,-22.22,8.32,31-Jul-2025,30-Jun-2026,24.365032486709982,-14.688759516345723,,,JIO FINANCIAL SERVICES LIMITED,3.71,2026-07-31 17:17:31
0,TCSEQN,-65.8,TCS,EQ,N,2366.0,4343683,2385.0,2391.0,2326.1,2431.8,10269552532.75,3350.0,1976.8,2408878051229.13,2026-07-31 16:00:29,0,-22.09,16.47,31-Jul-2025,30-Jun-2026,29.37313432835821,-19.688385269121813,,,TATA CONSULTANCY SERVICES LIMITED,-2.71,2026-07-31 17:17:31
0,SUNPHARMAEQN,-14.1,SUNPHARMA,EQ,N,1987.0,4954449,2016.4,2046.9,1965.3,2001.1,9927923084.16,2046.9,1548.0,2098105348208.53,2026-07-31 16:00:29,0,16.42,6.68,31-Jul-2025,30-Jun-2026,2.9263764717377496,-28.359173126614987,,,SUN PHARMACEUTICAL INDUSTRIES LIMITED,-0.7,2026-07-31 17:17:31
0,AXISBANKEQN,-1.8,AXISBANK,EQ,N,1227.1,7487936,1226.2,1239.7,1226.0,1228.9,9208139537.28,1418.3,1042.5,3515355583484.35,2026-07-31 16:00:29,0,14.85,-8.81,31-Jul-2025,30-Jun-2026,13.480927871395332,-17.707434052757794,,,AXIS BANK LIMITED,-0.15,2026-07-31 17:17:31
0,ADANIPORTSEQN,27.8,ADANIPORTS,EQ,N,1691.9,4703646,1674.0,1708.1,1650.0,1664.1,7953300948.48,1891.1,1290.5,1244688322067.03,2026-07-31 16:00:29,0,23.22,-6.54,31-Jul-2025,30-Jun-2026,10.533551901009995,-31.10422316931422,,,ADANI PORTS AND SPECIAL ECONOMIC ZONE LIMITED,1.67,2026-07-31 17:17:31
0,MARUTIEQN,52.0,MARUTI,EQ,N,14240.0,535417,14250.0,14348.0,14124.0,14188.0,7620343869.18,17370.0,12201.0,1852486627346.28,2026-07-31 16:00:29,0,12.94,0.89,31-Jul-2025,30-Jun-2026,18.0195739781232,-16.711744938939432,,,MARUTI SUZUKI INDIA LIMITED,0.37,2026-07-31 17:17:31
0,BAJAJFINSVEQN,121.6,BAJAJFINSV,EQ,N,2031.0,3731886,1932.0,2036.6,1930.0,1909.4,7473176352.72,2195.0,1597.0,1172501123973.76,2026-07-31 16:00:29,0,4.26,14.09,31-Jul-2025,30-Jun-2026,7.471526195899772,-27.175954915466498,,,BAJAJ FINSERV LIMITED,6.37,2026-07-31 17:17:31
0,LTEQN,0.3,LT,EQ,N,3938.0,1753377,3962.9,3973.1,3923.2,3937.7,6910128892.08,4440.0,3288.1,4596293830250.15,2026-07-31 16:00:29,0,8.29,-4.96,31-Jul-2025,30-Jun-2026,11.306306306306306,-19.76521395334692,,,LARSEN & TOUBRO LIMITED,0.01,2026-07-31 17:17:31
0,BELEQN,2.9,BEL,EQ,N,387.8,17114563,385.0,390.6,385.0,384.9,6639937007.11,473.45,361.2,1385098357970.31,2026-07-31 16:00:29,0,1.23,-5.83,31-Jul-2025,30-Jun-2026,18.09061146900412,-7.364341085271318,,,BHARAT ELECTRONICS LIMITED,0.75,2026-07-31 17:17:31
0,SHRIRAMFINEQN,19.0,SHRIRAMFIN,EQ,N,1046.2,6318223,1029.2,1054.6,1029.1,1027.2,6604817595.28,1108.0,566.5,1461159431376.02,2026-07-31 16:00:29,0,65.84,0.39,31-Jul-2025,30-Jun-2026,5.577617328519856,-84.67784642541925,,,SHRIRAM FINANCE LIMITED,1.85,2026-07-31 17:17:31
0,TATASTEELEQN,3.07,TATASTEEL,EQ,N,189.99,34249584,188.25,191.84,186.31,186.92,6482076267.84,224.4,152.51,1566080041779.53,2026-07-31 16:00:29,0,20.29,1.03,31-Jul-2025,30-Jun-2026,15.334224598930481,-24.575437676217952,,,TATA STEEL LIMITED,1.64,2026-07-31 17:17:31
0,HDFCLIFEEQN,5.5,HDFCLIFE,EQ,N,550.9,11438476,548.7,550.9,544.05,545.4,6251470288.28,815.0,543.0,594951827559.66,2026-07-31 16:00:29,0,-27.08,-4.33,31-Jul-2025,30-Jun-2026,32.40490797546012,-1.4548802946593002,,,HDFC LIFE INSURANCE COMPANY LIMITED,1.01,2026-07-31 17:17:31
0,EICHERMOTEQN,4.5,EICHERMOT,EQ,N,7835.0,720608,7899.0,7899.0,7794.0,7912.5,5651288973.12,8230.0,5386.5,1076763527952.38,2026-07-31 16:00:29,0,43.28,10.77,31-Jul-2025,30-Jun-2026,4.79951397326853,-45.45623317553142,,,EICHER MOTORS LIMITED,0.06,2026-07-31 17:17:31
0,TECHMEQN,-15.1,TECHM,EQ,N,1653.9,3355677,1620.0,1661.5,1610.5,1669.0,5533947611.01,1854.0,1304.1,1047462570903.24,2026-07-31 16:00:29,0,12.99,17.74,31-Jul-2025,30-Jun-2026,10.792880258899677,-26.82309638831378,,,TECH MAHINDRA LIMITED,-0.9,2026-07-31 17:17:31
0,HINDALCOEQN,4.1,HINDALCO,EQ,N,974.5,5579336,979.8,988.0,971.05,970.4,5465461752.24,1176.0,657.5,1407031613248.04,2026-07-31 16:00:29,0,42.67,1.87,31-Jul-2025,30-Jun-2026,17.1343537414966,-48.21292775665399,,,HINDALCO INDUSTRIES LIMITED,0.42,2026-07-31 17:17:31
0,TITANEQN,35.0,TITAN,EQ,N,4885.0,1003314,4850.0,4886.0,4820.9,4850.0,4886269610.82,4886.0,3303.1,2011207412854.5,2026-07-31 16:00:29,0,45.94,10.92,31-Jul-2025,30-Jun-2026,0.020466639377814164,-47.89137476915625,,,TITAN COMPANY LIMITED,0.72,2026-07-31 17:17:31
0,ITCEQN,-4.05,ITC,EQ,N,281.0,16833813,285.55,285.8,280.05,285.05,4740738417.06,427.0,275.0,2701171021997.49,2026-07-31 16:00:29,0,-31.79,-2.07,31-Jul-2025,30-Jun-2026,34.19203747072599,-2.1818181818181817,,,ITC LIMITED,-1.42,2026-07-31 17:17:31
0,ULTRACEMCOEQN,37.0,ULTRACEMCO,EQ,N,11884.0,390471,11850.0,12009.0,11799.0,11847.0,4654398701.16,13110.0,10325.0,1402380302372.61,2026-07-31 16:00:29,0,-2.98,5.61,31-Jul-2025,30-Jun-2026,9.35163996948894,-15.099273607748184,,,ULTRATECH CEMENT LIMITED,0.31,2026-07-31 17:17:31
0,HCLTECHEQN,-7.0,HCLTECH,EQ,N,1345.7,3369019,1317.7,1356.5,1294.3,1352.7,4514856052.09,1780.1,1030.0,1414783221886.57,2026-07-31 16:00:29,0,-8.32,25.56,31-Jul-2025,30-Jun-2026,24.403123420032582,-30.650485436893202,,,HCL TECHNOLOGIES LIMITED,-0.52,2026-07-31 17:17:31
0,NESTLEINDEQN,-15.7,NESTLEIND,EQ,N,1505.0,2501825,1529.0,1529.0,1497.5,1520.7,3776880111.25,1532.6,1084.7,1076083204741.92,2026-07-31 16:00:29,0,33.91,7.1,31-Jul-2025,30-Jun-2026,1.800861281482448,-38.74804093297686,,,NESTLE INDIA LIMITED,-1.03,2026-07-31 17:17:31
0,HINDUNILVREQN,-8.5,HINDUNILVR,EQ,N,2099.4,1759019,2119.6,2119.6,2091.1,2107.9,3695910001.28,2750.0,2016.0,1857346204250.55,2026-07-31 16:00:29,0,-16.73,-0.89,31-Jul-2025,30-Jun-2026,23.658181818181816,-4.136904761904762,,,HINDUSTAN UNILEVER LIMITED,-0.4,2026-07-31 17:17:31
0,WIPROEQN,-2.58,WIPRO,EQ,N,183.75,18762810,184.85,185.24,180.83,186.33,3442037494.5,273.1,169.0,496242729074.09,2026-07-31 16:00:29,0,-26.0,7.84,31-Jul-2025,30-Jun-2026,32.716953496887584,-8.727810650887575,,,WIPRO LIMITED,-1.38,2026-07-31 17:17:31
0,NTPCEQN,1.75,NTPC,EQ,N,346.6,8519119,344.1,348.25,343.55,344.85,2949830144.94,414.4,315.55,1638579395627.3,2026-07-31 16:00:29,0,3.69,-2.82,31-Jul-2025,30-Jun-2026,16.361003861003862,-9.839961971161465,,,NTPC LIMITED,0.51,2026-07-31 17:17:31
0,TMPVEQN,5.9,TMPV,EQ,N,340.1,8527463,335.55,341.95,334.5,334.2,2885011282.16,739.7,294.3,708798407947.57,2026-07-31 16:00:29,0,-48.93,-3.44,31-Jul-2025,30-Jun-2026,54.02190077058267,-15.562351342167856,,,TATA MOTORS PASSENGER VEHICLES LIMITED,1.77,2026-07-31 17:17:31
0,KOTAKBANKEQN,-0.55,KOTAKBANK,EQ,N,388.85,7014637,390.2,391.85,388.0,389.4,2736129308.22,453.2,345.5,2855155315262.45,2026-07-31 16:00:29,0,-1.74,-0.87,31-Jul-2025,30-Jun-2026,14.199029126213592,-12.547033285094066,,,KOTAK MAHINDRA BANK LIMITED,-0.14,2026-07-31 17:17:31
0,ADANIENTEQN,-40.0,ADANIENT,EQ,N,3009.1,866401,3051.0,3067.5,3002.4,3049.1,2620282536.33,3245.0,1753.0,900854251871.76,2026-07-31 16:00:29,0,27.51,-0.89,31-Jul-2025,30-Jun-2026,7.269645608628659,-71.65430690245294,,,ADANI ENTERPRISES LIMITED,-1.31,2026-07-31 17:17:31
0,BAJAJ-AUTOEQN,87.0,BAJAJ-AUTO,EQ,N,11519.0,214380,11475.0,11590.0,11329.5,11432.0,2469406775.4,11590.0,7858.5,1272196271192.98,2026-07-31 16:00:29,0,43.84,18.56,31-Jul-2025,30-Jun-2026,0.6125970664365833,-46.58013615829993,,,BAJAJ AUTO LIMITED,0.76,2026-07-31 17:17:31
0,COALINDIAEQN,2.7,COALINDIA,EQ,N,414.4,5938134,413.0,415.1,410.15,417.2,2454824595.6,491.25,368.65,989838206030.73,2026-07-31 16:00:29,0,10.11,-5.61,31-Jul-2025,30-Jun-2026,15.643765903307887,-12.41014512410145,,,COAL INDIA LIMITED,0.66,2026-07-31 17:17:31
0,ASIANPAINTEQN,-8.2,ASIANPAINT,EQ,N,2738.0,891738,2773.9,2774.9,2732.4,2746.2,2452136821.92,2985.7,2115.0,1234734079154.01,2026-07-31 16:00:29,0,14.27,3.88,31-Jul-2025,30-Jun-2026,8.296211943597816,-29.45626477541371,,,ASIAN PAINTS LIMITED,-0.3,2026-07-31 17:17:31
0,ONGCEQN,0.71,ONGC,EQ,N,242.3,10070729,241.58,242.96,238.17,241.59,2428657005.64,307.5,227.65,938580915153.36,2026-07-31 16:00:29,0,0.54,3.15,31-Jul-2025,30-Jun-2026,21.203252032520325,-6.4353173731605535,,,OIL & NATURAL GAS CORPORATION LIMITED,0.29,2026-07-31 17:17:31
0,INDIGOEQN,-53.5,INDIGO,EQ,N,5177.0,462900,5260.0,5282.0,5137.5,5230.5,2408445555.0,6232.5,3895.2,1168589020665.79,2026-07-31 16:00:29,0,-12.41,-3.57,31-Jul-2025,30-Jun-2026,16.93541917368632,-32.907167796262065,,,INTERGLOBE AVIATION LIMITED,-1.02,2026-07-31 17:17:31
0,APOLLOHOSPEQN,-47.0,APOLLOHOSP,EQ,N,8941.0,268253,9025.0,9036.5,8931.0,8988.0,2405397825.7,9036.5,6696.5,917545742565.35,2026-07-31 16:00:29,0,19.25,2.98,31-Jul-2025,30-Jun-2026,1.0568250982128036,-33.517509146569104,,,APOLLO HOSPITALS ENTERPRISE LIMITED,-0.52,2026-07-31 17:17:31
0,MAXHEALTHEQN,-23.4,MAXHEALTH,EQ,N,1101.4,2055225,1126.0,1132.0,1091.2,1124.8,2274805239.0,1301.7,903.0,817434239392.71,2026-07-31 16:00:29,0,-11.61,-2.47,31-Jul-2025,30-Jun-2026,15.387570100637628,-21.971207087486157,,,MAX HEALTHCARE INSTITUTE LIMITED,-2.08,2026-07-31 17:17:31
0,POWERGRIDEQN,-1.5,POWERGRID,EQ,N,284.2,7804310,286.3,287.4,283.0,285.7,2217516643.4,324.95,250.0,1283415819519.24,2026-07-31 16:00:29,0,-2.34,-0.73,31-Jul-2025,30-Jun-2026,12.540390829358364,-13.68,,,POWER GRID CORPORATION OF INDIA LIMITED,-0.53,2026-07-31 17:17:31
0,JSWSTEELEQN,0.6,JSWSTEEL,EQ,N,1271.4,1449872,1276.4,1282.2,1262.0,1270.8,1840844483.52,1328.0,1018.0,1189165993877.79,2026-07-31 16:00:29,0,21.28,3.67,31-Jul-2025,30-Jun-2026,4.2620481927710845,-24.891944990176817,,,JSW STEEL LIMITED,0.05,2026-07-31 17:17:31
0,TRENTEQN,1.8,TRENT,EQ,N,3001.0,605222,3008.0,3026.7,2990.9,2999.2,1819714935.18,3782.67,2183.67,995770405603.35,2026-07-31 16:00:29,0,-10.29,-8.58,31-Jul-2025,30-Jun-2026,20.664504172978347,-37.42919030805937,,,TRENT LIMITED,0.06,2026-07-31 17:17:31
0,CIPLAEQN,5.6,CIPLA,EQ,N,1472.0,1223370,1473.4,1478.8,1462.3,1466.4,1801938374.1,1673.0,1165.7,825953873199.26,2026-07-31 16:00:29,0,-5.31,0.45,31-Jul-2025,30-Jun-2026,12.014345487148834,-26.27605730462383,,,CIPLA LIMITED,0.38,2026-07-31 17:17:31
0,TATACONSUMEQN,-12.1,TATACONSUM,EQ,N,1082.1,1479617,1098.9,1098.9,1081.0,1094.2,1605650776.06,1282.7,1007.2,702721860608.4,2026-07-31 16:00:29,0,0.83,0.6,31-Jul-2025,30-Jun-2026,15.638886723318,-7.436457505957109,,,TATA CONSUMER PRODUCTS LIMITED,-1.11,2026-07-31 17:17:31
0,SBILIFEEQN,13.0,SBILIFE,EQ,N,1890.5,723852,1885.0,1898.9,1870.6,1877.5,1362731013.72,2132.0,1700.4,847141635630.89,2026-07-31 16:00:29,0,2.71,7.07,31-Jul-2025,30-Jun-2026,11.327392120075046,-11.179722418254528,,,SBI LIFE INSURANCE COMPANY LIMITED,0.69,2026-07-31 17:17:31
0,DRREDDYEQN,0.7,DRREDDY,EQ,N,1145.5,1085841,1152.0,1154.3,1141.7,1144.8,1247468432.85,1414.9,1101.0,696327720239.81,2026-07-31 16:00:29,0,-9.82,-15.59,31-Jul-2025,30-Jun-2026,19.04021485617358,-4.041780199818347,,,DR. REDDY'S LABORATORIES LIMITED,0.06,2026-07-31 17:17:31
0,GRASIMEQN,-8.8,GRASIM,EQ,N,3096.0,309447,3115.7,3135.9,3092.6,3104.8,962197596.27,3246.0,2502.5,1164892382421.51,2026-07-31 16:00:29,0,12.73,-0.13,31-Jul-2025,30-Jun-2026,4.621072088724584,-23.716283716283716,,,GRASIM INDUSTRIES LIMITED,-0.28,2026-07-31 17:17:31
1,NIFTY 50,66.45,NIFTY 50,,,24383.6,411693361,24361.45,24429.4,24299.7,24317.15,344593107548.07,26373.2,22182.55,,2026-07-31 15:39:59,0,-1.55,2.17,30-Jul-2025,30-Jun-2026,7.54402196168838,-9.92243903428596,,,,0.27,2026-07-31 17:18:01
0,BAJFINANCEEQN,87.7,BAJFINANCE,EQ,N,1141.2,40814590,1095.0,1151.5,1083.6,1053.5,45855191865.0,1151.5,787.9,3050116590196.84,2026-07-31 16:00:29,0,29.51,13.58,31-Jul-2025,30-Jun-2026,0.8944854537559704,-44.840715826881585,,,BAJAJ FINANCE LIMITED,8.32,2026-07-31 17:18:01
0,M&MEQN,109.3,M&M,EQ,N,3393.0,6131873,3379.9,3457.0,3243.3,3283.7,20793058705.54,3839.9,2896.0,3020727107739.42,2026-07-31 16:00:29,0,5.93,10.56,31-Jul-2025,30-Jun-2026,11.638323914685278,-17.16160220994475,,,MAHINDRA & MAHINDRA LIMITED,3.33,2026-07-31 17:18:01
0,HDFCBANKEQN,-5.95,HDFCBANK,EQ,N,748.0,25522483,753.95,757.55,747.2,753.95,19132163706.46,1020.5,726.65,11425469642109.01,2026-07-31 16:00:29,0,-25.87,-6.26,31-Jul-2025,30-Jun-2026,26.702596766291034,-2.938140783045483,,,HDFC BANK LIMITED,-0.79,2026-07-31 17:18:01
0,INFYEQN,-25.2,INFY,EQ,N,1129.9,14367075,1118.9,1139.3,1107.2,1155.1,16207640978.25,1728.0,982.4,3952355998495.22,2026-07-31 16:00:29,0,-25.12,12.94,31-Jul-2025,30-Jun-2026,34.61226851851852,-15.014250814332248,,,INFOSYS LIMITED,-2.18,2026-07-31 17:18:01
0,BHARTIARTLEQN,11.2,BHARTIARTL,EQ,N,1968.0,6529385,1969.0,1976.4,1947.4,1956.8,12840492659.45,2174.5,1740.5,6111414809579.58,2026-07-31 16:00:29,0,2.81,6.26,31-Jul-2025,30-Jun-2026,9.496435962290182,-13.070956621660443,,,BHARTI AIRTEL LIMITED,0.57,2026-07-31 17:18:01
0,ICICIBANKEQN,0.0,ICICIBANK,EQ,N,1433.9,8752440,1434.3,1441.9,1431.4,1433.9,12559226253.6,1494.5,1187.6,10246272727072.93,2026-07-31 16:00:29,0,-3.21,4.27,31-Jul-2025,30-Jun-2026,4.054867848778856,-20.739306163691477,,,ICICI BANK LIMITED,0.0,2026-07-31 17:18:01
0,ETERNALEQN,-8.0,ETERNAL,EQ,N,302.65,36770653,312.5,316.0,301.8,310.65,11248142752.7,368.45,212.6,2181895886225.76,2026-07-31 16:00:29,0,-1.67,14.38,31-Jul-2025,30-Jun-2026,17.858596824535216,-42.35653809971778,,,ETERNAL LIMITED,-2.58,2026-07-31 17:18:01
0,RELIANCEEQN,12.1,RELIANCE,EQ,N,1305.0,8624996,1295.0,1309.7,1293.6,1292.9,11239146037.64,1611.8,1249.8,8791447476768.72,2026-07-31 16:00:29,0,-6.13,0.86,31-Jul-2025,30-Jun-2026,19.034619679861024,-4.416706673067691,,,RELIANCE INDUSTRIES LIMITED,0.94,2026-07-31 17:18:01
0,SBINEQN,2.3,SBIN,EQ,N,1027.6,10921417,1028.1,1034.3,1023.5,1025.3,11223394180.05,1234.7,786.55,4235650187126.72,2026-07-31 16:00:29,0,29.01,0.07,31-Jul-2025,30-Jun-2026,16.773305256337572,-30.64649418345941,,,STATE BANK OF INDIA,0.22,2026-07-31 17:18:01
0,JIOFINEQN,9.15,JIOFIN,EQ,N,256.1,42840807,247.5,257.06,247.0,246.95,10849005964.68,338.6,223.3,837937713842.85,2026-07-31 16:00:29,0,-22.22,8.32,31-Jul-2025,30-Jun-2026,24.365032486709982,-14.688759516345723,,,JIO FINANCIAL SERVICES LIMITED,3.71,2026-07-31 17:18:01
0,TCSEQN,-65.8,TCS,EQ,N,2366.0,4343683,2385.0,2391.0,2326.1,2431.8,10269552532.75,3350.0,1976.8,2408878051229.13,2026-07-31 16:00:29,0,-22.09,16.47,31-Jul-2025,30-Jun-2026,29.37313432835821,-19.688385269121813,,,TATA CONSULTANCY SERVICES LIMITED,-2.71,2026-07-31 17:18:01
0,SUNPHARMAEQN,-14.1,SUNPHARMA,EQ,N,1987.0,4954449,2016.4,2046.9,1965.3,2001.1,9927923084.16,2046.9,1548.0,2098105348208.53,2026-07-31 16:00:29,0,16.42,6.68,31-Jul-2025,30-Jun-2026,2.9263764717377496,-28.359173126614987,,,SUN PHARMACEUTICAL INDUSTRIES LIMITED,-0.7,2026-07-31 17:18:01
0,AXISBANKEQN,-1.8,AXISBANK,EQ,N,1227.1,7487936,1226.2,1239.7,1226.0,1228.9,9208139537.28,1418.3,1042.5,3515355583484.35,2026-07-31 16:00:29,0,14.85,-8.81,31-Jul-2025,30-Jun-2026,13.480927871395332,-17.707434052757794,,,AXIS BANK LIMITED,-0.15,2026-07-31 17:18:01
0,ADANIPORTSEQN,27.8,ADANIPORTS,EQ,N,1691.9,4703646,1674.0,1708.1,1650.0,1664.1,7953300948.48,1891.1,1290.5,1244688322067.03,2026-07-31 16:00:29,0,23.22,-6.54,31-Jul-2025,30-Jun-2026,10.533551901009995,-31.10422316931422,,,ADANI PORTS AND SPECIAL ECONOMIC ZONE LIMITED,1.67,2026-07-31 17:18:01
0,MARUTIEQN,52.0,MARUTI,EQ,N,14240.0,535417,14250.0,14348.0,14124.0,14188.0,7620343869.18,17370.0,12201.0,1852486627346.28,2026-07-31 16:00:29,0,12.94,0.89,31-Jul-2025,30-Jun-2026,18.0195739781232,-16.711744938939432,,,MARUTI SUZUKI INDIA LIMITED,0.37,2026-07-31 17:18:01
0,BAJAJFINSVEQN,121.6,BAJAJFINSV,EQ,N,2031.0,3731886,1932.0,2036.6,1930.0,1909.4,7473176352.72,2195.0,1597.0,1172501123973.76,2026-07-31 16:00:29,0,4.26,14.09,31-Jul-2025,30-Jun-2026,7.471526195899772,-27.175954915466498,,,BAJAJ FINSERV LIMITED,6.37,2026-07-31 17:18:01
0,LTEQN,0.3,LT,EQ,N,3938.0,1753377,3962.9,3973.1,3923.2,3937.7,6910128892.08,4440.0,3288.1,4596293830250.15,2026-07-31 16:00:29,0,8.29,-4.96,31-Jul-2025,30-Jun-2026,11.306306306306306,-19.76521395334692,,,LARSEN & TOUBRO LIMITED,0.01,2026-07-31 17:18:01
0,BELEQN,2.9,BEL,EQ,N,387.8,17114563,385.0,390.6,385.0,384.9,6639937007.11,473.45,361.2,1385098357970.31,2026-07-31 16:00:29,0,1.23,-5.83,31-Jul-2025,30-Jun-2026,18.09061146900412,-7.364341085271318,,,BHARAT ELECTRONICS LIMITED,0.75,2026-07-31 17:18:01
0,SHRIRAMFINEQN,19.0,SHRIRAMFIN,EQ,N,1046.2,6318223,1029.2,1054.6,1029.1,1027.2,6604817595.28,1108.0,566.5,1461159431376.02,2026-07-31 16:00:29,0,65.84,0.39,31-Jul-2025,30-Jun-2026,5.577617328519856,-84.67784642541925,,,SHRIRAM FINANCE LIMITED,1.85,2026-07-31 17:18:01
0,TATASTEELEQN,3.07,TATASTEEL,EQ,N,189.99,34249584,188.25,191.84,186.31,186.92,6482076267.84,224.4,152.51,1566080041779.53,2026-07-31 16:00:29,0,20.29,1.03,31-Jul-2025,30-Jun-2026,15.334224598930481,-24.575437676217952,,,TATA STEEL LIMITED,1.64,2026-07-31 17:18:01
0,HDFCLIFEEQN,5.5,HDFCLIFE,EQ,N,550.9,11438476,548.7,550.9,544.05,545.4,6251470288.28,815.0,543.0,594951827559.66,2026-07-31 16:00:29,0,-27.08,-4.33,31-Jul-2025,30-Jun-2026,32.40490797546012,-1.4548802946593002,,,HDFC LIFE INSURANCE COMPANY LIMITED,1.01,2026-07-31 17:18:01
0,EICHERMOTEQN,4.5,EICHERMOT,EQ,N,7835.0,720608,7899.0,7899.0,7794.0,7912.5,5651288973.12,8230.0,5386.5,1076763527952.38,2026-07-31 16:00:29,0,43.28,10.77,31-Jul-2025,30-Jun-2026,4.79951397326853,-45.45623317553142,,,EICHER MOTORS LIMITED,0.06,2026-07-31 17:18:01
0,TECHMEQN,-15.1,TECHM,EQ,N,1653.9,3355677,1620.0,1661.5,1610.5,1669.0,5533947611.01,1854.0,1304.1,1047462570903.24,2026-07-31 16:00:29,0,12.99,17.74,31-Jul-2025,30-Jun-2026,10.792880258899677,-26.82309638831378,,,TECH MAHINDRA LIMITED,-0.9,2026-07-31 17:18:01
0,HINDALCOEQN,4.1,HINDALCO,EQ,N,974.5,5579336,979.8,988.0,971.05,970.4,5465461752.24,1176.0,657.5,1407031613248.04,2026-07-31 16:00:29,0,42.67,1.87,31-Jul-2025,30-Jun-2026,17.1343537414966,-48.21292775665399,,,HINDALCO INDUSTRIES LIMITED,0.42,2026-07-31 17:18:01
0,TITANEQN,35.0,TITAN,EQ,N,4885.0,1003314,4850.0,4886.0,4820.9,4850.0,4886269610.82,4886.0,3303.1,2011207412854.5,2026-07-31 16:00:29,0,45.94,10.92,31-Jul-2025,30-Jun-2026,0.020466639377814164,-47.89137476915625,,,TITAN COMPANY LIMITED,0.72,2026-07-31 17:18:01
0,ITCEQN,-4.05,ITC,EQ,N,281.0,16833813,285.55,285.8,280.05,285.05,4740738417.06,427.0,275.0,2701171021997.49,2026-07-31 16:00:29,0,-31.79,-2.07,31-Jul-2025,30-Jun-2026,34.19203747072599,-2.1818181818181817,,,ITC LIMITED,-1.42,2026-07-31 17:18:01
0,ULTRACEMCOEQN,37.0,ULTRACEMCO,EQ,N,11884.0,390471,11850.0,12009.0,11799.0,11847.0,4654398701.16,13110.0,10325.0,1402380302372.61,2026-07-31 16:00:29,0,-2.98,5.61,31-Jul-2025,30-Jun-2026,9.35163996948894,-15.099273607748184,,,ULTRATECH CEMENT LIMITED,0.31,2026-07-31 17:18:01
0,HCLTECHEQN,-7.0,HCLTECH,EQ,N,1345.7,3369019,1317.7,1356.5,1294.3,1352.7,4514856052.09,1780.1,1030.0,1414783221886.57,2026-07-31 16:00:29,0,-8.32,25.56,31-Jul-2025,30-Jun-2026,24.403123420032582,-30.650485436893202,,,HCL TECHNOLOGIES LIMITED,-0.52,2026-07-31 17:18:01
0,NESTLEINDEQN,-15.7,NESTLEIND,EQ,N,1505.0,2501825,1529.0,1529.0,1497.5,1520.7,3776880111.25,1532.6,1084.7,1076083204741.92,2026-07-31 16:00:29,0,33.91,7.1,31-Jul-2025,30-Jun-2026,1.800861281482448,-38.74804093297686,,,NESTLE INDIA LIMITED,-1.03,2026-07-31 17:18:01
0,HINDUNILVREQN,-8.5,HINDUNILVR,EQ,N,2099.4,1759019,2119.6,2119.6,2091.1,2107.9,3695910001.28,2750.0,2016.0,1857346204250.55,2026-07-31 16:00:29,0,-16.73,-0.89,31-Jul-2025,30-Jun-2026,23.658181818181816,-4.136904761904762,,,HINDUSTAN UNILEVER LIMITED,-0.4,2026-07-31 17:18:01
0,WIPROEQN,-2.58,WIPRO,EQ,N,183.75,18762810,184.85,185.24,180.83,186.33,3442037494.5,273.1,169.0,496242729074.09,2026-07-31 16:00:29,0,-26.0,7.84,31-Jul-2025,30-Jun-2026,32.716953496887584,-8.727810650887575,,,WIPRO LIMITED,-1.38,2026-07-31 17:18:01
0,NTPCEQN,1.75,NTPC,EQ,N,346.6,8519119,344.1,348.25,343.55,344.85,2949830144.94,414.4,315.55,1638579395627.3,2026-07-31 16:00:29,0,3.69,-2.82,31-Jul-2025,30-Jun-2026,16.361003861003862,-9.839961971161465,,,NTPC LIMITED,0.51,2026-07-31 17:18:01
0,TMPVEQN,5.9,TMPV,EQ,N,340.1,8527463,335.55,341.95,334.5,334.2,2885011282.16,739.7,294.3,708798407947.57,2026-07-31 16:00:29,0,-48.93,-3.44,31-Jul-2025,30-Jun-2026,54.02190077058267,-15.562351342167856,,,TATA MOTORS PASSENGER VEHICLES LIMITED,1.77,2026-07-31 17:18:01
0,KOTAKBANKEQN,-0.55,KOTAKBANK,EQ,N,388.85,7014637,390.2,391.85,388.0,389.4,2736129308.22,453.2,345.5,2855155315262.45,2026-07-31 16:00:29,0,-1.74,-0.87,31-Jul-2025,30-Jun-2026,14.199029126213592,-12.547033285094066,,,KOTAK MAHINDRA BANK LIMITED,-0.14,2026-07-31 17:18:01
0,ADANIENTEQN,-40.0,ADANIENT,EQ,N,3009.1,866401,3051.0,3067.5,3002.4,3049.1,2620282536.33,3245.0,1753.0,900854251871.76,2026-07-31 16:00:29,0,27.51,-0.89,31-Jul-2025,30-Jun-2026,7.269645608628659,-71.65430690245294,,,ADANI ENTERPRISES LIMITED,-1.31,2026-07-31 17:18:01
0,BAJAJ-AUTOEQN,87.0,BAJAJ-AUTO,EQ,N,11519.0,214380,11475.0,11590.0,11329.5,11432.0,2469406775.4,11590.0,7858.5,1272196271192.98,2026-07-31 16:00:29,0,43.84,18.56,31-Jul-2025,30-Jun-2026,0.6125970664365833,-46.58013615829993,,,BAJAJ AUTO LIMITED,0.76,2026-07-31 17:18:01
0,COALINDIAEQN,2.7,COALINDIA,EQ,N,414.4,5938134,413.0,415.1,410.15,417.2,2454824595.6,491.25,368.65,989838206030.73,2026-07-31 16:00:29,0,10.11,-5.61,31-Jul-2025,30-Jun-2026,15.643765903307887,-12.41014512410145,,,COAL INDIA LIMITED,0.66,2026-07-31 17:18:01
0,ASIANPAINTEQN,-8.2,ASIANPAINT,EQ,N,2738.0,891738,2773.9,2774.9,2732.4,2746.2,2452136821.92,2985.7,2115.0,1234734079154.01,2026-07-31 16:00:29,0,14.27,3.88,31-Jul-2025,30-Jun-2026,8.296211943597816,-29.45626477541371,,,ASIAN PAINTS LIMITED,-0.3,2026-07-31 17:18:01
0,ONGCEQN,0.71,ONGC,EQ,N,242.3,10070729,241.58,242.96,238.17,241.59,2428657005.64,307.5,227.65,938580915153.36,2026-07-31 16:00:29,0,0.54,3.15,31-Jul-2025,30-Jun-2026,21.203252032520325,-6.4353173731605535,,,OIL & NATURAL GAS CORPORATION LIMITED,0.29,2026-07-31 17:18:01
0,INDIGOEQN,-53.5,INDIGO,EQ,N,5177.0,462900,5260.0,5282.0,5137.5,5230.5,2408445555.0,6232.5,3895.2,1168589020665.79,2026-07-31 16:00:29,0,-12.41,-3.57,31-Jul-2025,30-Jun-2026,16.93541917368632,-32.907167796262065,,,INTERGLOBE AVIATION LIMITED,-1.02,2026-07-31 17:18:01
0,APOLLOHOSPEQN,-47.0,APOLLOHOSP,EQ,N,8941.0,268253,9025.0,9036.5,8931.0,8988.0,2405397825.7,9036.5,6696.5,917545742565.35,2026-07-31 16:00:29,0,19.25,2.98,31-Jul-2025,30-Jun-2026,1.0568250982128036,-33.517509146569104,,,APOLLO HOSPITALS ENTERPRISE LIMITED,-0.52,2026-07-31 17:18:01
0,MAXHEALTHEQN,-23.4,MAXHEALTH,EQ,N,1101.4,2055225,1126.0,1132.0,1091.2,1124.8,2274805239.0,1301.7,903.0,817434239392.71,2026-07-31 16:00:29,0,-11.61,-2.47,31-Jul-2025,30-Jun-2026,15.387570100637628,-21.971207087486157,,,MAX HEALTHCARE INSTITUTE LIMITED,-2.08,2026-07-31 17:18:01
0,POWERGRIDEQN,-1.5,POWERGRID,EQ,N,284.2,7804310,286.3,287.4,283.0,285.7,2217516643.4,324.95,250.0,1283415819519.24,2026-07-31 16:00:29,0,-2.34,-0.73,31-Jul-2025,30-Jun-2026,12.540390829358364,-13.68,,,POWER GRID CORPORATION OF INDIA LIMITED,-0.53,2026-07-31 17:18:01
0,JSWSTEELEQN,0.6,JSWSTEEL,EQ,N,1271.4,1449872,1276.4,1282.2,1262.0,1270.8,1840844483.52,1328.0,1018.0,1189165993877.79,2026-07-31 16:00:29,0,21.28,3.67,31-Jul-2025,30-Jun-2026,4.2620481927710845,-24.891944990176817,,,JSW STEEL LIMITED,0.05,2026-07-31 17:18:01
0,TRENTEQN,1.8,TRENT,EQ,N,3001.0,605222,3008.0,3026.7,2990.9,2999.2,1819714935.18,3782.67,2183.67,995770405603.35,2026-07-31 16:00:29,0,-10.29,-8.58,31-Jul-2025,30-Jun-2026,20.664504172978347,-37.42919030805937,,,TRENT LIMITED,0.06,2026-07-31 17:18:01
0,CIPLAEQN,5.6,CIPLA,EQ,N,1472.0,1223370,1473.4,1478.8,1462.3,1466.4,1801938374.1,1673.0,1165.7,825953873199.26,2026-07-31 16:00:29,0,-5.31,0.45,31-Jul-2025,30-Jun-2026,12.014345487148834,-26.27605730462383,,,CIPLA LIMITED,0.38,2026-07-31 17:18:01
0,TATACONSUMEQN,-12.1,TATACONSUM,EQ,N,1082.1,1479617,1098.9,1098.9,1081.0,1094.2,1605650776.06,1282.7,1007.2,702721860608.4,2026-07-31 16:00:29,0,0.83,0.6,31-Jul-2025,30-Jun-2026,15.638886723318,-7.436457505957109,,,TATA CONSUMER PRODUCTS LIMITED,-1.11,2026-07-31 17:18:01
0,SBILIFEEQN,13.0,SBILIFE,EQ,N,1890.5,723852,1885.0,1898.9,1870.6,1877.5,1362731013.72,2132.0,1700.4,847141635630.89,2026-07-31 16:00:29,0,2.71,7.07,31-Jul-2025,30-Jun-2026,11.327392120075046,-11.179722418254528,,,SBI LIFE INSURANCE COMPANY LIMITED,0.69,2026-07-31 17:18:01
0,DRREDDYEQN,0.7,DRREDDY,EQ,N,1145.5,1085841,1152.0,1154.3,1141.7,1144.8,1247468432.85,1414.9,1101.0,696327720239.81,2026-07-31 16:00:29,0,-9.82,-15.59,31-Jul-2025,30-Jun-2026,19.04021485617358,-4.041780199818347,,,DR. REDDY'S LABORATORIES LIMITED,0.06,2026-07-31 17:18:01
0,GRASIMEQN,-8.8,GRASIM,EQ,N,3096.0,309447,3115.7,3135.9,3092.6,3104.8,962197596.27,3246.0,2502.5,1164892382421.51,2026-07-31 16:00:29,0,12.73,-0.13,31-Jul-2025,30-Jun-2026,4.621072088724584,-23.716283716283716,,,GRASIM INDUSTRIES LIMITED,-0.28,2026-07-31 17:18:01
1,NIFTY 50,66.45,NIFTY 50,,,24383.6,411693361,24361.45,24429.4,24299.7,24317.15,344593107548.07,26373.2,22182.55,,2026-07-31 15:39:59,0,-1.55,2.17,30-Jul-2025,30-Jun-2026,7.54402196168838,-9.92243903428596,,,,0.27,2026-07-31 17:18:31
0,BAJFINANCEEQN,87.7,BAJFINANCE,EQ,N,1141.2,40814590,1095.0,1151.5,1083.6,1053.5,45855191865.0,1151.5,787.9,3050116590196.84,2026-07-31 16:00:29,0,29.51,13.58,31-Jul-2025,30-Jun-2026,0.8944854537559704,-44.840715826881585,,,BAJAJ FINANCE LIMITED,8.32,2026-07-31 17:18:31
0,M&MEQN,109.3,M&M,EQ,N,3393.0,6131873,3379.9,3457.0,3243.3,3283.7,20793058705.54,3839.9,2896.0,3020727107739.42,2026-07-31 16:00:29,0,5.93,10.56,31-Jul-2025,30-Jun-2026,11.638323914685278,-17.16160220994475,,,MAHINDRA & MAHINDRA LIMITED,3.33,2026-07-31 17:18:31
0,HDFCBANKEQN,-5.95,HDFCBANK,EQ,N,748.0,25522483,753.95,757.55,747.2,753.95,19132163706.46,1020.5,726.65,11425469642109.01,2026-07-31 16:00:29,0,-25.87,-6.26,31-Jul-2025,30-Jun-2026,26.702596766291034,-2.938140783045483,,,HDFC BANK LIMITED,-0.79,2026-07-31 17:18:31
0,INFYEQN,-25.2,INFY,EQ,N,1129.9,14367075,1118.9,1139.3,1107.2,1155.1,16207640978.25,1728.0,982.4,3952355998495.22,2026-07-31 16:00:29,0,-25.12,12.94,31-Jul-2025,30-Jun-2026,34.61226851851852,-15.014250814332248,,,INFOSYS LIMITED,-2.18,2026-07-31 17:18:31
0,BHARTIARTLEQN,11.2,BHARTIARTL,EQ,N,1968.0,6529385,1969.0,1976.4,1947.4,1956.8,12840492659.45,2174.5,1740.5,6111414809579.58,2026-07-31 16:00:29,0,2.81,6.26,31-Jul-2025,30-Jun-2026,9.496435962290182,-13.070956621660443,,,BHARTI AIRTEL LIMITED,0.57,2026-07-31 17:18:31
0,ICICIBANKEQN,0.0,ICICIBANK,EQ,N,1433.9,8752440,1434.3,1441.9,1431.4,1433.9,12559226253.6,1494.5,1187.6,10246272727072.93,2026-07-31 16:00:29,0,-3.21,4.27,31-Jul-2025,30-Jun-2026,4.054867848778856,-20.739306163691477,,,ICICI BANK LIMITED,0.0,2026-07-31 17:18:31
0,ETERNALEQN,-8.0,ETERNAL,EQ,N,302.65,36770653,312.5,316.0,301.8,310.65,11248142752.7,368.45,212.6,2181895886225.76,2026-07-31 16:00:29,0,-1.67,14.38,31-Jul-2025,30-Jun-2026,17.858596824535216,-42.35653809971778,,,ETERNAL LIMITED,-2.58,2026-07-31 17:18:31
0,RELIANCEEQN,12.1,RELIANCE,EQ,N,1305.0,8624996,1295.0,1309.7,1293.6,1292.9,11239146037.64,1611.8,1249.8,8791447476768.72,2026-07-31 16:00:29,0,-6.13,0.86,31-Jul-2025,30-Jun-2026,19.034619679861024,-4.416706673067691,,,RELIANCE INDUSTRIES LIMITED,0.94,2026-07-31 17:18:31
0,SBINEQN,2.3,SBIN,EQ,N,1027.6,10921417,1028.1,1034.3,1023.5,1025.3,11223394180.05,1234.7,786.55,4235650187126.72,2026-07-31 16:00:29,0,29.01,0.07,31-Jul-2025,30-Jun-2026,16.773305256337572,-30.64649418345941,,,STATE BANK OF INDIA,0.22,2026-07-31 17:18:31
0,JIOFINEQN,9.15,JIOFIN,EQ,N,256.1,42840807,247.5,257.06,247.0,246.95,10849005964.68,338.6,223.3,837937713842.85,2026-07-31 16:00:29,0,-22.22,8.32,31-Jul-2025,30-Jun-2026,24.365032486709982,-14.688759516345723,,,JIO FINANCIAL SERVICES LIMITED,3.71,2026-07-31 17:18:31
0,TCSEQN,-65.8,TCS,EQ,N,2366.0,4343683,2385.0,2391.0,2326.1,2431.8,10269552532.75,3350.0,1976.8,2408878051229.13,2026-07-31 16:00:29,0,-22.09,16.47,31-Jul-2025,30-Jun-2026,29.37313432835821,-19.688385269121813,,,TATA CONSULTANCY SERVICES LIMITED,-2.71,2026-07-31 17:18:31
0,SUNPHARMAEQN,-14.1,SUNPHARMA,EQ,N,1987.0,4954449,2016.4,2046.9,1965.3,2001.1,9927923084.16,2046.9,1548.0,2098105348208.53,2026-07-31 16:00:29,0,16.42,6.68,31-Jul-2025,30-Jun-2026,2.9263764717377496,-28.359173126614987,,,SUN PHARMACEUTICAL INDUSTRIES LIMITED,-0.7,2026-07-31 17:18:31
0,AXISBANKEQN,-1.8,AXISBANK,EQ,N,1227.1,7487936,1226.2,1239.7,1226.0,1228.9,9208139537.28,1418.3,1042.5,3515355583484.35,2026-07-31 16:00:29,0,14.85,-8.81,31-Jul-2025,30-Jun-2026,13.480927871395332,-17.707434052757794,,,AXIS BANK LIMITED,-0.15,2026-07-31 17:18:31
0,ADANIPORTSEQN,27.8,ADANIPORTS,EQ,N,1691.9,4703646,1674.0,1708.1,1650.0,1664.1,7953300948.48,1891.1,1290.5,1244688322067.03,2026-07-31 16:00:29,0,23.22,-6.54,31-Jul-2025,30-Jun-2026,10.533551901009995,-31.10422316931422,,,ADANI PORTS AND SPECIAL ECONOMIC ZONE LIMITED,1.67,2026-07-31 17:18:31
0,MARUTIEQN,52.0,MARUTI,EQ,N,14240.0,535417,14250.0,14348.0,14124.0,14188.0,7620343869.18,17370.0,12201.0,1852486627346.28,2026-07-31 16:00:29,0,12.94,0.89,31-Jul-2025,30-Jun-2026,18.0195739781232,-16.711744938939432,,,MARUTI SUZUKI INDIA LIMITED,0.37,2026-07-31 17:18:31
0,BAJAJFINSVEQN,121.6,BAJAJFINSV,EQ,N,2031.0,3731886,1932.0,2036.6,1930.0,1909.4,7473176352.72,2195.0,1597.0,1172501123973.76,2026-07-31 16:00:29,0,4.26,14.09,31-Jul-2025,30-Jun-2026,7.471526195899772,-27.175954915466498,,,BAJAJ FINSERV LIMITED,6.37,2026-07-31 17:18:31
0,LTEQN,0.3,LT,EQ,N,3938.0,1753377,3962.9,3973.1,3923.2,3937.7,6910128892.08,4440.0,3288.1,4596293830250.15,2026-07-31 16:00:29,0,8.29,-4.96,31-Jul-2025,30-Jun-2026,11.306306306306306,-19.76521395334692,,,LARSEN & TOUBRO LIMITED,0.01,2026-07-31 17:18:31
0,BELEQN,2.9,BEL,EQ,N,387.8,17114563,385.0,390.6,385.0,384.9,6639937007.11,473.45,361.2,1385098357970.31,2026-07-31 16:00:29,0,1.23,-5.83,31-Jul-2025,30-Jun-2026,18.09061146900412,-7.364341085271318,,,BHARAT ELECTRONICS LIMITED,0.75,2026-07-31 17:18:31
0,SHRIRAMFINEQN,19.0,SHRIRAMFIN,EQ,N,1046.2,6318223,1029.2,1054.6,1029.1,1027.2,6604817595.28,1108.0,566.5,1461159431376.02,2026-07-31 16:00:29,0,65.84,0.39,31-Jul-2025,30-Jun-2026,5.577617328519856,-84.67784642541925,,,SHRIRAM FINANCE LIMITED,1.85,2026-07-31 17:18:31
0,TATASTEELEQN,3.07,TATASTEEL,EQ,N,189.99,34249584,188.25,191.84,186.31,186.92,6482076267.84,224.4,152.51,1566080041779.53,2026-07-31 16:00:29,0,20.29,1.03,31-Jul-2025,30-Jun-2026,15.334224598930481,-24.575437676217952,,,TATA STEEL LIMITED,1.64,2026-07-31 17:18:31
0,HDFCLIFEEQN,5.5,HDFCLIFE,EQ,N,550.9,11438476,548.7,550.9,544.05,545.4,6251470288.28,815.0,543.0,594951827559.66,2026-07-31 16:00:29,0,-27.08,-4.33,31-Jul-2025,30-Jun-2026,32.40490797546012,-1.4548802946593002,,,HDFC LIFE INSURANCE COMPANY LIMITED,1.01,2026-07-31 17:18:31
0,EICHERMOTEQN,4.5,EICHERMOT,EQ,N,7835.0,720608,7899.0,7899.0,7794.0,7912.5,5651288973.12,8230.0,5386.5,1076763527952.38,2026-07-31 16:00:29,0,43.28,10.77,31-Jul-2025,30-Jun-2026,4.79951397326853,-45.45623317553142,,,EICHER MOTORS LIMITED,0.06,2026-07-31 17:18:31
0,TECHMEQN,-15.1,TECHM,EQ,N,1653.9,3355677,1620.0,1661.5,1610.5,1669.0,5533947611.01,1854.0,1304.1,1047462570903.24,2026-07-31 16:00:29,0,12.99,17.74,31-Jul-2025,30-Jun-2026,10.792880258899677,-26.82309638831378,,,TECH MAHINDRA LIMITED,-0.9,2026-07-31 17:18:31
0,HINDALCOEQN,4.1,HINDALCO,EQ,N,974.5,5579336,979.8,988.0,971.05,970.4,5465461752.24,1176.0,657.5,1407031613248.04,2026-07-31 16:00:29,0,42.67,1.87,31-Jul-2025,30-Jun-2026,17.1343537414966,-48.21292775665399,,,HINDALCO INDUSTRIES LIMITED,0.42,2026-07-31 17:18:31
0,TITANEQN,35.0,TITAN,EQ,N,4885.0,1003314,4850.0,4886.0,4820.9,4850.0,4886269610.82,4886.0,3303.1,2011207412854.5,2026-07-31 16:00:29,0,45.94,10.92,31-Jul-2025,30-Jun-2026,0.020466639377814164,-47.89137476915625,,,TITAN COMPANY LIMITED,0.72,2026-07-31 17:18:31
0,ITCEQN,-4.05,ITC,EQ,N,281.0,16833813,285.55,285.8,280.05,285.05,4740738417.06,427.0,275.0,2701171021997.49,2026-07-31 16:00:29,0,-31.79,-2.07,31-Jul-2025,30-Jun-2026,34.19203747072599,-2.1818181818181817,,,ITC LIMITED,-1.42,2026-07-31 17:18:31
0,ULTRACEMCOEQN,37.0,ULTRACEMCO,EQ,N,11884.0,390471,11850.0,12009.0,11799.0,11847.0,4654398701.16,13110.0,10325.0,1402380302372.61,2026-07-31 16:00:29,0,-2.98,5.61,31-Jul-2025,30-Jun-2026,9.35163996948894,-15.099273607748184,,,ULTRATECH CEMENT LIMITED,0.31,2026-07-31 17:18:31
0,HCLTECHEQN,-7.0,HCLTECH,EQ,N,1345.7,3369019,1317.7,1356.5,1294.3,1352.7,4514856052.09,1780.1,1030.0,1414783221886.57,2026-07-31 16:00:29,0,-8.32,25.56,31-Jul-2025,30-Jun-2026,24.403123420032582,-30.650485436893202,,,HCL TECHNOLOGIES LIMITED,-0.52,2026-07-31 17:18:31
0,NESTLEINDEQN,-15.7,NESTLEIND,EQ,N,1505.0,2501825,1529.0,1529.0,1497.5,1520.7,3776880111.25,1532.6,1084.7,1076083204741.92,2026-07-31 16:00:29,0,33.91,7.1,31-Jul-2025,30-Jun-2026,1.800861281482448,-38.74804093297686,,,NESTLE INDIA LIMITED,-1.03,2026-07-31 17:18:31
0,HINDUNILVREQN,-8.5,HINDUNILVR,EQ,N,2099.4,1759019,2119.6,2119.6,2091.1,2107.9,3695910001.28,2750.0,2016.0,1857346204250.55,2026-07-31 16:00:29,0,-16.73,-0.89,31-Jul-2025,30-Jun-2026,23.658181818181816,-4.136904761904762,,,HINDUSTAN UNILEVER LIMITED,-0.4,2026-07-31 17:18:31
0,WIPROEQN,-2.58,WIPRO,EQ,N,183.75,18762810,184.85,185.24,180.83,186.33,3442037494.5,273.1,169.0,496242729074.09,2026-07-31 16:00:29,0,-26.0,7.84,31-Jul-2025,30-Jun-2026,32.716953496887584,-8.727810650887575,,,WIPRO LIMITED,-1.38,2026-07-31 17:18:31
0,NTPCEQN,1.75,NTPC,EQ,N,346.6,8519119,344.1,348.25,343.55,344.85,2949830144.94,414.4,315.55,1638579395627.3,2026-07-31 16:00:29,0,3.69,-2.82,31-Jul-2025,30-Jun-2026,16.361003861003862,-9.839961971161465,,,NTPC LIMITED,0.51,2026-07-31 17:18:31
0,TMPVEQN,5.9,TMPV,EQ,N,340.1,8527463,335.55,341.95,334.5,334.2,2885011282.16,739.7,294.3,708798407947.57,2026-07-31 16:00:29,0,-48.93,-3.44,31-Jul-2025,30-Jun-2026,54.02190077058267,-15.562351342167856,,,TATA MOTORS PASSENGER VEHICLES LIMITED,1.77,2026-07-31 17:18:31
0,KOTAKBANKEQN,-0.55,KOTAKBANK,EQ,N,388.85,7014637,390.2,391.85,388.0,389.4,2736129308.22,453.2,345.5,2855155315262.45,2026-07-31 16:00:29,0,-1.74,-0.87,31-Jul-2025,30-Jun-2026,14.199029126213592,-12.547033285094066,,,KOTAK MAHINDRA BANK LIMITED,-0.14,2026-07-31 17:18:31
0,ADANIENTEQN,-40.0,ADANIENT,EQ,N,3009.1,866401,3051.0,3067.5,3002.4,3049.1,2620282536.33,3245.0,1753.0,900854251871.76,2026-07-31 16:00:29,0,27.51,-0.89,31-Jul-2025,30-Jun-2026,7.269645608628659,-71.65430690245294,,,ADANI ENTERPRISES LIMITED,-1.31,2026-07-31 17:18:31
0,BAJAJ-AUTOEQN,87.0,BAJAJ-AUTO,EQ,N,11519.0,214380,11475.0,11590.0,11329.5,11432.0,2469406775.4,11590.0,7858.5,1272196271192.98,2026-07-31 16:00:29,0,43.84,18.56,31-Jul-2025,30-Jun-2026,0.6125970664365833,-46.58013615829993,,,BAJAJ AUTO LIMITED,0.76,2026-07-31 17:18:31
0,COALINDIAEQN,2.7,COALINDIA,EQ,N,414.4,5938134,413.0,415.1,410.15,417.2,2454824595.6,491.25,368.65,989838206030.73,2026-07-31 16:00:29,0,10.11,-5.61,31-Jul-2025,30-Jun-2026,15.643765903307887,-12.41014512410145,,,COAL INDIA LIMITED,0.66,2026-07-31 17:18:31
0,ASIANPAINTEQN,-8.2,ASIANPAINT,EQ,N,2738.0,891738,2773.9,2774.9,2732.4,2746.2,2452136821.92,2985.7,2115.0,1234734079154.01,2026-07-31 16:00:29,0,14.27,3.88,31-Jul-2025,30-Jun-2026,8.296211943597816,-29.45626477541371,,,ASIAN PAINTS LIMITED,-0.3,2026-07-31 17:18:31
0,ONGCEQN,0.71,ONGC,EQ,N,242.3,10070729,241.58,242.96,238.17,241.59,2428657005.64,307.5,227.65,938580915153.36,2026-07-31 16:00:29,0,0.54,3.15,31-Jul-2025,30-Jun-2026,21.203252032520325,-6.4353173731605535,,,OIL & NATURAL GAS CORPORATION LIMITED,0.29,2026-07-31 17:18:31
0,INDIGOEQN,-53.5,INDIGO,EQ,N,5177.0,462900,5260.0,5282.0,5137.5,5230.5,2408445555.0,6232.5,3895.2,1168589020665.79,2026-07-31 16:00:29,0,-12.41,-3.57,31-Jul-2025,30-Jun-2026,16.93541917368632,-32.907167796262065,,,INTERGLOBE AVIATION LIMITED,-1.02,2026-07-31 17:18:31
0,APOLLOHOSPEQN,-47.0,APOLLOHOSP,EQ,N,8941.0,268253,9025.0,9036.5,8931.0,8988.0,2405397825.7,9036.5,6696.5,917545742565.35,2026-07-31 16:00:29,0,19.25,2.98,31-Jul-2025,30-Jun-2026,1.0568250982128036,-33.517509146569104,,,APOLLO HOSPITALS ENTERPRISE LIMITED,-0.52,2026-07-31 17:18:31
0,MAXHEALTHEQN,-23.4,MAXHEALTH,EQ,N,1101.4,2055225,1126.0,1132.0,1091.2,1124.8,2274805239.0,1301.7,903.0,817434239392.71,2026-07-31 16:00:29,0,-11.61,-2.47,31-Jul-2025,30-Jun-2026,15.387570100637628,-21.971207087486157,,,MAX HEALTHCARE INSTITUTE LIMITED,-2.08,2026-07-31 17:18:31
0,POWERGRIDEQN,-1.5,POWERGRID,EQ,N,284.2,7804310,286.3,287.4,283.0,285.7,2217516643.4,324.95,250.0,1283415819519.24,2026-07-31 16:00:29,0,-2.34,-0.73,31-Jul-2025,30-Jun-2026,12.540390829358364,-13.68,,,POWER GRID CORPORATION OF INDIA LIMITED,-0.53,2026-07-31 17:18:31
0,JSWSTEELEQN,0.6,JSWSTEEL,EQ,N,1271.4,1449872,1276.4,1282.2,1262.0,1270.8,1840844483.52,1328.0,1018.0,1189165993877.79,2026-07-31 16:00:29,0,21.28,3.67,31-Jul-2025,30-Jun-2026,4.2620481927710845,-24.891944990176817,,,JSW STEEL LIMITED,0.05,2026-07-31 17:18:31
0,TRENTEQN,1.8,TRENT,EQ,N,3001.0,605222,3008.0,3026.7,2990.9,2999.2,1819714935.18,3782.67,2183.67,995770405603.35,2026-07-31 16:00:29,0,-10.29,-8.58,31-Jul-2025,30-Jun-2026,20.664504172978347,-37.42919030805937,,,TRENT LIMITED,0.06,2026-07-31 17:18:31
0,CIPLAEQN,5.6,CIPLA,EQ,N,1472.0,1223370,1473.4,1478.8,1462.3,1466.4,1801938374.1,1673.0,1165.7,825953873199.26,2026-07-31 16:00:29,0,-5.31,0.45,31-Jul-2025,30-Jun-2026,12.014345487148834,-26.27605730462383,,,CIPLA LIMITED,0.38,2026-07-31 17:18:31
0,TATACONSUMEQN,-12.1,TATACONSUM,EQ,N,1082.1,1479617,1098.9,1098.9,1081.0,1094.2,1605650776.06,1282.7,1007.2,702721860608.4,2026-07-31 16:00:29,0,0.83,0.6,31-Jul-2025,30-Jun-2026,15.638886723318,-7.436457505957109,,,TATA CONSUMER PRODUCTS LIMITED,-1.11,2026-07-31 17:18:31
0,SBILIFEEQN,13.0,SBILIFE,EQ,N,1890.5,723852,1885.0,1898.9,1870.6,1877.5,1362731013.72,2132.0,1700.4,847141635630.89,2026-07-31 16:00:29,0,2.71,7.07,31-Jul-2025,30-Jun-2026,11.327392120075046,-11.179722418254528,,,SBI LIFE INSURANCE COMPANY LIMITED,0.69,2026-07-31 17:18:31
0,DRREDDYEQN,0.7,DRREDDY,EQ,N,1145.5,1085841,1152.0,1154.3,1141.7,1144.8,1247468432.85,1414.9,1101.0,696327720239.81,2026-07-31 16:00:29,0,-9.82,-15.59,31-Jul-2025,30-Jun-2026,19.04021485617358,-4.041780199818347,,,DR. REDDY'S LABORATORIES LIMITED,0.06,2026-07-31 17:18:31
0,GRASIMEQN,-8.8,GRASIM,EQ,N,3096.0,309447,3115.7,3135.9,3092.6,3104.8,962197596.27,3246.0,2502.5,1164892382421.51,2026-07-31 16:00:29,0,12.73,-0.13,31-Jul-2025,30-Jun-2026,4.621072088724584,-23.716283716283716,,,GRASIM INDUSTRIES LIMITED,-0.28,2026-07-31 17:18:31
1,NIFTY 50,66.45,NIFTY 50,,,24383.6,411693361,24361.45,24429.4,24299.7,24317.15,344593107548.07,26373.2,22182.55,,2026-07-31 15:39:59,0,-1.55,2.17,30-Jul-2025,30-Jun-2026,7.54402196168838,-9.92243903428596,,,,0.27,2026-07-31 17:19:01
0,BAJFINANCEEQN,87.7,BAJFINANCE,EQ,N,1141.2,40814590,1095.0,1151.5,1083.6,1053.5,45855191865.0,1151.5,787.9,3050116590196.84,2026-07-31 16:00:29,0,29.51,13.58,31-Jul-2025,30-Jun-2026,0.8944854537559704,-44.840715826881585,,,BAJAJ FINANCE LIMITED,8.32,2026-07-31 17:19:01
0,M&MEQN,109.3,M&M,EQ,N,3393.0,6131873,3379.9,3457.0,3243.3,3283.7,20793058705.54,3839.9,2896.0,3020727107739.42,2026-07-31 16:00:29,0,5.93,10.56,31-Jul-2025,30-Jun-2026,11.638323914685278,-17.16160220994475,,,MAHINDRA & MAHINDRA LIMITED,3.33,2026-07-31 17:19:01
0,HDFCBANKEQN,-5.95,HDFCBANK,EQ,N,748.0,25522483,753.95,757.55,747.2,753.95,19132163706.46,1020.5,726.65,11425469642109.01,2026-07-31 16:00:29,0,-25.87,-6.26,31-Jul-2025,30-Jun-2026,26.702596766291034,-2.938140783045483,,,HDFC BANK LIMITED,-0.79,2026-07-31 17:19:01
0,INFYEQN,-25.2,INFY,EQ,N,1129.9,14367075,1118.9,1139.3,1107.2,1155.1,16207640978.25,1728.0,982.4,3952355998495.22,2026-07-31 16:00:29,0,-25.12,12.94,31-Jul-2025,30-Jun-2026,34.61226851851852,-15.014250814332248,,,INFOSYS LIMITED,-2.18,2026-07-31 17:19:01
0,BHARTIARTLEQN,11.2,BHARTIARTL,EQ,N,1968.0,6529385,1969.0,1976.4,1947.4,1956.8,12840492659.45,2174.5,1740.5,6111414809579.58,2026-07-31 16:00:29,0,2.81,6.26,31-Jul-2025,30-Jun-2026,9.496435962290182,-13.070956621660443,,,BHARTI AIRTEL LIMITED,0.57,2026-07-31 17:19:01
0,ICICIBANKEQN,0.0,ICICIBANK,EQ,N,1433.9,8752440,1434.3,1441.9,1431.4,1433.9,12559226253.6,1494.5,1187.6,10246272727072.93,2026-07-31 16:00:29,0,-3.21,4.27,31-Jul-2025,30-Jun-2026,4.054867848778856,-20.739306163691477,,,ICICI BANK LIMITED,0.0,2026-07-31 17:19:01
0,ETERNALEQN,-8.0,ETERNAL,EQ,N,302.65,36770653,312.5,316.0,301.8,310.65,11248142752.7,368.45,212.6,2181895886225.76,2026-07-31 16:00:29,0,-1.67,14.38,31-Jul-2025,30-Jun-2026,17.858596824535216,-42.35653809971778,,,ETERNAL LIMITED,-2.58,2026-07-31 17:19:01
0,RELIANCEEQN,12.1,RELIANCE,EQ,N,1305.0,8624996,1295.0,1309.7,1293.6,1292.9,11239146037.64,1611.8,1249.8,8791447476768.72,2026-07-31 16:00:29,0,-6.13,0.86,31-Jul-2025,30-Jun-2026,19.034619679861024,-4.416706673067691,,,RELIANCE INDUSTRIES LIMITED,0.94,2026-07-31 17:19:01
0,SBINEQN,2.3,SBIN,EQ,N,1027.6,10921417,1028.1,1034.3,1023.5,1025.3,11223394180.05,1234.7,786.55,4235650187126.72,2026-07-31 16:00:29,0,29.01,0.07,31-Jul-2025,30-Jun-2026,16.773305256337572,-30.64649418345941,,,STATE BANK OF INDIA,0.22,2026-07-31 17:19:01
0,JIOFINEQN,9.15,JIOFIN,EQ,N,256.1,42840807,247.5,257.06,247.0,246.95,10849005964.68,338.6,223.3,837937713842.85,2026-07-31 16:00:29,0,-22.22,8.32,31-Jul-2025,30-Jun-2026,24.365032486709982,-14.688759516345723,,,JIO FINANCIAL SERVICES LIMITED,3.71,2026-07-31 17:19:01
0,TCSEQN,-65.8,TCS,EQ,N,2366.0,4343683,2385.0,2391.0,2326.1,2431.8,10269552532.75,3350.0,1976.8,2408878051229.13,2026-07-31 16:00:29,0,-22.09,16.47,31-Jul-2025,30-Jun-2026,29.37313432835821,-19.688385269121813,,,TATA CONSULTANCY SERVICES LIMITED,-2.71,2026-07-31 17:19:01
0,SUNPHARMAEQN,-14.1,SUNPHARMA,EQ,N,1987.0,4954449,2016.4,2046.9,1965.3,2001.1,9927923084.16,2046.9,1548.0,2098105348208.53,2026-07-31 16:00:29,0,16.42,6.68,31-Jul-2025,30-Jun-2026,2.9263764717377496,-28.359173126614987,,,SUN PHARMACEUTICAL INDUSTRIES LIMITED,-0.7,2026-07-31 17:19:01
0,AXISBANKEQN,-1.8,AXISBANK,EQ,N,1227.1,7487936,1226.2,1239.7,1226.0,1228.9,9208139537.28,1418.3,1042.5,3515355583484.35,2026-07-31 16:00:29,0,14.85,-8.81,31-Jul-2025,30-Jun-2026,13.480927871395332,-17.707434052757794,,,AXIS BANK LIMITED,-0.15,2026-07-31 17:19:01
0,ADANIPORTSEQN,27.8,ADANIPORTS,EQ,N,1691.9,4703646,1674.0,1708.1,1650.0,1664.1,7953300948.48,1891.1,1290.5,1244688322067.03,2026-07-31 16:00:29,0,23.22,-6.54,31-Jul-2025,30-Jun-2026,10.533551901009995,-31.10422316931422,,,ADANI PORTS AND SPECIAL ECONOMIC ZONE LIMITED,1.67,2026-07-31 17:19:01
0,MARUTIEQN,52.0,MARUTI,EQ,N,14240.0,535417,14250.0,14348.0,14124.0,14188.0,7620343869.18,17370.0,12201.0,1852486627346.28,2026-07-31 16:00:29,0,12.94,0.89,31-Jul-2025,30-Jun-2026,18.0195739781232,-16.711744938939432,,,MARUTI SUZUKI INDIA LIMITED,0.37,2026-07-31 17:19:01
0,BAJAJFINSVEQN,121.6,BAJAJFINSV,EQ,N,2031.0,3731886,1932.0,2036.6,1930.0,1909.4,7473176352.72,2195.0,1597.0,1172501123973.76,2026-07-31 16:00:29,0,4.26,14.09,31-Jul-2025,30-Jun-2026,7.471526195899772,-27.175954915466498,,,BAJAJ FINSERV LIMITED,6.37,2026-07-31 17:19:01
0,LTEQN,0.3,LT,EQ,N,3938.0,1753377,3962.9,3973.1,3923.2,3937.7,6910128892.08,4440.0,3288.1,4596293830250.15,2026-07-31 16:00:29,0,8.29,-4.96,31-Jul-2025,30-Jun-2026,11.306306306306306,-19.76521395334692,,,LARSEN & TOUBRO LIMITED,0.01,2026-07-31 17:19:01
0,BELEQN,2.9,BEL,EQ,N,387.8,17114563,385.0,390.6,385.0,384.9,6639937007.11,473.45,361.2,1385098357970.31,2026-07-31 16:00:29,0,1.23,-5.83,31-Jul-2025,30-Jun-2026,18.09061146900412,-7.364341085271318,,,BHARAT ELECTRONICS LIMITED,0.75,2026-07-31 17:19:01
0,SHRIRAMFINEQN,19.0,SHRIRAMFIN,EQ,N,1046.2,6318223,1029.2,1054.6,1029.1,1027.2,6604817595.28,1108.0,566.5,1461159431376.02,2026-07-31 16:00:29,0,65.84,0.39,31-Jul-2025,30-Jun-2026,5.577617328519856,-84.67784642541925,,,SHRIRAM FINANCE LIMITED,1.85,2026-07-31 17:19:01
0,TATASTEELEQN,3.07,TATASTEEL,EQ,N,189.99,34249584,188.25,191.84,186.31,186.92,6482076267.84,224.4,152.51,1566080041779.53,2026-07-31 16:00:29,0,20.29,1.03,31-Jul-2025,30-Jun-2026,15.334224598930481,-24.575437676217952,,,TATA STEEL LIMITED,1.64,2026-07-31 17:19:01
0,HDFCLIFEEQN,5.5,HDFCLIFE,EQ,N,550.9,11438476,548.7,550.9,544.05,545.4,6251470288.28,815.0,543.0,594951827559.66,2026-07-31 16:00:29,0,-27.08,-4.33,31-Jul-2025,30-Jun-2026,32.40490797546012,-1.4548802946593002,,,HDFC LIFE INSURANCE COMPANY LIMITED,1.01,2026-07-31 17:19:01
0,EICHERMOTEQN,4.5,EICHERMOT,EQ,N,7835.0,720608,7899.0,7899.0,7794.0,7912.5,5651288973.12,8230.0,5386.5,1076763527952.38,2026-07-31 16:00:29,0,43.28,10.77,31-Jul-2025,30-Jun-2026,4.79951397326853,-45.45623317553142,,,EICHER MOTORS LIMITED,0.06,2026-07-31 17:19:01
0,TECHMEQN,-15.1,TECHM,EQ,N,1653.9,3355677,1620.0,1661.5,1610.5,1669.0,5533947611.01,1854.0,1304.1,1047462570903.24,2026-07-31 16:00:29,0,12.99,17.74,31-Jul-2025,30-Jun-2026,10.792880258899677,-26.82309638831378,,,TECH MAHINDRA LIMITED,-0.9,2026-07-31 17:19:01
0,HINDALCOEQN,4.1,HINDALCO,EQ,N,974.5,5579336,979.8,988.0,971.05,970.4,5465461752.24,1176.0,657.5,1407031613248.04,2026-07-31 16:00:29,0,42.67,1.87,31-Jul-2025,30-Jun-2026,17.1343537414966,-48.21292775665399,,,HINDALCO INDUSTRIES LIMITED,0.42,2026-07-31 17:19:01
0,TITANEQN,35.0,TITAN,EQ,N,4885.0,1003314,4850.0,4886.0,4820.9,4850.0,4886269610.82,4886.0,3303.1,2011207412854.5,2026-07-31 16:00:29,0,45.94,10.92,31-Jul-2025,30-Jun-2026,0.020466639377814164,-47.89137476915625,,,TITAN COMPANY LIMITED,0.72,2026-07-31 17:19:01
0,ITCEQN,-4.05,ITC,EQ,N,281.0,16833813,285.55,285.8,280.05,285.05,4740738417.06,427.0,275.0,2701171021997.49,2026-07-31 16:00:29,0,-31.79,-2.07,31-Jul-2025,30-Jun-2026,34.19203747072599,-2.1818181818181817,,,ITC LIMITED,-1.42,2026-07-31 17:19:01
0,ULTRACEMCOEQN,37.0,ULTRACEMCO,EQ,N,11884.0,390471,11850.0,12009.0,11799.0,11847.0,4654398701.16,13110.0,10325.0,1402380302372.61,2026-07-31 16:00:29,0,-2.98,5.61,31-Jul-2025,30-Jun-2026,9.35163996948894,-15.099273607748184,,,ULTRATECH CEMENT LIMITED,0.31,2026-07-31 17:19:01
0,HCLTECHEQN,-7.0,HCLTECH,EQ,N,1345.7,3369019,1317.7,1356.5,1294.3,1352.7,4514856052.09,1780.1,1030.0,1414783221886.57,2026-07-31 16:00:29,0,-8.32,25.56,31-Jul-2025,30-Jun-2026,24.403123420032582,-30.650485436893202,,,HCL TECHNOLOGIES LIMITED,-0.52,2026-07-31 17:19:01
0,NESTLEINDEQN,-15.7,NESTLEIND,EQ,N,1505.0,2501825,1529.0,1529.0,1497.5,1520.7,3776880111.25,1532.6,1084.7,1076083204741.92,2026-07-31 16:00:29,0,33.91,7.1,31-Jul-2025,30-Jun-2026,1.800861281482448,-38.74804093297686,,,NESTLE INDIA LIMITED,-1.03,2026-07-31 17:19:01
0,HINDUNILVREQN,-8.5,HINDUNILVR,EQ,N,2099.4,1759019,2119.6,2119.6,2091.1,2107.9,3695910001.28,2750.0,2016.0,1857346204250.55,2026-07-31 16:00:29,0,-16.73,-0.89,31-Jul-2025,30-Jun-2026,23.658181818181816,-4.136904761904762,,,HINDUSTAN UNILEVER LIMITED,-0.4,2026-07-31 17:19:01
0,WIPROEQN,-2.58,WIPRO,EQ,N,183.75,18762810,184.85,185.24,180.83,186.33,3442037494.5,273.1,169.0,496242729074.09,2026-07-31 16:00:29,0,-26.0,7.84,31-Jul-2025,30-Jun-2026,32.716953496887584,-8.727810650887575,,,WIPRO LIMITED,-1.38,2026-07-31 17:19:01
0,NTPCEQN,1.75,NTPC,EQ,N,346.6,8519119,344.1,348.25,343.55,344.85,2949830144.94,414.4,315.55,1638579395627.3,2026-07-31 16:00:29,0,3.69,-2.82,31-Jul-2025,30-Jun-2026,16.361003861003862,-9.839961971161465,,,NTPC LIMITED,0.51,2026-07-31 17:19:01
0,TMPVEQN,5.9,TMPV,EQ,N,340.1,8527463,335.55,341.95,334.5,334.2,2885011282.16,739.7,294.3,708798407947.57,2026-07-31 16:00:29,0,-48.93,-3.44,31-Jul-2025,30-Jun-2026,54.02190077058267,-15.562351342167856,,,TATA MOTORS PASSENGER VEHICLES LIMITED,1.77,2026-07-31 17:19:01
0,KOTAKBANKEQN,-0.55,KOTAKBANK,EQ,N,388.85,7014637,390.2,391.85,388.0,389.4,2736129308.22,453.2,345.5,2855155315262.45,2026-07-31 16:00:29,0,-1.74,-0.87,31-Jul-2025,30-Jun-2026,14.199029126213592,-12.547033285094066,,,KOTAK MAHINDRA BANK LIMITED,-0.14,2026-07-31 17:19:01
0,ADANIENTEQN,-40.0,ADANIENT,EQ,N,3009.1,866401,3051.0,3067.5,3002.4,3049.1,2620282536.33,3245.0,1753.0,900854251871.76,2026-07-31 16:00:29,0,27.51,-0.89,31-Jul-2025,30-Jun-2026,7.269645608628659,-71.65430690245294,,,ADANI ENTERPRISES LIMITED,-1.31,2026-07-31 17:19:01
0,BAJAJ-AUTOEQN,87.0,BAJAJ-AUTO,EQ,N,11519.0,214380,11475.0,11590.0,11329.5,11432.0,2469406775.4,11590.0,7858.5,1272196271192.98,2026-07-31 16:00:29,0,43.84,18.56,31-Jul-2025,30-Jun-2026,0.6125970664365833,-46.58013615829993,,,BAJAJ AUTO LIMITED,0.76,2026-07-31 17:19:01
0,COALINDIAEQN,2.7,COALINDIA,EQ,N,414.4,5938134,413.0,415.1,410.15,417.2,2454824595.6,491.25,368.65,989838206030.73,2026-07-31 16:00:29,0,10.11,-5.61,31-Jul-2025,30-Jun-2026,15.643765903307887,-12.41014512410145,,,COAL INDIA LIMITED,0.66,2026-07-31 17:19:01
0,ASIANPAINTEQN,-8.2,ASIANPAINT,EQ,N,2738.0,891738,2773.9,2774.9,2732.4,2746.2,2452136821.92,2985.7,2115.0,1234734079154.01,2026-07-31 16:00:29,0,14.27,3.88,31-Jul-2025,30-Jun-2026,8.296211943597816,-29.45626477541371,,,ASIAN PAINTS LIMITED,-0.3,2026-07-31 17:19:01
0,ONGCEQN,0.71,ONGC,EQ,N,242.3,10070729,241.58,242.96,238.17,241.59,2428657005.64,307.5,227.65,938580915153.36,2026-07-31 16:00:29,0,0.54,3.15,31-Jul-2025,30-Jun-2026,21.203252032520325,-6.4353173731605535,,,OIL & NATURAL GAS CORPORATION LIMITED,0.29,2026-07-31 17:19:01
0,INDIGOEQN,-53.5,INDIGO,EQ,N,5177.0,462900,5260.0,5282.0,5137.5,5230.5,2408445555.0,6232.5,3895.2,1168589020665.79,2026-07-31 16:00:29,0,-12.41,-3.57,31-Jul-2025,30-Jun-2026,16.93541917368632,-32.907167796262065,,,INTERGLOBE AVIATION LIMITED,-1.02,2026-07-31 17:19:01
0,APOLLOHOSPEQN,-47.0,APOLLOHOSP,EQ,N,8941.0,268253,9025.0,9036.5,8931.0,8988.0,2405397825.7,9036.5,6696.5,917545742565.35,2026-07-31 16:00:29,0,19.25,2.98,31-Jul-2025,30-Jun-2026,1.0568250982128036,-33.517509146569104,,,APOLLO HOSPITALS ENTERPRISE LIMITED,-0.52,2026-07-31 17:19:01
0,MAXHEALTHEQN,-23.4,MAXHEALTH,EQ,N,1101.4,2055225,1126.0,1132.0,1091.2,1124.8,2274805239.0,1301.7,903.0,817434239392.71,2026-07-31 16:00:29,0,-11.61,-2.47,31-Jul-2025,30-Jun-2026,15.387570100637628,-21.971207087486157,,,MAX HEALTHCARE INSTITUTE LIMITED,-2.08,2026-07-31 17:19:01
0,POWERGRIDEQN,-1.5,POWERGRID,EQ,N,284.2,7804310,286.3,287.4,283.0,285.7,2217516643.4,324.95,250.0,1283415819519.24,2026-07-31 16:00:29,0,-2.34,-0.73,31-Jul-2025,30-Jun-2026,12.540390829358364,-13.68,,,POWER GRID CORPORATION OF INDIA LIMITED,-0.53,2026-07-31 17:19:01
0,JSWSTEELEQN,0.6,JSWSTEEL,EQ,N,1271.4,1449872,1276.4,1282.2,1262.0,1270.8,1840844483.52,1328.0,1018.0,1189165993877.79,2026-07-31 16:00:29,0,21.28,3.67,31-Jul-2025,30-Jun-2026,4.2620481927710845,-24.891944990176817,,,JSW STEEL LIMITED,0.05,2026-07-31 17:19:01
0,TRENTEQN,1.8,TRENT,EQ,N,3001.0,605222,3008.0,3026.7,2990.9,2999.2,1819714935.18,3782.67,2183.67,995770405603.35,2026-07-31 16:00:29,0,-10.29,-8.58,31-Jul-2025,30-Jun-2026,20.664504172978347,-37.42919030805937,,,TRENT LIMITED,0.06,2026-07-31 17:19:01
0,CIPLAEQN,5.6,CIPLA,EQ,N,1472.0,1223370,1473.4,1478.8,1462.3,1466.4,1801938374.1,1673.0,1165.7,825953873199.26,2026-07-31 16:00:29,0,-5.31,0.45,31-Jul-2025,30-Jun-2026,12.014345487148834,-26.27605730462383,,,CIPLA LIMITED,0.38,2026-07-31 17:19:01
0,TATACONSUMEQN,-12.1,TATACONSUM,EQ,N,1082.1,1479617,1098.9,1098.9,1081.0,1094.2,1605650776.06,1282.7,1007.2,702721860608.4,2026-07-31 16:00:29,0,0.83,0.6,31-Jul-2025,30-Jun-2026,15.638886723318,-7.436457505957109,,,TATA CONSUMER PRODUCTS LIMITED,-1.11,2026-07-31 17:19:01
0,SBILIFEEQN,13.0,SBILIFE,EQ,N,1890.5,723852,1885.0,1898.9,1870.6,1877.5,1362731013.72,2132.0,1700.4,847141635630.89,2026-07-31 16:00:29,0,2.71,7.07,31-Jul-2025,30-Jun-2026,11.327392120075046,-11.179722418254528,,,SBI LIFE INSURANCE COMPANY LIMITED,0.69,2026-07-31 17:19:01
0,DRREDDYEQN,0.7,DRREDDY,EQ,N,1145.5,1085841,1152.0,1154.3,1141.7,1144.8,1247468432.85,1414.9,1101.0,696327720239.81,2026-07-31 16:00:29,0,-9.82,-15.59,31-Jul-2025,30-Jun-2026,19.04021485617358,-4.041780199818347,,,DR. REDDY'S LABORATORIES LIMITED,0.06,2026-07-31 17:19:01
0,GRASIMEQN,-8.8,GRASIM,EQ,N,3096.0,309447,3115.7,3135.9,3092.6,3104.8,962197596.27,3246.0,2502.5,1164892382421.51,2026-07-31 16:00:29,0,12.73,-0.13,31-Jul-2025,30-Jun-2026,4.621072088724584,-23.716283716283716,,,GRASIM INDUSTRIES LIMITED,-0.28,2026-07-31 17:19:01
1,NIFTY 50,-12.7,NIFTY 50,,,24557.95,63651616,24581.25,24620.95,24511.1,24570.65,60100989568.63,26373.2,22182.55,,2026-08-10 10:16:14,0,0.8,1.45,08-Aug-2025,10-Jul-2026,6.882934190769418,-10.70841720180953,,,,-0.05,2026-08-10 10:16:53
0,TITANEQN,125.0,TITAN,EQ,N,5066.0,1382337,4932.0,5083.8,4886.2,4941.0,6933539747.97,5083.8,3303.1,2086426981806.09,2026-08-10 10:15:46,0,46.44,10.53,08-Aug-2025,10-Jul-2026,0.3501317911798261,-53.37107565620175,,,TITAN COMPANY LIMITED,2.53,2026-08-10 10:16:53
0,SBINEQN,-8.0,SBIN,EQ,N,1089.2,5841411,1108.0,1113.3,1078.5,1097.2,6388517554.26,1234.7,790.0,4488321806892.07,2026-08-10 10:15:46,0,35.42,5.14,08-Aug-2025,10-Jul-2026,11.784239086417752,-37.87341772151899,,,STATE BANK OF INDIA,-0.73,2026-08-10 10:16:53
0,ICICIBANKEQN,-3.1,ICICIBANK,EQ,N,1417.9,4094458,1428.1,1441.9,1415.5,1421.0,5845575797.44,1480.0,1187.6,10130145228269.55,2026-08-10 10:15:46,0,-1.27,1.18,08-Aug-2025,10-Jul-2026,4.195945945945946,-19.392051195688783,,,ICICI BANK LIMITED,-0.22,2026-08-10 10:16:53
0,HDFCBANKEQN,3.9,HDFCBANK,EQ,N,734.9,6788033,731.5,735.0,728.5,731.0,4965581900.16,1020.5,726.65,11229231198296.31,2026-08-10 10:15:44,0,-25.53,-10.9,08-Aug-2025,10-Jul-2026,27.986281234688878,-1.1353471409894722,,,HDFC BANK LIMITED,0.53,2026-08-10 10:16:53
0,INFYEQN,13.4,INFY,EQ,N,1188.5,2694505,1178.1,1190.9,1175.2,1175.1,3183800162.95,1728.0,982.4,4155027832628.53,2026-08-10 10:15:45,0,-16.46,11.31,08-Aug-2025,10-Jul-2026,31.221064814814813,-20.979234527687296,,,INFOSYS LIMITED,1.14,2026-08-10 10:16:53
0,HINDALCOEQN,-4.35,HINDALCO,EQ,N,1055.25,2952492,1065.0,1068.35,1045.6,1059.6,3114199986.84,1176.0,657.5,1524200023114.72,2026-08-10 10:15:45,0,56.74,8.99,08-Aug-2025,10-Jul-2026,10.267857142857142,-60.49429657794677,,,HINDALCO INDUSTRIES LIMITED,-0.41,2026-08-10 10:16:53
0,RELIANCEEQN,-10.8,RELIANCE,EQ,N,1324.0,1472714,1330.1,1332.1,1321.3,1334.8,1951832045.62,1611.8,1249.8,8912035147139.72,2026-08-10 10:15:45,0,-3.17,1.27,08-Aug-2025,10-Jul-2026,17.855813376349424,-5.936949911985918,,,RELIANCE INDUSTRIES LIMITED,-0.81,2026-08-10 10:16:53
0,M&MEQN,12.5,M&M,EQ,N,3514.5,546476,3509.0,3532.0,3491.1,3502.0,1921409616.0,3839.9,2896.0,3128006098745.2,2026-08-10 10:15:43,0,11.8,12.33,08-Aug-2025,10-Jul-2026,8.474179015078517,-21.35704419889503,,,MAHINDRA & MAHINDRA LIMITED,0.36,2026-08-10 10:16:53
0,KOTAKBANKEQN,-2.75,KOTAKBANK,EQ,N,388.0,4720373,388.0,393.0,386.5,390.75,1835375429.86,453.2,345.5,2848179881163.19,2026-08-10 10:15:45,0,-0.66,2.74,08-Aug-2025,10-Jul-2026,14.386584289496911,-12.301013024602026,,,KOTAK MAHINDRA BANK LIMITED,-0.7,2026-08-10 10:16:53
0,TCSEQN,5.7,TCS,EQ,N,2458.4,666836,2452.7,2468.4,2443.8,2452.7,1637142395.24,3350.0,1976.8,2502748954155.3,2026-08-10 10:15:45,0,-19.03,18.83,08-Aug-2025,10-Jul-2026,26.61492537313433,-24.362606232294617,,,TATA CONSULTANCY SERVICES LIMITED,0.23,2026-08-10 10:16:53
0,BAJFINANCEEQN,-0.5,BAJFINANCE,EQ,N,1077.5,1330399,1078.0,1084.1,1070.8,1078.0,1434449505.79,1176.4,787.9,2881200214013.49,2026-08-10 10:15:43,0,22.96,5.68,08-Aug-2025,10-Jul-2026,8.407004420265215,-36.75593349409824,,,BAJAJ FINANCE LIMITED,-0.05,2026-08-10 10:16:53
0,TECHMEQN,22.5,TECHM,EQ,N,1657.5,745915,1644.0,1663.4,1643.3,1635.0,1236331735.05,1854.0,1304.1,1049299224543.5,2026-08-10 10:15:45,0,11.95,13.92,08-Aug-2025,10-Jul-2026,10.598705501618124,-27.099148838279273,,,TECH MAHINDRA LIMITED,1.38,2026-08-10 10:16:53
0,TATASTEELEQN,3.29,TATASTEEL,EQ,N,190.84,6068889,187.56,191.48,187.55,187.55,1152724776.66,224.4,153.05,1572921698891.36,2026-08-10 10:15:47,0,20.7,-0.28,08-Aug-2025,10-Jul-2026,14.955436720142602,-24.691277360339758,,,TATA STEEL LIMITED,1.75,2026-08-10 10:16:53
0,GRASIMEQN,33.8,GRASIM,EQ,N,3356.8,332173,3324.0,3379.0,3290.2,3323.0,1114231146.01,3379.0,2502.5,1267247517796.42,2026-08-10 10:15:46,0,24.81,4.54,08-Aug-2025,10-Jul-2026,0.6569991121633619,-34.137862137862136,,,GRASIM INDUSTRIES LIMITED,1.02,2026-08-10 10:16:53
0,BHARTIARTLEQN,-16.4,BHARTIARTL,EQ,N,1943.5,550713,1955.0,1959.0,1938.5,1959.9,1071235913.34,2174.5,1740.5,6031916730755.78,2026-08-10 10:15:44,0,4.59,1.23,08-Aug-2025,10-Jul-2026,10.623131754426305,-11.663315139327779,,,BHARTI AIRTEL LIMITED,-0.84,2026-08-10 10:16:53
0,AXISBANKEQN,3.2,AXISBANK,EQ,N,1241.2,854716,1235.0,1248.6,1235.0,1238.0,1061557272.0,1418.3,1042.5,3555215139910.06,2026-08-10 10:15:43,0,17.31,-6.22,08-Aug-2025,10-Jul-2026,12.48677994782486,-19.059952038369303,,,AXIS BANK LIMITED,0.26,2026-08-10 10:16:53
0,MARUTIEQN,8.0,MARUTI,EQ,N,14045.0,65589,14039.0,14107.0,13954.0,14037.0,921695325.51,17370.0,12201.0,1826858827796.61,2026-08-10 10:15:44,0,11.58,1.4,08-Aug-2025,10-Jul-2026,19.142199194012665,-15.113515285632324,,,MARUTI SUZUKI INDIA LIMITED,0.06,2026-08-10 10:16:53
0,SHRIRAMFINEQN,3.2,SHRIRAMFIN,EQ,N,1118.2,770568,1115.0,1119.8,1106.1,1115.0,859630249.44,1153.7,566.5,1561717144106.92,2026-08-10 10:15:45,0,83.43,7.11,08-Aug-2025,10-Jul-2026,3.0770564271474385,-97.38746690203001,,,SHRIRAM FINANCE LIMITED,0.29,2026-08-10 10:16:53
0,ADANIENTEQN,-34.6,ADANIENT,EQ,N,2985.4,278057,3020.0,3021.8,2969.9,3020.0,832227381.57,3245.0,1753.0,893649245115.41,2026-08-10 10:15:44,0,41.35,-5.33,08-Aug-2025,10-Jul-2026,8.0,-70.30233884768967,,,ADANI ENTERPRISES LIMITED,-1.15,2026-08-10 10:16:53
0,ETERNALEQN,-1.15,ETERNAL,EQ,N,313.85,2610666,315.45,315.9,311.0,315.0,817242884.64,368.45,212.6,2262279626954.05,2026-08-10 10:15:41,0,4.35,8.41,08-Aug-2025,10-Jul-2026,14.8188356629122,-47.62464722483537,,,ETERNAL LIMITED,-0.37,2026-08-10 10:16:53
0,JIOFINEQN,0.25,JIOFIN,EQ,N,256.45,3110778,256.8,257.7,254.85,256.8,796856892.48,333.7,223.3,839082884478.72,2026-08-10 10:15:47,0,-20.1,6.05,08-Aug-2025,10-Jul-2026,23.14953551093797,-14.845499328257949,,,JIO FINANCIAL SERVICES LIMITED,0.1,2026-08-10 10:16:53
0,TMPVEQN,1.9,TMPV,EQ,N,348.9,1931311,347.0,351.4,344.6,347.0,673564024.36,739.7,294.3,727242588807.13,2026-08-10 10:15:45,0,-44.88,3.36,08-Aug-2025,10-Jul-2026,52.832229282141405,-18.55249745158002,,,TATA MOTORS PASSENGER VEHICLES LIMITED,0.55,2026-08-10 10:16:53
0,LTEQN,-9.0,LT,EQ,N,4047.0,165175,4055.7,4055.7,4025.8,4056.0,666740449.75,4440.0,3288.1,4721413865446.39,2026-08-10 10:15:44,0,12.19,2.58,08-Aug-2025,10-Jul-2026,8.85135135135135,-23.08019829080624,,,LARSEN & TOUBRO LIMITED,-0.22,2026-08-10 10:16:53
0,EICHERMOTEQN,-40.5,EICHERMOT,EQ,N,7979.5,75494,8000.0,8005.0,7938.0,8020.0,602451934.22,8230.0,5588.0,1096787457861.16,2026-08-10 10:15:47,0,40.88,8.32,08-Aug-2025,10-Jul-2026,3.0437424058323206,-42.797065139584824,,,EICHER MOTORS LIMITED,-0.5,2026-08-10 10:16:53
0,ONGCEQN,0.05,ONGC,EQ,N,238.9,2271337,240.0,241.3,238.52,238.85,544530332.38,307.5,227.65,925333095385.2,2026-08-10 10:15:44,0,2.36,-2.45,08-Aug-2025,10-Jul-2026,22.308943089430894,-4.941796617614759,,,OIL & NATURAL GAS CORPORATION LIMITED,0.02,2026-08-10 10:16:53
0,POWERGRIDEQN,-1.85,POWERGRID,EQ,N,269.75,2005735,271.5,271.55,268.8,271.6,540986844.2,324.95,250.0,1218161215043.33,2026-08-10 10:15:44,0,-5.3,-4.72,08-Aug-2025,10-Jul-2026,16.98722880443145,-7.9,,,POWER GRID CORPORATION OF INDIA LIMITED,-0.68,2026-08-10 10:16:53
0,ITCEQN,-2.1,ITC,EQ,N,284.0,1868819,286.1,286.1,283.6,286.1,531361306.27,427.0,275.0,2729047875961.16,2026-08-10 10:15:45,0,-31.47,0.82,08-Aug-2025,10-Jul-2026,33.48946135831382,-3.272727272727273,,,ITC LIMITED,-0.73,2026-08-10 10:16:53
0,BELEQN,-0.5,BEL,EQ,N,400.5,1217081,402.0,402.2,399.25,401.0,487574819.41,473.45,361.2,1430458721936.84,2026-08-10 10:15:43,0,4.17,-3.42,08-Aug-2025,10-Jul-2026,15.408174041609463,-10.880398671096346,,,BHARAT ELECTRONICS LIMITED,-0.12,2026-08-10 10:16:53
0,SUNPHARMAEQN,1.9,SUNPHARMA,EQ,N,1946.9,249068,1949.9,1965.0,1945.0,1945.0,486629058.4,2046.9,1548.0,2055868703050.83,2026-08-10 10:15:45,0,22.7,0.6,08-Aug-2025,10-Jul-2026,4.885436513752504,-25.7687338501292,,,SUN PHARMACEUTICAL INDUSTRIES LIMITED,0.1,2026-08-10 10:16:53
0,TRENTEQN,13.0,TRENT,EQ,N,3010.0,158838,3010.0,3032.4,2981.0,2997.0,478583659.14,3782.67,2183.67,999188078105.08,2026-08-10 10:15:44,0,-14.99,3.81,08-Aug-2025,10-Jul-2026,20.426576994556754,-37.8413404955877,,,TRENT LIMITED,0.43,2026-08-10 10:16:53
0,ULTRACEMCOEQN,-85.0,ULTRACEMCO,EQ,N,12020.0,37132,12040.0,12049.0,11921.0,12105.0,445635613.48,13110.0,10325.0,1417839055285.0,2026-08-10 10:15:45,0,-1.12,2.65,08-Aug-2025,10-Jul-2026,8.314263920671243,-16.416464891041162,,,ULTRATECH CEMENT LIMITED,-0.7,2026-08-10 10:16:53
0,BAJAJFINSVEQN,-10.6,BAJAJFINSV,EQ,N,1998.3,215322,2009.0,2009.5,1992.6,2008.9,430353315.3,2195.0,1597.0,1153046033930.48,2026-08-10 10:15:44,0,4.13,4.3,08-Aug-2025,10-Jul-2026,8.96127562642369,-25.128365685660615,,,BAJAJ FINSERV LIMITED,-0.53,2026-08-10 10:16:53
0,ADANIPORTSEQN,-14.2,ADANIPORTS,EQ,N,1679.3,248703,1690.0,1690.0,1673.1,1693.5,417828501.09,1891.1,1290.5,1235345251146.62,2026-08-10 10:15:43,0,26.84,-8.07,08-Aug-2025,10-Jul-2026,11.199830786314843,-30.127857419604805,,,ADANI PORTS AND SPECIAL ECONOMIC ZONE LIMITED,-0.84,2026-08-10 10:16:53
0,COALINDIAEQN,-2.4,COALINDIA,EQ,N,412.85,988001,415.0,415.15,412.25,415.25,408004892.96,491.25,368.65,986135867180.95,2026-08-10 10:15:43,0,8.72,-3.84,08-Aug-2025,10-Jul-2026,15.959287531806616,-11.98969211989692,,,COAL INDIA LIMITED,-0.58,2026-08-10 10:16:53
0,HCLTECHEQN,3.0,HCLTECH,EQ,N,1359.6,282408,1356.6,1364.4,1353.2,1356.6,383668212.48,1780.1,1030.0,1429291662446.9,2026-08-10 10:15:46,0,-7.91,16.73,08-Aug-2025,10-Jul-2026,23.622268411886974,-32.0,,,HCL TECHNOLOGIES LIMITED,0.22,2026-08-10 10:16:53
0,INDIGOEQN,9.0,INDIGO,EQ,N,5342.0,70115,5305.0,5355.0,5297.0,5333.0,373154834.6,6232.5,3895.2,1205382532423.28,2026-08-10 10:15:41,0,-7.38,0.59,08-Aug-2025,10-Jul-2026,14.288006417970317,-37.143150544259605,,,INTERGLOBE AVIATION LIMITED,0.17,2026-08-10 10:16:53
0,BAJAJ-AUTOEQN,25.0,BAJAJ-AUTO,EQ,N,11687.0,29405,11662.0,11750.0,11615.0,11662.0,343965281.55,11856.0,7858.5,1269507706691.75,2026-08-10 10:15:43,0,42.16,15.11,08-Aug-2025,10-Jul-2026,1.4254385964912282,-48.717948717948715,,,BAJAJ AUTO LIMITED,0.21,2026-08-10 10:16:53
0,JSWSTEELEQN,12.0,JSWSTEEL,EQ,N,1311.5,260775,1299.5,1312.0,1295.0,1299.5,340376568.75,1335.0,1022.3,1226204670421.41,2026-08-10 10:15:46,0,24.6,4.97,08-Aug-2025,10-Jul-2026,1.7602996254681649,-28.289151912354495,,,JSW STEEL LIMITED,0.92,2026-08-10 10:16:53
0,MAXHEALTHEQN,-5.9,MAXHEALTH,EQ,N,1064.1,278669,1070.2,1074.7,1062.5,1070.0,297072300.76,1301.7,903.0,789751020644.44,2026-08-10 10:15:47,0,-14.55,-3.97,08-Aug-2025,10-Jul-2026,18.253053699008987,-17.840531561461795,,,MAX HEALTHCARE INSTITUTE LIMITED,-0.55,2026-08-10 10:16:53
0,APOLLOHOSPEQN,-48.5,APOLLOHOSP,EQ,N,8896.5,31707,8945.0,8971.0,8884.0,8945.0,282890805.21,9050.0,6696.5,913030362554.96,2026-08-10 10:15:44,0,25.61,0.65,08-Aug-2025,10-Jul-2026,1.6961325966850829,-32.852982901515716,,,APOLLO HOSPITALS ENTERPRISE LIMITED,-0.54,2026-08-10 10:16:53
0,HINDUNILVREQN,-13.6,HINDUNILVR,EQ,N,2082.4,129522,2096.0,2096.0,2078.6,2096.0,270050779.56,2750.0,2016.0,1842483188040.49,2026-08-10 10:15:46,0,-16.62,-3.13,08-Aug-2025,10-Jul-2026,24.276363636363637,-3.2936507936507935,,,HINDUSTAN UNILEVER LIMITED,-0.65,2026-08-10 10:16:53
0,HDFCLIFEEQN,-6.4,HDFCLIFE,EQ,N,533.6,488160,540.0,541.0,531.05,540.0,260496820.8,815.0,530.5,575890473854.04,2026-08-10 10:15:46,0,-29.91,-5.97,08-Aug-2025,10-Jul-2026,34.52760736196319,-0.58435438265787,,,HDFC LIFE INSURANCE COMPANY LIMITED,-1.19,2026-08-10 10:16:53
0,SBILIFEEQN,-10.7,SBILIFE,EQ,N,1844.8,133893,1855.5,1862.1,1836.0,1855.5,247694016.42,2132.0,1700.4,825946290819.81,2026-08-10 10:15:45,0,0.61,-0.98,08-Aug-2025,10-Jul-2026,13.470919324577862,-8.492119501293812,,,SBI LIFE INSURANCE COMPANY LIMITED,-0.58,2026-08-10 10:16:53
0,NESTLEINDEQN,-4.5,NESTLEIND,EQ,N,1535.5,158520,1534.1,1547.5,1532.1,1540.0,244117629.6,1553.0,1084.7,1098033872107.75,2026-08-10 10:15:43,0,40.08,5.55,08-Aug-2025,10-Jul-2026,1.1268512556342563,-41.55987830736609,,,NESTLE INDIA LIMITED,-0.29,2026-08-10 10:16:53
0,CIPLAEQN,8.2,CIPLA,EQ,N,1472.0,159559,1463.8,1483.7,1463.8,1463.8,235210708.67,1673.0,1165.7,825392763231.05,2026-08-10 10:15:43,0,-0.9,2.3,08-Aug-2025,10-Jul-2026,12.014345487148834,-26.27605730462383,,,CIPLA LIMITED,0.56,2026-08-10 10:16:53
0,NTPCEQN,-1.1,NTPC,EQ,N,341.4,683417,342.5,343.7,341.1,342.5,233851629.06,414.4,315.55,1613759598088.23,2026-08-10 10:15:43,0,2.11,-0.8,08-Aug-2025,10-Jul-2026,17.615830115830114,-8.192045634606243,,,NTPC LIMITED,-0.32,2026-08-10 10:16:53
0,WIPROEQN,-0.84,WIPRO,EQ,N,186.69,1249605,187.53,187.89,186.1,187.53,233613654.75,273.1,169.0,504350674461.27,2026-08-10 10:15:44,0,-21.93,6.37,08-Aug-2025,10-Jul-2026,31.640424752837788,-10.467455621301776,,,WIPRO LIMITED,-0.45,2026-08-10 10:16:53
0,DRREDDYEQN,-5.1,DRREDDY,EQ,N,1166.9,191238,1172.0,1178.8,1165.9,1172.0,224134760.76,1414.9,1101.0,709214798082.74,2026-08-10 10:15:41,0,-3.67,-6.21,08-Aug-2025,10-Jul-2026,17.527740476358755,-5.985467756584923,,,DR. REDDY'S LABORATORIES LIMITED,-0.44,2026-08-10 10:16:53
0,ASIANPAINTEQN,-12.0,ASIANPAINT,EQ,N,2723.0,79358,2724.7,2735.0,2713.5,2735.0,216353715.4,2985.7,2115.0,1227518686434.34,2026-08-10 10:15:45,0,9.99,1.69,08-Aug-2025,10-Jul-2026,8.798606691898048,-28.747044917257682,,,ASIAN PAINTS LIMITED,-0.44,2026-08-10 10:16:53
0,TATACONSUMEQN,3.8,TATACONSUM,EQ,N,1086.1,115151,1085.6,1088.7,1082.3,1082.3,124935380.47,1282.7,1007.2,705606376359.74,2026-08-10 10:15:46,0,3.37,-2.29,08-Aug-2025,10-Jul-2026,15.327044515475169,-7.833598093725179,,,TATA CONSUMER PRODUCTS LIMITED,0.35,2026-08-10 10:16:53
1,NIFTY 50,-9.35,NIFTY 50,,,24561.3,64829756,24581.25,24620.95,24511.1,24570.65,61077609120.68,26373.2,22182.55,,2026-08-10 10:17:05,0,0.81,1.46,08-Aug-2025,10-Jul-2026,6.870231902082417,-10.723519162585005,,,,-0.04,2026-08-10 10:17:23
0,TITANEQN,124.0,TITAN,EQ,N,5065.0,1390801,4932.0,5083.8,4886.2,4941.0,6976424712.12,5083.8,3303.1,2086138784223.9,2026-08-10 10:17:01,0,46.42,10.51,08-Aug-2025,10-Jul-2026,0.36980211652700734,-53.34080106566559,,,TITAN COMPANY LIMITED,2.51,2026-08-10 10:17:23
0,SBINEQN,-7.2,SBIN,EQ,N,1090.0,6133740,1108.0,1113.3,1078.5,1097.2,6707122015.2,1234.7,790.0,4493268070248.0,2026-08-10 10:17:01,0,35.52,5.21,08-Aug-2025,10-Jul-2026,11.719446019275937,-37.9746835443038,,,STATE BANK OF INDIA,-0.66,2026-08-10 10:17:23
0,ICICIBANKEQN,-3.3,ICICIBANK,EQ,N,1417.7,4108616,1428.1,1441.9,1415.5,1421.0,5865624546.24,1480.0,1187.6,10130859826550.32,2026-08-10 10:17:02,0,-1.3,1.15,08-Aug-2025,10-Jul-2026,4.20945945945946,-19.37521050858875,,,ICICI BANK LIMITED,-0.23,2026-08-10 10:17:23
0,HDFCBANKEQN,4.05,HDFCBANK,EQ,N,735.05,6892788,731.5,735.25,728.5,731.0,5042556917.16,1020.5,726.65,11233050924535.61,2026-08-10 10:17:01,0,-25.52,-10.89,08-Aug-2025,10-Jul-2026,27.971582557569818,-1.1559898162801898,,,HDFC BANK LIMITED,0.55,2026-08-10 10:17:23
0,INFYEQN,13.7,INFY,EQ,N,1188.8,2752234,1178.1,1190.9,1175.2,1175.1,3252425007.16,1728.0,982.4,4159925566875.97,2026-08-10 10:17:01,0,-16.46,11.32,08-Aug-2025,10-Jul-2026,31.203703703703702,-21.009771986970684,,,INFOSYS LIMITED,1.17,2026-08-10 10:17:23
0,HINDALCOEQN,-5.7,HINDALCO,EQ,N,1053.9,2964717,1065.0,1068.35,1045.6,1059.6,3127094550.09,1176.0,657.5,1521889863462.39,2026-08-10 10:16:56,0,56.71,8.98,08-Aug-2025,10-Jul-2026,10.38265306122449,-60.28897338403042,,,HINDALCO INDUSTRIES LIMITED,-0.54,2026-08-10 10:17:23
0,RELIANCEEQN,-10.5,RELIANCE,EQ,N,1324.3,1493842,1330.1,1332.1,1321.3,1334.8,1979803741.02,1611.8,1249.8,8921466585045.83,2026-08-10 10:16:56,0,-3.03,1.41,08-Aug-2025,10-Jul-2026,17.837200645241346,-5.960953752600416,,,RELIANCE INDUSTRIES LIMITED,-0.79,2026-08-10 10:17:23
0,M&MEQN,14.9,M&M,EQ,N,3516.9,551035,3509.0,3532.0,3491.1,3502.0,1937433549.65,3839.9,2896.0,3130053747536.18,2026-08-10 10:17:01,0,11.79,12.32,08-Aug-2025,10-Jul-2026,8.411677387431965,-21.439917127071823,,,MAHINDRA & MAHINDRA LIMITED,0.43,2026-08-10 10:17:23
0,KOTAKBANKEQN,-2.75,KOTAKBANK,EQ,N,388.0,4789825,388.0,393.0,386.5,390.75,1862331858.25,453.2,345.5,2848547009273.67,2026-08-10 10:16:56,0,-0.65,2.75,08-Aug-2025,10-Jul-2026,14.386584289496911,-12.301013024602026,,,KOTAK MAHINDRA BANK LIMITED,-0.7,2026-08-10 10:17:23
0,TCSEQN,6.8,TCS,EQ,N,2459.5,669658,2452.7,2468.4,2443.8,2452.7,1644084052.38,3350.0,1976.8,2502952578673.58,2026-08-10 10:16:56,0,-19.01,18.85,08-Aug-2025,10-Jul-2026,26.582089552238806,-24.418251719951435,,,TATA CONSULTANCY SERVICES LIMITED,0.28,2026-08-10 10:17:23
0,BAJFINANCEEQN,0.6,BAJFINANCE,EQ,N,1078.6,1341779,1078.0,1084.1,1070.8,1078.0,1446719535.59,1176.4,787.9,2882803850496.24,2026-08-10 10:17:01,0,22.97,5.69,08-Aug-2025,10-Jul-2026,8.313498809928596,-36.89554511993908,,,BAJAJ FINANCE LIMITED,0.06,2026-08-10 10:17:23
0,TECHMEQN,21.7,TECHM,EQ,N,1656.7,750444,1644.0,1663.4,1643.3,1635.0,1243838416.68,1854.0,1304.1,1049679221848.38,2026-08-10 10:16:56,0,11.89,13.86,08-Aug-2025,10-Jul-2026,10.64185544768069,-27.037803849398053,,,TECH MAHINDRA LIMITED,1.33,2026-08-10 10:17:23
0,TATASTEELEQN,3.17,TATASTEEL,EQ,N,190.72,6175521,187.56,191.48,187.55,187.55,1173040213.95,224.4,153.05,1571355536419.98,2026-08-10 10:17:02,0,20.72,-0.27,08-Aug-2025,10-Jul-2026,15.00891265597148,-24.612871610584776,,,TATA STEEL LIMITED,1.69,2026-08-10 10:17:23
0,GRASIMEQN,37.0,GRASIM,EQ,N,3360.0,340285,3324.0,3379.0,3290.2,3323.0,1141475823.95,3379.0,2502.5,1263409654173.64,2026-08-10 10:17:01,0,24.62,4.38,08-Aug-2025,10-Jul-2026,0.5622965374371116,-34.26573426573427,,,GRASIM INDUSTRIES LIMITED,1.11,2026-08-10 10:17:23
0,BHARTIARTLEQN,-15.6,BHARTIARTL,EQ,N,1944.3,555641,1955.0,1959.0,1938.5,1959.9,1080816203.97,2174.5,1740.5,6036885360682.27,2026-08-10 10:17:01,0,4.61,1.24,08-Aug-2025,10-Jul-2026,10.586341687744309,-11.709278942832519,,,BHARTI AIRTEL LIMITED,-0.8,2026-08-10 10:17:23
0,AXISBANKEQN,3.4,AXISBANK,EQ,N,1241.4,858381,1235.0,1248.6,1235.0,1238.0,1066109202.0,1418.3,1042.5,3557507163531.57,2026-08-10 10:17:01,0,17.31,-6.22,08-Aug-2025,10-Jul-2026,12.472678558838046,-19.07913669064748,,,AXIS BANK LIMITED,0.27,2026-08-10 10:17:23
0,MARUTIEQN,9.0,MARUTI,EQ,N,14046.0,65852,14039.0,14107.0,13954.0,14037.0,925389839.64,17370.0,12201.0,1827379189208.79,2026-08-10 10:17:02,0,11.56,1.38,08-Aug-2025,10-Jul-2026,19.13644214162349,-15.121711335136464,,,MARUTI SUZUKI INDIA LIMITED,0.06,2026-08-10 10:17:23
0,SHRIRAMFINEQN,3.7,SHRIRAMFIN,EQ,N,1118.7,776197,1115.0,1119.8,1106.1,1115.0,865925373.2,1153.7,566.5,1561717144106.92,2026-08-10 10:16:56,0,83.37,7.07,08-Aug-2025,10-Jul-2026,3.033717604229869,-97.47572815533981,,,SHRIRAM FINANCE LIMITED,0.33,2026-08-10 10:17:23
0,ADANIENTEQN,-31.0,ADANIENT,EQ,N,2989.0,282183,3020.0,3021.8,2969.9,3020.0,844556788.02,3245.0,1753.0,894996455032.67,2026-08-10 10:17:01,0,41.44,-5.27,08-Aug-2025,10-Jul-2026,7.889060092449923,-70.50770108385625,,,ADANI ENTERPRISES LIMITED,-1.03,2026-08-10 10:17:23
0,JIOFINEQN,0.8,JIOFIN,EQ,N,257.0,3234375,256.8,257.7,254.85,256.8,828614531.25,333.7,223.3,839900863504.33,2026-08-10 10:16:57,0,-19.88,6.34,08-Aug-2025,10-Jul-2026,22.984716811507344,-15.09180474697716,,,JIO FINANCIAL SERVICES LIMITED,0.31,2026-08-10 10:17:23
0,ETERNALEQN,-1.0,ETERNAL,EQ,N,314.0,2623054,315.45,315.9,311.0,315.0,821120824.16,368.45,212.6,2263361022569.23,2026-08-10 10:16:58,0,4.35,8.41,08-Aug-2025,10-Jul-2026,14.778124575926178,-47.69520225776105,,,ETERNAL LIMITED,-0.32,2026-08-10 10:17:23
0,TMPVEQN,2.25,TMPV,EQ,N,349.25,1945843,347.0,351.4,344.6,347.0,678632204.68,739.7,294.3,728076224100.22,2026-08-10 10:16:56,0,-44.91,3.3,08-Aug-2025,10-Jul-2026,52.7849128024875,-18.671423717295276,,,TATA MOTORS PASSENGER VEHICLES LIMITED,0.65,2026-08-10 10:17:23
0,LTEQN,-8.1,LT,EQ,N,4047.9,166954,4055.7,4055.7,4025.8,4056.0,673939872.72,4440.0,3288.1,4724681926067.19,2026-08-10 10:17:01,0,12.19,2.58,08-Aug-2025,10-Jul-2026,8.83108108108108,-23.10756972111554,,,LARSEN & TOUBRO LIMITED,-0.2,2026-08-10 10:17:23
0,EICHERMOTEQN,-40.0,EICHERMOT,EQ,N,7980.0,77380,8000.0,8005.0,7938.0,8020.0,617495495.2,8230.0,5588.0,1096375131749.18,2026-08-10 10:16:58,0,40.9,8.33,08-Aug-2025,10-Jul-2026,3.0376670716889427,-42.806012884753045,,,EICHER MOTORS LIMITED,-0.5,2026-08-10 10:17:23
0,ONGCEQN,0.1,ONGC,EQ,N,238.95,2337235,240.0,241.3,238.52,238.85,560281974.2,307.5,227.65,925604249590.98,2026-08-10 10:17:01,0,2.36,-2.45,08-Aug-2025,10-Jul-2026,22.29268292682927,-4.963760158137492,,,OIL & NATURAL GAS CORPORATION LIMITED,0.04,2026-08-10 10:17:23
0,POWERGRIDEQN,-1.75,POWERGRID,EQ,N,269.85,2064891,271.5,271.55,268.8,271.6,556942400.52,324.95,250.0,1218161215043.33,2026-08-10 10:17:01,0,-5.27,-4.68,08-Aug-2025,10-Jul-2026,16.95645483920603,-7.94,,,POWER GRID CORPORATION OF INDIA LIMITED,-0.64,2026-08-10 10:17:23
0,ITCEQN,-2.05,ITC,EQ,N,284.05,1890729,286.1,286.1,283.6,286.1,537572069.28,427.0,275.0,2729047875961.16,2026-08-10 10:16:56,0,-31.48,0.8,08-Aug-2025,10-Jul-2026,33.477751756440284,-3.290909090909091,,,ITC LIMITED,-0.72,2026-08-10 10:17:23
0,BELEQN,-0.25,BEL,EQ,N,400.75,1231578,402.0,402.2,399.25,401.0,493382462.58,473.45,361.2,1430994474267.16,2026-08-10 10:17:01,0,4.17,-3.42,08-Aug-2025,10-Jul-2026,15.355370155243426,-10.949612403100776,,,BHARAT ELECTRONICS LIMITED,-0.06,2026-08-10 10:17:23
0,SUNPHARMAEQN,3.8,SUNPHARMA,EQ,N,1948.8,251850,1949.9,1965.0,1945.0,1945.0,492049419.0,2046.9,1548.0,2058297310147.4,2026-08-10 10:16:56,0,22.81,0.69,08-Aug-2025,10-Jul-2026,4.792613219991206,-25.891472868217054,,,SUN PHARMACEUTICAL INDUSTRIES LIMITED,0.2,2026-08-10 10:17:23
0,TRENTEQN,16.0,TRENT,EQ,N,3013.0,161353,3010.0,3032.4,2981.0,2997.0,486159816.06,3782.67,2183.67,999022171672.96,2026-08-10 10:17:02,0,-14.95,3.86,08-Aug-2025,10-Jul-2026,20.34726793508289,-37.978723891430484,,,TRENT LIMITED,0.53,2026-08-10 10:17:23
0,ULTRACEMCOEQN,-85.0,ULTRACEMCO,EQ,N,12020.0,37218,12040.0,12049.0,11921.0,12105.0,446669593.92,13110.0,10325.0,1419019112759.23,2026-08-10 10:16:56,0,-1.13,2.64,08-Aug-2025,10-Jul-2026,8.314263920671243,-16.416464891041162,,,ULTRATECH CEMENT LIMITED,-0.7,2026-08-10 10:17:23
0,BAJAJFINSVEQN,-9.3,BAJAJFINSV,EQ,N,1999.6,216014,2009.0,2009.5,1992.6,2008.9,431738541.24,2195.0,1597.0,1154085178205.79,2026-08-10 10:17:01,0,4.16,4.33,08-Aug-2025,10-Jul-2026,8.902050113895216,-25.209768315591734,,,BAJAJ FINSERV LIMITED,-0.46,2026-08-10 10:17:23
0,HCLTECHEQN,2.8,HCLTECH,EQ,N,1359.4,314245,1356.6,1364.4,1353.2,1356.6,426930114.55,1780.1,1030.0,1428871127937.91,2026-08-10 10:16:58,0,-7.85,16.81,08-Aug-2025,10-Jul-2026,23.633503735745183,-31.980582524271846,,,HCL TECHNOLOGIES LIMITED,0.21,2026-08-10 10:17:23
0,ADANIPORTSEQN,-12.4,ADANIPORTS,EQ,N,1681.1,251449,1690.0,1690.0,1673.1,1693.5,422441863.47,1891.1,1290.5,1236595898435.17,2026-08-10 10:17:01,0,26.86,-8.05,08-Aug-2025,10-Jul-2026,11.10464808841415,-30.267338240991865,,,ADANI PORTS AND SPECIAL ECONOMIC ZONE LIMITED,-0.73,2026-08-10 10:17:23
0,COALINDIAEQN,-2.25,COALINDIA,EQ,N,413.0,992178,415.0,415.15,412.25,415.25,409729826.88,491.25,368.65,986255297466.42,2026-08-10 10:17:01,0,8.76,-3.81,08-Aug-2025,10-Jul-2026,15.928753180661577,-12.030381120303812,,,COAL INDIA LIMITED,-0.54,2026-08-10 10:17:23
0,INDIGOEQN,11.0,INDIGO,EQ,N,5344.0,70493,5305.0,5355.0,5297.0,5333.0,375174319.95,6232.5,3895.2,1206398304220.27,2026-08-10 10:16:59,0,-7.37,0.61,08-Aug-2025,10-Jul-2026,14.255916566385881,-37.194495789689874,,,INTERGLOBE AVIATION LIMITED,0.21,2026-08-10 10:17:23
0,JSWSTEELEQN,7.0,JSWSTEEL,EQ,N,1306.5,272764,1299.5,1312.0,1295.0,1299.5,356060670.32,1335.0,1022.3,1222369857950.99,2026-08-10 10:17:02,0,24.48,4.87,08-Aug-2025,10-Jul-2026,2.134831460674157,-27.80005869118654,,,JSW STEEL LIMITED,0.54,2026-08-10 10:17:23
0,BAJAJ-AUTOEQN,35.0,BAJAJ-AUTO,EQ,N,11697.0,29625,11662.0,11750.0,11615.0,11662.0,346537845.0,11856.0,7858.5,1269616295153.53,2026-08-10 10:17:01,0,42.23,15.17,08-Aug-2025,10-Jul-2026,1.341093117408907,-48.84519946554686,,,BAJAJ AUTO LIMITED,0.3,2026-08-10 10:17:23
0,MAXHEALTHEQN,-5.5,MAXHEALTH,EQ,N,1064.5,279051,1070.2,1074.7,1062.5,1070.0,297476737.53,1301.7,903.0,790047891622.97,2026-08-10 10:16:56,0,-14.52,-3.93,08-Aug-2025,10-Jul-2026,18.22232465237766,-17.88482834994463,,,MAX HEALTHCARE INSTITUTE LIMITED,-0.51,2026-08-10 10:17:23
0,APOLLOHOSPEQN,-45.5,APOLLOHOSP,EQ,N,8899.5,32238,8945.0,8971.0,8884.0,8945.0,287616475.08,9050.0,6696.5,913235607100.89,2026-08-10 10:17:01,0,25.63,0.67,08-Aug-2025,10-Jul-2026,1.6629834254143647,-32.89778242365415,,,APOLLO HOSPITALS ENTERPRISE LIMITED,-0.51,2026-08-10 10:17:23
0,HINDUNILVREQN,-12.0,HINDUNILVR,EQ,N,2084.0,130732,2096.0,2096.0,2078.6,2096.0,272570990.72,2750.0,2016.0,1843102480382.58,2026-08-10 10:16:57,0,-16.6,-3.1,08-Aug-2025,10-Jul-2026,24.21818181818182,-3.373015873015873,,,HINDUSTAN UNILEVER LIMITED,-0.57,2026-08-10 10:17:23
0,HDFCLIFEEQN,-6.15,HDFCLIFE,EQ,N,533.85,490856,540.0,541.0,531.05,540.0,261935487.28,815.0,530.5,576592450052.83,2026-08-10 10:16:57,0,-29.91,-5.97,08-Aug-2025,10-Jul-2026,34.49693251533742,-0.6314797360980208,,,HDFC LIFE INSURANCE COMPANY LIMITED,-1.14,2026-08-10 10:17:23
0,SBILIFEEQN,-10.5,SBILIFE,EQ,N,1845.0,134561,1855.5,1862.1,1836.0,1855.5,248927085.12,2132.0,1700.4,826752878994.44,2026-08-10 10:16:56,0,0.66,-0.92,08-Aug-2025,10-Jul-2026,13.461538461538462,-8.503881439661257,,,SBI LIFE INSURANCE COMPANY LIMITED,-0.57,2026-08-10 10:17:23
0,NESTLEINDEQN,-3.4,NESTLEIND,EQ,N,1536.6,161498,1534.1,1547.5,1532.1,1540.0,248690770.2,1553.0,1084.7,1098462875378.74,2026-08-10 10:17:01,0,40.16,5.61,08-Aug-2025,10-Jul-2026,1.056020605280103,-41.661288835622756,,,NESTLE INDIA LIMITED,-0.22,2026-08-10 10:17:23
0,NTPCEQN,-0.7,NTPC,EQ,N,341.8,709382,342.5,343.7,341.1,342.5,242722145.12,414.4,315.55,1615650630281.68,2026-08-10 10:17:01,0,2.12,-0.78,08-Aug-2025,10-Jul-2026,17.51930501930502,-8.318808429725875,,,NTPC LIMITED,-0.2,2026-08-10 10:17:23
0,ASIANPAINTEQN,-5.5,ASIANPAINT,EQ,N,2729.5,88925,2724.7,2735.0,2713.5,2735.0,242437116.75,2985.7,2115.0,1228736283955.78,2026-08-10 10:17:01,0,10.24,1.92,08-Aug-2025,10-Jul-2026,8.580902300967947,-29.05437352245863,,,ASIAN PAINTS LIMITED,-0.2,2026-08-10 10:17:23
0,CIPLAEQN,9.4,CIPLA,EQ,N,1473.2,163579,1463.8,1483.7,1463.8,1463.8,241130168.11,1673.0,1165.7,826290539180.18,2026-08-10 10:17:01,0,-0.83,2.36,08-Aug-2025,10-Jul-2026,11.942618051404663,-26.378999742643906,,,CIPLA LIMITED,0.64,2026-08-10 10:17:23
0,WIPROEQN,-0.78,WIPRO,EQ,N,186.75,1266216,187.53,187.89,186.1,187.53,236706419.04,273.1,169.0,504242647543.04,2026-08-10 10:17:02,0,-21.9,6.41,08-Aug-2025,10-Jul-2026,31.618454778469424,-10.502958579881657,,,WIPRO LIMITED,-0.42,2026-08-10 10:17:23
0,DRREDDYEQN,-4.4,DRREDDY,EQ,N,1167.6,193825,1172.0,1178.8,1165.9,1172.0,227155147.0,1414.9,1101.0,709701102907.01,2026-08-10 10:16:58,0,-3.64,-6.19,08-Aug-2025,10-Jul-2026,17.478267015336773,-6.049046321525886,,,DR. REDDY'S LABORATORIES LIMITED,-0.38,2026-08-10 10:17:23
0,TATACONSUMEQN,4.1,TATACONSUM,EQ,N,1086.4,116126,1085.6,1088.7,1082.3,1082.3,125994387.48,1282.7,1007.2,705346604108.9,2026-08-10 10:16:57,0,3.37,-2.29,08-Aug-2025,10-Jul-2026,15.303656349886957,-7.863383637807784,,,TATA CONSUMER PRODUCTS LIMITED,0.38,2026-08-10 10:17:23
1,NIFTY 50,-9.35,NIFTY 50,,,24561.3,64829756,24581.25,24620.95,24511.1,24570.65,61077609120.68,26373.2,22182.55,,2026-08-10 10:17:05,0,0.81,1.46,08-Aug-2025,10-Jul-2026,6.870231902082417,-10.723519162585005,,,,-0.04,2026-08-10 10:17:53
0,TITANEQN,124.0,TITAN,EQ,N,5065.0,1390801,4932.0,5083.8,4886.2,4941.0,6976424712.12,5083.8,3303.1,2086138784223.9,2026-08-10 10:17:01,0,46.42,10.51,08-Aug-2025,10-Jul-2026,0.36980211652700734,-53.34080106566559,,,TITAN COMPANY LIMITED,2.51,2026-08-10 10:17:53
0,SBINEQN,-7.2,SBIN,EQ,N,1090.0,6133740,1108.0,1113.3,1078.5,1097.2,6707122015.2,1234.7,790.0,4493268070248.0,2026-08-10 10:17:01,0,35.52,5.21,08-Aug-2025,10-Jul-2026,11.719446019275937,-37.9746835443038,,,STATE BANK OF INDIA,-0.66,2026-08-10 10:17:53
0,ICICIBANKEQN,-3.3,ICICIBANK,EQ,N,1417.7,4108616,1428.1,1441.9,1415.5,1421.0,5865624546.24,1480.0,1187.6,10130859826550.32,2026-08-10 10:17:02,0,-1.3,1.15,08-Aug-2025,10-Jul-2026,4.20945945945946,-19.37521050858875,,,ICICI BANK LIMITED,-0.23,2026-08-10 10:17:53
0,HDFCBANKEQN,4.05,HDFCBANK,EQ,N,735.05,6892788,731.5,735.25,728.5,731.0,5042556917.16,1020.5,726.65,11233050924535.61,2026-08-10 10:17:01,0,-25.52,-10.89,08-Aug-2025,10-Jul-2026,27.971582557569818,-1.1559898162801898,,,HDFC BANK LIMITED,0.55,2026-08-10 10:17:53
0,INFYEQN,13.7,INFY,EQ,N,1188.8,2752234,1178.1,1190.9,1175.2,1175.1,3252425007.16,1728.0,982.4,4159925566875.97,2026-08-10 10:17:01,0,-16.46,11.32,08-Aug-2025,10-Jul-2026,31.203703703703702,-21.009771986970684,,,INFOSYS LIMITED,1.17,2026-08-10 10:17:53
0,HINDALCOEQN,-5.7,HINDALCO,EQ,N,1053.9,2964717,1065.0,1068.35,1045.6,1059.6,3127094550.09,1176.0,657.5,1521889863462.39,2026-08-10 10:16:56,0,56.71,8.98,08-Aug-2025,10-Jul-2026,10.38265306122449,-60.28897338403042,,,HINDALCO INDUSTRIES LIMITED,-0.54,2026-08-10 10:17:53
0,RELIANCEEQN,-10.5,RELIANCE,EQ,N,1324.3,1493842,1330.1,1332.1,1321.3,1334.8,1979803741.02,1611.8,1249.8,8921466585045.83,2026-08-10 10:16:56,0,-3.03,1.41,08-Aug-2025,10-Jul-2026,17.837200645241346,-5.960953752600416,,,RELIANCE INDUSTRIES LIMITED,-0.79,2026-08-10 10:17:53
0,M&MEQN,14.9,M&M,EQ,N,3516.9,551035,3509.0,3532.0,3491.1,3502.0,1937433549.65,3839.9,2896.0,3130053747536.18,2026-08-10 10:17:01,0,11.79,12.32,08-Aug-2025,10-Jul-2026,8.411677387431965,-21.439917127071823,,,MAHINDRA & MAHINDRA LIMITED,0.43,2026-08-10 10:17:53
0,KOTAKBANKEQN,-2.75,KOTAKBANK,EQ,N,388.0,4789825,388.0,393.0,386.5,390.75,1862331858.25,453.2,345.5,2848547009273.67,2026-08-10 10:16:56,0,-0.65,2.75,08-Aug-2025,10-Jul-2026,14.386584289496911,-12.301013024602026,,,KOTAK MAHINDRA BANK LIMITED,-0.7,2026-08-10 10:17:53
0,TCSEQN,6.8,TCS,EQ,N,2459.5,669658,2452.7,2468.4,2443.8,2452.7,1644084052.38,3350.0,1976.8,2502952578673.58,2026-08-10 10:16:56,0,-19.01,18.85,08-Aug-2025,10-Jul-2026,26.582089552238806,-24.418251719951435,,,TATA CONSULTANCY SERVICES LIMITED,0.28,2026-08-10 10:17:53
0,BAJFINANCEEQN,0.6,BAJFINANCE,EQ,N,1078.6,1341779,1078.0,1084.1,1070.8,1078.0,1446719535.59,1176.4,787.9,2882803850496.24,2026-08-10 10:17:01,0,22.97,5.69,08-Aug-2025,10-Jul-2026,8.313498809928596,-36.89554511993908,,,BAJAJ FINANCE LIMITED,0.06,2026-08-10 10:17:53
0,TECHMEQN,21.7,TECHM,EQ,N,1656.7,750444,1644.0,1663.4,1643.3,1635.0,1243838416.68,1854.0,1304.1,1049679221848.38,2026-08-10 10:16:56,0,11.89,13.86,08-Aug-2025,10-Jul-2026,10.64185544768069,-27.037803849398053,,,TECH MAHINDRA LIMITED,1.33,2026-08-10 10:17:53
0,TATASTEELEQN,3.17,TATASTEEL,EQ,N,190.72,6175521,187.56,191.48,187.55,187.55,1173040213.95,224.4,153.05,1571355536419.98,2026-08-10 10:17:02,0,20.72,-0.27,08-Aug-2025,10-Jul-2026,15.00891265597148,-24.612871610584776,,,TATA STEEL LIMITED,1.69,2026-08-10 10:17:53
0,GRASIMEQN,37.0,GRASIM,EQ,N,3360.0,340285,3324.0,3379.0,3290.2,3323.0,1141475823.95,3379.0,2502.5,1263409654173.64,2026-08-10 10:17:01,0,24.62,4.38,08-Aug-2025,10-Jul-2026,0.5622965374371116,-34.26573426573427,,,GRASIM INDUSTRIES LIMITED,1.11,2026-08-10 10:17:53
0,BHARTIARTLEQN,-15.6,BHARTIARTL,EQ,N,1944.3,555641,1955.0,1959.0,1938.5,1959.9,1080816203.97,2174.5,1740.5,6036885360682.27,2026-08-10 10:17:01,0,4.61,1.24,08-Aug-2025,10-Jul-2026,10.586341687744309,-11.709278942832519,,,BHARTI AIRTEL LIMITED,-0.8,2026-08-10 10:17:53
0,AXISBANKEQN,3.4,AXISBANK,EQ,N,1241.4,858381,1235.0,1248.6,1235.0,1238.0,1066109202.0,1418.3,1042.5,3557507163531.57,2026-08-10 10:17:01,0,17.31,-6.22,08-Aug-2025,10-Jul-2026,12.472678558838046,-19.07913669064748,,,AXIS BANK LIMITED,0.27,2026-08-10 10:17:53
0,MARUTIEQN,9.0,MARUTI,EQ,N,14046.0,65852,14039.0,14107.0,13954.0,14037.0,925389839.64,17370.0,12201.0,1827379189208.79,2026-08-10 10:17:02,0,11.56,1.38,08-Aug-2025,10-Jul-2026,19.13644214162349,-15.121711335136464,,,MARUTI SUZUKI INDIA LIMITED,0.06,2026-08-10 10:17:53
0,SHRIRAMFINEQN,3.7,SHRIRAMFIN,EQ,N,1118.7,776197,1115.0,1119.8,1106.1,1115.0,865925373.2,1153.7,566.5,1561717144106.92,2026-08-10 10:16:56,0,83.37,7.07,08-Aug-2025,10-Jul-2026,3.033717604229869,-97.47572815533981,,,SHRIRAM FINANCE LIMITED,0.33,2026-08-10 10:17:53
0,ADANIENTEQN,-31.0,ADANIENT,EQ,N,2989.0,282183,3020.0,3021.8,2969.9,3020.0,844556788.02,3245.0,1753.0,894996455032.67,2026-08-10 10:17:01,0,41.44,-5.27,08-Aug-2025,10-Jul-2026,7.889060092449923,-70.50770108385625,,,ADANI ENTERPRISES LIMITED,-1.03,2026-08-10 10:17:53
0,JIOFINEQN,0.8,JIOFIN,EQ,N,257.0,3234375,256.8,257.7,254.85,256.8,828614531.25,333.7,223.3,839900863504.33,2026-08-10 10:16:57,0,-19.88,6.34,08-Aug-2025,10-Jul-2026,22.984716811507344,-15.09180474697716,,,JIO FINANCIAL SERVICES LIMITED,0.31,2026-08-10 10:17:53
0,ETERNALEQN,-1.0,ETERNAL,EQ,N,314.0,2623054,315.45,315.9,311.0,315.0,821120824.16,368.45,212.6,2263361022569.23,2026-08-10 10:16:58,0,4.35,8.41,08-Aug-2025,10-Jul-2026,14.778124575926178,-47.69520225776105,,,ETERNAL LIMITED,-0.32,2026-08-10 10:17:53
0,TMPVEQN,2.25,TMPV,EQ,N,349.25,1945843,347.0,351.4,344.6,347.0,678632204.68,739.7,294.3,728076224100.22,2026-08-10 10:16:56,0,-44.91,3.3,08-Aug-2025,10-Jul-2026,52.7849128024875,-18.671423717295276,,,TATA MOTORS PASSENGER VEHICLES LIMITED,0.65,2026-08-10 10:17:53
0,LTEQN,-8.1,LT,EQ,N,4047.9,166954,4055.7,4055.7,4025.8,4056.0,673939872.72,4440.0,3288.1,4724681926067.19,2026-08-10 10:17:01,0,12.19,2.58,08-Aug-2025,10-Jul-2026,8.83108108108108,-23.10756972111554,,,LARSEN & TOUBRO LIMITED,-0.2,2026-08-10 10:17:53
0,EICHERMOTEQN,-40.0,EICHERMOT,EQ,N,7980.0,77380,8000.0,8005.0,7938.0,8020.0,617495495.2,8230.0,5588.0,1096375131749.18,2026-08-10 10:16:58,0,40.9,8.33,08-Aug-2025,10-Jul-2026,3.0376670716889427,-42.806012884753045,,,EICHER MOTORS LIMITED,-0.5,2026-08-10 10:17:53
0,ONGCEQN,0.1,ONGC,EQ,N,238.95,2337235,240.0,241.3,238.52,238.85,560281974.2,307.5,227.65,925604249590.98,2026-08-10 10:17:01,0,2.36,-2.45,08-Aug-2025,10-Jul-2026,22.29268292682927,-4.963760158137492,,,OIL & NATURAL GAS CORPORATION LIMITED,0.04,2026-08-10 10:17:53
0,POWERGRIDEQN,-1.75,POWERGRID,EQ,N,269.85,2064891,271.5,271.55,268.8,271.6,556942400.52,324.95,250.0,1218161215043.33,2026-08-10 10:17:01,0,-5.27,-4.68,08-Aug-2025,10-Jul-2026,16.95645483920603,-7.94,,,POWER GRID CORPORATION OF INDIA LIMITED,-0.64,2026-08-10 10:17:53
0,ITCEQN,-2.05,ITC,EQ,N,284.05,1890729,286.1,286.1,283.6,286.1,537572069.28,427.0,275.0,2729047875961.16,2026-08-10 10:16:56,0,-31.48,0.8,08-Aug-2025,10-Jul-2026,33.477751756440284,-3.290909090909091,,,ITC LIMITED,-0.72,2026-08-10 10:17:53
0,BELEQN,-0.25,BEL,EQ,N,400.75,1231578,402.0,402.2,399.25,401.0,493382462.58,473.45,361.2,1430994474267.16,2026-08-10 10:17:01,0,4.17,-3.42,08-Aug-2025,10-Jul-2026,15.355370155243426,-10.949612403100776,,,BHARAT ELECTRONICS LIMITED,-0.06,2026-08-10 10:17:53
0,SUNPHARMAEQN,3.8,SUNPHARMA,EQ,N,1948.8,251850,1949.9,1965.0,1945.0,1945.0,492049419.0,2046.9,1548.0,2058297310147.4,2026-08-10 10:16:56,0,22.81,0.69,08-Aug-2025,10-Jul-2026,4.792613219991206,-25.891472868217054,,,SUN PHARMACEUTICAL INDUSTRIES LIMITED,0.2,2026-08-10 10:17:53
0,TRENTEQN,16.0,TRENT,EQ,N,3013.0,161353,3010.0,3032.4,2981.0,2997.0,486159816.06,3782.67,2183.67,999022171672.96,2026-08-10 10:17:02,0,-14.95,3.86,08-Aug-2025,10-Jul-2026,20.34726793508289,-37.978723891430484,,,TRENT LIMITED,0.53,2026-08-10 10:17:53
0,ULTRACEMCOEQN,-85.0,ULTRACEMCO,EQ,N,12020.0,37218,12040.0,12049.0,11921.0,12105.0,446669593.92,13110.0,10325.0,1419019112759.23,2026-08-10 10:16:56,0,-1.13,2.64,08-Aug-2025,10-Jul-2026,8.314263920671243,-16.416464891041162,,,ULTRATECH CEMENT LIMITED,-0.7,2026-08-10 10:17:53
0,BAJAJFINSVEQN,-9.3,BAJAJFINSV,EQ,N,1999.6,216014,2009.0,2009.5,1992.6,2008.9,431738541.24,2195.0,1597.0,1154085178205.79,2026-08-10 10:17:01,0,4.16,4.33,08-Aug-2025,10-Jul-2026,8.902050113895216,-25.209768315591734,,,BAJAJ FINSERV LIMITED,-0.46,2026-08-10 10:17:53
0,HCLTECHEQN,2.8,HCLTECH,EQ,N,1359.4,314245,1356.6,1364.4,1353.2,1356.6,426930114.55,1780.1,1030.0,1428871127937.91,2026-08-10 10:16:58,0,-7.85,16.81,08-Aug-2025,10-Jul-2026,23.633503735745183,-31.980582524271846,,,HCL TECHNOLOGIES LIMITED,0.21,2026-08-10 10:17:53
0,ADANIPORTSEQN,-12.4,ADANIPORTS,EQ,N,1681.1,251449,1690.0,1690.0,1673.1,1693.5,422441863.47,1891.1,1290.5,1236595898435.17,2026-08-10 10:17:01,0,26.86,-8.05,08-Aug-2025,10-Jul-2026,11.10464808841415,-30.267338240991865,,,ADANI PORTS AND SPECIAL ECONOMIC ZONE LIMITED,-0.73,2026-08-10 10:17:53
0,COALINDIAEQN,-2.25,COALINDIA,EQ,N,413.0,992178,415.0,415.15,412.25,415.25,409729826.88,491.25,368.65,986255297466.42,2026-08-10 10:17:01,0,8.76,-3.81,08-Aug-2025,10-Jul-2026,15.928753180661577,-12.030381120303812,,,COAL INDIA LIMITED,-0.54,2026-08-10 10:17:53
0,INDIGOEQN,11.0,INDIGO,EQ,N,5344.0,70493,5305.0,5355.0,5297.0,5333.0,375174319.95,6232.5,3895.2,1206398304220.27,2026-08-10 10:16:59,0,-7.37,0.61,08-Aug-2025,10-Jul-2026,14.255916566385881,-37.194495789689874,,,INTERGLOBE AVIATION LIMITED,0.21,2026-08-10 10:17:53
0,JSWSTEELEQN,7.0,JSWSTEEL,EQ,N,1306.5,272764,1299.5,1312.0,1295.0,1299.5,356060670.32,1335.0,1022.3,1222369857950.99,2026-08-10 10:17:02,0,24.48,4.87,08-Aug-2025,10-Jul-2026,2.134831460674157,-27.80005869118654,,,JSW STEEL LIMITED,0.54,2026-08-10 10:17:53
0,BAJAJ-AUTOEQN,35.0,BAJAJ-AUTO,EQ,N,11697.0,29625,11662.0,11750.0,11615.0,11662.0,346537845.0,11856.0,7858.5,1269616295153.53,2026-08-10 10:17:01,0,42.23,15.17,08-Aug-2025,10-Jul-2026,1.341093117408907,-48.84519946554686,,,BAJAJ AUTO LIMITED,0.3,2026-08-10 10:17:53
0,MAXHEALTHEQN,-5.5,MAXHEALTH,EQ,N,1064.5,279051,1070.2,1074.7,1062.5,1070.0,297476737.53,1301.7,903.0,790047891622.97,2026-08-10 10:16:56,0,-14.52,-3.93,08-Aug-2025,10-Jul-2026,18.22232465237766,-17.88482834994463,,,MAX HEALTHCARE INSTITUTE LIMITED,-0.51,2026-08-10 10:17:53
0,APOLLOHOSPEQN,-45.5,APOLLOHOSP,EQ,N,8899.5,32238,8945.0,8971.0,8884.0,8945.0,287616475.08,9050.0,6696.5,913235607100.89,2026-08-10 10:17:01,0,25.63,0.67,08-Aug-2025,10-Jul-2026,1.6629834254143647,-32.89778242365415,,,APOLLO HOSPITALS ENTERPRISE LIMITED,-0.51,2026-08-10 10:17:53
0,HINDUNILVREQN,-12.0,HINDUNILVR,EQ,N,2084.0,130732,2096.0,2096.0,2078.6,2096.0,272570990.72,2750.0,2016.0,1843102480382.58,2026-08-10 10:16:57,0,-16.6,-3.1,08-Aug-2025,10-Jul-2026,24.21818181818182,-3.373015873015873,,,HINDUSTAN UNILEVER LIMITED,-0.57,2026-08-10 10:17:53
0,HDFCLIFEEQN,-6.15,HDFCLIFE,EQ,N,533.85,490856,540.0,541.0,531.05,540.0,261935487.28,815.0,530.5,576592450052.83,2026-08-10 10:16:57,0,-29.91,-5.97,08-Aug-2025,10-Jul-2026,34.49693251533742,-0.6314797360980208,,,HDFC LIFE INSURANCE COMPANY LIMITED,-1.14,2026-08-10 10:17:53
0,SBILIFEEQN,-10.5,SBILIFE,EQ,N,1845.0,134561,1855.5,1862.1,1836.0,1855.5,248927085.12,2132.0,1700.4,826752878994.44,2026-08-10 10:16:56,0,0.66,-0.92,08-Aug-2025,10-Jul-2026,13.461538461538462,-8.503881439661257,,,SBI LIFE INSURANCE COMPANY LIMITED,-0.57,2026-08-10 10:17:53
0,NESTLEINDEQN,-3.4,NESTLEIND,EQ,N,1536.6,161498,1534.1,1547.5,1532.1,1540.0,248690770.2,1553.0,1084.7,1098462875378.74,2026-08-10 10:17:01,0,40.16,5.61,08-Aug-2025,10-Jul-2026,1.056020605280103,-41.661288835622756,,,NESTLE INDIA LIMITED,-0.22,2026-08-10 10:17:53
0,NTPCEQN,-0.7,NTPC,EQ,N,341.8,709382,342.5,343.7,341.1,342.5,242722145.12,414.4,315.55,1615650630281.68,2026-08-10 10:17:01,0,2.12,-0.78,08-Aug-2025,10-Jul-2026,17.51930501930502,-8.318808429725875,,,NTPC LIMITED,-0.2,2026-08-10 10:17:53
0,ASIANPAINTEQN,-5.5,ASIANPAINT,EQ,N,2729.5,88925,2724.7,2735.0,2713.5,2735.0,242437116.75,2985.7,2115.0,1228736283955.78,2026-08-10 10:17:01,0,10.24,1.92,08-Aug-2025,10-Jul-2026,8.580902300967947,-29.05437352245863,,,ASIAN PAINTS LIMITED,-0.2,2026-08-10 10:17:53
0,CIPLAEQN,9.4,CIPLA,EQ,N,1473.2,163579,1463.8,1483.7,1463.8,1463.8,241130168.11,1673.0,1165.7,826290539180.18,2026-08-10 10:17:01,0,-0.83,2.36,08-Aug-2025,10-Jul-2026,11.942618051404663,-26.378999742643906,,,CIPLA LIMITED,0.64,2026-08-10 10:17:53
0,WIPROEQN,-0.78,WIPRO,EQ,N,186.75,1266216,187.53,187.89,186.1,187.53,236706419.04,273.1,169.0,504242647543.04,2026-08-10 10:17:02,0,-21.9,6.41,08-Aug-2025,10-Jul-2026,31.618454778469424,-10.502958579881657,,,WIPRO LIMITED,-0.42,2026-08-10 10:17:53
0,DRREDDYEQN,-4.4,DRREDDY,EQ,N,1167.6,193825,1172.0,1178.8,1165.9,1172.0,227155147.0,1414.9,1101.0,709701102907.01,2026-08-10 10:16:58,0,-3.64,-6.19,08-Aug-2025,10-Jul-2026,17.478267015336773,-6.049046321525886,,,DR. REDDY'S LABORATORIES LIMITED,-0.38,2026-08-10 10:17:53
0,TATACONSUMEQN,4.1,TATACONSUM,EQ,N,1086.4,116126,1085.6,1088.7,1082.3,1082.3,125994387.48,1282.7,1007.2,705346604108.9,2026-08-10 10:16:57,0,3.37,-2.29,08-Aug-2025,10-Jul-2026,15.303656349886957,-7.863383637807784,,,TATA CONSUMER PRODUCTS LIMITED,0.38,2026-08-10 10:17:53
1,NIFTY 50,-7.0,NIFTY 50,,,24563.65,65478768,24581.25,24620.95,24511.1,24570.65,61633001823.229996,26373.2,22182.55,,2026-08-10 10:18:04,0,0.82,1.47,08-Aug-2025,10-Jul-2026,6.861321341361685,-10.7341130753678,,,,-0.03,2026-08-10 10:18:23
0,TITANEQN,122.5,TITAN,EQ,N,5063.5,1399021,4932.0,5083.8,4886.2,4941.0,7018020963.98,5083.8,3303.1,2085809415558.54,2026-08-10 10:17:47,0,46.41,10.51,08-Aug-2025,10-Jul-2026,0.3993076045477792,-53.295389179861345,,,TITAN COMPANY LIMITED,2.48,2026-08-10 10:18:23
0,SBINEQN,-7.2,SBIN,EQ,N,1090.0,6191102,1108.0,1113.3,1078.5,1097.2,6769660481.9,1234.7,790.0,4493268070248.0,2026-08-10 10:17:46,0,35.53,5.22,08-Aug-2025,10-Jul-2026,11.719446019275937,-37.9746835443038,,,STATE BANK OF INDIA,-0.66,2026-08-10 10:18:23
0,ICICIBANKEQN,-3.5,ICICIBANK,EQ,N,1417.5,4117710,1428.1,1441.9,1415.5,1421.0,5878525150.2,1480.0,1187.6,10130859826550.32,2026-08-10 10:17:47,0,-1.28,1.16,08-Aug-2025,10-Jul-2026,4.222972972972973,-19.358369821488715,,,ICICI BANK LIMITED,-0.25,2026-08-10 10:18:23
0,HDFCBANKEQN,4.3,HDFCBANK,EQ,N,735.3,6932087,731.5,735.3,728.5,731.0,5071445528.33,1020.5,726.65,11233050924535.61,2026-08-10 10:17:47,0,-25.46,-10.82,08-Aug-2025,10-Jul-2026,27.947084762371386,-1.1903942750980527,,,HDFC BANK LIMITED,0.59,2026-08-10 10:18:23
0,INFYEQN,13.0,INFY,EQ,N,1188.1,2758252,1178.1,1190.9,1175.2,1175.1,3259564301.0,1728.0,982.4,4159925566875.97,2026-08-10 10:17:46,0,-16.47,11.3,08-Aug-2025,10-Jul-2026,31.244212962962962,-20.938517915309447,,,INFOSYS LIMITED,1.11,2026-08-10 10:18:23
0,HINDALCOEQN,-5.2,HINDALCO,EQ,N,1054.4,2970543,1065.0,1068.35,1045.6,1059.6,3133239640.11,1176.0,657.5,1522034248440.66,2026-08-10 10:17:47,0,56.67,8.95,08-Aug-2025,10-Jul-2026,10.34013605442177,-60.365019011406844,,,HINDALCO INDUSTRIES LIMITED,-0.49,2026-08-10 10:18:23
0,RELIANCEEQN,-8.4,RELIANCE,EQ,N,1326.4,1548067,1330.1,1332.1,1321.3,1334.8,2051715117.78,1611.8,1249.8,8924834955726.59,2026-08-10 10:17:46,0,-3.06,1.39,08-Aug-2025,10-Jul-2026,17.7069115274848,-6.128980636901904,,,RELIANCE INDUSTRIES LIMITED,-0.63,2026-08-10 10:18:23
0,M&MEQN,12.3,M&M,EQ,N,3514.3,552500,3509.0,3532.0,3491.1,3502.0,1942584475.0,3839.9,2896.0,3130498888577.7,2026-08-10 10:17:45,0,11.74,12.27,08-Aug-2025,10-Jul-2026,8.479387484049063,-21.350138121546962,,,MAHINDRA & MAHINDRA LIMITED,0.35,2026-08-10 10:18:23
0,KOTAKBANKEQN,-2.75,KOTAKBANK,EQ,N,388.0,4802289,388.0,393.0,386.5,390.75,1867129963.2,453.2,345.5,2848547009273.67,2026-08-10 10:17:46,0,-0.68,2.73,08-Aug-2025,10-Jul-2026,14.386584289496911,-12.301013024602026,,,KOTAK MAHINDRA BANK LIMITED,-0.7,2026-08-10 10:18:23
0,TCSEQN,5.9,TCS,EQ,N,2458.6,671875,2452.7,2468.4,2443.8,2452.7,1649533750.0,3350.0,1976.8,2503461639969.27,2026-08-10 10:17:46,0,-19.02,18.84,08-Aug-2025,10-Jul-2026,26.608955223880596,-24.372723593686768,,,TATA CONSULTANCY SERVICES LIMITED,0.24,2026-08-10 10:18:23
0,BAJFINANCEEQN,0.7,BAJFINANCE,EQ,N,1078.7,1349544,1078.0,1084.1,1070.8,1078.0,1455091836.24,1176.4,787.9,2882803850496.24,2026-08-10 10:17:45,0,23.0,5.72,08-Aug-2025,10-Jul-2026,8.304998299897994,-36.90823708592461,,,BAJAJ FINANCE LIMITED,0.06,2026-08-10 10:18:23
0,TECHMEQN,22.0,TECHM,EQ,N,1657.0,757134,1644.0,1663.4,1643.3,1635.0,1254919319.64,1854.0,1304.1,1048475897049.59,2026-08-10 10:17:46,0,11.96,13.93,08-Aug-2025,10-Jul-2026,10.625674217907228,-27.06080822022851,,,TECH MAHINDRA LIMITED,1.35,2026-08-10 10:18:23
0,GRASIMEQN,30.5,GRASIM,EQ,N,3353.5,366245,3324.0,3379.0,3290.2,3323.0,1228506590.85,3379.0,2502.5,1267247517796.42,2026-08-10 10:17:47,0,24.57,4.33,08-Aug-2025,10-Jul-2026,0.7546611423498076,-34.005994005994005,,,GRASIM INDUSTRIES LIMITED,0.92,2026-08-10 10:18:23
0,TATASTEELEQN,2.9,TATASTEEL,EQ,N,190.45,6279828,187.56,191.48,187.55,187.55,1192916126.88,224.4,153.05,1572344691665.06,2026-08-10 10:17:47,0,20.67,-0.31,08-Aug-2025,10-Jul-2026,15.129233511586452,-24.436458673636068,,,TATA STEEL LIMITED,1.55,2026-08-10 10:18:23
0,BHARTIARTLEQN,-15.8,BHARTIARTL,EQ,N,1944.1,558132,1955.0,1959.0,1938.5,1959.9,1085661622.44,2174.5,1740.5,6037195900052.67,2026-08-10 10:17:45,0,4.6,1.23,08-Aug-2025,10-Jul-2026,10.595539204414807,-11.697787991956334,,,BHARTI AIRTEL LIMITED,-0.81,2026-08-10 10:18:23
0,AXISBANKEQN,3.6,AXISBANK,EQ,N,1241.6,860331,1235.0,1248.6,1235.0,1238.0,1068531102.0,1418.3,1042.5,3556647654673.5,2026-08-10 10:17:45,0,17.26,-6.27,08-Aug-2025,10-Jul-2026,12.45857716985123,-19.098321342925658,,,AXIS BANK LIMITED,0.29,2026-08-10 10:18:23
0,MARUTIEQN,10.0,MARUTI,EQ,N,14047.0,66337,14039.0,14107.0,13954.0,14037.0,932201355.87,17370.0,12201.0,1827249098855.74,2026-08-10 10:17:46,0,11.56,1.38,08-Aug-2025,10-Jul-2026,19.130685089234312,-15.129907384640603,,,MARUTI SUZUKI INDIA LIMITED,0.07,2026-08-10 10:18:23
0,SHRIRAMFINEQN,3.1,SHRIRAMFIN,EQ,N,1118.1,803465,1115.0,1119.8,1106.1,1115.0,896401796.55,1153.7,566.5,1561717144106.92,2026-08-10 10:17:46,0,83.4,7.09,08-Aug-2025,10-Jul-2026,3.085724191730953,-97.36981465136805,,,SHRIRAM FINANCE LIMITED,0.28,2026-08-10 10:18:23
0,JIOFINEQN,0.7,JIOFIN,EQ,N,256.9,3364496,256.8,257.7,254.85,256.8,862051165.12,333.7,223.3,842354800581.19,2026-08-10 10:17:41,0,-20.13,6.01,08-Aug-2025,10-Jul-2026,23.014683847767454,-15.047021943573668,,,JIO FINANCIAL SERVICES LIMITED,0.27,2026-08-10 10:18:23
0,ADANIENTEQN,-28.2,ADANIENT,EQ,N,2991.8,284700,3020.0,3021.8,2969.9,3020.0,852084324.0,3245.0,1753.0,895146145023.48,2026-08-10 10:17:45,0,41.54,-5.2,08-Aug-2025,10-Jul-2026,7.802773497688752,-70.66742726754136,,,ADANI ENTERPRISES LIMITED,-0.93,2026-08-10 10:18:23
0,ETERNALEQN,-0.85,ETERNAL,EQ,N,314.15,2645578,315.45,315.9,311.0,315.0,828198192.9,368.45,212.6,2263721487774.29,2026-08-10 10:17:42,0,4.37,8.42,08-Aug-2025,10-Jul-2026,14.737413488940154,-47.765757290686736,,,ETERNAL LIMITED,-0.27,2026-08-10 10:18:23
0,LTEQN,-3.1,LT,EQ,N,4052.9,172167,4055.7,4055.7,4025.8,4056.0,695053674.03,4440.0,3288.1,4724565209616.45,2026-08-10 10:17:45,0,12.33,2.7,08-Aug-2025,10-Jul-2026,8.718468468468469,-23.259633222833855,,,LARSEN & TOUBRO LIMITED,-0.08,2026-08-10 10:18:23
0,TMPVEQN,2.3,TMPV,EQ,N,349.3,1949735,347.0,351.4,344.6,347.0,679989578.6,739.7,294.3,728180428511.85,2026-08-10 10:17:46,0,-44.89,3.34,08-Aug-2025,10-Jul-2026,52.77815330539408,-18.68841318382603,,,TATA MOTORS PASSENGER VEHICLES LIMITED,0.66,2026-08-10 10:18:23
0,EICHERMOTEQN,-40.0,EICHERMOT,EQ,N,7980.0,77623,8000.0,8005.0,7938.0,8020.0,619433868.69,8230.0,5588.0,1096787457861.16,2026-08-10 10:17:42,0,40.91,8.34,08-Aug-2025,10-Jul-2026,3.0376670716889427,-42.806012884753045,,,EICHER MOTORS LIMITED,-0.5,2026-08-10 10:18:23
0,ONGCEQN,0.07,ONGC,EQ,N,238.92,2380206,240.0,241.3,238.52,238.85,570559180.26,307.5,227.65,925604249590.98,2026-08-10 10:17:45,0,2.38,-2.44,08-Aug-2025,10-Jul-2026,22.302439024390242,-4.950582033823852,,,OIL & NATURAL GAS CORPORATION LIMITED,0.03,2026-08-10 10:18:23
0,POWERGRIDEQN,-1.75,POWERGRID,EQ,N,269.85,2066575,271.5,271.55,268.8,271.6,557396609.0,324.95,250.0,1218612804001.64,2026-08-10 10:17:45,0,-5.25,-4.66,08-Aug-2025,10-Jul-2026,16.95645483920603,-7.94,,,POWER GRID CORPORATION OF INDIA LIMITED,-0.64,2026-08-10 10:18:23
0,ITCEQN,-1.9,ITC,EQ,N,284.2,1900312,286.1,286.1,283.6,286.1,540296707.84,427.0,275.0,2730489782200.66,2026-08-10 10:17:47,0,-31.44,0.87,08-Aug-2025,10-Jul-2026,33.442622950819676,-3.3454545454545452,,,ITC LIMITED,-0.66,2026-08-10 10:18:23
0,SUNPHARMAEQN,3.0,SUNPHARMA,EQ,N,1948.0,254386,1949.9,1965.0,1945.0,1945.0,496991384.34,2046.9,1548.0,2055974294663.73,2026-08-10 10:17:46,0,22.8,0.68,08-Aug-2025,10-Jul-2026,4.831696712101226,-25.839793281653748,,,SUN PHARMACEUTICAL INDUSTRIES LIMITED,0.15,2026-08-10 10:18:23
0,BELEQN,-0.2,BEL,EQ,N,400.8,1236579,402.0,402.2,399.25,401.0,495385913.19,473.45,361.2,1430994474267.16,2026-08-10 10:17:45,0,4.21,-3.39,08-Aug-2025,10-Jul-2026,15.344809377970218,-10.96345514950166,,,BHARAT ELECTRONICS LIMITED,-0.05,2026-08-10 10:18:23
0,TRENTEQN,17.9,TRENT,EQ,N,3014.9,161725,3010.0,3032.4,2981.0,2997.0,487280659.5,3782.67,2183.67,1000150335411.4,2026-08-10 10:17:46,0,-14.91,3.9,08-Aug-2025,10-Jul-2026,20.29703886408278,-38.06573337546424,,,TRENT LIMITED,0.6,2026-08-10 10:18:23
0,ULTRACEMCOEQN,-84.0,ULTRACEMCO,EQ,N,12021.0,37312,12040.0,12049.0,11921.0,12105.0,447799221.76,13110.0,10325.0,1418901107011.81,2026-08-10 10:17:47,0,-1.12,2.65,08-Aug-2025,10-Jul-2026,8.306636155606407,-16.426150121065376,,,ULTRATECH CEMENT LIMITED,-0.69,2026-08-10 10:18:23
0,BAJAJFINSVEQN,-9.5,BAJAJFINSV,EQ,N,1999.4,216255,2009.0,2009.5,1992.6,2008.9,432220218.3,2195.0,1597.0,1154373829393.37,2026-08-10 10:17:45,0,4.2,4.37,08-Aug-2025,10-Jul-2026,8.91116173120729,-25.19724483406387,,,BAJAJ FINSERV LIMITED,-0.47,2026-08-10 10:18:23
0,HCLTECHEQN,3.2,HCLTECH,EQ,N,1359.8,316409,1356.6,1364.4,1353.2,1356.6,429870103.31,1780.1,1030.0,1429186528819.65,2026-08-10 10:17:42,0,-7.85,16.81,08-Aug-2025,10-Jul-2026,23.611033088028762,-32.019417475728154,,,HCL TECHNOLOGIES LIMITED,0.24,2026-08-10 10:18:23
0,ADANIPORTSEQN,-12.6,ADANIPORTS,EQ,N,1680.9,253873,1690.0,1690.0,1673.1,1693.5,426516794.92,1891.1,1290.5,1236743033410.3,2026-08-10 10:17:45,0,26.86,-8.05,08-Aug-2025,10-Jul-2026,11.11522394373645,-30.251840371948855,,,ADANI PORTS AND SPECIAL ECONOMIC ZONE LIMITED,-0.74,2026-08-10 10:18:23
0,COALINDIAEQN,-2.3,COALINDIA,EQ,N,412.95,992879,415.0,415.15,412.25,415.25,410019311.84,491.25,368.65,986374727751.9,2026-08-10 10:17:45,0,8.76,-3.81,08-Aug-2025,10-Jul-2026,15.938931297709924,-12.016818120168182,,,COAL INDIA LIMITED,-0.55,2026-08-10 10:18:23
0,INDIGOEQN,12.0,INDIGO,EQ,N,5345.0,70750,5305.0,5355.0,5297.0,5333.0,376547772.5,6232.5,3895.2,1206285440687.27,2026-08-10 10:17:43,0,-7.37,0.6,08-Aug-2025,10-Jul-2026,14.239871640593663,-37.22016841240501,,,INTERGLOBE AVIATION LIMITED,0.23,2026-08-10 10:18:23
0,JSWSTEELEQN,6.4,JSWSTEEL,EQ,N,1305.9,273661,1299.5,1312.0,1295.0,1299.5,357231596.18,1335.0,1022.3,1223305178065.72,2026-08-10 10:17:45,0,24.51,4.9,08-Aug-2025,10-Jul-2026,2.1797752808988764,-27.741367504646387,,,JSW STEEL LIMITED,0.49,2026-08-10 10:18:23
0,BAJAJ-AUTOEQN,37.0,BAJAJ-AUTO,EQ,N,11699.0,29736,11662.0,11750.0,11615.0,11662.0,347836265.28,11856.0,7858.5,1270159237462.44,2026-08-10 10:17:45,0,42.21,15.15,08-Aug-2025,10-Jul-2026,1.3242240215924426,-48.87064961506649,,,BAJAJ AUTO LIMITED,0.32,2026-08-10 10:18:23
0,MAXHEALTHEQN,-5.6,MAXHEALTH,EQ,N,1064.4,279358,1070.2,1074.7,1062.5,1070.0,297804008.74,1301.7,903.0,790047891622.97,2026-08-10 10:17:46,0,-14.53,-3.95,08-Aug-2025,10-Jul-2026,18.230006914035492,-17.87375415282392,,,MAX HEALTHCARE INSTITUTE LIMITED,-0.52,2026-08-10 10:18:23
0,APOLLOHOSPEQN,-45.0,APOLLOHOSP,EQ,N,8900.0,32555,8945.0,8971.0,8884.0,8945.0,290437804.75,9050.0,6696.5,913338229373.85,2026-08-10 10:17:45,0,25.65,0.68,08-Aug-2025,10-Jul-2026,1.6574585635359116,-32.90524901067722,,,APOLLO HOSPITALS ENTERPRISE LIMITED,-0.5,2026-08-10 10:18:23
0,HINDUNILVREQN,-13.0,HINDUNILVR,EQ,N,2083.0,131348,2096.0,2096.0,2078.6,2096.0,273855326.08,2750.0,2016.0,1843721772724.66,2026-08-10 10:17:41,0,-16.63,-3.14,08-Aug-2025,10-Jul-2026,24.254545454545454,-3.3234126984126986,,,HINDUSTAN UNILEVER LIMITED,-0.62,2026-08-10 10:18:23
0,HDFCLIFEEQN,-6.05,HDFCLIFE,EQ,N,533.95,499959,540.0,541.0,531.05,540.0,266798120.76,815.0,530.5,576538451883.69,2026-08-10 10:17:41,0,-29.88,-5.94,08-Aug-2025,10-Jul-2026,34.484662576687114,-0.6503298774740811,,,HDFC LIFE INSURANCE COMPANY LIMITED,-1.12,2026-08-10 10:18:23
0,SBILIFEEQN,-10.1,SBILIFE,EQ,N,1845.4,136794,1855.5,1862.1,1836.0,1855.5,253047012.96,2132.0,1700.4,826618447632.0,2026-08-10 10:17:46,0,0.66,-0.92,08-Aug-2025,10-Jul-2026,13.442776735459661,-8.527405316396143,,,SBI LIFE INSURANCE COMPANY LIMITED,-0.54,2026-08-10 10:18:23
0,NTPCEQN,-0.6,NTPC,EQ,N,341.9,730263,342.5,343.7,341.1,342.5,249859485.45,414.4,315.55,1615650630281.68,2026-08-10 10:17:45,0,2.11,-0.8,08-Aug-2025,10-Jul-2026,17.495173745173744,-8.350499128505783,,,NTPC LIMITED,-0.18,2026-08-10 10:18:23
0,NESTLEINDEQN,-3.2,NESTLEIND,EQ,N,1536.8,162111,1534.1,1547.5,1532.1,1540.0,249633107.79,1553.0,1084.7,1098462875378.74,2026-08-10 10:17:46,0,40.13,5.59,08-Aug-2025,10-Jul-2026,1.0431423052157116,-41.6797271134876,,,NESTLE INDIA LIMITED,-0.21,2026-08-10 10:18:23
0,ASIANPAINTEQN,-9.0,ASIANPAINT,EQ,N,2726.0,90071,2724.7,2735.0,2713.5,2735.0,245564170.14,2985.7,2115.0,1230314651113.21,2026-08-10 10:17:47,0,10.14,1.82,08-Aug-2025,10-Jul-2026,8.698127742238,-28.88888888888889,,,ASIAN PAINTS LIMITED,-0.33,2026-08-10 10:18:23
0,CIPLAEQN,9.5,CIPLA,EQ,N,1473.3,165368,1463.8,1483.7,1463.8,1463.8,243765661.44,1673.0,1165.7,826683316157.92,2026-08-10 10:17:45,0,-0.87,2.33,08-Aug-2025,10-Jul-2026,11.936640765092648,-26.38757827914558,,,CIPLA LIMITED,0.65,2026-08-10 10:18:23
0,WIPROEQN,-0.76,WIPRO,EQ,N,186.77,1268463,187.53,187.89,186.1,187.53,237126473.22,273.1,169.0,504350674461.27,2026-08-10 10:17:46,0,-21.86,6.46,08-Aug-2025,10-Jul-2026,31.61113145367997,-10.514792899408285,,,WIPRO LIMITED,-0.41,2026-08-10 10:18:23
0,DRREDDYEQN,-4.5,DRREDDY,EQ,N,1167.5,195963,1172.0,1178.8,1165.9,1172.0,229650999.33,1414.9,1101.0,709761891010.04,2026-08-10 10:17:43,0,-3.63,-6.18,08-Aug-2025,10-Jul-2026,17.485334652625628,-6.0399636693914625,,,DR. REDDY'S LABORATORIES LIMITED,-0.38,2026-08-10 10:18:23
0,TATACONSUMEQN,3.9,TATACONSUM,EQ,N,1086.2,117096,1085.6,1088.7,1082.3,1082.3,127047989.04,1282.7,1007.2,705541433297.03,2026-08-10 10:17:41,0,3.29,-2.37,08-Aug-2025,10-Jul-2026,15.319248460279098,-7.84352660841938,,,TATA CONSUMER PRODUCTS LIMITED,0.36,2026-08-10 10:18:23
1,NIFTY 50,-7.0,NIFTY 50,,,24563.65,65478768,24581.25,24620.95,24511.1,24570.65,61633001823.229996,26373.2,22182.55,,2026-08-10 10:18:04,0,0.82,1.47,08-Aug-2025,10-Jul-2026,6.861321341361685,-10.7341130753678,,,,-0.03,2026-08-10 10:18:53
0,TITANEQN,122.5,TITAN,EQ,N,5063.5,1399021,4932.0,5083.8,4886.2,4941.0,7018020963.98,5083.8,3303.1,2085809415558.54,2026-08-10 10:17:47,0,46.41,10.51,08-Aug-2025,10-Jul-2026,0.3993076045477792,-53.295389179861345,,,TITAN COMPANY LIMITED,2.48,2026-08-10 10:18:53
0,SBINEQN,-7.2,SBIN,EQ,N,1090.0,6191102,1108.0,1113.3,1078.5,1097.2,6769660481.9,1234.7,790.0,4493268070248.0,2026-08-10 10:17:46,0,35.53,5.22,08-Aug-2025,10-Jul-2026,11.719446019275937,-37.9746835443038,,,STATE BANK OF INDIA,-0.66,2026-08-10 10:18:53
0,ICICIBANKEQN,-3.5,ICICIBANK,EQ,N,1417.5,4117710,1428.1,1441.9,1415.5,1421.0,5878525150.2,1480.0,1187.6,10130859826550.32,2026-08-10 10:17:47,0,-1.28,1.16,08-Aug-2025,10-Jul-2026,4.222972972972973,-19.358369821488715,,,ICICI BANK LIMITED,-0.25,2026-08-10 10:18:53
0,HDFCBANKEQN,4.3,HDFCBANK,EQ,N,735.3,6932087,731.5,735.3,728.5,731.0,5071445528.33,1020.5,726.65,11233050924535.61,2026-08-10 10:17:47,0,-25.46,-10.82,08-Aug-2025,10-Jul-2026,27.947084762371386,-1.1903942750980527,,,HDFC BANK LIMITED,0.59,2026-08-10 10:18:53
0,INFYEQN,13.0,INFY,EQ,N,1188.1,2758252,1178.1,1190.9,1175.2,1175.1,3259564301.0,1728.0,982.4,4159925566875.97,2026-08-10 10:17:46,0,-16.47,11.3,08-Aug-2025,10-Jul-2026,31.244212962962962,-20.938517915309447,,,INFOSYS LIMITED,1.11,2026-08-10 10:18:53
0,HINDALCOEQN,-5.2,HINDALCO,EQ,N,1054.4,2970543,1065.0,1068.35,1045.6,1059.6,3133239640.11,1176.0,657.5,1522034248440.66,2026-08-10 10:17:47,0,56.67,8.95,08-Aug-2025,10-Jul-2026,10.34013605442177,-60.365019011406844,,,HINDALCO INDUSTRIES LIMITED,-0.49,2026-08-10 10:18:53
0,RELIANCEEQN,-8.4,RELIANCE,EQ,N,1326.4,1548067,1330.1,1332.1,1321.3,1334.8,2051715117.78,1611.8,1249.8,8924834955726.59,2026-08-10 10:17:46,0,-3.06,1.39,08-Aug-2025,10-Jul-2026,17.7069115274848,-6.128980636901904,,,RELIANCE INDUSTRIES LIMITED,-0.63,2026-08-10 10:18:53
0,M&MEQN,12.3,M&M,EQ,N,3514.3,552500,3509.0,3532.0,3491.1,3502.0,1942584475.0,3839.9,2896.0,3130498888577.7,2026-08-10 10:17:45,0,11.74,12.27,08-Aug-2025,10-Jul-2026,8.479387484049063,-21.350138121546962,,,MAHINDRA & MAHINDRA LIMITED,0.35,2026-08-10 10:18:53
0,KOTAKBANKEQN,-2.75,KOTAKBANK,EQ,N,388.0,4802289,388.0,393.0,386.5,390.75,1867129963.2,453.2,345.5,2848547009273.67,2026-08-10 10:17:46,0,-0.68,2.73,08-Aug-2025,10-Jul-2026,14.386584289496911,-12.301013024602026,,,KOTAK MAHINDRA BANK LIMITED,-0.7,2026-08-10 10:18:53
0,TCSEQN,5.9,TCS,EQ,N,2458.6,671875,2452.7,2468.4,2443.8,2452.7,1649533750.0,3350.0,1976.8,2503461639969.27,2026-08-10 10:17:46,0,-19.02,18.84,08-Aug-2025,10-Jul-2026,26.608955223880596,-24.372723593686768,,,TATA CONSULTANCY SERVICES LIMITED,0.24,2026-08-10 10:18:53
0,BAJFINANCEEQN,0.7,BAJFINANCE,EQ,N,1078.7,1349544,1078.0,1084.1,1070.8,1078.0,1455091836.24,1176.4,787.9,2882803850496.24,2026-08-10 10:17:45,0,23.0,5.72,08-Aug-2025,10-Jul-2026,8.304998299897994,-36.90823708592461,,,BAJAJ FINANCE LIMITED,0.06,2026-08-10 10:18:53
0,TECHMEQN,22.0,TECHM,EQ,N,1657.0,757134,1644.0,1663.4,1643.3,1635.0,1254919319.64,1854.0,1304.1,1048475897049.59,2026-08-10 10:17:46,0,11.96,13.93,08-Aug-2025,10-Jul-2026,10.625674217907228,-27.06080822022851,,,TECH MAHINDRA LIMITED,1.35,2026-08-10 10:18:53
0,GRASIMEQN,30.5,GRASIM,EQ,N,3353.5,366245,3324.0,3379.0,3290.2,3323.0,1228506590.85,3379.0,2502.5,1267247517796.42,2026-08-10 10:17:47,0,24.57,4.33,08-Aug-2025,10-Jul-2026,0.7546611423498076,-34.005994005994005,,,GRASIM INDUSTRIES LIMITED,0.92,2026-08-10 10:18:53
0,TATASTEELEQN,2.9,TATASTEEL,EQ,N,190.45,6279828,187.56,191.48,187.55,187.55,1192916126.88,224.4,153.05,1572344691665.06,2026-08-10 10:17:47,0,20.67,-0.31,08-Aug-2025,10-Jul-2026,15.129233511586452,-24.436458673636068,,,TATA STEEL LIMITED,1.55,2026-08-10 10:18:53
0,BHARTIARTLEQN,-15.8,BHARTIARTL,EQ,N,1944.1,558132,1955.0,1959.0,1938.5,1959.9,1085661622.44,2174.5,1740.5,6037195900052.67,2026-08-10 10:17:45,0,4.6,1.23,08-Aug-2025,10-Jul-2026,10.595539204414807,-11.697787991956334,,,BHARTI AIRTEL LIMITED,-0.81,2026-08-10 10:18:53
0,AXISBANKEQN,3.6,AXISBANK,EQ,N,1241.6,860331,1235.0,1248.6,1235.0,1238.0,1068531102.0,1418.3,1042.5,3556647654673.5,2026-08-10 10:17:45,0,17.26,-6.27,08-Aug-2025,10-Jul-2026,12.45857716985123,-19.098321342925658,,,AXIS BANK LIMITED,0.29,2026-08-10 10:18:53
0,MARUTIEQN,10.0,MARUTI,EQ,N,14047.0,66337,14039.0,14107.0,13954.0,14037.0,932201355.87,17370.0,12201.0,1827249098855.74,2026-08-10 10:17:46,0,11.56,1.38,08-Aug-2025,10-Jul-2026,19.130685089234312,-15.129907384640603,,,MARUTI SUZUKI INDIA LIMITED,0.07,2026-08-10 10:18:53
0,SHRIRAMFINEQN,3.1,SHRIRAMFIN,EQ,N,1118.1,803465,1115.0,1119.8,1106.1,1115.0,896401796.55,1153.7,566.5,1561717144106.92,2026-08-10 10:17:46,0,83.4,7.09,08-Aug-2025,10-Jul-2026,3.085724191730953,-97.36981465136805,,,SHRIRAM FINANCE LIMITED,0.28,2026-08-10 10:18:53
0,JIOFINEQN,0.7,JIOFIN,EQ,N,256.9,3364496,256.8,257.7,254.85,256.8,862051165.12,333.7,223.3,842354800581.19,2026-08-10 10:17:41,0,-20.13,6.01,08-Aug-2025,10-Jul-2026,23.014683847767454,-15.047021943573668,,,JIO FINANCIAL SERVICES LIMITED,0.27,2026-08-10 10:18:53
0,ADANIENTEQN,-28.2,ADANIENT,EQ,N,2991.8,284700,3020.0,3021.8,2969.9,3020.0,852084324.0,3245.0,1753.0,895146145023.48,2026-08-10 10:17:45,0,41.54,-5.2,08-Aug-2025,10-Jul-2026,7.802773497688752,-70.66742726754136,,,ADANI ENTERPRISES LIMITED,-0.93,2026-08-10 10:18:53
0,ETERNALEQN,-0.85,ETERNAL,EQ,N,314.15,2645578,315.45,315.9,311.0,315.0,828198192.9,368.45,212.6,2263721487774.29,2026-08-10 10:17:42,0,4.37,8.42,08-Aug-2025,10-Jul-2026,14.737413488940154,-47.765757290686736,,,ETERNAL LIMITED,-0.27,2026-08-10 10:18:53
0,LTEQN,-3.1,LT,EQ,N,4052.9,172167,4055.7,4055.7,4025.8,4056.0,695053674.03,4440.0,3288.1,4724565209616.45,2026-08-10 10:17:45,0,12.33,2.7,08-Aug-2025,10-Jul-2026,8.718468468468469,-23.259633222833855,,,LARSEN & TOUBRO LIMITED,-0.08,2026-08-10 10:18:53
0,TMPVEQN,2.3,TMPV,EQ,N,349.3,1949735,347.0,351.4,344.6,347.0,679989578.6,739.7,294.3,728180428511.85,2026-08-10 10:17:46,0,-44.89,3.34,08-Aug-2025,10-Jul-2026,52.77815330539408,-18.68841318382603,,,TATA MOTORS PASSENGER VEHICLES LIMITED,0.66,2026-08-10 10:18:53
0,EICHERMOTEQN,-40.0,EICHERMOT,EQ,N,7980.0,77623,8000.0,8005.0,7938.0,8020.0,619433868.69,8230.0,5588.0,1096787457861.16,2026-08-10 10:17:42,0,40.91,8.34,08-Aug-2025,10-Jul-2026,3.0376670716889427,-42.806012884753045,,,EICHER MOTORS LIMITED,-0.5,2026-08-10 10:18:53
0,ONGCEQN,0.07,ONGC,EQ,N,238.92,2380206,240.0,241.3,238.52,238.85,570559180.26,307.5,227.65,925604249590.98,2026-08-10 10:17:45,0,2.38,-2.44,08-Aug-2025,10-Jul-2026,22.302439024390242,-4.950582033823852,,,OIL & NATURAL GAS CORPORATION LIMITED,0.03,2026-08-10 10:18:53
0,POWERGRIDEQN,-1.75,POWERGRID,EQ,N,269.85,2066575,271.5,271.55,268.8,271.6,557396609.0,324.95,250.0,1218612804001.64,2026-08-10 10:17:45,0,-5.25,-4.66,08-Aug-2025,10-Jul-2026,16.95645483920603,-7.94,,,POWER GRID CORPORATION OF INDIA LIMITED,-0.64,2026-08-10 10:18:53
0,ITCEQN,-1.9,ITC,EQ,N,284.2,1900312,286.1,286.1,283.6,286.1,540296707.84,427.0,275.0,2730489782200.66,2026-08-10 10:17:47,0,-31.44,0.87,08-Aug-2025,10-Jul-2026,33.442622950819676,-3.3454545454545452,,,ITC LIMITED,-0.66,2026-08-10 10:18:53
0,SUNPHARMAEQN,3.0,SUNPHARMA,EQ,N,1948.0,254386,1949.9,1965.0,1945.0,1945.0,496991384.34,2046.9,1548.0,2055974294663.73,2026-08-10 10:17:46,0,22.8,0.68,08-Aug-2025,10-Jul-2026,4.831696712101226,-25.839793281653748,,,SUN PHARMACEUTICAL INDUSTRIES LIMITED,0.15,2026-08-10 10:18:53
0,BELEQN,-0.2,BEL,EQ,N,400.8,1236579,402.0,402.2,399.25,401.0,495385913.19,473.45,361.2,1430994474267.16,2026-08-10 10:17:45,0,4.21,-3.39,08-Aug-2025,10-Jul-2026,15.344809377970218,-10.96345514950166,,,BHARAT ELECTRONICS LIMITED,-0.05,2026-08-10 10:18:53
0,TRENTEQN,17.9,TRENT,EQ,N,3014.9,161725,3010.0,3032.4,2981.0,2997.0,487280659.5,3782.67,2183.67,1000150335411.4,2026-08-10 10:17:46,0,-14.91,3.9,08-Aug-2025,10-Jul-2026,20.29703886408278,-38.06573337546424,,,TRENT LIMITED,0.6,2026-08-10 10:18:53
0,ULTRACEMCOEQN,-84.0,ULTRACEMCO,EQ,N,12021.0,37312,12040.0,12049.0,11921.0,12105.0,447799221.76,13110.0,10325.0,1418901107011.81,2026-08-10 10:17:47,0,-1.12,2.65,08-Aug-2025,10-Jul-2026,8.306636155606407,-16.426150121065376,,,ULTRATECH CEMENT LIMITED,-0.69,2026-08-10 10:18:53
0,BAJAJFINSVEQN,-9.5,BAJAJFINSV,EQ,N,1999.4,216255,2009.0,2009.5,1992.6,2008.9,432220218.3,2195.0,1597.0,1154373829393.37,2026-08-10 10:17:45,0,4.2,4.37,08-Aug-2025,10-Jul-2026,8.91116173120729,-25.19724483406387,,,BAJAJ FINSERV LIMITED,-0.47,2026-08-10 10:18:53
0,HCLTECHEQN,3.2,HCLTECH,EQ,N,1359.8,316409,1356.6,1364.4,1353.2,1356.6,429870103.31,1780.1,1030.0,1429186528819.65,2026-08-10 10:17:42,0,-7.85,16.81,08-Aug-2025,10-Jul-2026,23.611033088028762,-32.019417475728154,,,HCL TECHNOLOGIES LIMITED,0.24,2026-08-10 10:18:53
0,ADANIPORTSEQN,-12.6,ADANIPORTS,EQ,N,1680.9,253873,1690.0,1690.0,1673.1,1693.5,426516794.92,1891.1,1290.5,1236743033410.3,2026-08-10 10:17:45,0,26.86,-8.05,08-Aug-2025,10-Jul-2026,11.11522394373645,-30.251840371948855,,,ADANI PORTS AND SPECIAL ECONOMIC ZONE LIMITED,-0.74,2026-08-10 10:18:53
0,COALINDIAEQN,-2.3,COALINDIA,EQ,N,412.95,992879,415.0,415.15,412.25,415.25,410019311.84,491.25,368.65,986374727751.9,2026-08-10 10:17:45,0,8.76,-3.81,08-Aug-2025,10-Jul-2026,15.938931297709924,-12.016818120168182,,,COAL INDIA LIMITED,-0.55,2026-08-10 10:18:53
0,INDIGOEQN,12.0,INDIGO,EQ,N,5345.0,70750,5305.0,5355.0,5297.0,5333.0,376547772.5,6232.5,3895.2,1206285440687.27,2026-08-10 10:17:43,0,-7.37,0.6,08-Aug-2025,10-Jul-2026,14.239871640593663,-37.22016841240501,,,INTERGLOBE AVIATION LIMITED,0.23,2026-08-10 10:18:53
0,JSWSTEELEQN,6.4,JSWSTEEL,EQ,N,1305.9,273661,1299.5,1312.0,1295.0,1299.5,357231596.18,1335.0,1022.3,1223305178065.72,2026-08-10 10:17:45,0,24.51,4.9,08-Aug-2025,10-Jul-2026,2.1797752808988764,-27.741367504646387,,,JSW STEEL LIMITED,0.49,2026-08-10 10:18:53
0,BAJAJ-AUTOEQN,37.0,BAJAJ-AUTO,EQ,N,11699.0,29736,11662.0,11750.0,11615.0,11662.0,347836265.28,11856.0,7858.5,1270159237462.44,2026-08-10 10:17:45,0,42.21,15.15,08-Aug-2025,10-Jul-2026,1.3242240215924426,-48.87064961506649,,,BAJAJ AUTO LIMITED,0.32,2026-08-10 10:18:53
0,MAXHEALTHEQN,-5.6,MAXHEALTH,EQ,N,1064.4,279358,1070.2,1074.7,1062.5,1070.0,297804008.74,1301.7,903.0,790047891622.97,2026-08-10 10:17:46,0,-14.53,-3.95,08-Aug-2025,10-Jul-2026,18.230006914035492,-17.87375415282392,,,MAX HEALTHCARE INSTITUTE LIMITED,-0.52,2026-08-10 10:18:53
0,APOLLOHOSPEQN,-45.0,APOLLOHOSP,EQ,N,8900.0,32555,8945.0,8971.0,8884.0,8945.0,290437804.75,9050.0,6696.5,913338229373.85,2026-08-10 10:17:45,0,25.65,0.68,08-Aug-2025,10-Jul-2026,1.6574585635359116,-32.90524901067722,,,APOLLO HOSPITALS ENTERPRISE LIMITED,-0.5,2026-08-10 10:18:53
0,HINDUNILVREQN,-13.0,HINDUNILVR,EQ,N,2083.0,131348,2096.0,2096.0,2078.6,2096.0,273855326.08,2750.0,2016.0,1843721772724.66,2026-08-10 10:17:41,0,-16.63,-3.14,08-Aug-2025,10-Jul-2026,24.254545454545454,-3.3234126984126986,,,HINDUSTAN UNILEVER LIMITED,-0.62,2026-08-10 10:18:53
0,HDFCLIFEEQN,-6.05,HDFCLIFE,EQ,N,533.95,499959,540.0,541.0,531.05,540.0,266798120.76,815.0,530.5,576538451883.69,2026-08-10 10:17:41,0,-29.88,-5.94,08-Aug-2025,10-Jul-2026,34.484662576687114,-0.6503298774740811,,,HDFC LIFE INSURANCE COMPANY LIMITED,-1.12,2026-08-10 10:18:53
0,SBILIFEEQN,-10.1,SBILIFE,EQ,N,1845.4,136794,1855.5,1862.1,1836.0,1855.5,253047012.96,2132.0,1700.4,826618447632.0,2026-08-10 10:17:46,0,0.66,-0.92,08-Aug-2025,10-Jul-2026,13.442776735459661,-8.527405316396143,,,SBI LIFE INSURANCE COMPANY LIMITED,-0.54,2026-08-10 10:18:53
0,NTPCEQN,-0.6,NTPC,EQ,N,341.9,730263,342.5,343.7,341.1,342.5,249859485.45,414.4,315.55,1615650630281.68,2026-08-10 10:17:45,0,2.11,-0.8,08-Aug-2025,10-Jul-2026,17.495173745173744,-8.350499128505783,,,NTPC LIMITED,-0.18,2026-08-10 10:18:53
0,NESTLEINDEQN,-3.2,NESTLEIND,EQ,N,1536.8,162111,1534.1,1547.5,1532.1,1540.0,249633107.79,1553.0,1084.7,1098462875378.74,2026-08-10 10:17:46,0,40.13,5.59,08-Aug-2025,10-Jul-2026,1.0431423052157116,-41.6797271134876,,,NESTLE INDIA LIMITED,-0.21,2026-08-10 10:18:53
0,ASIANPAINTEQN,-9.0,ASIANPAINT,EQ,N,2726.0,90071,2724.7,2735.0,2713.5,2735.0,245564170.14,2985.7,2115.0,1230314651113.21,2026-08-10 10:17:47,0,10.14,1.82,08-Aug-2025,10-Jul-2026,8.698127742238,-28.88888888888889,,,ASIAN PAINTS LIMITED,-0.33,2026-08-10 10:18:53
0,CIPLAEQN,9.5,CIPLA,EQ,N,1473.3,165368,1463.8,1483.7,1463.8,1463.8,243765661.44,1673.0,1165.7,826683316157.92,2026-08-10 10:17:45,0,-0.87,2.33,08-Aug-2025,10-Jul-2026,11.936640765092648,-26.38757827914558,,,CIPLA LIMITED,0.65,2026-08-10 10:18:53
0,WIPROEQN,-0.76,WIPRO,EQ,N,186.77,1268463,187.53,187.89,186.1,187.53,237126473.22,273.1,169.0,504350674461.27,2026-08-10 10:17:46,0,-21.86,6.46,08-Aug-2025,10-Jul-2026,31.61113145367997,-10.514792899408285,,,WIPRO LIMITED,-0.41,2026-08-10 10:18:53
0,DRREDDYEQN,-4.5,DRREDDY,EQ,N,1167.5,195963,1172.0,1178.8,1165.9,1172.0,229650999.33,1414.9,1101.0,709761891010.04,2026-08-10 10:17:43,0,-3.63,-6.18,08-Aug-2025,10-Jul-2026,17.485334652625628,-6.0399636693914625,,,DR. REDDY'S LABORATORIES LIMITED,-0.38,2026-08-10 10:18:53
0,TATACONSUMEQN,3.9,TATACONSUM,EQ,N,1086.2,117096,1085.6,1088.7,1082.3,1082.3,127047989.04,1282.7,1007.2,705541433297.03,2026-08-10 10:17:41,0,3.29,-2.37,08-Aug-2025,10-Jul-2026,15.319248460279098,-7.84352660841938,,,TATA CONSUMER PRODUCTS LIMITED,0.36,2026-08-10 10:18:53
